seed,image_stem,changed_pixel_count,changed_pixel_ratio,connected_components,largest_component_area,largest_component_ratio
0,1,143037,0.34921142578125,442,142044,0.346787109375
0,100,43238,0.1055615234375,288,38105,0.09302978515625
0,1001,8361,0.02041259765625,184,4719,0.01152099609375
0,1003,1632,0.003984375,46,1108,0.002705078125
0,1004,16741,0.04087158203125,127,14761,0.03603759765625
0,1005,3372,0.008232421875,103,2612,0.006376953125
0,1008,808,0.00197265625,4,805,0.00196533203125
0,101,20256,0.049453125,237,12978,0.0316845703125
0,102,68444,0.167099609375,275,63649,0.15539306640625
0,103,59651,0.14563232421875,285,58986,0.1440087890625
0,104,3362,0.0082080078125,99,1897,0.00463134765625
0,105,50965,0.12442626953125,286,49807,0.12159912109375
0,106,7748,0.018916015625,169,7349,0.01794189453125
0,107,3638,0.0088818359375,531,1941,0.00473876953125
0,108,7004,0.017099609375,220,6460,0.015771484375
0,109,67262,0.1642138671875,297,66662,0.1627490234375
0,110,31301,0.07641845703125,129,30128,0.0735546875
0,111,43667,0.10660888671875,261,39526,0.0964990234375
0,113,4084,0.009970703125,518,1547,0.00377685546875
0,114,6260,0.015283203125,241,5766,0.0140771484375
0,115,66820,0.163134765625,286,66193,0.16160400390625
0,117,19388,0.047333984375,173,19083,0.04658935546875
0,119,56337,0.13754150390625,213,54569,0.13322509765625
0,12,17133,0.04182861328125,236,11153,0.02722900390625
0,120,19296,0.047109375,195,18915,0.04617919921875
0,123,68384,0.166953125,172,67690,0.1652587890625
0,124,42328,0.10333984375,163,28969,0.07072509765625
0,129,2352,0.0057421875,150,908,0.002216796875
0,13,16891,0.04123779296875,392,9509,0.02321533203125
0,131,2652,0.006474609375,100,1440,0.003515625
0,132,2162,0.0052783203125,53,1360,0.0033203125
0,133,12037,0.02938720703125,153,11696,0.0285546875
0,135,2786,0.0068017578125,123,2495,0.00609130859375
0,136,29205,0.07130126953125,248,21021,0.05132080078125
0,137,60445,0.14757080078125,338,57084,0.139365234375
0,139,1485,0.00362548828125,77,1324,0.003232421875
0,14,9354,0.0228369140625,217,6478,0.0158154296875
0,141,2439,0.00595458984375,107,2228,0.005439453125
0,143,28411,0.06936279296875,336,20732,0.050615234375
0,144,43362,0.1058642578125,472,42236,0.103115234375
0,146,3818,0.0093212890625,667,1165,0.00284423828125
0,147,92879,0.22675537109375,307,92197,0.22509033203125
0,148,3039,0.00741943359375,608,1188,0.002900390625
0,149,3296,0.008046875,114,2150,0.0052490234375
0,15,3865,0.00943603515625,129,3560,0.00869140625
0,151,28482,0.0695361328125,624,26643,0.06504638671875
0,153,12287,0.02999755859375,277,9788,0.023896484375
0,154,1244,0.003037109375,158,926,0.0022607421875
0,155,3037,0.00741455078125,105,1462,0.0035693359375
0,156,60124,0.146787109375,181,59733,0.14583251953125
0,157,7246,0.0176904296875,807,4820,0.011767578125
0,165,660,0.001611328125,119,428,0.001044921875
0,166,25176,0.06146484375,584,22713,0.05545166015625
0,167,1593,0.00388916015625,60,1456,0.0035546875
0,168,2149,0.00524658203125,55,1102,0.0026904296875
0,169,17087,0.04171630859375,293,14619,0.03569091796875
0,17,6780,0.016552734375,228,5074,0.0123876953125
0,170,45355,0.11072998046875,181,40309,0.09841064453125
0,171,1620,0.003955078125,99,810,0.0019775390625
0,173,937,0.00228759765625,55,842,0.0020556640625
0,175,42480,0.1037109375,395,38812,0.094755859375
0,176,3083,0.00752685546875,184,2683,0.00655029296875
0,177,13430,0.0327880859375,145,11162,0.0272509765625
0,179,45685,0.11153564453125,713,43593,0.10642822265625
0,18,1397,0.00341064453125,78,1265,0.00308837890625
0,180,4050,0.0098876953125,235,3539,0.00864013671875
0,182,28819,0.07035888671875,105,28613,0.06985595703125
0,184,4412,0.010771484375,620,2046,0.0049951171875
0,185,7878,0.0192333984375,200,7461,0.01821533203125
0,188,9886,0.0241357421875,155,9493,0.02317626953125
0,189,95140,0.232275390625,611,65108,0.158955078125
0,190,1158,0.0028271484375,82,1006,0.0024560546875
0,191,1302,0.0031787109375,54,1215,0.00296630859375
0,192,26049,0.06359619140625,222,22538,0.0550244140625
0,193,14269,0.03483642578125,588,9725,0.02374267578125
0,195,50960,0.1244140625,262,48967,0.11954833984375
0,196,5372,0.013115234375,267,2012,0.004912109375
0,197,38274,0.0934423828125,229,37837,0.09237548828125
0,198,20117,0.04911376953125,191,19584,0.0478125
0,199,103915,0.25369873046875,379,103121,0.25176025390625
0,2,6684,0.016318359375,689,4882,0.0119189453125
0,20,27334,0.0667333984375,178,26970,0.0658447265625
0,202,2150,0.0052490234375,69,1340,0.003271484375
0,205,4049,0.00988525390625,559,2334,0.0056982421875
0,206,2903,0.00708740234375,111,1346,0.0032861328125
0,207,94091,0.22971435546875,226,92750,0.2264404296875
0,208,54071,0.13200927734375,206,53580,0.130810546875
0,209,57085,0.13936767578125,236,39544,0.09654296875
0,21,2725,0.00665283203125,122,2482,0.0060595703125
0,210,2111,0.00515380859375,92,1952,0.004765625
0,213,13021,0.03178955078125,771,8303,0.02027099609375
0,215,67353,0.16443603515625,321,66652,0.162724609375
0,216,71245,0.17393798828125,277,70722,0.1726611328125
0,217,53544,0.13072265625,336,47478,0.1159130859375
0,219,55520,0.135546875,177,53529,0.13068603515625
0,220,5922,0.0144580078125,171,3521,0.00859619140625
0,221,33804,0.082529296875,725,31590,0.0771240234375
0,222,49378,0.1205517578125,138,49084,0.119833984375
0,223,5101,0.01245361328125,299,4000,0.009765625
0,224,4325,0.01055908203125,587,2481,0.00605712890625
0,225,66885,0.16329345703125,229,63714,0.1555517578125
0,227,373,0.00091064453125,31,325,0.00079345703125
0,228,2068,0.005048828125,189,1571,0.00383544921875
0,23,32840,0.08017578125,812,22990,0.0561279296875
0,233,46093,0.11253173828125,260,43109,0.10524658203125
0,234,22396,0.054677734375,763,19914,0.0486181640625
0,235,9400,0.02294921875,259,7361,0.01797119140625
0,236,4540,0.011083984375,143,2505,0.00611572265625
0,237,11290,0.0275634765625,328,7201,0.01758056640625
0,238,42792,0.10447265625,111,42113,0.10281494140625
0,239,10663,0.02603271484375,305,6155,0.01502685546875
0,24,1232,0.0030078125,58,1131,0.00276123046875
0,240,95385,0.23287353515625,378,94580,0.230908203125
0,243,69082,0.1686572265625,323,67977,0.16595947265625
0,249,13046,0.0318505859375,192,9561,0.02334228515625
0,250,11088,0.0270703125,188,8190,0.0199951171875
0,252,3455,0.00843505859375,94,3242,0.0079150390625
0,253,2322,0.0056689453125,196,1692,0.004130859375
0,254,35823,0.08745849609375,259,34710,0.0847412109375
0,255,92746,0.2264306640625,432,46715,0.11405029296875
0,257,6709,0.01637939453125,722,4497,0.01097900390625
0,258,11046,0.0269677734375,213,8135,0.01986083984375
0,259,2056,0.00501953125,59,1188,0.002900390625
0,26,73306,0.1789697265625,325,72523,0.17705810546875
0,260,1808,0.0044140625,70,1022,0.0024951171875
0,261,3644,0.008896484375,242,1558,0.0038037109375
0,263,36915,0.09012451171875,209,32378,0.0790478515625
0,264,2006,0.0048974609375,98,1825,0.00445556640625
0,265,59208,0.14455078125,150,58863,0.14370849609375
0,266,12421,0.03032470703125,264,7696,0.0187890625
0,268,9379,0.02289794921875,198,8911,0.02175537109375
0,269,12304,0.0300390625,143,6930,0.0169189453125
0,27,18619,0.04545654296875,105,17310,0.0422607421875
0,270,11184,0.0273046875,140,9986,0.0243798828125
0,271,8231,0.02009521484375,214,7741,0.01889892578125
0,272,2460,0.006005859375,678,118,0.0002880859375
0,273,2726,0.0066552734375,164,1850,0.0045166015625
0,274,122541,0.29917236328125,287,66141,0.16147705078125
0,275,58416,0.1426171875,178,57613,0.14065673828125
0,276,5780,0.014111328125,178,2144,0.005234375
0,277,9634,0.0235205078125,185,8459,0.02065185546875
0,278,3344,0.0081640625,171,2368,0.00578125
0,279,4904,0.01197265625,182,2871,0.00700927734375
0,28,3730,0.0091064453125,118,2379,0.00580810546875
0,281,64708,0.157978515625,288,62718,0.1531201171875
0,282,69330,0.1692626953125,262,68021,0.16606689453125
0,283,5688,0.01388671875,200,5196,0.012685546875
0,284,2344,0.00572265625,115,2126,0.0051904296875
0,285,1857,0.00453369140625,97,1100,0.002685546875
0,286,2254,0.0055029296875,93,2067,0.00504638671875
0,287,26986,0.0658837890625,216,23718,0.0579052734375
0,288,23736,0.05794921875,262,22392,0.05466796875
0,289,40842,0.0997119140625,883,35974,0.0878271484375
0,29,6277,0.01532470703125,164,5900,0.014404296875
0,290,117788,0.287568359375,407,64067,0.15641357421875
0,291,4454,0.0108740234375,133,4135,0.01009521484375
0,292,13597,0.03319580078125,103,8648,0.02111328125
0,294,7846,0.0191552734375,233,7355,0.01795654296875
0,295,41000,0.10009765625,168,39155,0.09559326171875
0,296,9948,0.024287109375,160,9563,0.02334716796875
0,297,45849,0.11193603515625,188,43629,0.10651611328125
0,299,72812,0.177763671875,430,65920,0.1609375
0,3,13168,0.0321484375,287,11445,0.02794189453125
0,300,3164,0.007724609375,90,2978,0.0072705078125
0,301,36339,0.08871826171875,796,34162,0.0834033203125
0,302,67173,0.16399658203125,268,60404,0.147470703125
0,303,7015,0.01712646484375,230,5405,0.01319580078125
0,304,1197,0.00292236328125,107,988,0.002412109375
0,305,42698,0.1042431640625,149,41336,0.10091796875
0,306,6532,0.015947265625,240,5410,0.0132080078125
0,307,17634,0.0430517578125,197,16259,0.03969482421875
0,31,6070,0.0148193359375,129,5800,0.01416015625
0,311,6611,0.01614013671875,260,2689,0.00656494140625
0,312,96780,0.236279296875,412,68172,0.166435546875
0,313,2318,0.0056591796875,196,899,0.00219482421875
0,314,44522,0.1086962890625,601,42906,0.1047509765625
0,315,44338,0.1082470703125,281,42441,0.10361572265625
0,316,4597,0.01122314453125,205,2195,0.00535888671875
0,317,33060,0.080712890625,194,30025,0.07330322265625
0,318,49924,0.121884765625,742,46675,0.11395263671875
0,319,52408,0.12794921875,221,51819,0.12651123046875
0,321,20946,0.0511376953125,209,19342,0.0472216796875
0,322,39911,0.09743896484375,198,38486,0.0939599609375
0,325,779,0.00190185546875,48,695,0.00169677734375
0,326,20428,0.049873046875,234,15318,0.0373974609375
0,327,12581,0.03071533203125,755,6989,0.01706298828125
0,329,5258,0.0128369140625,138,4976,0.0121484375
0,33,7186,0.0175439453125,232,6638,0.0162060546875
0,331,1112,0.00271484375,43,986,0.0024072265625
0,332,7335,0.01790771484375,125,6346,0.0154931640625
0,333,71706,0.1750634765625,387,62878,0.1535107421875
0,334,85777,0.20941650390625,374,58691,0.14328857421875
0,335,5013,0.01223876953125,855,2422,0.0059130859375
0,336,68350,0.1668701171875,170,67963,0.16592529296875
0,337,6082,0.0148486328125,143,5038,0.0122998046875
0,338,38081,0.09297119140625,133,37765,0.09219970703125
0,339,27833,0.06795166015625,163,25970,0.0634033203125
0,34,71742,0.1751513671875,268,71135,0.17366943359375
0,341,69999,0.17089599609375,699,68020,0.166064453125
0,343,6193,0.01511962890625,191,2282,0.0055712890625
0,344,28875,0.07049560546875,156,28589,0.06979736328125
0,345,53749,0.13122314453125,385,50788,0.123994140625
0,346,27223,0.06646240234375,267,26219,0.06401123046875
0,347,4292,0.010478515625,220,2491,0.00608154296875
0,348,24440,0.05966796875,195,11956,0.029189453125
0,349,1173,0.00286376953125,34,605,0.00147705078125
0,352,3683,0.00899169921875,101,3030,0.0073974609375
0,354,43119,0.10527099609375,347,42283,0.10322998046875
0,355,56522,0.1379931640625,222,54788,0.133759765625
0,356,5423,0.01323974609375,123,3981,0.00971923828125
0,358,20252,0.049443359375,230,18701,0.04565673828125
0,359,2610,0.0063720703125,101,2420,0.005908203125
0,360,72858,0.1778759765625,329,64839,0.15829833984375
0,362,916,0.002236328125,70,629,0.00153564453125
0,363,85923,0.20977294921875,683,84022,0.2051318359375
0,365,78836,0.192470703125,272,43593,0.10642822265625
0,366,99675,0.24334716796875,1001,97054,0.2369482421875
0,367,4866,0.0118798828125,155,4608,0.01125
0,368,713,0.00174072265625,99,519,0.00126708984375
0,369,61813,0.15091064453125,239,61268,0.149580078125
0,37,1580,0.003857421875,102,1348,0.003291015625
0,374,72826,0.1777978515625,341,71169,0.17375244140625
0,376,2323,0.00567138671875,87,1134,0.0027685546875
0,377,101004,0.246591796875,284,100335,0.24495849609375
0,378,73495,0.17943115234375,554,67161,0.16396728515625
0,379,52781,0.12885986328125,617,50917,0.12430908203125
0,38,44364,0.108310546875,182,42475,0.10369873046875
0,382,43103,0.10523193359375,176,42231,0.10310302734375
0,384,43936,0.107265625,248,39385,0.09615478515625
0,385,73114,0.1785009765625,271,71667,0.17496826171875
0,386,54632,0.13337890625,355,46494,0.1135107421875
0,387,1371,0.00334716796875,78,1247,0.00304443359375
0,388,30432,0.074296875,273,23593,0.05760009765625
0,389,69785,0.17037353515625,209,68373,0.16692626953125
0,391,1892,0.004619140625,220,1371,0.00334716796875
0,393,2769,0.00676025390625,506,1105,0.00269775390625
0,394,60845,0.14854736328125,424,48487,0.11837646484375
0,395,1289,0.00314697265625,82,1148,0.002802734375
0,396,1922,0.0046923828125,82,1364,0.003330078125
0,397,10242,0.0250048828125,331,6390,0.0156005859375
0,398,29974,0.0731787109375,270,29268,0.071455078125
0,399,57809,0.14113525390625,249,57337,0.13998291015625
0,401,4086,0.0099755859375,283,2664,0.00650390625
0,402,47689,0.11642822265625,230,45882,0.1120166015625
0,404,2985,0.00728759765625,118,2169,0.00529541015625
0,405,20456,0.04994140625,214,19210,0.0468994140625
0,407,3347,0.00817138671875,106,1530,0.0037353515625
0,410,1363,0.00332763671875,88,1175,0.00286865234375
0,412,4553,0.01111572265625,426,1174,0.0028662109375
0,413,117146,0.2860009765625,337,116457,0.28431884765625
0,415,9012,0.022001953125,183,7073,0.01726806640625
0,417,1375,0.00335693359375,80,1229,0.00300048828125
0,418,30834,0.0752783203125,180,28573,0.06975830078125
0,419,10298,0.0251416015625,223,8647,0.02111083984375
0,420,71036,0.173427734375,251,69231,0.16902099609375
0,421,66579,0.16254638671875,250,64991,0.15866943359375
0,423,71804,0.175302734375,256,69474,0.1696142578125
0,424,21165,0.05167236328125,112,20912,0.0510546875
0,426,11625,0.02838134765625,144,10459,0.02553466796875
0,427,43138,0.1053173828125,302,36240,0.0884765625
0,428,17027,0.04156982421875,702,11894,0.0290380859375
0,429,81560,0.19912109375,358,36994,0.0903173828125
0,43,3421,0.00835205078125,122,3137,0.00765869140625
0,431,7319,0.01786865234375,150,4914,0.0119970703125
0,434,24530,0.0598876953125,58,24424,0.05962890625
0,435,48734,0.1189794921875,142,48107,0.11744873046875
0,436,2614,0.0063818359375,37,1104,0.0026953125
0,439,11088,0.0270703125,20,11051,0.02697998046875
0,44,22863,0.05581787109375,117,22646,0.0552880859375
0,441,26364,0.064365234375,94,26201,0.06396728515625
0,442,71299,0.17406982421875,255,50180,0.122509765625
0,443,10161,0.02480712890625,277,5651,0.01379638671875
0,444,23197,0.05663330078125,50,23042,0.0562548828125
0,445,60057,0.14662353515625,130,58502,0.1428271484375
0,446,799,0.00195068359375,9,785,0.00191650390625
0,447,91516,0.223427734375,305,54193,0.13230712890625
0,448,2109,0.00514892578125,64,1986,0.0048486328125
0,449,112835,0.27547607421875,238,66194,0.1616064453125
0,450,117383,0.28657958984375,152,104359,0.25478271484375
0,451,2399,0.00585693359375,53,1441,0.00351806640625
0,452,3002,0.0073291015625,28,1308,0.003193359375
0,455,6538,0.0159619140625,171,2715,0.00662841796875
0,456,5032,0.01228515625,59,3745,0.00914306640625
0,457,70926,0.1731591796875,155,70282,0.1715869140625
0,458,91969,0.22453369140625,208,67660,0.165185546875
0,459,1149,0.00280517578125,32,1099,0.00268310546875
0,461,7431,0.01814208984375,175,7076,0.017275390625
0,462,3095,0.00755615234375,88,2101,0.00512939453125
0,463,10221,0.02495361328125,299,6412,0.015654296875
0,465,63548,0.155146484375,140,62308,0.152119140625
0,466,20687,0.05050537109375,95,19175,0.04681396484375
0,467,24801,0.06054931640625,49,24719,0.06034912109375
0,468,888,0.00216796875,10,866,0.0021142578125
0,469,26368,0.064375,57,24745,0.06041259765625
0,470,5842,0.0142626953125,149,2921,0.00713134765625
0,471,10956,0.026748046875,284,5551,0.01355224609375
0,474,1256,0.00306640625,19,479,0.00116943359375
0,476,60209,0.14699462890625,154,58577,0.14301025390625
0,478,50115,0.12235107421875,363,42712,0.10427734375
0,48,1750,0.0042724609375,125,1515,0.00369873046875
0,480,2297,0.00560791015625,54,1013,0.00247314453125
0,481,71091,0.17356201171875,126,70858,0.1729931640625
0,482,9737,0.02377197265625,52,9658,0.0235791015625
0,483,4061,0.00991455078125,106,2355,0.00574951171875
0,485,39778,0.0971142578125,62,38824,0.09478515625
0,486,53945,0.13170166015625,72,53142,0.1297412109375
0,487,9239,0.02255615234375,242,7085,0.01729736328125
0,488,1082,0.0026416015625,12,1061,0.00259033203125
0,489,7617,0.01859619140625,91,5881,0.01435791015625
0,49,3229,0.00788330078125,107,2067,0.00504638671875
0,492,1322,0.0032275390625,2,1321,0.00322509765625
0,494,69897,0.17064697265625,154,64742,0.1580615234375
0,495,29524,0.072080078125,279,19770,0.0482666015625
0,497,57883,0.14131591796875,149,57627,0.14069091796875
0,498,29531,0.07209716796875,52,29200,0.0712890625
0,499,2697,0.00658447265625,64,1538,0.0037548828125
0,50,14029,0.03425048828125,418,8082,0.0197314453125
0,501,2206,0.0053857421875,71,2037,0.00497314453125
0,503,42959,0.10488037109375,269,31733,0.07747314453125
0,505,5481,0.01338134765625,150,5138,0.0125439453125
0,508,14517,0.03544189453125,110,13469,0.03288330078125
0,510,57205,0.13966064453125,129,54483,0.13301513671875
0,512,35308,0.086201171875,126,32626,0.0796533203125
0,513,7232,0.01765625,55,5997,0.01464111328125
0,514,337,0.00082275390625,14,319,0.00077880859375
0,518,67798,0.1655224609375,140,64291,0.15696044921875
0,52,4367,0.01066162109375,578,2584,0.00630859375
0,520,36481,0.08906494140625,92,35427,0.08649169921875
0,524,17170,0.0419189453125,65,17042,0.0416064453125
0,526,36130,0.0882080078125,68,35999,0.08788818359375
0,528,2563,0.00625732421875,79,2429,0.00593017578125
0,529,2870,0.0070068359375,58,1638,0.0039990234375
0,53,1915,0.00467529296875,73,1742,0.0042529296875
0,530,7513,0.01834228515625,29,7466,0.0182275390625
0,531,4157,0.01014892578125,56,1457,0.00355712890625
0,532,66194,0.1616064453125,88,65975,0.16107177734375
0,533,49084,0.119833984375,109,47790,0.1166748046875
0,534,28411,0.06936279296875,134,27471,0.06706787109375
0,536,1331,0.00324951171875,14,1313,0.00320556640625
0,537,6166,0.0150537109375,130,4998,0.0122021484375
0,54,36210,0.0884033203125,276,35614,0.0869482421875
0,541,64011,0.15627685546875,181,63570,0.1552001953125
0,542,5169,0.01261962890625,131,2593,0.00633056640625
0,544,11012,0.026884765625,218,5125,0.01251220703125
0,546,2086,0.0050927734375,56,1022,0.0024951171875
0,547,42357,0.10341064453125,235,32710,0.0798583984375
0,55,2566,0.0062646484375,593,613,0.00149658203125
0,551,4179,0.01020263671875,109,2045,0.00499267578125
0,553,1387,0.00338623046875,53,1272,0.00310546875
0,556,27885,0.06807861328125,13,27870,0.0680419921875
0,557,2139,0.00522216796875,63,1980,0.004833984375
0,558,642,0.0015673828125,1,642,0.0015673828125
0,559,41888,0.102265625,187,40781,0.09956298828125
0,56,15082,0.0368212890625,409,6834,0.0166845703125
0,560,6888,0.01681640625,117,5378,0.0131298828125
0,562,10428,0.025458984375,28,10367,0.02531005859375
0,563,1100,0.002685546875,3,1098,0.0026806640625
0,567,60138,0.1468212890625,113,41984,0.1025
0,569,3577,0.00873291015625,90,3378,0.0082470703125
0,57,11583,0.02827880859375,276,7320,0.01787109375
0,570,1116,0.002724609375,3,1114,0.0027197265625
0,572,5436,0.013271484375,49,4666,0.0113916015625
0,573,14976,0.0365625,216,10327,0.02521240234375
0,578,62516,0.152626953125,95,41479,0.10126708984375
0,579,14522,0.0354541015625,315,6486,0.0158349609375
0,58,896,0.0021875,106,664,0.00162109375
0,580,1287,0.00314208984375,14,1257,0.00306884765625
0,582,7905,0.01929931640625,198,6437,0.01571533203125
0,583,2123,0.00518310546875,73,2007,0.00489990234375
0,584,1391,0.00339599609375,4,1387,0.00338623046875
0,585,7394,0.0180517578125,184,4674,0.0114111328125
0,586,10087,0.02462646484375,235,4885,0.01192626953125
0,588,21959,0.05361083984375,2,21952,0.05359375
0,59,28442,0.0694384765625,371,17783,0.04341552734375
0,590,10796,0.026357421875,5,8648,0.02111328125
0,591,4434,0.0108251953125,115,2569,0.00627197265625
0,593,5809,0.01418212890625,103,2934,0.0071630859375
0,594,1964,0.004794921875,8,1217,0.00297119140625
0,6,72130,0.1760986328125,213,71666,0.1749658203125
0,602,54999,0.13427490234375,86,54857,0.13392822265625
0,604,2845,0.00694580078125,94,2286,0.0055810546875
0,606,40287,0.09835693359375,39,39889,0.09738525390625
0,608,86623,0.21148193359375,121,86404,0.210947265625
0,610,11827,0.02887451171875,48,11686,0.0285302734375
0,612,56717,0.13846923828125,229,53501,0.13061767578125
0,613,10184,0.02486328125,9,10156,0.024794921875
0,615,792,0.00193359375,1,792,0.00193359375
0,616,1055,0.00257568359375,34,978,0.0023876953125
0,617,28820,0.070361328125,119,27232,0.066484375
0,618,5415,0.01322021484375,135,3221,0.00786376953125
0,619,7410,0.0180908203125,194,5552,0.0135546875
0,620,40557,0.09901611328125,73,39259,0.09584716796875
0,621,46331,0.11311279296875,64,46234,0.1128759765625
0,622,3383,0.00825927734375,76,1334,0.0032568359375
0,623,9564,0.023349609375,228,4895,0.01195068359375
0,624,43943,0.10728271484375,33,43869,0.10710205078125
0,626,112914,0.2756689453125,343,112029,0.27350830078125
0,627,7912,0.01931640625,107,5180,0.012646484375
0,628,4889,0.01193603515625,61,3687,0.00900146484375
0,63,9426,0.0230126953125,264,7282,0.0177783203125
0,630,85458,0.2086376953125,77,84178,0.2055126953125
0,631,4212,0.010283203125,96,2137,0.00521728515625
0,632,5357,0.01307861328125,149,2800,0.0068359375
0,633,6180,0.015087890625,66,3719,0.00907958984375
0,634,557,0.00135986328125,5,550,0.0013427734375
0,636,5406,0.0131982421875,125,2338,0.0057080078125
0,637,37299,0.09106201171875,113,34965,0.08536376953125
0,638,4892,0.011943359375,94,2176,0.0053125
0,639,58147,0.14196044921875,159,55791,0.13620849609375
0,64,10827,0.02643310546875,331,5828,0.014228515625
0,640,6776,0.01654296875,233,4333,0.01057861328125
0,641,1055,0.00257568359375,24,1013,0.00247314453125
0,642,12397,0.03026611328125,285,11787,0.02877685546875
0,645,4344,0.01060546875,137,1940,0.004736328125
0,65,11491,0.02805419921875,226,11000,0.02685546875
0,650,2149,0.00524658203125,56,2027,0.00494873046875
0,652,1731,0.00422607421875,50,1632,0.003984375
0,653,108300,0.264404296875,196,107945,0.26353759765625
0,654,4445,0.01085205078125,111,2459,0.00600341796875
0,655,1221,0.00298095703125,2,1220,0.002978515625
0,656,32986,0.0805322265625,77,32756,0.079970703125
0,658,24645,0.06016845703125,317,17817,0.04349853515625
0,659,31385,0.07662353515625,120,28601,0.06982666015625
0,66,66178,0.1615673828125,234,64759,0.15810302734375
0,661,7228,0.017646484375,179,5676,0.013857421875
0,663,7393,0.01804931640625,168,7044,0.017197265625
0,665,16085,0.03927001953125,175,11618,0.0283642578125
0,666,19504,0.0476171875,248,9192,0.02244140625
0,667,1639,0.00400146484375,43,1120,0.002734375
0,67,49263,0.12027099609375,107,49053,0.11975830078125
0,670,1645,0.00401611328125,67,1522,0.0037158203125
0,672,8997,0.02196533203125,240,7457,0.01820556640625
0,674,32456,0.07923828125,119,32213,0.07864501953125
0,675,60113,0.14676025390625,111,59909,0.14626220703125
0,676,2006,0.0048974609375,11,1127,0.00275146484375
0,678,5099,0.01244873046875,48,5025,0.01226806640625
0,679,74467,0.18180419921875,277,70603,0.17237060546875
0,68,52764,0.128818359375,379,50578,0.1234814453125
0,682,1280,0.003125,9,1266,0.0030908203125
0,683,413,0.00100830078125,6,406,0.0009912109375
0,685,18428,0.044990234375,432,12051,0.02942138671875
0,688,10019,0.02446044921875,203,6425,0.01568603515625
0,689,66355,0.16199951171875,118,66119,0.16142333984375
0,69,12780,0.031201171875,290,8261,0.02016845703125
0,690,6174,0.0150732421875,156,3166,0.0077294921875
0,694,44179,0.10785888671875,187,43815,0.10697021484375
0,695,2789,0.00680908203125,94,1515,0.00369873046875
0,696,18469,0.04509033203125,212,16494,0.0402685546875
0,697,24532,0.059892578125,190,15197,0.03710205078125
0,698,2978,0.0072705078125,37,1246,0.0030419921875
0,699,4620,0.011279296875,103,4415,0.01077880859375
0,7,1172,0.002861328125,108,489,0.00119384765625
0,701,41115,0.10037841796875,225,38690,0.0944580078125
0,702,56861,0.13882080078125,211,54115,0.13211669921875
0,705,45066,0.1100244140625,164,41549,0.10143798828125
0,707,35273,0.08611572265625,89,35074,0.0856298828125
0,708,85001,0.20752197265625,280,49911,0.12185302734375
0,71,3070,0.0074951171875,110,2777,0.00677978515625
0,710,3175,0.00775146484375,76,2199,0.00536865234375
0,711,1008,0.0024609375,9,996,0.002431640625
0,712,44171,0.10783935546875,150,42308,0.103291015625
0,714,104762,0.2557666015625,184,73417,0.17924072265625
0,715,2010,0.0049072265625,44,1924,0.004697265625
0,716,70177,0.17133056640625,214,69754,0.1702978515625
0,717,64693,0.15794189453125,92,63372,0.154716796875
0,719,3188,0.007783203125,77,2086,0.0050927734375
0,72,4739,0.01156982421875,763,2338,0.0057080078125
0,721,65394,0.1596533203125,85,61396,0.149892578125
0,724,999,0.00243896484375,7,988,0.002412109375
0,726,70087,0.17111083984375,87,69929,0.17072509765625
0,727,5830,0.0142333984375,162,5449,0.01330322265625
0,728,61448,0.15001953125,119,59232,0.144609375
0,73,3294,0.0080419921875,121,3024,0.0073828125
0,731,59427,0.14508544921875,196,56122,0.1370166015625
0,732,17957,0.04384033203125,91,15381,0.03755126953125
0,733,7242,0.0176806640625,153,6450,0.0157470703125
0,734,35280,0.0861328125,130,14048,0.034296875
0,735,54322,0.1326220703125,146,52487,0.12814208984375
0,737,46423,0.11333740234375,77,45669,0.11149658203125
0,740,71362,0.1742236328125,171,68081,0.16621337890625
0,741,959,0.00234130859375,6,951,0.00232177734375
0,742,5523,0.01348388671875,152,5229,0.01276611328125
0,744,19160,0.04677734375,19,18229,0.04450439453125
0,745,9389,0.02292236328125,59,9278,0.0226513671875
0,746,121481,0.29658447265625,157,70509,0.17214111328125
0,747,53297,0.13011962890625,77,52266,0.1276025390625
0,748,57828,0.141181640625,123,56299,0.13744873046875
0,75,18448,0.0450390625,92,18316,0.044716796875
0,751,67656,0.16517578125,101,65961,0.16103759765625
0,754,53103,0.12964599609375,144,52058,0.1270947265625
0,755,81491,0.19895263671875,106,45842,0.1119189453125
0,756,7481,0.01826416015625,105,4856,0.01185546875
0,758,8723,0.02129638671875,221,8218,0.0200634765625
0,76,1955,0.00477294921875,79,1184,0.002890625
0,760,17151,0.04187255859375,167,12352,0.03015625
0,761,41264,0.1007421875,92,41078,0.1002880859375
0,762,2116,0.005166015625,32,1087,0.00265380859375
0,763,3699,0.00903076171875,86,2494,0.0060888671875
0,764,41370,0.1010009765625,86,40388,0.098603515625
0,765,57280,0.13984375,82,55336,0.13509765625
0,766,34740,0.084814453125,69,34618,0.0845166015625
0,769,7523,0.01836669921875,138,5223,0.01275146484375
0,770,27182,0.0663623046875,118,26925,0.06573486328125
0,771,44365,0.10831298828125,153,34171,0.08342529296875
0,772,8833,0.02156494140625,316,5796,0.014150390625
0,774,2799,0.00683349609375,49,1192,0.00291015625
0,777,6865,0.01676025390625,107,4752,0.0116015625
0,779,1247,0.00304443359375,5,1241,0.00302978515625
0,780,19262,0.0470263671875,55,17701,0.04321533203125
0,782,445,0.00108642578125,2,443,0.00108154296875
0,784,9174,0.0223974609375,64,7352,0.01794921875
0,786,3290,0.0080322265625,94,1900,0.004638671875
0,787,7006,0.0171044921875,209,5506,0.0134423828125
0,788,7799,0.01904052734375,187,5311,0.01296630859375
0,789,2443,0.00596435546875,49,1044,0.002548828125
0,79,792,0.00193359375,51,701,0.00171142578125
0,790,25541,0.06235595703125,234,13300,0.032470703125
0,791,876,0.002138671875,8,863,0.00210693359375
0,794,22438,0.0547802734375,65,21214,0.0517919921875
0,795,34536,0.08431640625,119,18233,0.04451416015625
0,796,1697,0.00414306640625,20,1280,0.003125
0,797,59732,0.145830078125,58,58865,0.14371337890625
0,798,956,0.002333984375,34,894,0.0021826171875
0,799,11639,0.02841552734375,85,9789,0.02389892578125
0,8,3472,0.0084765625,129,1470,0.0035888671875
0,80,45617,0.11136962890625,227,45090,0.1100830078125
0,800,37635,0.09188232421875,82,37497,0.09154541015625
0,802,61448,0.15001953125,148,60527,0.14777099609375
0,803,4227,0.01031982421875,73,3586,0.0087548828125
0,804,5467,0.01334716796875,138,5172,0.012626953125
0,805,1274,0.0031103515625,39,1188,0.002900390625
0,807,5583,0.01363037109375,138,4399,0.01073974609375
0,808,67605,0.16505126953125,57,67497,0.16478759765625
0,809,5414,0.0132177734375,40,5313,0.01297119140625
0,81,571,0.00139404296875,56,479,0.00116943359375
0,810,58333,0.14241455078125,138,43008,0.105
0,812,374,0.0009130859375,5,357,0.00087158203125
0,813,66254,0.1617529296875,149,64882,0.1584033203125
0,814,2811,0.00686279296875,79,2653,0.00647705078125
0,815,8766,0.0214013671875,301,5321,0.01299072265625
0,816,3187,0.00778076171875,69,2234,0.0054541015625
0,817,35360,0.086328125,107,18245,0.04454345703125
0,818,891,0.00217529296875,2,890,0.0021728515625
0,82,2265,0.00552978515625,116,2066,0.0050439453125
0,821,1919,0.00468505859375,56,1809,0.00441650390625
0,822,67151,0.16394287109375,136,39074,0.0953955078125
0,825,28373,0.06927001953125,131,27284,0.066611328125
0,826,1271,0.00310302734375,73,1133,0.00276611328125
0,828,2515,0.00614013671875,37,1981,0.00483642578125
0,83,12889,0.03146728515625,116,11422,0.0278857421875
0,830,9044,0.022080078125,145,8706,0.0212548828125
0,831,17784,0.04341796875,98,15264,0.037265625
0,832,14727,0.03595458984375,351,7993,0.01951416015625
0,833,106574,0.2601904296875,252,67401,0.16455322265625
0,834,20514,0.0500830078125,30,19643,0.04795654296875
0,835,6023,0.01470458984375,173,5613,0.01370361328125
0,838,57207,0.13966552734375,203,56702,0.1384326171875
0,84,3037,0.00741455078125,205,1379,0.00336669921875
0,844,5650,0.0137939453125,49,5094,0.0124365234375
0,847,59866,0.1461572265625,105,58652,0.143193359375
0,85,11751,0.02868896484375,292,7885,0.01925048828125
0,850,33659,0.08217529296875,67,32154,0.0785009765625
0,852,48519,0.11845458984375,9,48509,0.11843017578125
0,854,64726,0.1580224609375,164,62310,0.1521240234375
0,855,65285,0.15938720703125,100,65111,0.15896240234375
0,856,7414,0.0181005859375,142,4492,0.010966796875
0,859,25977,0.06342041015625,174,24362,0.0594775390625
0,86,27115,0.06619873046875,309,14462,0.0353076171875
0,860,587,0.00143310546875,1,587,0.00143310546875
0,861,4373,0.01067626953125,142,2687,0.00656005859375
0,862,2591,0.00632568359375,40,1509,0.00368408203125
0,866,1247,0.00304443359375,39,1165,0.00284423828125
0,868,13711,0.03347412109375,50,13343,0.03257568359375
0,871,1389,0.00339111328125,4,1380,0.003369140625
0,872,63116,0.154091796875,22,63070,0.1539794921875
0,873,5503,0.01343505859375,125,2311,0.00564208984375
0,874,3611,0.00881591796875,96,1756,0.004287109375
0,875,1809,0.00441650390625,53,1671,0.00407958984375
0,879,43447,0.10607177734375,281,36982,0.0902880859375
0,88,59833,0.14607666015625,163,58467,0.14274169921875
0,883,3291,0.00803466796875,78,1957,0.00477783203125
0,884,42355,0.10340576171875,59,42197,0.10302001953125
0,885,66382,0.1620654296875,117,66089,0.16135009765625
0,886,20384,0.049765625,44,20309,0.04958251953125
0,887,72117,0.17606689453125,165,65254,0.1593115234375
0,889,52316,0.127724609375,69,47135,0.11507568359375
0,89,106447,0.25988037109375,393,70091,0.17112060546875
0,890,11078,0.0270458984375,85,8500,0.020751953125
0,891,38629,0.09430908203125,128,34332,0.083818359375
0,892,46584,0.11373046875,138,41831,0.10212646484375
0,893,50826,0.1240869140625,119,50544,0.1233984375
0,894,31169,0.07609619140625,115,18590,0.0453857421875
0,895,49991,0.12204833984375,164,46543,0.11363037109375
0,898,67481,0.16474853515625,115,67040,0.163671875
0,899,7393,0.01804931640625,151,5916,0.014443359375
0,9,95033,0.23201416015625,316,94144,0.22984375
0,900,523,0.00127685546875,8,507,0.00123779296875
0,901,12667,0.03092529296875,114,11086,0.0270654296875
0,902,7246,0.0176904296875,115,4531,0.01106201171875
0,903,4174,0.0101904296875,57,2222,0.0054248046875
0,904,86056,0.21009765625,89,85898,0.2097119140625
0,908,1784,0.00435546875,14,1377,0.00336181640625
0,909,4296,0.01048828125,119,3245,0.00792236328125
0,91,60807,0.14845458984375,365,53978,0.1317822265625
0,911,3620,0.008837890625,77,2235,0.00545654296875
0,912,1967,0.00480224609375,83,1811,0.00442138671875
0,913,17574,0.0429052734375,108,15716,0.038369140625
0,914,48347,0.11803466796875,62,48226,0.1177392578125
0,916,25802,0.0629931640625,60,23718,0.0579052734375
0,917,2951,0.00720458984375,62,2805,0.00684814453125
0,918,9772,0.023857421875,173,7679,0.01874755859375
0,919,84968,0.20744140625,198,52812,0.128935546875
0,920,1895,0.00462646484375,9,1126,0.0027490234375
0,921,71277,0.17401611328125,171,70894,0.1730810546875
0,923,65966,0.1610498046875,161,64432,0.1573046875
0,927,22528,0.055,121,19974,0.0487646484375
0,929,40182,0.0981005859375,87,39853,0.09729736328125
0,93,5444,0.013291015625,115,2798,0.0068310546875
0,930,5744,0.0140234375,160,4859,0.01186279296875
0,931,813,0.00198486328125,8,796,0.001943359375
0,934,7965,0.01944580078125,76,3786,0.0092431640625
0,935,2222,0.0054248046875,76,2084,0.005087890625
0,936,699,0.00170654296875,7,689,0.00168212890625
0,938,52970,0.1293212890625,266,52386,0.1278955078125
0,94,4829,0.01178955078125,133,3192,0.00779296875
0,941,2496,0.00609375,66,1616,0.0039453125
0,942,54227,0.13239013671875,209,51613,0.12600830078125
0,943,39048,0.09533203125,72,38362,0.0936572265625
0,944,1620,0.003955078125,7,1151,0.00281005859375
0,945,25769,0.06291259765625,37,25702,0.0627490234375
0,947,3570,0.0087158203125,124,2105,0.00513916015625
0,949,592,0.0014453125,6,581,0.00141845703125
0,95,45790,0.1117919921875,198,44001,0.10742431640625
0,950,1839,0.00448974609375,20,772,0.001884765625
0,952,1123,0.00274169921875,47,1025,0.00250244140625
0,953,1313,0.00320556640625,32,1241,0.00302978515625
0,954,7729,0.01886962890625,169,4459,0.01088623046875
0,958,82432,0.20125,79,52439,0.12802490234375
0,959,3553,0.00867431640625,107,1430,0.0034912109375
0,96,5361,0.01308837890625,106,2066,0.0050439453125
0,960,5086,0.0124169921875,167,2858,0.0069775390625
0,961,22873,0.05584228515625,66,21958,0.0536083984375
0,963,38966,0.0951318359375,43,38071,0.09294677734375
0,964,2036,0.004970703125,42,1468,0.003583984375
0,966,1308,0.003193359375,36,1214,0.0029638671875
0,968,46579,0.11371826171875,54,46443,0.11338623046875
0,969,72008,0.17580078125,112,69675,0.17010498046875
0,97,2169,0.00529541015625,109,1519,0.00370849609375
0,970,18088,0.04416015625,79,17581,0.04292236328125
0,971,61897,0.15111572265625,74,61774,0.1508154296875
0,973,8511,0.02077880859375,133,4220,0.010302734375
0,974,64740,0.158056640625,269,63510,0.1550537109375
0,976,59471,0.14519287109375,97,59276,0.144716796875
0,977,59480,0.14521484375,75,58532,0.142900390625
0,98,45888,0.11203125,243,45252,0.110478515625
0,980,1589,0.00387939453125,58,1447,0.00353271484375
0,981,1491,0.00364013671875,11,970,0.0023681640625
0,984,1902,0.0046435546875,64,1770,0.0043212890625
0,985,5075,0.01239013671875,140,4796,0.011708984375
0,986,39344,0.0960546875,36,38118,0.0930615234375
0,99,1128,0.00275390625,57,636,0.001552734375
0,991,1090,0.0026611328125,30,1023,0.00249755859375
0,992,4454,0.0108740234375,13,4421,0.01079345703125
0,995,36253,0.08850830078125,96,36029,0.08796142578125
0,996,27823,0.06792724609375,92,26791,0.06540771484375
0,997,2012,0.004912109375,58,1891,0.00461669921875
0,998,8095,0.01976318359375,135,6694,0.0163427734375
0,999,2113,0.00515869140625,41,2038,0.0049755859375
1,1,1360,0.0033203125,71,1237,0.00302001953125
1,100,1708,0.004169921875,235,1139,0.00278076171875
1,1001,864,0.002109375,13,833,0.00203369140625
1,1003,38221,0.09331298828125,82,38090,0.0929931640625
1,1004,2640,0.0064453125,55,1433,0.00349853515625
1,1005,48749,0.11901611328125,36,48679,0.11884521484375
1,1008,61479,0.15009521484375,51,61085,0.14913330078125
1,101,1201,0.00293212890625,67,900,0.002197265625
1,102,30176,0.073671875,206,29373,0.07171142578125
1,103,81489,0.19894775390625,239,80678,0.1969677734375
1,104,112656,0.2750390625,361,111900,0.273193359375
1,105,32470,0.0792724609375,376,28678,0.0700146484375
1,106,29889,0.07297119140625,120,28438,0.0694287109375
1,107,2338,0.0057080078125,483,729,0.00177978515625
1,108,2367,0.00577880859375,64,2186,0.0053369140625
1,109,23903,0.05835693359375,200,22110,0.0539794921875
1,110,4589,0.01120361328125,114,4330,0.0105712890625
1,111,40635,0.09920654296875,345,31068,0.075849609375
1,113,31493,0.07688720703125,557,27496,0.06712890625
1,114,4261,0.01040283203125,270,2491,0.00608154296875
1,115,72058,0.1759228515625,223,71534,0.1746435546875
1,117,9376,0.022890625,372,4435,0.01082763671875
1,119,69804,0.170419921875,140,69529,0.16974853515625
1,12,2663,0.00650146484375,87,2443,0.00596435546875
1,120,65115,0.15897216796875,311,64325,0.15704345703125
1,123,6584,0.01607421875,143,6303,0.01538818359375
1,124,12030,0.0293701171875,80,11846,0.0289208984375
1,129,21209,0.05177978515625,192,20158,0.0492138671875
1,13,780,0.001904296875,124,490,0.0011962890625
1,131,26117,0.06376220703125,131,25844,0.063095703125
1,132,38340,0.093603515625,196,35571,0.08684326171875
1,133,43318,0.1057568359375,349,37075,0.09051513671875
1,135,5743,0.01402099609375,214,3237,0.00790283203125
1,136,51922,0.1267626953125,329,24842,0.0606494140625
1,137,95069,0.23210205078125,337,70342,0.1717333984375
1,139,2269,0.00553955078125,67,1085,0.00264892578125
1,14,2871,0.00700927734375,115,2687,0.00656005859375
1,141,85800,0.20947265625,341,83291,0.20334716796875
1,143,1210,0.0029541015625,87,1023,0.00249755859375
1,144,49763,0.12149169921875,220,49336,0.12044921875
1,146,37746,0.0921533203125,723,35562,0.0868212890625
1,147,51908,0.126728515625,201,51489,0.12570556640625
1,148,73336,0.17904296875,635,71567,0.17472412109375
1,149,3320,0.00810546875,111,2468,0.006025390625
1,15,75686,0.1847802734375,271,74971,0.18303466796875
1,151,5143,0.01255615234375,915,1396,0.003408203125
1,153,6165,0.01505126953125,200,5775,0.01409912109375
1,154,5273,0.01287353515625,270,2957,0.00721923828125
1,155,58592,0.143046875,350,56321,0.13750244140625
1,156,53028,0.129462890625,293,49883,0.12178466796875
1,157,110993,0.27097900390625,733,108935,0.26595458984375
1,165,26761,0.06533447265625,203,26362,0.0643603515625
1,166,5570,0.0135986328125,646,2113,0.00515869140625
1,167,12028,0.029365234375,192,9416,0.02298828125
1,168,62503,0.15259521484375,154,62174,0.1517919921875
1,169,62699,0.15307373046875,402,57479,0.14032958984375
1,17,58515,0.14285888671875,336,56738,0.1385205078125
1,170,66719,0.16288818359375,192,66287,0.16183349609375
1,171,1472,0.00359375,104,1262,0.0030810546875
1,173,6692,0.016337890625,149,6374,0.0155615234375
1,175,59996,0.146474609375,286,59359,0.14491943359375
1,176,1219,0.00297607421875,166,729,0.00177978515625
1,177,84492,0.206279296875,247,50676,0.123720703125
1,179,50776,0.12396484375,640,48776,0.11908203125
1,18,32521,0.07939697265625,208,32026,0.0781884765625
1,180,1537,0.00375244140625,114,1326,0.0032373046875
1,182,364,0.000888671875,50,254,0.0006201171875
1,184,6949,0.01696533203125,693,2105,0.00513916015625
1,185,51618,0.1260205078125,231,51039,0.12460693359375
1,188,28760,0.07021484375,290,22477,0.05487548828125
1,189,1194,0.0029150390625,158,847,0.00206787109375
1,190,3086,0.0075341796875,66,2251,0.00549560546875
1,191,61527,0.15021240234375,289,58869,0.14372314453125
1,192,63216,0.1543359375,251,61427,0.14996826171875
1,193,78828,0.192451171875,643,66200,0.16162109375
1,195,21211,0.05178466796875,208,18311,0.04470458984375
1,196,1067,0.00260498046875,149,641,0.00156494140625
1,197,73770,0.1801025390625,181,73407,0.17921630859375
1,198,44969,0.10978759765625,177,43727,0.10675537109375
1,199,49077,0.11981689453125,266,48456,0.11830078125
1,2,5647,0.01378662109375,527,3400,0.00830078125
1,20,17679,0.04316162109375,234,16171,0.03947998046875
1,202,2813,0.00686767578125,99,2543,0.00620849609375
1,205,2886,0.0070458984375,576,749,0.00182861328125
1,206,6251,0.01526123046875,143,5997,0.01464111328125
1,207,21474,0.0524267578125,98,21240,0.05185546875
1,208,75406,0.1840966796875,254,72815,0.17777099609375
1,209,1827,0.00446044921875,92,1633,0.00398681640625
1,21,32247,0.07872802734375,169,26756,0.065322265625
1,210,3160,0.00771484375,125,2856,0.00697265625
1,213,70516,0.172158203125,690,68478,0.1671826171875
1,215,6365,0.01553955078125,215,5507,0.01344482421875
1,216,48617,0.11869384765625,283,45931,0.11213623046875
1,217,1756,0.004287109375,170,711,0.00173583984375
1,219,35034,0.0855322265625,267,34491,0.08420654296875
1,220,2652,0.006474609375,88,2474,0.0060400390625
1,221,4306,0.0105126953125,550,2520,0.00615234375
1,222,2461,0.00600830078125,105,2259,0.00551513671875
1,223,41284,0.100791015625,385,31366,0.0765771484375
1,224,30643,0.07481201171875,521,28162,0.0687548828125
1,225,77235,0.18856201171875,391,71273,0.17400634765625
1,227,60860,0.148583984375,260,60309,0.14723876953125
1,228,6951,0.01697021484375,228,6437,0.01571533203125
1,23,31850,0.0777587890625,730,29716,0.072548828125
1,233,1479,0.00361083984375,64,861,0.00210205078125
1,234,29885,0.07296142578125,866,27131,0.06623779296875
1,235,1233,0.00301025390625,65,1094,0.0026708984375
1,236,28981,0.07075439453125,211,27584,0.06734375
1,237,4479,0.01093505859375,132,2796,0.006826171875
1,238,4062,0.0099169921875,207,1381,0.00337158203125
1,239,1993,0.00486572265625,77,1401,0.00342041015625
1,24,68284,0.166708984375,160,48768,0.1190625
1,240,44572,0.108818359375,331,43782,0.1068896484375
1,243,5268,0.012861328125,158,2214,0.0054052734375
1,249,6316,0.015419921875,124,5225,0.01275634765625
1,250,1873,0.00457275390625,66,1277,0.00311767578125
1,252,73031,0.17829833984375,207,72460,0.176904296875
1,253,10717,0.02616455078125,370,7652,0.018681640625
1,254,6590,0.0160888671875,275,5991,0.01462646484375
1,255,72132,0.176103515625,267,70201,0.17138916015625
1,257,55825,0.13629150390625,875,48046,0.1172998046875
1,258,18930,0.0462158203125,161,16246,0.0396630859375
1,259,32729,0.07990478515625,152,32408,0.07912109375
1,26,1661,0.00405517578125,106,1482,0.0036181640625
1,260,42353,0.10340087890625,414,33472,0.08171875
1,261,60061,0.14663330078125,388,58997,0.14403564453125
1,263,32045,0.07823486328125,194,16995,0.04149169921875
1,264,6100,0.014892578125,104,4581,0.01118408203125
1,265,352,0.000859375,28,303,0.00073974609375
1,266,2284,0.005576171875,79,1081,0.00263916015625
1,268,65721,0.16045166015625,209,65190,0.1591552734375
1,269,3246,0.0079248046875,94,2362,0.0057666015625
1,27,73363,0.17910888671875,418,65117,0.15897705078125
1,270,67737,0.16537353515625,399,63312,0.1545703125
1,271,12680,0.03095703125,120,11477,0.02802001953125
1,272,11436,0.027919921875,811,8479,0.02070068359375
1,273,64309,0.15700439453125,220,63907,0.15602294921875
1,274,2914,0.0071142578125,107,1426,0.0034814453125
1,275,62936,0.15365234375,196,61421,0.14995361328125
1,276,7546,0.0184228515625,161,4887,0.01193115234375
1,277,52018,0.1269970703125,183,51644,0.126083984375
1,278,8605,0.02100830078125,265,5325,0.01300048828125
1,279,2390,0.0058349609375,102,1365,0.00333251953125
1,28,14990,0.0365966796875,300,8764,0.021396484375
1,281,9907,0.02418701171875,243,9290,0.0226806640625
1,282,6400,0.015625,199,5964,0.014560546875
1,283,23262,0.0567919921875,247,15240,0.03720703125
1,284,12250,0.0299072265625,324,7847,0.01915771484375
1,285,1234,0.0030126953125,88,1059,0.00258544921875
1,286,69708,0.170185546875,333,59909,0.14626220703125
1,287,53028,0.129462890625,166,50411,0.12307373046875
1,288,39575,0.09661865234375,299,37716,0.092080078125
1,289,51916,0.126748046875,570,37539,0.09164794921875
1,29,12592,0.0307421875,246,11979,0.02924560546875
1,290,58282,0.1422900390625,262,53986,0.1318017578125
1,291,955,0.00233154296875,48,818,0.0019970703125
1,292,8199,0.02001708984375,131,7885,0.01925048828125
1,294,37723,0.09209716796875,246,34734,0.0847998046875
1,295,22625,0.05523681640625,217,22172,0.054130859375
1,296,20872,0.05095703125,202,19139,0.04672607421875
1,297,50297,0.12279541015625,286,39436,0.096279296875
1,299,52674,0.1285986328125,311,51963,0.12686279296875
1,3,52549,0.12829345703125,211,51061,0.12466064453125
1,300,5028,0.012275390625,150,2047,0.00499755859375
1,301,66890,0.1633056640625,441,64767,0.15812255859375
1,302,5686,0.0138818359375,185,5298,0.0129345703125
1,303,5117,0.01249267578125,243,4680,0.01142578125
1,304,6513,0.01590087890625,246,5919,0.01445068359375
1,305,7547,0.01842529296875,416,5239,0.01279052734375
1,306,798,0.0019482421875,161,407,0.00099365234375
1,307,44508,0.108662109375,154,43101,0.10522705078125
1,31,69140,0.168798828125,207,68637,0.16757080078125
1,311,5969,0.01457275390625,97,4252,0.010380859375
1,312,7047,0.01720458984375,203,5428,0.013251953125
1,313,53977,0.13177978515625,247,53465,0.13052978515625
1,314,12292,0.030009765625,809,6654,0.0162451171875
1,315,59412,0.145048828125,316,58547,0.14293701171875
1,316,2800,0.0068359375,89,1608,0.00392578125
1,317,32612,0.079619140625,307,30993,0.07566650390625
1,318,99497,0.24291259765625,915,96341,0.23520751953125
1,319,3473,0.00847900390625,142,1336,0.00326171875
1,321,4547,0.01110107421875,143,1821,0.00444580078125
1,322,696,0.00169921875,30,656,0.0016015625
1,325,1369,0.00334228515625,66,1258,0.0030712890625
1,326,72208,0.1762890625,234,70944,0.173203125
1,327,78087,0.19064208984375,774,74735,0.18245849609375
1,329,70736,0.1726953125,240,67917,0.16581298828125
1,33,33454,0.0816748046875,221,33016,0.08060546875
1,331,66809,0.16310791015625,148,66479,0.16230224609375
1,332,13690,0.0334228515625,336,12913,0.03152587890625
1,333,27774,0.0678076171875,259,27134,0.0662451171875
1,334,134401,0.32812744140625,409,133539,0.32602294921875
1,335,4524,0.011044921875,830,1167,0.00284912109375
1,336,3690,0.0090087890625,109,2590,0.0063232421875
1,337,4744,0.01158203125,144,2609,0.00636962890625
1,338,7213,0.01760986328125,257,2737,0.00668212890625
1,339,14342,0.0350146484375,356,10415,0.02542724609375
1,34,54767,0.13370849609375,274,34602,0.0844775390625
1,341,20835,0.05086669921875,641,11372,0.027763671875
1,343,9128,0.02228515625,189,8619,0.02104248046875
1,344,1827,0.00446044921875,57,1710,0.0041748046875
1,345,62739,0.15317138671875,303,62183,0.15181396484375
1,346,43016,0.10501953125,332,36122,0.0881884765625
1,347,925,0.00225830078125,195,528,0.0012890625
1,348,1466,0.0035791015625,151,1059,0.00258544921875
1,349,7004,0.017099609375,201,5909,0.01442626953125
1,352,12846,0.0313623046875,155,10448,0.0255078125
1,354,2074,0.0050634765625,239,1251,0.00305419921875
1,355,18615,0.04544677734375,159,18201,0.04443603515625
1,356,70518,0.1721630859375,222,70091,0.17112060546875
1,358,12425,0.03033447265625,282,8739,0.02133544921875
1,359,7707,0.01881591796875,263,4597,0.01122314453125
1,360,3568,0.0087109375,88,1200,0.0029296875
1,362,34713,0.08474853515625,126,34461,0.08413330078125
1,363,29395,0.07176513671875,586,24992,0.061015625
1,365,9683,0.02364013671875,163,9352,0.02283203125
1,366,7594,0.0185400390625,844,2886,0.0070458984375
1,367,68610,0.1675048828125,253,67048,0.16369140625
1,368,7279,0.01777099609375,258,6737,0.01644775390625
1,369,33383,0.08150146484375,351,30231,0.07380615234375
1,37,33875,0.08270263671875,237,30344,0.07408203125
1,374,5652,0.013798828125,273,4479,0.01093505859375
1,376,6250,0.0152587890625,253,5589,0.01364501953125
1,377,49985,0.12203369140625,175,49517,0.12089111328125
1,378,72225,0.17633056640625,498,70866,0.1730126953125
1,379,69401,0.16943603515625,368,68045,0.16612548828125
1,38,51547,0.12584716796875,243,50976,0.124453125
1,382,7126,0.0173974609375,149,5768,0.01408203125
1,384,6658,0.0162548828125,79,6488,0.01583984375
1,385,38870,0.0948974609375,167,37038,0.0904248046875
1,386,2182,0.0053271484375,111,1996,0.004873046875
1,387,926,0.0022607421875,62,820,0.002001953125
1,388,25527,0.06232177734375,327,19543,0.04771240234375
1,389,21597,0.05272705078125,113,20578,0.0502392578125
1,391,5350,0.0130615234375,323,4462,0.0108935546875
1,393,7023,0.01714599609375,564,2527,0.00616943359375
1,394,58254,0.1422216796875,241,54815,0.13382568359375
1,395,23465,0.05728759765625,145,22592,0.05515625
1,396,7242,0.0176806640625,143,6926,0.0169091796875
1,397,1318,0.0032177734375,71,1219,0.00297607421875
1,398,27359,0.06679443359375,189,24212,0.059111328125
1,399,11058,0.0269970703125,233,6140,0.014990234375
1,401,75288,0.18380859375,451,62880,0.153515625
1,402,60380,0.147412109375,324,58005,0.14161376953125
1,404,8539,0.02084716796875,198,6961,0.01699462890625
1,405,7076,0.017275390625,177,6673,0.01629150390625
1,407,7356,0.017958984375,166,4920,0.01201171875
1,410,32601,0.07959228515625,208,32184,0.07857421875
1,412,50228,0.122626953125,588,48359,0.11806396484375
1,413,5971,0.01457763671875,182,5523,0.01348388671875
1,415,3242,0.0079150390625,65,3086,0.0075341796875
1,417,9277,0.02264892578125,193,8441,0.02060791015625
1,418,9159,0.02236083984375,210,5093,0.01243408203125
1,419,56450,0.1378173828125,189,55984,0.1366796875
1,420,68805,0.16798095703125,301,53889,0.13156494140625
1,421,92993,0.22703369140625,249,62160,0.1517578125
1,423,10701,0.02612548828125,286,5611,0.01369873046875
1,424,10477,0.02557861328125,264,4976,0.0121484375
1,426,6995,0.01707763671875,246,5406,0.0131982421875
1,427,62720,0.153125,266,62144,0.15171875
1,428,3446,0.0084130859375,568,1084,0.002646484375
1,429,76086,0.1857568359375,356,74978,0.1830517578125
1,43,25891,0.06321044921875,146,25619,0.06254638671875
1,431,70972,0.173271484375,251,69398,0.1694287109375
1,434,30283,0.07393310546875,236,29391,0.07175537109375
1,435,4978,0.0121533203125,101,4732,0.011552734375
1,436,7713,0.01883056640625,181,6637,0.01620361328125
1,439,3708,0.009052734375,88,3534,0.0086279296875
1,44,31026,0.0757470703125,141,30728,0.07501953125
1,441,6546,0.0159814453125,160,4972,0.012138671875
1,442,107983,0.26363037109375,230,54390,0.1327880859375
1,443,54352,0.1326953125,97,54204,0.132333984375
1,444,1389,0.00339111328125,45,1301,0.00317626953125
1,445,3968,0.0096875,127,1596,0.003896484375
1,446,7883,0.01924560546875,152,7556,0.018447265625
1,447,2677,0.00653564453125,81,2178,0.0053173828125
1,448,13022,0.0317919921875,64,12912,0.0315234375
1,449,43864,0.10708984375,196,42449,0.10363525390625
1,450,35204,0.085947265625,142,33705,0.08228759765625
1,451,2751,0.00671630859375,92,2525,0.00616455078125
1,452,2555,0.00623779296875,59,2395,0.00584716796875
1,455,1205,0.00294189453125,20,1134,0.0027685546875
1,456,71173,0.17376220703125,328,68989,0.16843017578125
1,457,3731,0.00910888671875,58,1845,0.00450439453125
1,458,2102,0.0051318359375,55,2005,0.00489501953125
1,459,7488,0.01828125,128,3914,0.0095556640625
1,461,34333,0.08382080078125,70,34151,0.08337646484375
1,462,59665,0.14566650390625,100,59423,0.14507568359375
1,463,49524,0.120908203125,152,48803,0.11914794921875
1,465,49860,0.121728515625,137,49599,0.12109130859375
1,466,9701,0.02368408203125,167,5422,0.0132373046875
1,467,14478,0.0353466796875,357,7339,0.01791748046875
1,468,834,0.0020361328125,1,834,0.0020361328125
1,469,2475,0.00604248046875,77,2329,0.00568603515625
1,470,2120,0.00517578125,54,1996,0.004873046875
1,471,56238,0.1372998046875,125,54312,0.13259765625
1,474,8000,0.01953125,162,6150,0.0150146484375
1,476,27717,0.06766845703125,145,26042,0.0635791015625
1,478,81097,0.19799072265625,151,80797,0.19725830078125
1,48,24595,0.06004638671875,177,23483,0.05733154296875
1,480,2164,0.005283203125,61,1251,0.00305419921875
1,481,56108,0.136982421875,68,55949,0.13659423828125
1,482,50903,0.12427490234375,119,49986,0.1220361328125
1,483,25339,0.06186279296875,175,21357,0.05214111328125
1,485,60340,0.147314453125,95,60156,0.146865234375
1,486,1070,0.0026123046875,19,1021,0.00249267578125
1,487,6280,0.01533203125,208,5345,0.01304931640625
1,488,5623,0.01372802734375,152,2861,0.00698486328125
1,489,48440,0.11826171875,357,38871,0.09489990234375
1,49,23411,0.05715576171875,124,23140,0.056494140625
1,492,728,0.00177734375,15,686,0.0016748046875
1,494,1317,0.00321533203125,14,973,0.00237548828125
1,495,1359,0.00331787109375,32,1296,0.0031640625
1,497,4799,0.01171630859375,125,4522,0.0110400390625
1,498,42099,0.10278076171875,291,41508,0.101337890625
1,499,3133,0.00764892578125,117,2504,0.00611328125
1,50,75080,0.18330078125,227,74549,0.18200439453125
1,501,1835,0.00447998046875,40,1145,0.00279541015625
1,503,2080,0.005078125,91,1885,0.00460205078125
1,505,68190,0.1664794921875,239,63749,0.15563720703125
1,508,1421,0.00346923828125,41,1341,0.00327392578125
1,510,2935,0.00716552734375,90,2770,0.0067626953125
1,512,70836,0.172939453125,282,64433,0.15730712890625
1,513,20801,0.05078369140625,144,18365,0.04483642578125
1,514,44887,0.10958740234375,102,44692,0.109111328125
1,518,2036,0.004970703125,14,1360,0.0033203125
1,52,3601,0.00879150390625,538,1390,0.0033935546875
1,520,3441,0.00840087890625,91,1888,0.004609375
1,524,1250,0.0030517578125,47,1166,0.0028466796875
1,526,11845,0.02891845703125,144,8598,0.0209912109375
1,528,74775,0.18255615234375,265,67606,0.1650537109375
1,529,53849,0.13146728515625,197,50498,0.1232861328125
1,53,32543,0.07945068359375,258,30017,0.07328369140625
1,530,79116,0.193154296875,93,68209,0.16652587890625
1,531,1398,0.0034130859375,35,1304,0.00318359375
1,532,5385,0.01314697265625,110,4282,0.0104541015625
1,533,5432,0.01326171875,181,2327,0.00568115234375
1,534,7965,0.01944580078125,178,5998,0.0146435546875
1,536,10808,0.02638671875,149,7324,0.017880859375
1,537,51106,0.1247705078125,131,50040,0.12216796875
1,54,40234,0.0982275390625,175,39923,0.09746826171875
1,541,66246,0.1617333984375,151,65930,0.1609619140625
1,542,1453,0.00354736328125,42,1362,0.0033251953125
1,544,7633,0.01863525390625,201,4480,0.0109375
1,546,66125,0.16143798828125,194,65628,0.160224609375
1,547,82041,0.20029541015625,110,50783,0.12398193359375
1,55,45018,0.1099072265625,664,39228,0.095771484375
1,551,5439,0.01327880859375,151,5135,0.01253662109375
1,553,2860,0.006982421875,56,1180,0.002880859375
1,556,1588,0.003876953125,78,1457,0.00355712890625
1,557,10066,0.0245751953125,74,7330,0.0178955078125
1,558,1319,0.00322021484375,1,1319,0.00322021484375
1,559,25271,0.06169677734375,136,23437,0.05721923828125
1,56,431,0.00105224609375,48,353,0.00086181640625
1,560,44736,0.10921875,97,42318,0.1033154296875
1,562,13032,0.03181640625,327,5941,0.01450439453125
1,563,51634,0.1260595703125,33,51581,0.12593017578125
1,567,4624,0.0112890625,128,2758,0.0067333984375
1,569,3800,0.00927734375,79,3635,0.00887451171875
1,57,10531,0.02571044921875,244,6904,0.01685546875
1,570,8214,0.0200537109375,187,7839,0.01913818359375
1,572,4820,0.011767578125,120,4504,0.01099609375
1,573,49413,0.12063720703125,22,49376,0.120546875
1,578,1700,0.004150390625,6,1117,0.00272705078125
1,579,12482,0.0304736328125,274,5534,0.0135107421875
1,58,47057,0.11488525390625,250,46465,0.11343994140625
1,580,1970,0.0048095703125,40,1405,0.00343017578125
1,582,10926,0.0266748046875,232,10027,0.02447998046875
1,583,5366,0.0131005859375,122,5093,0.01243408203125
1,584,2789,0.00680908203125,68,2642,0.0064501953125
1,585,4483,0.01094482421875,83,4320,0.010546875
1,586,5242,0.0127978515625,106,2852,0.006962890625
1,588,1781,0.00434814453125,53,1254,0.0030615234375
1,59,842,0.0020556640625,71,741,0.00180908203125
1,590,1431,0.00349365234375,54,1334,0.0032568359375
1,591,1693,0.00413330078125,43,1602,0.0039111328125
1,593,22111,0.05398193359375,132,20698,0.0505322265625
1,594,11799,0.02880615234375,31,11102,0.0271044921875
1,6,55992,0.13669921875,203,55351,0.13513427734375
1,602,7626,0.0186181640625,143,5944,0.01451171875
1,604,1252,0.003056640625,34,1164,0.002841796875
1,606,34886,0.0851708984375,48,33878,0.0827099609375
1,608,67689,0.16525634765625,8,67679,0.16523193359375
1,610,6247,0.01525146484375,132,3277,0.00800048828125
1,612,76317,0.18632080078125,207,75922,0.1853564453125
1,613,42490,0.1037353515625,143,37432,0.09138671875
1,615,58438,0.1426708984375,7,58431,0.14265380859375
1,616,1971,0.00481201171875,39,1889,0.00461181640625
1,617,47591,0.11618896484375,173,44163,0.10781982421875
1,618,79711,0.19460693359375,324,72349,0.17663330078125
1,619,5808,0.0141796875,131,3391,0.00827880859375
1,620,61509,0.15016845703125,156,60984,0.14888671875
1,621,16856,0.04115234375,61,14196,0.034658203125
1,622,70366,0.1717919921875,116,66515,0.16239013671875
1,623,4166,0.0101708984375,103,1521,0.00371337890625
1,624,2947,0.00719482421875,72,1890,0.0046142578125
1,626,65666,0.1603173828125,175,64151,0.15661865234375
1,627,3917,0.00956298828125,95,3718,0.0090771484375
1,628,2864,0.0069921875,44,1072,0.0026171875
1,63,53999,0.13183349609375,345,52494,0.1281591796875
1,630,21905,0.05347900390625,57,21009,0.05129150390625
1,631,22174,0.0541357421875,4,15423,0.03765380859375
1,632,8759,0.02138427734375,194,5363,0.01309326171875
1,633,990,0.0024169921875,34,918,0.0022412109375
1,634,4010,0.0097900390625,73,1864,0.00455078125
1,636,2749,0.00671142578125,80,1339,0.00326904296875
1,637,46609,0.11379150390625,393,37309,0.09108642578125
1,638,721,0.00176025390625,1,721,0.00176025390625
1,639,18757,0.04579345703125,169,18381,0.04487548828125
1,64,77387,0.18893310546875,290,66821,0.16313720703125
1,640,46991,0.11472412109375,117,45348,0.110712890625
1,641,9201,0.02246337890625,261,5211,0.01272216796875
1,642,31698,0.0773876953125,266,25676,0.062685546875
1,645,45875,0.11199951171875,218,37862,0.0924365234375
1,65,2504,0.00611328125,102,1142,0.0027880859375
1,650,2623,0.00640380859375,72,1240,0.00302734375
1,652,25726,0.0628076171875,60,25292,0.061748046875
1,653,4058,0.0099072265625,108,2752,0.00671875
1,654,6932,0.016923828125,166,5536,0.013515625
1,655,70422,0.1719287109375,64,70303,0.17163818359375
1,656,15763,0.03848388671875,168,9964,0.024326171875
1,658,74971,0.18303466796875,136,68042,0.1661181640625
1,659,3136,0.00765625,83,2143,0.00523193359375
1,66,3112,0.00759765625,303,1783,0.00435302734375
1,661,8845,0.02159423828125,219,7482,0.0182666015625
1,663,2978,0.0072705078125,102,1792,0.004375
1,665,54481,0.13301025390625,124,54242,0.1324267578125
1,666,67617,0.16508056640625,190,62056,0.15150390625
1,667,5019,0.01225341796875,110,4127,0.01007568359375
1,67,3302,0.0080615234375,143,2594,0.0063330078125
1,670,124798,0.3046826171875,287,71594,0.1747900390625
1,672,45468,0.111005859375,113,45265,0.11051025390625
1,674,9315,0.02274169921875,208,6715,0.01639404296875
1,675,582,0.0014208984375,9,559,0.00136474609375
1,676,7288,0.01779296875,186,5583,0.01363037109375
1,678,58775,0.14349365234375,82,57478,0.1403271484375
1,679,9522,0.0232470703125,215,8707,0.02125732421875
1,68,29388,0.071748046875,184,29010,0.0708251953125
1,682,1077,0.00262939453125,11,1064,0.00259765625
1,683,17688,0.04318359375,84,14210,0.0346923828125
1,685,6083,0.01485107421875,119,5816,0.01419921875
1,688,8874,0.0216650390625,237,6644,0.016220703125
1,689,43746,0.1068017578125,108,43483,0.10615966796875
1,69,41535,0.10140380859375,212,40462,0.0987841796875
1,690,2503,0.00611083984375,69,1325,0.00323486328125
1,694,9323,0.02276123046875,208,7945,0.01939697265625
1,695,960,0.00234375,10,674,0.0016455078125
1,696,3089,0.00754150390625,66,2087,0.00509521484375
1,697,2591,0.00632568359375,58,1396,0.003408203125
1,698,2026,0.0049462890625,60,1903,0.00464599609375
1,699,27005,0.06593017578125,177,18792,0.04587890625
1,7,1404,0.003427734375,128,1141,0.00278564453125
1,701,59117,0.14432861328125,59,59008,0.1440625
1,702,68641,0.16758056640625,102,68379,0.16694091796875
1,705,51761,0.12636962890625,170,48074,0.1173681640625
1,707,404,0.000986328125,1,404,0.000986328125
1,708,60731,0.14826904296875,66,60061,0.14663330078125
1,71,53208,0.12990234375,275,52565,0.12833251953125
1,710,8803,0.02149169921875,46,7979,0.01947998046875
1,711,19589,0.04782470703125,78,17942,0.0438037109375
1,712,2127,0.00519287109375,27,1074,0.0026220703125
1,714,7125,0.01739501953125,189,6164,0.015048828125
1,715,8174,0.0199560546875,147,6408,0.01564453125
1,716,12606,0.0307763671875,303,9445,0.02305908203125
1,717,19367,0.04728271484375,39,19310,0.0471435546875
1,719,60397,0.14745361328125,104,58199,0.14208740234375
1,72,72973,0.17815673828125,847,70117,0.17118408203125
1,721,7977,0.01947509765625,67,6531,0.01594482421875
1,724,51882,0.1266650390625,133,51505,0.12574462890625
1,726,1083,0.00264404296875,34,1018,0.0024853515625
1,727,11640,0.02841796875,237,8429,0.02057861328125
1,728,2170,0.0052978515625,51,2078,0.0050732421875
1,73,6761,0.01650634765625,213,4976,0.0121484375
1,731,7386,0.0180322265625,152,7062,0.0172412109375
1,732,51309,0.12526611328125,159,50240,0.12265625
1,733,14715,0.03592529296875,65,13778,0.0336376953125
1,734,16426,0.0401025390625,110,11178,0.0272900390625
1,735,54560,0.133203125,240,52150,0.1273193359375
1,737,9495,0.02318115234375,167,8312,0.02029296875
1,740,16310,0.0398193359375,79,16177,0.03949462890625
1,741,67556,0.164931640625,188,61447,0.15001708984375
1,742,60657,0.14808837890625,123,60440,0.14755859375
1,744,16596,0.040517578125,73,15793,0.03855712890625
1,745,7363,0.01797607421875,170,4774,0.0116552734375
1,746,15410,0.0376220703125,63,15232,0.0371875
1,747,3739,0.00912841796875,104,1726,0.0042138671875
1,748,60417,0.14750244140625,98,60245,0.14708251953125
1,75,4471,0.01091552734375,85,3043,0.00742919921875
1,751,1747,0.00426513671875,59,1632,0.003984375
1,754,3598,0.0087841796875,121,1625,0.00396728515625
1,755,16447,0.04015380859375,105,14953,0.03650634765625
1,756,66408,0.16212890625,43,66319,0.16191162109375
1,758,22615,0.05521240234375,62,22021,0.05376220703125
1,76,18837,0.04598876953125,346,8828,0.021552734375
1,760,11811,0.02883544921875,229,4924,0.012021484375
1,761,11095,0.02708740234375,79,9628,0.023505859375
1,762,6803,0.01660888671875,139,6480,0.0158203125
1,763,1354,0.0033056640625,5,1349,0.00329345703125
1,764,7024,0.0171484375,184,3564,0.008701171875
1,765,41228,0.100654296875,266,32754,0.0799658203125
1,766,1044,0.002548828125,4,1041,0.00254150390625
1,769,41777,0.10199462890625,25,40411,0.09865966796875
1,770,57785,0.14107666015625,116,56927,0.13898193359375
1,771,35557,0.08680908203125,273,26776,0.06537109375
1,772,7597,0.01854736328125,210,5742,0.0140185546875
1,774,3017,0.00736572265625,82,1569,0.00383056640625
1,777,36168,0.08830078125,198,35008,0.08546875
1,779,71874,0.1754736328125,255,63424,0.15484375
1,780,65179,0.15912841796875,50,64466,0.1573876953125
1,782,508,0.001240234375,3,504,0.00123046875
1,784,26516,0.064736328125,242,20536,0.05013671875
1,786,2811,0.00686279296875,33,1463,0.00357177734375
1,787,8824,0.02154296875,111,8585,0.02095947265625
1,788,58987,0.14401123046875,157,57726,0.1409326171875
1,789,954,0.0023291015625,9,937,0.00228759765625
1,79,34220,0.083544921875,182,33866,0.0826806640625
1,790,10456,0.02552734375,150,9322,0.0227587890625
1,791,1982,0.0048388671875,20,1171,0.00285888671875
1,794,11185,0.02730712890625,228,9648,0.0235546875
1,795,555,0.00135498046875,13,530,0.0012939453125
1,796,883,0.00215576171875,2,882,0.0021533203125
1,797,9494,0.0231787109375,211,7934,0.0193701171875
1,798,2618,0.0063916015625,69,2476,0.006044921875
1,799,1562,0.0038134765625,17,1160,0.00283203125
1,8,48486,0.1183740234375,299,47735,0.11654052734375
1,80,26708,0.065205078125,211,23891,0.05832763671875
1,800,56773,0.13860595703125,153,55955,0.13660888671875
1,802,9820,0.023974609375,32,9774,0.0238623046875
1,803,20006,0.0488427734375,46,19938,0.0486767578125
1,804,8343,0.02036865234375,129,7026,0.0171533203125
1,805,70135,0.17122802734375,59,70021,0.17094970703125
1,807,406,0.0009912109375,4,402,0.0009814453125
1,808,1833,0.00447509765625,35,1324,0.003232421875
1,809,2877,0.00702392578125,42,1796,0.004384765625
1,81,1588,0.003876953125,101,838,0.0020458984375
1,810,16850,0.0411376953125,107,15198,0.0371044921875
1,812,10666,0.0260400390625,114,10428,0.025458984375
1,813,44759,0.10927490234375,83,44585,0.10885009765625
1,814,3682,0.0089892578125,94,2431,0.00593505859375
1,815,1136,0.0027734375,9,1116,0.002724609375
1,816,51040,0.124609375,93,49627,0.12115966796875
1,817,59657,0.14564697265625,101,58825,0.14361572265625
1,818,5037,0.01229736328125,10,5025,0.01226806640625
1,82,1778,0.0043408203125,118,1552,0.0037890625
1,821,58069,0.14177001953125,86,56668,0.138349609375
1,822,1189,0.00290283203125,37,1130,0.0027587890625
1,825,2281,0.00556884765625,61,1219,0.00297607421875
1,826,64962,0.1585986328125,135,64699,0.15795654296875
1,828,1840,0.0044921875,63,1730,0.0042236328125
1,83,5854,0.0142919921875,195,4526,0.0110498046875
1,830,592,0.0014453125,5,584,0.00142578125
1,831,21146,0.0516259765625,154,19333,0.04719970703125
1,832,2778,0.0067822265625,32,1026,0.0025048828125
1,833,30628,0.074775390625,85,30398,0.0742138671875
1,834,53309,0.13014892578125,79,53174,0.1298193359375
1,835,6921,0.01689697265625,12,5421,0.01323486328125
1,838,3151,0.00769287109375,79,2079,0.00507568359375
1,84,6950,0.0169677734375,100,5797,0.01415283203125
1,844,2505,0.00611572265625,65,2375,0.00579833984375
1,847,2709,0.00661376953125,53,1613,0.00393798828125
1,85,57301,0.13989501953125,361,43483,0.10615966796875
1,850,52185,0.12740478515625,138,48281,0.11787353515625
1,852,30797,0.07518798828125,31,30741,0.07505126953125
1,854,40983,0.10005615234375,207,40530,0.0989501953125
1,855,12213,0.02981689453125,253,8830,0.0215576171875
1,856,1550,0.0037841796875,48,1440,0.003515625
1,859,3516,0.008583984375,121,2239,0.00546630859375
1,86,1591,0.00388427734375,59,1471,0.00359130859375
1,860,5130,0.0125244140625,186,4767,0.01163818359375
1,861,84276,0.205751953125,130,84048,0.2051953125
1,862,70636,0.172451171875,214,65716,0.160439453125
1,866,516,0.001259765625,18,487,0.00118896484375
1,868,35927,0.08771240234375,56,34639,0.08456787109375
1,871,59158,0.1444287109375,139,58901,0.14380126953125
1,872,31764,0.077548828125,77,31622,0.0772021484375
1,873,40605,0.09913330078125,303,32780,0.080029296875
1,874,10097,0.02465087890625,23,10068,0.024580078125
1,875,61427,0.14996826171875,71,61314,0.1496923828125
1,879,5903,0.01441162109375,169,5504,0.0134375
1,88,3814,0.0093115234375,89,2575,0.00628662109375
1,883,3029,0.00739501953125,73,1697,0.00414306640625
1,884,3743,0.00913818359375,56,1468,0.003583984375
1,885,13489,0.03293212890625,69,11992,0.02927734375
1,886,55194,0.1347509765625,81,55039,0.13437255859375
1,887,45264,0.1105078125,52,44825,0.10943603515625
1,889,470,0.0011474609375,2,469,0.00114501953125
1,89,36272,0.0885546875,356,32094,0.0783544921875
1,890,1653,0.00403564453125,43,1573,0.00384033203125
1,891,24254,0.0592138671875,207,20750,0.0506591796875
1,892,57762,0.1410205078125,130,56677,0.13837158203125
1,893,18195,0.04442138671875,188,12734,0.0310888671875
1,894,329,0.00080322265625,9,316,0.000771484375
1,895,39223,0.09575927734375,69,38635,0.09432373046875
1,898,4754,0.0116064453125,130,4505,0.01099853515625
1,899,14355,0.03504638671875,135,6821,0.01665283203125
1,9,5016,0.01224609375,176,2483,0.00606201171875
1,900,15867,0.03873779296875,29,15817,0.03861572265625
1,901,105570,0.2577392578125,158,53448,0.13048828125
1,902,4773,0.01165283203125,104,1740,0.004248046875
1,903,48499,0.11840576171875,246,41391,0.10105224609375
1,904,53813,0.13137939453125,123,48322,0.1179736328125
1,908,61196,0.149404296875,167,60844,0.148544921875
1,909,63367,0.15470458984375,174,61047,0.14904052734375
1,91,23480,0.05732421875,266,15610,0.0381103515625
1,911,7645,0.01866455078125,157,7331,0.01789794921875
1,912,932,0.002275390625,33,859,0.00209716796875
1,913,14998,0.0366162109375,23,14960,0.0365234375
1,914,7703,0.01880615234375,157,6064,0.0148046875
1,916,6136,0.01498046875,18,5752,0.01404296875
1,917,62037,0.15145751953125,185,61666,0.1505517578125
1,918,995,0.00242919921875,33,912,0.0022265625
1,919,3300,0.008056640625,65,1849,0.00451416015625
1,920,10928,0.0266796875,215,9728,0.02375
1,921,10373,0.02532470703125,193,7678,0.0187451171875
1,923,57512,0.14041015625,59,57389,0.14010986328125
1,927,1730,0.0042236328125,11,1190,0.0029052734375
1,929,68128,0.166328125,86,38982,0.0951708984375
1,93,20121,0.04912353515625,121,19864,0.04849609375
1,930,2436,0.005947265625,64,2298,0.0056103515625
1,931,5152,0.012578125,136,2945,0.00718994140625
1,934,94274,0.2301611328125,139,94007,0.22950927734375
1,935,122945,0.30015869140625,179,62578,0.1527783203125
1,936,19799,0.04833740234375,59,19664,0.0480078125
1,938,56957,0.13905517578125,228,51709,0.12624267578125
1,94,63670,0.1554443359375,263,61758,0.1507763671875
1,941,55694,0.1359716796875,74,42217,0.10306884765625
1,942,6240,0.015234375,172,3973,0.00969970703125
1,943,73098,0.1784619140625,58,73000,0.17822265625
1,944,951,0.00232177734375,27,900,0.002197265625
1,945,72167,0.17618896484375,77,71522,0.1746142578125
1,947,12359,0.03017333984375,136,9326,0.0227685546875
1,949,69445,0.16954345703125,105,50336,0.122890625
1,95,56320,0.1375,471,48558,0.1185498046875
1,950,2378,0.0058056640625,90,1855,0.00452880859375
1,952,1637,0.00399658203125,17,1260,0.003076171875
1,953,57740,0.140966796875,124,57508,0.140400390625
1,954,4459,0.01088623046875,78,4283,0.01045654296875
1,958,33015,0.08060302734375,36,24741,0.06040283203125
1,959,1103,0.00269287109375,28,1053,0.00257080078125
1,96,23025,0.05621337890625,125,20291,0.04953857421875
1,960,3506,0.0085595703125,91,2187,0.00533935546875
1,961,8400,0.0205078125,174,6679,0.01630615234375
1,963,1817,0.00443603515625,34,1339,0.00326904296875
1,964,2341,0.00571533203125,67,2186,0.0053369140625
1,966,25969,0.06340087890625,73,24993,0.06101806640625
1,968,339,0.00082763671875,6,333,0.00081298828125
1,969,11804,0.028818359375,62,10313,0.02517822265625
1,97,58128,0.1419140625,367,47335,0.11556396484375
1,970,10995,0.02684326171875,253,8218,0.0200634765625
1,971,3202,0.0078173828125,46,2197,0.00536376953125
1,973,65210,0.1592041015625,222,64773,0.15813720703125
1,974,18500,0.045166015625,120,12513,0.03054931640625
1,976,1843,0.00449951171875,51,1709,0.00417236328125
1,977,915,0.00223388671875,2,914,0.0022314453125
1,98,77860,0.190087890625,334,75884,0.185263671875
1,980,2507,0.00612060546875,67,2389,0.00583251953125
1,981,9732,0.023759765625,227,7807,0.01906005859375
1,984,62865,0.15347900390625,109,62672,0.1530078125
1,985,5504,0.0134375,119,5292,0.012919921875
1,986,100369,0.24504150390625,162,59420,0.145068359375
1,99,68723,0.16778076171875,293,68133,0.16634033203125
1,991,28494,0.0695654296875,82,27097,0.06615478515625
1,992,5976,0.01458984375,173,5636,0.013759765625
1,995,1523,0.00371826171875,42,1441,0.00351806640625
1,996,1763,0.00430419921875,54,1659,0.00405029296875
1,997,60685,0.14815673828125,87,60505,0.14771728515625
1,998,7499,0.01830810546875,213,5485,0.01339111328125
1,999,501,0.00122314453125,1,501,0.00122314453125
42,1,5063,0.01236083984375,150,3486,0.0085107421875
42,100,40239,0.09823974609375,249,35119,0.08573974609375
42,1001,54524,0.133115234375,129,54157,0.13221923828125
42,1003,39347,0.09606201171875,69,37638,0.0918896484375
42,1004,657,0.00160400390625,11,620,0.001513671875
42,1005,2105,0.00513916015625,59,1127,0.00275146484375
42,1008,72189,0.17624267578125,121,69791,0.17038818359375
42,101,32972,0.080498046875,334,24311,0.05935302734375
42,102,25496,0.06224609375,134,24073,0.05877197265625
42,103,4190,0.0102294921875,153,2347,0.00572998046875
42,104,14858,0.0362744140625,182,13098,0.0319775390625
42,105,14676,0.035830078125,461,6555,0.01600341796875
42,106,541,0.00132080078125,52,469,0.00114501953125
42,107,31064,0.07583984375,572,28886,0.0705224609375
42,108,28366,0.0692529296875,158,27985,0.06832275390625
42,109,5272,0.01287109375,156,2587,0.00631591796875
42,110,6543,0.01597412109375,192,5562,0.0135791015625
42,111,64023,0.15630615234375,260,62910,0.1535888671875
42,113,3913,0.00955322265625,441,2428,0.005927734375
42,114,1158,0.0028271484375,110,942,0.0022998046875
42,115,3103,0.00757568359375,116,2163,0.00528076171875
42,117,41341,0.10093017578125,306,40645,0.09923095703125
42,119,3289,0.00802978515625,172,2933,0.00716064453125
42,12,8856,0.02162109375,138,7194,0.0175634765625
42,120,1035,0.00252685546875,110,849,0.00207275390625
42,123,41493,0.10130126953125,192,41023,0.10015380859375
42,124,3307,0.00807373046875,98,2112,0.00515625
42,129,5439,0.01327880859375,176,1987,0.00485107421875
42,13,3331,0.00813232421875,159,2953,0.00720947265625
42,131,2409,0.00588134765625,44,2297,0.00560791015625
42,132,51667,0.12614013671875,381,44378,0.1083447265625
42,133,2075,0.00506591796875,141,1062,0.0025927734375
42,135,904,0.00220703125,106,662,0.0016162109375
42,136,70752,0.172734375,314,69196,0.168935546875
42,137,6416,0.0156640625,200,5942,0.0145068359375
42,139,67090,0.1637939453125,220,65513,0.15994384765625
42,14,7870,0.0192138671875,272,7310,0.0178466796875
42,141,2618,0.0063916015625,59,2502,0.0061083984375
42,143,1545,0.00377197265625,99,1326,0.0032373046875
42,144,95694,0.2336279296875,360,68145,0.16636962890625
42,146,5124,0.012509765625,711,3024,0.0073828125
42,147,59014,0.1440771484375,271,56638,0.1382763671875
42,148,4536,0.01107421875,609,2598,0.0063427734375
42,149,3560,0.00869140625,133,3310,0.0080810546875
42,15,42494,0.1037451171875,304,34783,0.08491943359375
42,151,4362,0.0106494140625,720,2250,0.0054931640625
42,153,85530,0.2088134765625,363,84646,0.2066552734375
42,154,66927,0.16339599609375,308,60614,0.1479833984375
42,155,39024,0.0952734375,217,38614,0.0942724609375
42,156,3147,0.00768310546875,78,2720,0.006640625
42,157,2945,0.00718994140625,659,1053,0.00257080078125
42,165,14407,0.03517333984375,164,12929,0.03156494140625
42,166,50772,0.123955078125,718,47447,0.11583740234375
42,167,10867,0.02653076171875,197,6576,0.0160546875
42,168,37839,0.09238037109375,212,37365,0.09122314453125
42,169,61314,0.1496923828125,226,60788,0.148408203125
42,17,56418,0.1377392578125,340,45005,0.10987548828125
42,170,1383,0.00337646484375,50,1305,0.00318603515625
42,171,1338,0.0032666015625,116,1114,0.0027197265625
42,173,46505,0.11353759765625,181,44345,0.10826416015625
42,175,59387,0.14498779296875,509,58189,0.14206298828125
42,176,63134,0.1541357421875,233,62589,0.15280517578125
42,177,80023,0.19536865234375,340,79278,0.1935498046875
42,179,71338,0.1741650390625,664,68489,0.16720947265625
42,18,3507,0.00856201171875,157,2551,0.00622802734375
42,180,57500,0.140380859375,260,55986,0.1366845703125
42,182,62843,0.15342529296875,264,61052,0.149052734375
42,184,106945,0.26109619140625,523,105533,0.25764892578125
42,185,64578,0.1576611328125,227,62595,0.15281982421875
42,188,1738,0.0042431640625,109,1130,0.0027587890625
42,189,72792,0.17771484375,312,72085,0.17598876953125
42,190,95798,0.2338818359375,442,87441,0.21347900390625
42,191,42220,0.103076171875,192,41708,0.101826171875
42,192,38685,0.09444580078125,162,37984,0.092734375
42,193,48127,0.11749755859375,884,45144,0.11021484375
42,195,67340,0.164404296875,237,66462,0.1622607421875
42,196,11857,0.02894775390625,205,10553,0.02576416015625
42,197,11900,0.029052734375,314,5837,0.01425048828125
42,198,11484,0.028037109375,110,11269,0.02751220703125
42,199,2725,0.00665283203125,176,2266,0.0055322265625
42,2,4896,0.011953125,686,1240,0.00302734375
42,20,5984,0.014609375,146,5622,0.0137255859375
42,202,3414,0.0083349609375,123,1474,0.0035986328125
42,205,68730,0.1677978515625,611,63184,0.1542578125
42,206,1193,0.00291259765625,84,1039,0.00253662109375
42,207,5122,0.0125048828125,140,4800,0.01171875
42,208,56702,0.1384326171875,170,56311,0.13747802734375
42,209,1938,0.0047314453125,89,1770,0.0043212890625
42,21,10141,0.02475830078125,304,5269,0.01286376953125
42,210,10699,0.02612060546875,168,6701,0.01635986328125
42,213,7559,0.01845458984375,496,4654,0.0113623046875
42,215,8941,0.02182861328125,220,8383,0.02046630859375
42,216,49281,0.12031494140625,345,48403,0.11817138671875
42,217,776,0.00189453125,90,584,0.00142578125
42,219,2518,0.0061474609375,111,2289,0.00558837890625
42,220,21838,0.0533154296875,201,19912,0.04861328125
42,221,8443,0.02061279296875,588,5973,0.01458251953125
42,222,49520,0.1208984375,235,36950,0.0902099609375
42,223,3678,0.0089794921875,218,3145,0.00767822265625
42,224,4840,0.01181640625,601,2948,0.007197265625
42,225,19039,0.04648193359375,186,17605,0.04298095703125
42,227,8590,0.0209716796875,226,5675,0.01385498046875
42,228,3997,0.00975830078125,157,2864,0.0069921875
42,23,57009,0.13918212890625,514,55597,0.13573486328125
42,233,18433,0.04500244140625,82,18279,0.04462646484375
42,234,8781,0.02143798828125,765,6712,0.01638671875
42,235,8511,0.02077880859375,169,6305,0.01539306640625
42,236,1667,0.00406982421875,115,1433,0.00349853515625
42,237,1990,0.0048583984375,89,1219,0.00297607421875
42,238,6302,0.0153857421875,196,5011,0.01223388671875
42,239,56088,0.13693359375,279,48050,0.1173095703125
42,24,1433,0.00349853515625,62,1337,0.00326416015625
42,240,49664,0.12125,337,47795,0.11668701171875
42,243,15723,0.03838623046875,310,8425,0.02056884765625
42,249,61830,0.1509521484375,373,60811,0.14846435546875
42,250,5627,0.01373779296875,79,4090,0.0099853515625
42,252,1394,0.0034033203125,44,1314,0.0032080078125
42,253,67457,0.16468994140625,414,65919,0.16093505859375
42,254,63530,0.1551025390625,303,61406,0.1499169921875
42,255,38428,0.093818359375,294,37749,0.09216064453125
42,257,10526,0.0256982421875,697,7251,0.01770263671875
42,258,65627,0.16022216796875,273,47567,0.11613037109375
42,259,2990,0.0072998046875,119,2737,0.00668212890625
42,26,11629,0.02839111328125,287,10971,0.02678466796875
42,260,49041,0.11972900390625,211,46740,0.114111328125
42,261,32981,0.08052001953125,333,32175,0.07855224609375
42,263,3772,0.009208984375,109,2500,0.006103515625
42,264,1892,0.004619140625,77,1095,0.00267333984375
42,265,6958,0.0169873046875,153,5304,0.01294921875
42,266,931,0.00227294921875,59,822,0.0020068359375
42,268,2477,0.00604736328125,104,1207,0.00294677734375
42,269,2888,0.00705078125,92,2734,0.0066748046875
42,27,16959,0.04140380859375,101,16743,0.04087646484375
42,270,26926,0.0657373046875,321,24942,0.0608935546875
42,271,4962,0.0121142578125,153,2426,0.0059228515625
42,272,43060,0.105126953125,759,39825,0.09722900390625
42,273,86238,0.2105419921875,372,83103,0.20288818359375
42,274,572,0.001396484375,89,404,0.000986328125
42,275,683,0.00166748046875,36,631,0.00154052734375
42,276,9280,0.02265625,205,8816,0.0215234375
42,277,1402,0.0034228515625,87,1246,0.0030419921875
42,278,26380,0.064404296875,269,25130,0.0613525390625
42,279,55094,0.1345068359375,396,48933,0.11946533203125
42,28,44999,0.10986083984375,219,43379,0.10590576171875
42,281,2981,0.00727783203125,161,1928,0.00470703125
42,282,70450,0.1719970703125,317,54323,0.13262451171875
42,283,2552,0.00623046875,126,2296,0.00560546875
42,284,72978,0.1781689453125,239,71468,0.174482421875
42,285,2567,0.00626708984375,61,1241,0.00302978515625
42,286,58476,0.142763671875,222,57976,0.14154296875
42,287,1458,0.0035595703125,82,1292,0.003154296875
42,288,3470,0.0084716796875,136,3118,0.0076123046875
42,289,57979,0.14155029296875,992,53016,0.12943359375
42,29,1449,0.00353759765625,83,1254,0.0030615234375
42,290,3028,0.007392578125,125,2780,0.006787109375
42,291,3429,0.00837158203125,120,2370,0.0057861328125
42,292,10460,0.025537109375,304,4911,0.01198974609375
42,294,5799,0.01415771484375,233,4486,0.0109521484375
42,295,34784,0.084921875,270,33247,0.08116943359375
42,296,56405,0.13770751953125,183,56019,0.13676513671875
42,297,23050,0.0562744140625,138,22756,0.055556640625
42,299,2874,0.0070166015625,199,1365,0.00333251953125
42,3,3390,0.0082763671875,111,2318,0.0056591796875
42,300,17568,0.042890625,255,8947,0.02184326171875
42,301,5665,0.01383056640625,494,4332,0.010576171875
42,302,19007,0.04640380859375,289,10464,0.025546875
42,303,50941,0.12436767578125,432,43686,0.1066552734375
42,304,5829,0.01423095703125,169,5426,0.0132470703125
42,305,61917,0.15116455078125,351,61085,0.14913330078125
42,306,2218,0.0054150390625,303,1439,0.00351318359375
42,307,22519,0.05497802734375,170,22212,0.054228515625
42,31,9772,0.023857421875,206,8813,0.02151611328125
42,311,2175,0.00531005859375,120,1952,0.004765625
42,312,67368,0.16447265625,246,66826,0.1631494140625
42,313,46886,0.1144677734375,302,46287,0.11300537109375
42,314,36282,0.0885791015625,720,34271,0.08366943359375
42,315,4089,0.00998291015625,243,2835,0.00692138671875
42,316,7611,0.01858154296875,68,7487,0.01827880859375
42,317,60489,0.14767822265625,323,56979,0.13910888671875
42,318,15808,0.03859375,862,8216,0.02005859375
42,319,20244,0.049423828125,184,19876,0.048525390625
42,321,98888,0.24142578125,419,68984,0.16841796875
42,322,1442,0.0035205078125,58,1343,0.00327880859375
42,325,10007,0.02443115234375,219,7408,0.0180859375
42,326,66602,0.1626025390625,293,65894,0.1608740234375
42,327,2748,0.006708984375,608,1023,0.00249755859375
42,329,1587,0.00387451171875,45,889,0.00217041015625
42,33,32798,0.0800732421875,286,30117,0.07352783203125
42,331,1424,0.0034765625,108,935,0.00228271484375
42,332,1588,0.003876953125,30,1109,0.00270751953125
42,333,3674,0.0089697265625,227,1090,0.0026611328125
42,334,33139,0.08090576171875,152,29776,0.0726953125
42,335,118946,0.2903955078125,744,67878,0.1657177734375
42,336,12312,0.03005859375,334,6725,0.01641845703125
42,337,22154,0.0540869140625,259,20690,0.0505126953125
42,338,4144,0.0101171875,199,3704,0.00904296875
42,339,31768,0.07755859375,176,30869,0.07536376953125
42,34,31810,0.0776611328125,140,31500,0.076904296875
42,341,10553,0.02576416015625,738,8417,0.02054931640625
42,343,3177,0.00775634765625,136,2301,0.00561767578125
42,344,3354,0.0081884765625,99,3126,0.0076318359375
42,345,2174,0.0053076171875,175,929,0.00226806640625
42,346,5337,0.01302978515625,288,2419,0.00590576171875
42,347,67986,0.1659814453125,324,64568,0.15763671875
42,348,47010,0.1147705078125,278,42297,0.10326416015625
42,349,86566,0.2113427734375,234,67500,0.164794921875
42,352,4742,0.0115771484375,132,2536,0.00619140625
42,354,50080,0.122265625,484,42342,0.1033740234375
42,355,9361,0.02285400390625,222,6630,0.0161865234375
42,356,61860,0.151025390625,283,61202,0.1494189453125
42,358,5039,0.01230224609375,214,3280,0.0080078125
42,359,36428,0.088935546875,280,35019,0.08549560546875
42,360,42336,0.103359375,247,30966,0.0756005859375
42,362,11914,0.0290869140625,213,10631,0.02595458984375
42,363,53555,0.13074951171875,717,50833,0.12410400390625
42,365,2436,0.005947265625,53,1518,0.0037060546875
42,366,34442,0.0840869140625,733,30861,0.07534423828125
42,367,32567,0.07950927734375,328,30777,0.07513916015625
42,368,33978,0.0829541015625,311,29516,0.072060546875
42,369,2754,0.0067236328125,195,2278,0.0055615234375
42,37,63740,0.155615234375,321,62022,0.1514208984375
42,374,5619,0.01371826171875,310,2903,0.00708740234375
42,376,16841,0.04111572265625,81,16659,0.04067138671875
42,377,45739,0.11166748046875,216,45280,0.110546875
42,378,1980,0.004833984375,411,622,0.0015185546875
42,379,2316,0.005654296875,564,477,0.00116455078125
42,38,7314,0.0178564453125,224,5176,0.01263671875
42,382,62203,0.15186279296875,235,35893,0.08762939453125
42,384,40643,0.09922607421875,161,37828,0.092353515625
42,385,23407,0.05714599609375,214,20764,0.050693359375
42,386,686,0.0016748046875,95,499,0.00121826171875
42,387,2184,0.00533203125,56,2073,0.00506103515625
42,388,937,0.00228759765625,139,516,0.001259765625
42,389,53117,0.12968017578125,190,52600,0.12841796875
42,391,7792,0.0190234375,395,4353,0.01062744140625
42,393,11104,0.027109375,648,8926,0.0217919921875
42,394,2199,0.00536865234375,94,1994,0.0048681640625
42,395,59593,0.14549072265625,304,57212,0.139677734375
42,396,6673,0.01629150390625,176,6193,0.01511962890625
42,397,4134,0.0100927734375,80,3966,0.0096826171875
42,398,57373,0.14007080078125,266,55474,0.1354345703125
42,399,45742,0.1116748046875,192,43745,0.10679931640625
42,401,60274,0.1471533203125,392,57504,0.140390625
42,402,2010,0.0049072265625,116,1233,0.00301025390625
42,404,37703,0.09204833984375,232,37249,0.09093994140625
42,405,64889,0.15842041015625,253,62631,0.15290771484375
42,407,65991,0.16111083984375,246,63518,0.1550732421875
42,410,11094,0.0270849609375,303,7100,0.017333984375
42,412,43287,0.10568115234375,658,41545,0.10142822265625
42,413,17656,0.04310546875,106,17122,0.0418017578125
42,415,21785,0.05318603515625,255,13070,0.0319091796875
42,417,38271,0.09343505859375,244,36054,0.0880224609375
42,418,3695,0.00902099609375,109,2018,0.0049267578125
42,419,4504,0.01099609375,80,4318,0.0105419921875
42,420,1831,0.00447021484375,66,1213,0.00296142578125
42,421,67418,0.1645947265625,325,65284,0.159384765625
42,423,1156,0.002822265625,59,749,0.00182861328125
42,424,26516,0.064736328125,279,25891,0.06321044921875
42,426,47884,0.116904296875,266,46319,0.11308349609375
42,427,18891,0.04612060546875,316,17018,0.0415478515625
42,428,2305,0.00562744140625,621,562,0.0013720703125
42,429,1853,0.00452392578125,194,1160,0.00283203125
42,43,110678,0.2702099609375,213,110248,0.26916015625
42,431,22131,0.05403076171875,149,21837,0.05331298828125
42,434,838,0.0020458984375,2,837,0.00204345703125
42,435,76841,0.18760009765625,126,76644,0.187119140625
42,436,46308,0.113056640625,262,43440,0.1060546875
42,439,1604,0.003916015625,35,1130,0.0027587890625
42,44,2335,0.00570068359375,70,1823,0.00445068359375
42,441,850,0.0020751953125,1,850,0.0020751953125
42,442,35366,0.0863427734375,223,34843,0.08506591796875
42,443,70475,0.17205810546875,81,69660,0.170068359375
42,444,22416,0.0547265625,117,21428,0.052314453125
42,445,87783,0.21431396484375,232,45287,0.11056396484375
42,446,876,0.002138671875,5,871,0.00212646484375
42,447,579,0.00141357421875,1,579,0.00141357421875
42,448,3699,0.00903076171875,107,2231,0.00544677734375
42,449,7813,0.01907470703125,171,6577,0.01605712890625
42,450,2051,0.00500732421875,86,1847,0.00450927734375
42,451,62252,0.151982421875,278,60418,0.1475048828125
42,452,4786,0.0116845703125,75,2509,0.00612548828125
42,455,3271,0.00798583984375,77,1903,0.00464599609375
42,456,2775,0.00677490234375,76,2617,0.00638916015625
42,457,7077,0.01727783203125,178,5023,0.01226318359375
42,458,5830,0.0142333984375,131,4522,0.0110400390625
42,459,54027,0.13190185546875,110,53833,0.13142822265625
42,461,61671,0.15056396484375,87,60506,0.1477197265625
42,462,12439,0.03036865234375,81,9469,0.02311767578125
42,463,6696,0.01634765625,43,6613,0.01614501953125
42,465,649,0.00158447265625,9,631,0.00154052734375
42,466,7097,0.01732666015625,239,4520,0.01103515625
42,467,9810,0.0239501953125,56,8878,0.0216748046875
42,468,5104,0.0124609375,80,2603,0.00635498046875
42,469,9854,0.0240576171875,220,7505,0.01832275390625
42,470,1438,0.0035107421875,7,1425,0.00347900390625
42,471,27094,0.0661474609375,82,26580,0.064892578125
42,474,51149,0.12487548828125,62,49704,0.12134765625
42,476,4550,0.0111083984375,85,2714,0.0066259765625
42,478,20162,0.0492236328125,32,20106,0.0490869140625
42,48,1346,0.0032861328125,104,1135,0.00277099609375
42,480,62159,0.15175537109375,143,61754,0.1507666015625
42,481,46953,0.11463134765625,80,46793,0.11424072265625
42,482,643,0.00156982421875,18,613,0.00149658203125
42,483,454,0.0011083984375,5,449,0.00109619140625
42,485,19400,0.04736328125,22,18361,0.04482666015625
42,486,2685,0.00655517578125,89,1745,0.00426025390625
42,487,45907,0.11207763671875,106,45716,0.111611328125
42,488,84248,0.20568359375,309,67711,0.16531005859375
42,489,2793,0.00681884765625,23,1018,0.0024853515625
42,49,60500,0.147705078125,189,58629,0.14313720703125
42,492,1525,0.00372314453125,11,1040,0.0025390625
42,494,1988,0.004853515625,61,1874,0.0045751953125
42,495,1082,0.0026416015625,4,1078,0.0026318359375
42,497,45434,0.1109228515625,121,43370,0.1058837890625
42,498,2666,0.0065087890625,91,2469,0.00602783203125
42,499,4059,0.00990966796875,62,2060,0.005029296875
42,50,15465,0.03775634765625,289,7901,0.01928955078125
42,501,3036,0.007412109375,80,2890,0.0070556640625
42,503,1825,0.00445556640625,48,1186,0.0028955078125
42,505,16775,0.04095458984375,49,15352,0.03748046875
42,508,29916,0.073037109375,54,29788,0.072724609375
42,510,54588,0.133271484375,171,53125,0.12969970703125
42,512,98821,0.24126220703125,182,71124,0.173642578125
42,513,6187,0.01510498046875,143,2275,0.00555419921875
42,514,1100,0.002685546875,4,1097,0.00267822265625
42,518,49035,0.11971435546875,97,47587,0.11617919921875
42,52,15415,0.03763427734375,737,6467,0.01578857421875
42,520,3302,0.0080615234375,91,1974,0.0048193359375
42,524,116273,0.28386962890625,153,115966,0.2831201171875
42,526,7237,0.01766845703125,213,5175,0.01263427734375
42,528,1427,0.00348388671875,10,1414,0.0034521484375
42,529,1485,0.00362548828125,37,1402,0.0034228515625
42,53,71702,0.1750537109375,225,71267,0.17399169921875
42,530,57415,0.14017333984375,98,57225,0.13970947265625
42,531,1669,0.00407470703125,65,1506,0.0036767578125
42,532,7343,0.01792724609375,216,6855,0.01673583984375
42,533,772,0.001884765625,3,765,0.00186767578125
42,534,81197,0.19823486328125,144,44687,0.10909912109375
42,536,56061,0.13686767578125,191,54032,0.1319140625
42,537,423,0.00103271484375,12,405,0.00098876953125
42,54,5427,0.01324951171875,130,4062,0.0099169921875
42,541,1628,0.003974609375,53,1534,0.0037451171875
42,542,12228,0.029853515625,66,12081,0.02949462890625
42,544,1570,0.0038330078125,78,1359,0.00331787109375
42,546,33717,0.08231689453125,136,31487,0.07687255859375
42,547,71012,0.173369140625,154,70442,0.1719775390625
42,55,42687,0.10421630859375,609,39541,0.09653564453125
42,551,5825,0.01422119140625,110,5568,0.01359375
42,553,1276,0.003115234375,21,1224,0.00298828125
42,556,7211,0.01760498046875,117,5284,0.012900390625
42,557,5511,0.01345458984375,112,3664,0.0089453125
42,558,44477,0.10858642578125,85,41739,0.10190185546875
42,559,11283,0.02754638671875,251,7751,0.01892333984375
42,56,6774,0.0165380859375,139,2650,0.0064697265625
42,560,2337,0.00570556640625,13,1173,0.00286376953125
42,562,9575,0.02337646484375,244,8073,0.01970947265625
42,563,3034,0.0074072265625,58,1969,0.00480712890625
42,567,14572,0.035576171875,238,9088,0.0221875
42,569,2637,0.00643798828125,65,1734,0.0042333984375
42,57,7090,0.0173095703125,220,4170,0.0101806640625
42,570,2856,0.00697265625,52,1868,0.004560546875
42,572,69367,0.16935302734375,164,67687,0.16525146484375
42,573,72733,0.17757080078125,48,72670,0.1774169921875
42,578,32325,0.07891845703125,100,28895,0.07054443359375
42,579,1498,0.0036572265625,56,1390,0.0033935546875
42,58,2586,0.0063134765625,121,1732,0.004228515625
42,580,2080,0.005078125,42,1982,0.0048388671875
42,582,75740,0.184912109375,187,74481,0.18183837890625
42,583,6607,0.01613037109375,99,6371,0.01555419921875
42,584,3328,0.008125,75,1069,0.00260986328125
42,585,895,0.00218505859375,5,890,0.0021728515625
42,586,3588,0.008759765625,69,2249,0.00549072265625
42,588,24660,0.060205078125,12,24638,0.0601513671875
42,59,9972,0.024345703125,249,7655,0.01868896484375
42,590,110801,0.27051025390625,84,62734,0.1531591796875
42,591,1681,0.00410400390625,11,976,0.0023828125
42,593,45667,0.11149169921875,221,43753,0.10681884765625
42,594,53688,0.13107421875,60,52698,0.1286572265625
42,6,25759,0.06288818359375,270,21820,0.053271484375
42,602,6084,0.014853515625,20,6060,0.014794921875
42,604,33527,0.08185302734375,148,31764,0.077548828125
42,606,13894,0.0339208984375,273,7186,0.0175439453125
42,608,44971,0.10979248046875,76,43908,0.107197265625
42,610,982,0.0023974609375,15,923,0.00225341796875
42,612,55901,0.13647705078125,193,55488,0.13546875
42,613,4564,0.011142578125,142,1644,0.004013671875
42,615,65019,0.15873779296875,99,63994,0.1562353515625
42,616,27943,0.06822021484375,23,26653,0.06507080078125
42,617,74130,0.1809814453125,195,73008,0.1782421875
42,618,25156,0.061416015625,97,23952,0.0584765625
42,619,282,0.0006884765625,2,281,0.00068603515625
42,620,23870,0.0582763671875,106,12459,0.03041748046875
42,621,2177,0.00531494140625,8,1233,0.00301025390625
42,622,3872,0.009453125,106,3696,0.0090234375
42,623,6590,0.0160888671875,146,6310,0.0154052734375
42,624,47953,0.11707275390625,13,45416,0.11087890625
42,626,3978,0.0097119140625,106,2499,0.00610107421875
42,627,3265,0.00797119140625,76,1508,0.003681640625
42,628,17744,0.0433203125,51,15363,0.03750732421875
42,63,3342,0.0081591796875,171,3010,0.0073486328125
42,630,610,0.0014892578125,2,608,0.001484375
42,631,20073,0.04900634765625,23,19102,0.0466357421875
42,632,1334,0.0032568359375,6,1325,0.00323486328125
42,633,45504,0.11109375,59,45420,0.110888671875
42,634,61373,0.14983642578125,120,59522,0.1453173828125
42,636,10266,0.0250634765625,248,5872,0.0143359375
42,637,3280,0.0080078125,107,1496,0.00365234375
42,638,2202,0.0053759765625,51,2086,0.0050927734375
42,639,54541,0.13315673828125,173,54184,0.13228515625
42,64,21297,0.05199462890625,296,13180,0.032177734375
42,640,9186,0.0224267578125,195,7405,0.01807861328125
42,641,71182,0.1737841796875,157,70845,0.17296142578125
42,642,5217,0.01273681640625,140,3757,0.00917236328125
42,645,48221,0.11772705078125,297,39583,0.09663818359375
42,65,1259,0.00307373046875,68,1123,0.00274169921875
42,650,60597,0.14794189453125,167,60275,0.14715576171875
42,652,50443,0.12315185546875,91,50168,0.12248046875
42,653,2292,0.005595703125,5,1308,0.003193359375
42,654,1392,0.0033984375,9,1376,0.003359375
42,655,60437,0.14755126953125,44,60373,0.14739501953125
42,656,1075,0.00262451171875,3,607,0.00148193359375
42,658,2653,0.00647705078125,70,1500,0.003662109375
42,659,2093,0.00510986328125,36,1362,0.0033251953125
42,66,4136,0.01009765625,187,3725,0.00909423828125
42,661,3175,0.00775146484375,73,2623,0.00640380859375
42,663,33786,0.0824853515625,98,31824,0.0776953125
42,665,6636,0.016201171875,21,6606,0.0161279296875
42,666,1439,0.00351318359375,29,1387,0.00338623046875
42,667,578,0.0014111328125,9,568,0.00138671875
42,67,67862,0.1656787109375,188,67357,0.16444580078125
42,670,64283,0.15694091796875,250,63737,0.15560791015625
42,672,2466,0.0060205078125,75,2312,0.00564453125
42,674,1577,0.00385009765625,50,955,0.00233154296875
42,675,32539,0.07944091796875,113,30858,0.0753369140625
42,676,14710,0.0359130859375,286,14009,0.03420166015625
42,678,13072,0.0319140625,78,12880,0.0314453125
42,679,41333,0.10091064453125,54,40543,0.09898193359375
42,68,86606,0.2114404296875,390,80074,0.1954931640625
42,682,26260,0.064111328125,104,24881,0.06074462890625
42,683,20882,0.0509814453125,163,15036,0.036708984375
42,685,47035,0.11483154296875,92,46852,0.114384765625
42,688,8257,0.02015869140625,236,7004,0.017099609375
42,689,79650,0.1944580078125,142,56141,0.13706298828125
42,69,1578,0.0038525390625,100,1380,0.003369140625
42,690,1475,0.00360107421875,38,1405,0.00343017578125
42,694,4632,0.01130859375,109,2326,0.0056787109375
42,695,27371,0.06682373046875,112,27118,0.0662060546875
42,696,1284,0.003134765625,15,1258,0.0030712890625
42,697,5240,0.01279296875,5,4711,0.01150146484375
42,698,9865,0.02408447265625,294,5515,0.01346435546875
42,699,1081,0.00263916015625,5,1076,0.002626953125
42,7,34442,0.0840869140625,315,33680,0.0822265625
42,701,65876,0.160830078125,155,64157,0.15663330078125
42,702,25181,0.06147705078125,163,22409,0.05470947265625
42,705,1432,0.00349609375,23,1369,0.00334228515625
42,707,2619,0.00639404296875,93,1504,0.003671875
42,708,1115,0.00272216796875,1,1115,0.00272216796875
42,71,71059,0.17348388671875,356,69740,0.170263671875
42,710,62587,0.15280029296875,189,44439,0.10849365234375
42,711,4163,0.01016357421875,115,3905,0.00953369140625
42,712,1635,0.00399169921875,31,1559,0.00380615234375
42,714,7104,0.01734375,174,2697,0.00658447265625
42,715,1167,0.00284912109375,2,1166,0.0028466796875
42,716,26659,0.06508544921875,159,23406,0.0571435546875
42,717,27042,0.0660205078125,155,19930,0.0486572265625
42,719,4333,0.01057861328125,97,2588,0.006318359375
42,72,3783,0.00923583984375,777,1365,0.00333251953125
42,721,33836,0.082607421875,57,33715,0.08231201171875
42,724,4023,0.00982177734375,102,3793,0.00926025390625
42,726,46249,0.11291259765625,115,45200,0.1103515625
42,727,30660,0.074853515625,111,29304,0.07154296875
42,728,4909,0.01198486328125,149,2920,0.00712890625
42,73,1983,0.00484130859375,81,1798,0.0043896484375
42,731,47671,0.11638427734375,140,46022,0.1123583984375
42,732,389,0.00094970703125,18,366,0.0008935546875
42,733,3427,0.00836669921875,87,2530,0.0061767578125
42,734,65904,0.1608984375,149,65593,0.16013916015625
42,735,3631,0.00886474609375,86,3470,0.0084716796875
42,737,5424,0.0132421875,124,4711,0.01150146484375
42,740,10120,0.02470703125,99,9031,0.02204833984375
42,741,33276,0.081240234375,59,33189,0.08102783203125
42,742,61150,0.1492919921875,103,60075,0.14666748046875
42,744,124007,0.30275146484375,240,63602,0.1552783203125
42,745,51327,0.12531005859375,158,51028,0.124580078125
42,746,22960,0.0560546875,85,22795,0.05565185546875
42,747,17618,0.0430126953125,131,15114,0.0368994140625
42,748,49130,0.1199462890625,162,48807,0.11915771484375
42,75,69983,0.17085693359375,384,68949,0.16833251953125
42,751,2498,0.0060986328125,62,2370,0.0057861328125
42,754,75137,0.18343994140625,170,72219,0.17631591796875
42,755,2591,0.00632568359375,63,1333,0.00325439453125
42,756,60485,0.14766845703125,114,48248,0.11779296875
42,758,1309,0.00319580078125,12,1296,0.0031640625
42,76,88912,0.2170703125,260,87611,0.21389404296875
42,760,23883,0.05830810546875,91,22750,0.0555419921875
42,761,71561,0.17470947265625,191,65225,0.15924072265625
42,762,4126,0.0100732421875,107,2126,0.0051904296875
42,763,890,0.0021728515625,11,859,0.00209716796875
42,764,14905,0.03638916015625,380,6563,0.01602294921875
42,765,16695,0.04075927734375,20,16654,0.0406591796875
42,766,67700,0.165283203125,173,64648,0.15783203125
42,769,9117,0.02225830078125,150,7379,0.01801513671875
42,770,30032,0.0733203125,122,27398,0.0668896484375
42,771,66048,0.16125,114,65843,0.16074951171875
42,772,41686,0.1017724609375,66,41569,0.10148681640625
42,774,72677,0.17743408203125,96,72452,0.176884765625
42,777,9917,0.02421142578125,113,8820,0.021533203125
42,779,5748,0.014033203125,145,4963,0.01211669921875
42,780,4067,0.00992919921875,85,2447,0.00597412109375
42,782,45703,0.11157958984375,237,41074,0.1002783203125
42,784,1029,0.00251220703125,12,1016,0.00248046875
42,786,43467,0.10612060546875,41,42469,0.10368408203125
42,787,13715,0.03348388671875,140,7970,0.0194580078125
42,788,8167,0.01993896484375,168,6949,0.01696533203125
42,789,27299,0.06664794921875,29,27257,0.06654541015625
42,79,10794,0.0263525390625,196,10350,0.0252685546875
42,790,1443,0.00352294921875,50,984,0.00240234375
42,791,3556,0.008681640625,66,2160,0.0052734375
42,794,3672,0.00896484375,72,2195,0.00535888671875
42,795,88847,0.21691162109375,157,72480,0.176953125
42,796,2578,0.0062939453125,71,2446,0.0059716796875
42,797,1179,0.00287841796875,9,1166,0.0028466796875
42,798,42320,0.1033203125,130,42035,0.10262451171875
42,799,6147,0.01500732421875,150,5805,0.01417236328125
42,8,8368,0.0204296875,266,5515,0.01346435546875
42,80,12778,0.0311962890625,164,10947,0.02672607421875
42,800,51746,0.1263330078125,188,47789,0.11667236328125
42,802,34540,0.084326171875,165,32898,0.0803173828125
42,803,58991,0.14402099609375,210,53223,0.12993896484375
42,804,5258,0.0128369140625,106,3002,0.0073291015625
42,805,5283,0.01289794921875,168,2531,0.00617919921875
42,807,58541,0.14292236328125,52,58365,0.14249267578125
42,808,1665,0.00406494140625,15,857,0.00209228515625
42,809,50676,0.123720703125,54,50524,0.123349609375
42,81,29533,0.07210205078125,123,27204,0.066416015625
42,810,26307,0.06422607421875,180,20234,0.0493994140625
42,812,93214,0.2275732421875,149,92958,0.2269482421875
42,813,28970,0.0707275390625,39,28481,0.06953369140625
42,814,9899,0.02416748046875,143,9521,0.02324462890625
42,815,11621,0.02837158203125,129,8648,0.02111328125
42,816,570,0.0013916015625,11,549,0.00134033203125
42,817,71762,0.1752001953125,115,71532,0.174638671875
42,818,9650,0.0235595703125,308,5403,0.01319091796875
42,82,8976,0.0219140625,279,5365,0.01309814453125
42,821,7916,0.019326171875,192,7532,0.018388671875
42,822,32031,0.07820068359375,122,29899,0.07299560546875
42,825,8149,0.01989501953125,19,6761,0.01650634765625
42,826,34410,0.0840087890625,89,33354,0.0814306640625
42,828,8516,0.020791015625,134,7100,0.017333984375
42,83,33050,0.0806884765625,133,32803,0.08008544921875
42,830,1107,0.00270263671875,25,1054,0.0025732421875
42,831,2138,0.0052197265625,75,1960,0.00478515625
42,832,6198,0.0151318359375,203,4759,0.01161865234375
42,833,551,0.00134521484375,9,539,0.00131591796875
42,834,58340,0.142431640625,212,51744,0.126328125
42,835,61843,0.15098388671875,170,33589,0.08200439453125
42,838,71302,0.1740771484375,200,58829,0.14362548828125
42,84,60421,0.14751220703125,344,59672,0.14568359375
42,844,8528,0.0208203125,111,5502,0.0134326171875
42,847,40383,0.09859130859375,139,39293,0.09593017578125
42,85,75873,0.18523681640625,333,67614,0.1650732421875
42,850,7359,0.01796630859375,141,7052,0.017216796875
42,852,5704,0.01392578125,150,2498,0.0060986328125
42,854,1147,0.00280029296875,3,1143,0.00279052734375
42,855,2905,0.00709228515625,67,2745,0.00670166015625
42,856,30873,0.07537353515625,109,30590,0.0746826171875
42,859,2159,0.00527099609375,46,2071,0.00505615234375
42,86,20169,0.04924072265625,172,17144,0.04185546875
42,860,54071,0.13200927734375,163,53712,0.1311328125
42,861,55596,0.135732421875,128,47460,0.115869140625
42,862,835,0.00203857421875,12,815,0.00198974609375
42,866,6163,0.01504638671875,94,3084,0.007529296875
42,868,5971,0.01457763671875,140,5671,0.01384521484375
42,871,1642,0.0040087890625,53,1537,0.00375244140625
42,872,81809,0.19972900390625,79,81248,0.198359375
42,873,63921,0.15605712890625,92,62370,0.1522705078125
42,874,9960,0.02431640625,185,6074,0.0148291015625
42,875,57382,0.1400927734375,254,50186,0.1225244140625
42,879,6261,0.01528564453125,190,5870,0.0143310546875
42,88,18936,0.04623046875,122,14718,0.0359326171875
42,883,42850,0.1046142578125,75,39963,0.09756591796875
42,884,69977,0.17084228515625,176,66563,0.16250732421875
42,885,641,0.00156494140625,4,638,0.0015576171875
42,886,41245,0.10069580078125,66,41094,0.1003271484375
42,887,21554,0.0526220703125,124,20073,0.04900634765625
42,889,1853,0.00452392578125,34,1200,0.0029296875
42,89,40212,0.098173828125,191,39315,0.09598388671875
42,890,3705,0.00904541015625,91,3542,0.0086474609375
42,891,27975,0.06829833984375,155,27645,0.06749267578125
42,892,83884,0.204794921875,135,83572,0.204033203125
42,893,33375,0.08148193359375,177,33025,0.08062744140625
42,894,2482,0.0060595703125,15,1203,0.00293701171875
42,895,10162,0.0248095703125,9,10143,0.02476318359375
42,898,44496,0.1086328125,92,24713,0.06033447265625
42,899,4205,0.01026611328125,124,2120,0.00517578125
42,9,4095,0.00999755859375,189,3671,0.00896240234375
42,900,1327,0.00323974609375,25,1283,0.00313232421875
42,901,28656,0.0699609375,171,26923,0.06572998046875
42,902,39828,0.097236328125,252,36998,0.0903271484375
42,903,5010,0.0122314453125,113,4786,0.0116845703125
42,904,125167,0.30558349609375,184,63056,0.1539453125
42,908,6240,0.015234375,157,5914,0.0144384765625
42,909,2709,0.00661376953125,22,1008,0.0024609375
42,91,41723,0.10186279296875,237,39907,0.09742919921875
42,911,36403,0.08887451171875,133,34778,0.0849072265625
42,912,18003,0.04395263671875,70,16478,0.0402294921875
42,913,1328,0.0032421875,36,1272,0.00310546875
42,914,46243,0.11289794921875,119,45369,0.11076416015625
42,916,5091,0.01242919921875,142,2362,0.0057666015625
42,917,57061,0.13930908203125,68,56939,0.13901123046875
42,918,29170,0.0712158203125,89,28296,0.06908203125
42,919,15886,0.0387841796875,74,15552,0.03796875
42,920,4598,0.0112255859375,16,2825,0.00689697265625
42,921,1465,0.00357666015625,50,1362,0.0033251953125
42,923,3924,0.009580078125,96,3701,0.00903564453125
42,927,65879,0.16083740234375,177,61948,0.151240234375
42,929,5068,0.012373046875,161,4749,0.01159423828125
42,93,1307,0.00319091796875,112,1102,0.0026904296875
42,930,2685,0.00655517578125,51,1663,0.00406005859375
42,931,4662,0.0113818359375,132,3859,0.00942138671875
42,934,3429,0.00837158203125,81,3227,0.00787841796875
42,935,3374,0.0082373046875,122,1710,0.0041748046875
42,936,2284,0.005576171875,68,1130,0.0027587890625
42,938,3868,0.009443359375,63,1614,0.0039404296875
42,94,52513,0.12820556640625,194,52127,0.12726318359375
42,941,2372,0.005791015625,69,1828,0.004462890625
42,942,10414,0.0254248046875,46,10335,0.02523193359375
42,943,13673,0.03338134765625,44,13587,0.03317138671875
42,944,58228,0.142158203125,131,44623,0.10894287109375
42,945,23944,0.05845703125,140,22538,0.0550244140625
42,947,361,0.00088134765625,7,353,0.00086181640625
42,949,1268,0.003095703125,3,1264,0.0030859375
42,95,18089,0.04416259765625,218,10425,0.02545166015625
42,950,1217,0.00297119140625,8,1203,0.00293701171875
42,952,75004,0.183115234375,184,69688,0.17013671875
42,953,832,0.00203125,4,829,0.00202392578125
42,954,17993,0.04392822265625,201,13442,0.0328173828125
42,958,22966,0.0560693359375,95,19928,0.04865234375
42,959,36789,0.08981689453125,45,36706,0.0896142578125
42,96,105685,0.25802001953125,236,68822,0.1680224609375
42,960,1835,0.00447998046875,39,885,0.00216064453125
42,961,2998,0.0073193359375,105,2735,0.00667724609375
42,963,1228,0.002998046875,13,1210,0.0029541015625
42,964,63404,0.154794921875,155,60456,0.14759765625
42,966,2364,0.005771484375,77,2221,0.00542236328125
42,968,32784,0.0800390625,111,32511,0.07937255859375
42,969,111074,0.2711767578125,155,76129,0.18586181640625
42,97,49537,0.12093994140625,253,48903,0.11939208984375
42,970,7310,0.0178466796875,134,6448,0.0157421875
42,971,51620,0.126025390625,218,46006,0.1123193359375
42,973,7393,0.01804931640625,181,5286,0.0129052734375
42,974,5893,0.01438720703125,160,5557,0.01356689453125
42,976,17820,0.043505859375,240,9725,0.02374267578125
42,977,929,0.00226806640625,22,888,0.00216796875
42,98,46349,0.11315673828125,316,42141,0.10288330078125
42,980,413,0.00100830078125,8,398,0.0009716796875
42,981,3656,0.00892578125,93,1798,0.0043896484375
42,984,2437,0.00594970703125,76,2295,0.00560302734375
42,985,50187,0.12252685546875,124,49530,0.1209228515625
42,986,14282,0.0348681640625,315,12709,0.03102783203125
42,99,59512,0.14529296875,303,53184,0.12984375
42,991,3675,0.00897216796875,87,2652,0.006474609375
42,992,4579,0.01117919921875,17,4537,0.01107666015625
42,995,2666,0.0065087890625,59,2532,0.006181640625
42,996,66850,0.1632080078125,279,59849,0.14611572265625
42,997,1688,0.00412109375,12,1021,0.00249267578125
42,998,21230,0.0518310546875,56,20858,0.0509228515625
42,999,3347,0.00817138671875,85,2154,0.0052587890625
