seed,image_stem,changed_pixel_count,changed_pixel_ratio,connected_components,largest_component_area,largest_component_ratio
0,1,12734,0.0310888671875,170,12418,0.0303173828125
0,100,66381,0.16206298828125,284,65760,0.160546875
0,1001,2510,0.0061279296875,57,2267,0.00553466796875
0,1003,7672,0.01873046875,21,7630,0.0186279296875
0,1004,1276,0.003115234375,1,1276,0.003115234375
0,1005,57120,0.139453125,89,56039,0.13681396484375
0,1008,801,0.00195556640625,1,801,0.00195556640625
0,101,118930,0.2903564453125,403,41151,0.10046630859375
0,102,22515,0.05496826171875,236,22062,0.0538623046875
0,103,2164,0.005283203125,63,2038,0.0049755859375
0,104,7777,0.01898681640625,166,7455,0.01820068359375
0,105,11840,0.02890625,177,11449,0.02795166015625
0,106,47651,0.11633544921875,177,43549,0.10632080078125
0,107,6140,0.014990234375,579,2778,0.0067822265625
0,108,34113,0.08328369140625,159,33370,0.0814697265625
0,109,20081,0.04902587890625,255,19587,0.04781982421875
0,110,69040,0.1685546875,222,67762,0.1654345703125
0,111,6116,0.014931640625,84,5959,0.01454833984375
0,113,28737,0.07015869140625,459,26706,0.0652001953125
0,114,118378,0.2890087890625,323,117714,0.2873876953125
0,115,7329,0.01789306640625,86,7153,0.01746337890625
0,117,2927,0.00714599609375,141,2675,0.00653076171875
0,119,70644,0.172470703125,206,70172,0.171318359375
0,12,43780,0.106884765625,248,43290,0.1056884765625
0,120,1893,0.00462158203125,103,649,0.00158447265625
0,123,6854,0.0167333984375,98,5219,0.01274169921875
0,124,24368,0.0594921875,241,16140,0.039404296875
0,129,19775,0.04827880859375,186,19399,0.04736083984375
0,13,66775,0.16302490234375,322,63620,0.155322265625
0,131,10107,0.02467529296875,119,8045,0.01964111328125
0,132,28829,0.07038330078125,326,27081,0.06611572265625
0,133,2777,0.00677978515625,179,2418,0.0059033203125
0,135,1506,0.0036767578125,109,1212,0.002958984375
0,136,11022,0.0269091796875,346,9893,0.02415283203125
0,137,105686,0.2580224609375,444,57771,0.14104248046875
0,139,61085,0.14913330078125,274,56907,0.13893310546875
0,14,1516,0.003701171875,136,1265,0.00308837890625
0,141,3452,0.008427734375,113,3225,0.00787353515625
0,143,30528,0.07453125,364,14475,0.03533935546875
0,144,6190,0.0151123046875,161,3812,0.009306640625
0,146,17974,0.0438818359375,701,15828,0.038642578125
0,147,36739,0.08969482421875,279,29692,0.072490234375
0,148,11502,0.0280810546875,704,5555,0.01356201171875
0,149,24810,0.0605712890625,142,24552,0.05994140625
0,15,12054,0.0294287109375,63,11497,0.02806884765625
0,151,21636,0.052822265625,840,14385,0.03511962890625
0,153,6456,0.01576171875,183,6108,0.014912109375
0,154,6601,0.01611572265625,151,3323,0.00811279296875
0,155,23357,0.05702392578125,209,22338,0.0545361328125
0,156,4816,0.0117578125,110,4582,0.0111865234375
0,157,2447,0.00597412109375,721,107,0.00026123046875
0,165,5261,0.01284423828125,148,5001,0.01220947265625
0,166,17318,0.0422802734375,733,11962,0.0292041015625
0,167,887,0.00216552734375,62,768,0.001875
0,168,66687,0.16281005859375,259,62808,0.15333984375
0,169,6646,0.0162255859375,179,5513,0.01345947265625
0,17,69425,0.16949462890625,304,68577,0.16742431640625
0,170,27867,0.06803466796875,238,26427,0.06451904296875
0,171,58569,0.14299072265625,265,58004,0.141611328125
0,173,45939,0.11215576171875,237,40206,0.0981591796875
0,175,4122,0.0100634765625,244,3510,0.0085693359375
0,176,2504,0.00611328125,96,1232,0.0030078125
0,177,1979,0.00483154296875,150,654,0.0015966796875
0,179,47191,0.11521240234375,533,41330,0.1009033203125
0,18,88843,0.21690185546875,442,68633,0.16756103515625
0,180,80599,0.19677490234375,403,40907,0.09987060546875
0,182,19655,0.04798583984375,231,18087,0.04415771484375
0,184,91419,0.22319091796875,734,55330,0.1350830078125
0,185,91791,0.22409912109375,303,83403,0.20362060546875
0,188,66962,0.1634814453125,213,66507,0.16237060546875
0,189,63009,0.15383056640625,318,62401,0.15234619140625
0,190,21162,0.0516650390625,150,20889,0.05099853515625
0,191,10105,0.02467041015625,166,9732,0.023759765625
0,192,30878,0.0753857421875,232,29052,0.070927734375
0,193,34274,0.0836767578125,591,16586,0.0404931640625
0,195,16503,0.04029052734375,223,16089,0.03927978515625
0,196,42311,0.10329833984375,360,41217,0.10062744140625
0,197,68584,0.16744140625,302,50220,0.122607421875
0,198,19096,0.04662109375,204,17987,0.04391357421875
0,199,10455,0.02552490234375,282,9581,0.02339111328125
0,2,31660,0.077294921875,833,28645,0.06993408203125
0,20,48366,0.1180810546875,183,45716,0.111611328125
0,202,110734,0.2703466796875,288,109593,0.26756103515625
0,205,5427,0.01324951171875,466,2714,0.0066259765625
0,206,1618,0.0039501953125,118,1394,0.0034033203125
0,207,9842,0.0240283203125,152,9523,0.02324951171875
0,208,4319,0.01054443359375,82,4162,0.0101611328125
0,209,88934,0.2171240234375,219,88483,0.21602294921875
0,21,1262,0.0030810546875,61,1157,0.00282470703125
0,210,102204,0.249521484375,383,81902,0.1999560546875
0,213,73095,0.17845458984375,826,69963,0.17080810546875
0,215,69296,0.1691796875,222,67596,0.165029296875
0,216,8258,0.0201611328125,210,7839,0.01913818359375
0,217,101977,0.24896728515625,346,101219,0.24711669921875
0,219,970,0.0023681640625,114,772,0.001884765625
0,220,20198,0.0493115234375,223,18265,0.04459228515625
0,221,7731,0.01887451171875,494,6018,0.0146923828125
0,222,38498,0.0939892578125,158,37475,0.09149169921875
0,223,6596,0.016103515625,157,6291,0.01535888671875
0,224,31796,0.077626953125,894,29177,0.07123291015625
0,225,28907,0.07057373046875,151,27855,0.06800537109375
0,227,584,0.00142578125,51,504,0.00123046875
0,228,6396,0.015615234375,172,4221,0.01030517578125
0,23,8169,0.01994384765625,634,6046,0.0147607421875
0,233,819,0.00199951171875,72,700,0.001708984375
0,234,20601,0.05029541015625,695,18619,0.04545654296875
0,235,11304,0.02759765625,113,9086,0.0221826171875
0,236,73227,0.17877685546875,249,67000,0.16357421875
0,237,69429,0.16950439453125,452,40086,0.0978662109375
0,238,12424,0.03033203125,108,12238,0.0298779296875
0,239,7827,0.01910888671875,190,6043,0.01475341796875
0,24,36491,0.08908935546875,183,34644,0.084580078125
0,240,748,0.001826171875,156,339,0.00082763671875
0,243,43020,0.105029296875,228,23422,0.0571826171875
0,249,64961,0.15859619140625,301,59193,0.14451416015625
0,250,5043,0.01231201171875,114,4751,0.01159912109375
0,252,1276,0.003115234375,31,1225,0.00299072265625
0,253,22160,0.0541015625,356,19858,0.0484814453125
0,254,66062,0.1612841796875,259,64005,0.15626220703125
0,255,5690,0.0138916015625,273,4928,0.01203125
0,257,4264,0.01041015625,748,1098,0.0026806640625
0,258,7780,0.018994140625,183,5639,0.01376708984375
0,259,66871,0.16325927734375,227,66326,0.1619287109375
0,26,19295,0.04710693359375,244,10293,0.02512939453125
0,260,59443,0.14512451171875,229,58191,0.14206787109375
0,261,5121,0.01250244140625,274,1484,0.003623046875
0,263,15238,0.0372021484375,141,14965,0.03653564453125
0,264,65931,0.16096435546875,285,65339,0.15951904296875
0,265,15788,0.038544921875,138,15452,0.037724609375
0,266,7438,0.0181591796875,60,7313,0.01785400390625
0,268,3468,0.008466796875,107,3222,0.0078662109375
0,269,2360,0.00576171875,47,1216,0.00296875
0,27,2080,0.005078125,69,1956,0.004775390625
0,270,7340,0.017919921875,221,4279,0.01044677734375
0,271,1209,0.00295166015625,69,1045,0.00255126953125
0,272,10959,0.02675537109375,739,8262,0.0201708984375
0,273,75726,0.1848779296875,232,73697,0.17992431640625
0,274,697,0.00170166015625,69,584,0.00142578125
0,275,16084,0.039267578125,266,12887,0.03146240234375
0,276,38243,0.09336669921875,207,25198,0.0615185546875
0,277,1146,0.0027978515625,75,1019,0.00248779296875
0,278,48641,0.11875244140625,194,47450,0.1158447265625
0,279,766,0.0018701171875,140,474,0.0011572265625
0,28,58867,0.14371826171875,457,28772,0.070244140625
0,281,10408,0.02541015625,148,10056,0.02455078125
0,282,29878,0.0729443359375,350,24969,0.06095947265625
0,283,1204,0.002939453125,58,1089,0.00265869140625
0,284,10111,0.02468505859375,94,9935,0.02425537109375
0,285,85099,0.20776123046875,330,84319,0.20585693359375
0,286,11167,0.02726318359375,105,10966,0.0267724609375
0,287,72017,0.17582275390625,292,71396,0.174306640625
0,288,3816,0.00931640625,364,1645,0.00401611328125
0,289,29863,0.07290771484375,541,20602,0.0502978515625
0,29,68193,0.16648681640625,197,67805,0.16553955078125
0,290,73932,0.180498046875,276,49228,0.120185546875
0,291,1155,0.00281982421875,48,1037,0.00253173828125
0,292,26348,0.064326171875,206,25764,0.062900390625
0,294,2437,0.00594970703125,160,2175,0.00531005859375
0,295,14584,0.03560546875,339,8063,0.01968505859375
0,296,59704,0.14576171875,191,59284,0.144736328125
0,297,2251,0.00549560546875,94,2023,0.00493896484375
0,299,27653,0.06751220703125,437,23843,0.05821044921875
0,3,69763,0.17031982421875,233,69180,0.168896484375
0,300,49504,0.120859375,202,48229,0.11774658203125
0,301,67174,0.1639990234375,824,64993,0.15867431640625
0,302,62202,0.1518603515625,270,61047,0.14904052734375
0,303,4044,0.009873046875,186,1456,0.0035546875
0,304,5104,0.0124609375,92,3620,0.008837890625
0,305,20778,0.0507275390625,405,19734,0.0481787109375
0,306,33891,0.08274169921875,420,32175,0.07855224609375
0,307,6495,0.01585693359375,80,6377,0.01556884765625
0,31,20536,0.05013671875,136,20203,0.04932373046875
0,311,6344,0.01548828125,167,5749,0.01403564453125
0,312,10507,0.02565185546875,72,10407,0.02540771484375
0,313,57395,0.14012451171875,326,29483,0.07197998046875
0,314,2617,0.00638916015625,633,772,0.001884765625
0,315,23511,0.05739990234375,328,14442,0.0352587890625
0,316,30281,0.07392822265625,269,29750,0.0726318359375
0,317,33321,0.08135009765625,223,32823,0.08013427734375
0,318,70097,0.17113525390625,870,66728,0.16291015625
0,319,20550,0.0501708984375,333,19726,0.0481591796875
0,321,11323,0.02764404296875,187,8186,0.0199853515625
0,322,6330,0.0154541015625,139,6025,0.01470947265625
0,325,2656,0.006484375,109,1313,0.00320556640625
0,326,49319,0.12040771484375,177,48583,0.11861083984375
0,327,2963,0.00723388671875,599,977,0.00238525390625
0,329,42853,0.10462158203125,330,25358,0.0619091796875
0,33,111012,0.271025390625,352,71993,0.17576416015625
0,331,778,0.0018994140625,46,713,0.00174072265625
0,332,17586,0.0429345703125,170,16611,0.04055419921875
0,333,48877,0.11932861328125,405,29278,0.0714794921875
0,334,971,0.00237060546875,161,677,0.00165283203125
0,335,106369,0.25968994140625,1122,68259,0.16664794921875
0,336,89389,0.21823486328125,394,67617,0.16508056640625
0,337,934,0.0022802734375,85,794,0.0019384765625
0,338,48232,0.11775390625,269,44651,0.10901123046875
0,339,65260,0.159326171875,286,61310,0.1496826171875
0,34,1249,0.00304931640625,56,1120,0.002734375
0,341,2050,0.0050048828125,552,376,0.00091796875
0,343,3165,0.00772705078125,137,2865,0.00699462890625
0,344,32178,0.0785595703125,238,31661,0.07729736328125
0,345,44342,0.1082568359375,284,42604,0.104013671875
0,346,3730,0.0091064453125,254,3109,0.00759033203125
0,347,42532,0.103837890625,446,41539,0.10141357421875
0,348,39350,0.0960693359375,477,24777,0.06049072265625
0,349,18265,0.04459228515625,205,16689,0.04074462890625
0,352,10604,0.025888671875,133,9253,0.02259033203125
0,354,53464,0.13052734375,376,43484,0.106162109375
0,355,10718,0.0261669921875,183,9171,0.02239013671875
0,356,3618,0.0088330078125,85,2223,0.00542724609375
0,358,1409,0.00343994140625,193,894,0.0021826171875
0,359,78724,0.192197265625,392,71574,0.1747412109375
0,360,696,0.00169921875,76,557,0.00135986328125
0,362,38853,0.09485595703125,432,32204,0.078623046875
0,363,72429,0.17682861328125,736,69966,0.1708154296875
0,365,1454,0.0035498046875,142,620,0.001513671875
0,366,71996,0.175771484375,693,69255,0.16907958984375
0,367,30727,0.07501708984375,263,26562,0.0648486328125
0,368,3230,0.0078857421875,221,2455,0.00599365234375
0,369,47335,0.11556396484375,410,44817,0.10941650390625
0,37,6932,0.016923828125,184,5436,0.013271484375
0,374,6803,0.01660888671875,287,2528,0.006171875
0,376,1253,0.00305908203125,84,1107,0.00270263671875
0,377,5702,0.0139208984375,120,4078,0.0099560546875
0,378,40712,0.09939453125,654,19631,0.04792724609375
0,379,19427,0.04742919921875,554,15580,0.038037109375
0,38,69346,0.1693017578125,183,68934,0.1682958984375
0,382,5104,0.0124609375,104,3131,0.00764404296875
0,384,64097,0.15648681640625,202,63702,0.1555224609375
0,385,1034,0.0025244140625,78,862,0.0021044921875
0,386,970,0.0023681640625,50,887,0.00216552734375
0,387,15112,0.03689453125,243,14570,0.0355712890625
0,388,53397,0.13036376953125,197,52957,0.12928955078125
0,389,1601,0.00390869140625,87,912,0.0022265625
0,391,2416,0.0058984375,345,926,0.0022607421875
0,393,28342,0.0691943359375,700,24820,0.060595703125
0,394,37561,0.09170166015625,191,35847,0.08751708984375
0,395,1846,0.0045068359375,162,1414,0.0034521484375
0,396,7289,0.01779541015625,119,6100,0.014892578125
0,397,30775,0.07513427734375,275,25789,0.06296142578125
0,398,4862,0.0118701171875,171,3513,0.00857666015625
0,399,8035,0.01961669921875,154,6746,0.0164697265625
0,401,2305,0.00562744140625,154,1342,0.0032763671875
0,402,33240,0.08115234375,264,31412,0.076689453125
0,404,1629,0.00397705078125,110,1379,0.00336669921875
0,405,2777,0.00677978515625,87,1526,0.0037255859375
0,407,724,0.001767578125,61,603,0.00147216796875
0,410,2475,0.00604248046875,129,1424,0.0034765625
0,412,44184,0.10787109375,612,27267,0.06656982421875
0,413,35240,0.08603515625,244,33305,0.08131103515625
0,415,4999,0.01220458984375,122,4702,0.0114794921875
0,417,50494,0.1232763671875,231,49923,0.12188232421875
0,418,9956,0.024306640625,104,9625,0.02349853515625
0,419,7191,0.01755615234375,93,7008,0.017109375
0,420,2577,0.00629150390625,78,1395,0.00340576171875
0,421,53961,0.13174072265625,187,53554,0.1307470703125
0,423,23558,0.0575146484375,87,23386,0.0570947265625
0,424,3400,0.00830078125,147,1897,0.00463134765625
0,426,13369,0.03263916015625,278,6598,0.0161083984375
0,427,5216,0.012734375,103,5010,0.0122314453125
0,428,81924,0.200009765625,755,79021,0.19292236328125
0,429,3351,0.00818115234375,429,708,0.001728515625
0,43,60579,0.14789794921875,183,60164,0.146884765625
0,431,751,0.00183349609375,55,648,0.00158203125
0,434,51160,0.12490234375,92,51014,0.1245458984375
0,435,7135,0.01741943359375,283,2666,0.0065087890625
0,436,41776,0.1019921875,57,40121,0.09795166015625
0,439,19168,0.046796875,274,10161,0.02480712890625
0,44,67027,0.16364013671875,245,59830,0.1460693359375
0,441,510,0.0012451171875,49,191,0.00046630859375
0,442,8628,0.021064453125,124,4686,0.0114404296875
0,443,38434,0.0938330078125,183,35799,0.08739990234375
0,444,2163,0.00528076171875,157,569,0.00138916015625
0,445,8931,0.02180419921875,94,7644,0.018662109375
0,446,44502,0.1086474609375,259,28437,0.06942626953125
0,447,68136,0.16634765625,166,66075,0.16131591796875
0,448,48937,0.11947509765625,165,47250,0.1153564453125
0,449,71728,0.1751171875,238,68419,0.16703857421875
0,450,2426,0.0059228515625,209,692,0.001689453125
0,451,37111,0.09060302734375,147,35602,0.0869189453125
0,452,90982,0.2221240234375,445,88486,0.2160302734375
0,455,34195,0.08348388671875,235,32441,0.07920166015625
0,456,38749,0.09460205078125,84,36944,0.0901953125
0,457,12711,0.03103271484375,248,3483,0.00850341796875
0,458,16266,0.0397119140625,203,12157,0.02968017578125
0,459,67132,0.163896484375,87,67003,0.16358154296875
0,461,1494,0.0036474609375,42,1406,0.0034326171875
0,462,3251,0.00793701171875,186,1576,0.00384765625
0,463,252,0.000615234375,79,29,7.080078125e-05
0,465,55363,0.13516357421875,112,55021,0.13432861328125
0,466,16333,0.03987548828125,132,15826,0.0386376953125
0,467,1062,0.0025927734375,4,1057,0.00258056640625
0,468,108510,0.2649169921875,224,107975,0.26361083984375
0,469,435,0.00106201171875,2,433,0.00105712890625
0,470,2145,0.00523681640625,22,2099,0.00512451171875
0,471,3962,0.0096728515625,32,2522,0.0061572265625
0,474,56600,0.13818359375,31,56543,0.13804443359375
0,476,68727,0.16779052734375,48,68624,0.1675390625
0,478,21594,0.0527197265625,362,10416,0.0254296875
0,48,6255,0.01527099609375,113,6012,0.014677734375
0,480,4859,0.01186279296875,31,4816,0.0117578125
0,481,2670,0.0065185546875,109,1244,0.003037109375
0,482,3098,0.0075634765625,25,2273,0.00554931640625
0,483,63581,0.15522705078125,135,63298,0.1545361328125
0,485,49629,0.12116455078125,160,48757,0.11903564453125
0,486,69160,0.16884765625,224,61076,0.149111328125
0,487,44512,0.108671875,91,42236,0.103115234375
0,488,66780,0.163037109375,129,66543,0.16245849609375
0,489,1661,0.00405517578125,11,599,0.00146240234375
0,49,1438,0.0035107421875,59,1329,0.00324462890625
0,492,70177,0.17133056640625,272,41775,0.10198974609375
0,494,64176,0.1566796875,547,41376,0.101015625
0,495,15018,0.0366650390625,93,13045,0.03184814453125
0,497,20668,0.050458984375,55,19685,0.04805908203125
0,498,65607,0.16017333984375,202,63569,0.15519775390625
0,499,7831,0.01911865234375,74,4967,0.01212646484375
0,50,4497,0.01097900390625,220,3520,0.00859375
0,501,10954,0.0267431640625,229,9653,0.02356689453125
0,503,71737,0.17513916015625,87,71594,0.1747900390625
0,505,662,0.0016162109375,4,659,0.00160888671875
0,508,28849,0.07043212890625,226,27076,0.066103515625
0,510,529,0.00129150390625,17,508,0.001240234375
0,512,50458,0.1231884765625,63,50343,0.12290771484375
0,513,86406,0.2109521484375,340,83289,0.20334228515625
0,514,41694,0.1017919921875,145,36758,0.0897412109375
0,518,1405,0.00343017578125,28,1357,0.00331298828125
0,52,4643,0.01133544921875,607,2196,0.005361328125
0,520,6382,0.0155810546875,40,5875,0.01434326171875
0,524,58793,0.14353759765625,280,47024,0.1148046875
0,526,13432,0.03279296875,227,9272,0.02263671875
0,528,129568,0.316328125,263,128282,0.3131884765625
0,529,5248,0.0128125,67,5072,0.0123828125
0,53,87498,0.2136181640625,416,60909,0.14870361328125
0,530,32860,0.080224609375,358,31087,0.07589599609375
0,531,126071,0.30779052734375,281,125384,0.30611328125
0,532,104605,0.25538330078125,258,71049,0.17345947265625
0,533,40422,0.0986865234375,65,40308,0.098408203125
0,534,91040,0.222265625,138,69320,0.16923828125
0,536,1701,0.00415283203125,35,1639,0.00400146484375
0,537,2994,0.0073095703125,128,1192,0.00291015625
0,54,89316,0.218056640625,220,87830,0.2144287109375
0,541,20952,0.05115234375,84,19434,0.0474462890625
0,542,60726,0.1482568359375,107,58180,0.142041015625
0,544,64224,0.156796875,119,64004,0.156259765625
0,546,56751,0.13855224609375,198,54945,0.13414306640625
0,547,8281,0.02021728515625,63,7295,0.01781005859375
0,55,3323,0.00811279296875,666,1239,0.00302490234375
0,551,53490,0.1305908203125,14,52535,0.12825927734375
0,553,48170,0.1176025390625,145,47813,0.11673095703125
0,556,4267,0.01041748046875,3,4263,0.01040771484375
0,557,11205,0.02735595703125,12,11172,0.027275390625
0,558,22250,0.0543212890625,44,22141,0.05405517578125
0,559,85775,0.20941162109375,383,58548,0.142939453125
0,56,99613,0.24319580078125,292,60563,0.14785888671875
0,560,6459,0.01576904296875,101,5836,0.014248046875
0,562,2666,0.0065087890625,56,1298,0.0031689453125
0,563,3290,0.0080322265625,15,1234,0.0030126953125
0,567,36593,0.08933837890625,165,22781,0.05561767578125
0,569,628,0.001533203125,21,513,0.00125244140625
0,57,67733,0.16536376953125,168,67407,0.16456787109375
0,570,60677,0.14813720703125,46,60600,0.14794921875
0,572,815,0.00198974609375,18,773,0.00188720703125
0,573,21144,0.05162109375,171,12637,0.03085205078125
0,578,4200,0.01025390625,101,1121,0.00273681640625
0,579,27931,0.06819091796875,38,27787,0.06783935546875
0,58,2580,0.006298828125,154,1165,0.00284423828125
0,580,7599,0.01855224609375,185,2654,0.0064794921875
0,582,3768,0.00919921875,76,3558,0.0086865234375
0,583,4097,0.01000244140625,103,2282,0.0055712890625
0,584,5093,0.01243408203125,12,3223,0.00786865234375
0,585,5821,0.01421142578125,8,4935,0.01204833984375
0,586,11422,0.0278857421875,96,5757,0.01405517578125
0,588,12986,0.0317041015625,118,10734,0.0262060546875
0,59,69614,0.1699560546875,374,63020,0.153857421875
0,590,53712,0.1311328125,18,52932,0.129228515625
0,591,953,0.00232666015625,6,942,0.0022998046875
0,593,26270,0.0641357421875,459,22741,0.05552001953125
0,594,4063,0.00991943359375,25,3222,0.0078662109375
0,6,7926,0.0193505859375,113,6615,0.01614990234375
0,602,820,0.002001953125,11,798,0.0019482421875
0,604,84598,0.2065380859375,318,70062,0.1710498046875
0,606,409,0.00099853515625,3,407,0.00099365234375
0,608,1598,0.0039013671875,25,1284,0.003134765625
0,610,23200,0.056640625,90,22739,0.05551513671875
0,612,66302,0.1618701171875,90,66115,0.16141357421875
0,613,35040,0.085546875,4,34598,0.0844677734375
0,615,68974,0.1683935546875,50,59658,0.1456494140625
0,616,1203,0.00293701171875,4,1199,0.00292724609375
0,617,5839,0.01425537109375,36,4491,0.01096435546875
0,618,5958,0.0145458984375,103,3315,0.00809326171875
0,619,54883,0.13399169921875,21,54834,0.1338720703125
0,620,1380,0.003369140625,13,800,0.001953125
0,621,200,0.00048828125,13,171,0.00041748046875
0,622,30493,0.07444580078125,126,16277,0.03973876953125
0,623,30780,0.075146484375,115,30540,0.074560546875
0,624,30533,0.07454345703125,26,29795,0.07274169921875
0,626,78661,0.19204345703125,271,57925,0.14141845703125
0,627,2603,0.00635498046875,41,1282,0.0031298828125
0,628,22455,0.05482177734375,22,21983,0.05366943359375
0,63,731,0.00178466796875,148,410,0.0010009765625
0,630,58454,0.1427099609375,51,47533,0.11604736328125
0,631,6930,0.0169189453125,5,6128,0.0149609375
0,632,389,0.00094970703125,1,389,0.00094970703125
0,633,8175,0.01995849609375,36,3917,0.00956298828125
0,634,32776,0.08001953125,16,32632,0.07966796875
0,636,64439,0.15732177734375,163,62348,0.152216796875
0,637,6476,0.015810546875,91,3651,0.00891357421875
0,638,6049,0.01476806640625,133,5117,0.01249267578125
0,639,5032,0.01228515625,245,1682,0.0041064453125
0,64,26145,0.06383056640625,270,23806,0.0581201171875
0,640,34983,0.08540771484375,108,30668,0.074873046875
0,641,25126,0.0613427734375,310,15478,0.0377880859375
0,642,41568,0.101484375,247,39863,0.09732177734375
0,645,67589,0.16501220703125,252,62872,0.15349609375
0,65,16445,0.04014892578125,208,15941,0.03891845703125
0,650,60015,0.14652099609375,118,58999,0.14404052734375
0,652,17437,0.04257080078125,81,10214,0.0249365234375
0,653,38855,0.09486083984375,78,37927,0.09259521484375
0,654,2381,0.00581298828125,121,1200,0.0029296875
0,655,2133,0.00520751953125,16,1279,0.00312255859375
0,656,116000,0.283203125,135,115326,0.2815576171875
0,658,436,0.001064453125,49,234,0.0005712890625
0,659,39663,0.09683349609375,109,38925,0.09503173828125
0,66,3661,0.00893798828125,188,1348,0.003291015625
0,661,70013,0.17093017578125,157,51156,0.124892578125
0,663,29195,0.07127685546875,46,29113,0.07107666015625
0,665,22359,0.05458740234375,109,21415,0.05228271484375
0,666,70892,0.173076171875,160,70505,0.17213134765625
0,667,5628,0.013740234375,41,4882,0.0119189453125
0,67,9775,0.02386474609375,390,6148,0.015009765625
0,670,45906,0.1120751953125,137,43459,0.10610107421875
0,672,42583,0.10396240234375,83,42437,0.10360595703125
0,674,88385,0.21578369140625,204,87764,0.214267578125
0,675,5243,0.01280029296875,11,5227,0.01276123046875
0,676,76211,0.18606201171875,256,63294,0.1545263671875
0,678,26137,0.06381103515625,238,22619,0.05522216796875
0,679,26678,0.0651318359375,201,24403,0.05957763671875
0,68,73200,0.1787109375,431,37813,0.09231689453125
0,682,54077,0.13202392578125,455,41392,0.1010546875
0,683,55394,0.1352392578125,86,51807,0.12648193359375
0,685,964,0.002353515625,10,937,0.00228759765625
0,688,1185,0.00289306640625,18,1158,0.0028271484375
0,689,5624,0.01373046875,42,5552,0.0135546875
0,69,2428,0.005927734375,61,2290,0.0055908203125
0,690,1200,0.0029296875,158,479,0.00116943359375
0,694,14729,0.03595947265625,172,13017,0.03177978515625
0,695,5851,0.01428466796875,227,1996,0.004873046875
0,696,64425,0.15728759765625,106,55349,0.13512939453125
0,697,3093,0.00755126953125,62,2239,0.00546630859375
0,698,68796,0.167958984375,334,47411,0.11574951171875
0,699,1090,0.0026611328125,1,1090,0.0026611328125
0,7,31333,0.07649658203125,278,29248,0.07140625
0,701,113572,0.277275390625,172,113211,0.27639404296875
0,702,62261,0.15200439453125,303,42129,0.10285400390625
0,705,39924,0.097470703125,56,39839,0.09726318359375
0,707,20234,0.0493994140625,279,15982,0.0390185546875
0,708,1435,0.00350341796875,9,741,0.00180908203125
0,71,954,0.0023291015625,133,638,0.0015576171875
0,710,20526,0.0501123046875,156,18394,0.0449072265625
0,711,120872,0.29509765625,264,113399,0.27685302734375
0,712,15574,0.0380224609375,408,11605,0.02833251953125
0,714,507,0.00123779296875,10,490,0.0011962890625
0,715,2573,0.00628173828125,74,967,0.00236083984375
0,716,18276,0.044619140625,211,14094,0.0344091796875
0,717,48736,0.118984375,42,48628,0.118720703125
0,719,35329,0.08625244140625,76,33775,0.08245849609375
0,72,4112,0.0100390625,780,1283,0.00313232421875
0,721,46842,0.1143603515625,214,40496,0.0988671875
0,724,78275,0.19110107421875,218,76900,0.187744140625
0,726,6808,0.01662109375,285,3743,0.00913818359375
0,727,80286,0.1960107421875,114,78879,0.19257568359375
0,728,22315,0.05447998046875,372,17918,0.0437451171875
0,73,49394,0.1205908203125,211,46859,0.11440185546875
0,731,28360,0.06923828125,160,23954,0.0584814453125
0,732,58326,0.1423974609375,603,43021,0.10503173828125
0,733,9535,0.02327880859375,188,5923,0.01446044921875
0,734,9699,0.02367919921875,135,9104,0.0222265625
0,735,107372,0.262138671875,310,106569,0.26017822265625
0,737,12788,0.031220703125,64,11766,0.0287255859375
0,740,5228,0.012763671875,22,4708,0.011494140625
0,741,64805,0.15821533203125,76,64583,0.15767333984375
0,742,54451,0.13293701171875,100,54258,0.1324658203125
0,744,32808,0.08009765625,141,21750,0.0531005859375
0,745,14053,0.03430908203125,188,11528,0.02814453125
0,746,11528,0.02814453125,107,9059,0.02211669921875
0,747,3379,0.00824951171875,73,1047,0.00255615234375
0,748,1259,0.00307373046875,1,1259,0.00307373046875
0,75,5698,0.0139111328125,162,5282,0.0128955078125
0,751,10987,0.02682373046875,124,10109,0.02468017578125
0,754,7146,0.0174462890625,31,7076,0.017275390625
0,755,1996,0.004873046875,12,811,0.00197998046875
0,756,52021,0.12700439453125,176,49561,0.12099853515625
0,758,166,0.0004052734375,71,12,2.9296875e-05
0,76,17319,0.04228271484375,221,14391,0.03513427734375
0,760,448,0.00109375,133,24,5.859375e-05
0,761,71080,0.17353515625,41,70171,0.17131591796875
0,762,9029,0.02204345703125,34,4557,0.01112548828125
0,763,1307,0.00319091796875,9,1295,0.00316162109375
0,764,54170,0.1322509765625,128,53892,0.131572265625
0,765,17194,0.0419775390625,21,16782,0.0409716796875
0,766,19397,0.04735595703125,62,18343,0.04478271484375
0,769,18572,0.045341796875,391,6479,0.01581787109375
0,770,7413,0.01809814453125,13,6842,0.0167041015625
0,771,37704,0.09205078125,47,35187,0.08590576171875
0,772,680,0.00166015625,18,514,0.0012548828125
0,774,9155,0.02235107421875,96,6516,0.015908203125
0,777,1910,0.0046630859375,6,965,0.00235595703125
0,779,7497,0.01830322265625,28,6196,0.015126953125
0,780,74185,0.18111572265625,262,69845,0.17052001953125
0,782,6667,0.01627685546875,39,6553,0.01599853515625
0,784,35994,0.0878759765625,55,34297,0.08373291015625
0,786,4247,0.01036865234375,85,3414,0.0083349609375
0,787,60447,0.14757568359375,84,60302,0.1472216796875
0,788,1209,0.00295166015625,4,1203,0.00293701171875
0,789,2900,0.007080078125,20,2874,0.0070166015625
0,79,38347,0.09362060546875,276,37196,0.090810546875
0,790,8700,0.021240234375,62,6918,0.0168896484375
0,791,21659,0.05287841796875,109,19979,0.04877685546875
0,794,37675,0.09197998046875,90,26996,0.065908203125
0,795,123,0.00030029296875,18,47,0.00011474609375
0,796,81102,0.1980029296875,232,69201,0.16894775390625
0,797,2038,0.0049755859375,22,1442,0.0035205078125
0,798,53881,0.13154541015625,202,51428,0.125556640625
0,799,2977,0.00726806640625,31,2922,0.0071337890625
0,8,41092,0.100322265625,267,40416,0.098671875
0,80,17867,0.04362060546875,92,16778,0.0409619140625
0,800,36802,0.0898486328125,228,34862,0.0851123046875
0,802,10875,0.02655029296875,117,10568,0.02580078125
0,803,68998,0.1684521484375,115,68169,0.16642822265625
0,804,12274,0.0299658203125,165,8411,0.02053466796875
0,805,973,0.00237548828125,7,963,0.00235107421875
0,807,3328,0.008125,26,1405,0.00343017578125
0,808,33192,0.08103515625,54,32032,0.078203125
0,809,26455,0.06458740234375,62,12761,0.03115478515625
0,81,5440,0.01328125,109,5195,0.01268310546875
0,810,35547,0.08678466796875,404,21510,0.0525146484375
0,812,1102,0.0026904296875,73,290,0.0007080078125
0,813,3015,0.00736083984375,176,1309,0.00319580078125
0,814,54878,0.1339794921875,138,53395,0.13035888671875
0,815,1373,0.00335205078125,88,425,0.00103759765625
0,816,6496,0.015859375,39,6263,0.01529052734375
0,817,74598,0.1821240234375,258,56233,0.13728759765625
0,818,1302,0.0031787109375,3,1300,0.003173828125
0,82,40601,0.09912353515625,433,39635,0.09676513671875
0,821,30817,0.07523681640625,246,19903,0.04859130859375
0,822,3285,0.00802001953125,17,3259,0.00795654296875
0,825,1899,0.00463623046875,27,1322,0.0032275390625
0,826,845,0.00206298828125,8,830,0.0020263671875
0,828,61202,0.1494189453125,103,60969,0.14885009765625
0,83,33715,0.08231201171875,134,32671,0.07976318359375
0,830,9363,0.02285888671875,240,6100,0.014892578125
0,831,568,0.00138671875,4,563,0.00137451171875
0,832,81753,0.19959228515625,137,79832,0.19490234375
0,833,38648,0.09435546875,30,38278,0.0934521484375
0,834,4517,0.01102783203125,11,4267,0.01041748046875
0,835,42952,0.10486328125,108,42718,0.1042919921875
0,838,5348,0.013056640625,32,5271,0.01286865234375
0,84,19959,0.04872802734375,265,19439,0.04745849609375
0,844,1113,0.00271728515625,21,1074,0.0026220703125
0,847,96364,0.235263671875,261,50540,0.123388671875
0,85,66331,0.16194091796875,180,65976,0.16107421875
0,850,4264,0.01041015625,66,3891,0.00949951171875
0,852,14865,0.03629150390625,53,14779,0.03608154296875
0,854,50308,0.122822265625,146,44933,0.10969970703125
0,855,7345,0.01793212890625,100,5215,0.01273193359375
0,856,1030,0.0025146484375,6,1021,0.00249267578125
0,859,1419,0.00346435546875,5,1414,0.0034521484375
0,86,5367,0.01310302734375,145,5001,0.01220947265625
0,860,8028,0.019599609375,148,5994,0.0146337890625
0,861,391,0.00095458984375,11,378,0.0009228515625
0,862,978,0.0023876953125,67,646,0.0015771484375
0,866,16550,0.0404052734375,285,7221,0.01762939453125
0,868,35539,0.08676513671875,183,21002,0.0512744140625
0,871,14198,0.0346630859375,58,7211,0.01760498046875
0,872,24678,0.0602490234375,175,21779,0.05317138671875
0,873,42739,0.10434326171875,137,37618,0.0918408203125
0,874,1483,0.00362060546875,9,1165,0.00284423828125
0,875,68315,0.16678466796875,173,62987,0.15377685546875
0,879,37765,0.09219970703125,76,37630,0.0918701171875
0,88,98576,0.2406640625,396,97680,0.2384765625
0,883,47261,0.11538330078125,169,44230,0.1079833984375
0,884,31743,0.07749755859375,68,31552,0.07703125
0,885,1472,0.00359375,21,1132,0.002763671875
0,886,15639,0.03818115234375,150,6469,0.01579345703125
0,887,46361,0.11318603515625,120,42847,0.10460693359375
0,889,8216,0.02005859375,117,2998,0.0073193359375
0,89,1825,0.00445556640625,143,1627,0.00397216796875
0,890,17770,0.0433837890625,508,5362,0.0130908203125
0,891,1923,0.00469482421875,17,1035,0.00252685546875
0,892,502,0.0012255859375,1,502,0.0012255859375
0,893,17247,0.04210693359375,139,15078,0.0368115234375
0,894,6737,0.01644775390625,183,3766,0.0091943359375
0,895,51323,0.12530029296875,84,51140,0.124853515625
0,898,5597,0.01366455078125,12,5559,0.01357177734375
0,899,62922,0.1536181640625,131,62676,0.153017578125
0,9,1043,0.00254638671875,90,887,0.00216552734375
0,900,33130,0.0808837890625,138,30409,0.07424072265625
0,901,991,0.00241943359375,74,729,0.00177978515625
0,902,9558,0.0233349609375,14,8855,0.02161865234375
0,903,10221,0.02495361328125,130,2896,0.0070703125
0,904,4368,0.0106640625,7,4360,0.01064453125
0,908,18526,0.0452294921875,173,16556,0.040419921875
0,909,56113,0.13699462890625,325,48884,0.119345703125
0,91,7607,0.01857177734375,265,2524,0.006162109375
0,911,804,0.001962890625,3,801,0.00195556640625
0,912,2122,0.0051806640625,9,1256,0.00306640625
0,913,19241,0.04697509765625,65,18117,0.04423095703125
0,914,51829,0.12653564453125,61,50411,0.12307373046875
0,916,19572,0.047783203125,250,16548,0.040400390625
0,917,11500,0.028076171875,435,4773,0.01165283203125
0,918,43857,0.10707275390625,246,40844,0.099716796875
0,919,79216,0.1933984375,434,66037,0.16122314453125
0,920,2626,0.0064111328125,61,2248,0.00548828125
0,921,27845,0.06798095703125,330,26378,0.0643994140625
0,923,12153,0.02967041015625,73,10412,0.025419921875
0,927,116412,0.284208984375,180,116015,0.28323974609375
0,929,63807,0.15577880859375,58,63694,0.1555029296875
0,93,34107,0.08326904296875,174,33687,0.08224365234375
0,930,64495,0.15745849609375,106,63911,0.15603271484375
0,931,930,0.0022705078125,18,905,0.00220947265625
0,934,6401,0.01562744140625,39,4906,0.0119775390625
0,935,9988,0.024384765625,232,7693,0.01878173828125
0,936,1776,0.0043359375,130,661,0.00161376953125
0,938,1005,0.00245361328125,12,990,0.0024169921875
0,94,45583,0.11128662109375,230,38469,0.09391845703125
0,941,25109,0.06130126953125,48,23824,0.0581640625
0,942,30745,0.07506103515625,193,25338,0.0618603515625
0,943,43828,0.107001953125,110,43309,0.10573486328125
0,944,6104,0.01490234375,22,5959,0.01454833984375
0,945,29312,0.0715625,197,14560,0.035546875
0,947,25897,0.06322509765625,348,21776,0.0531640625
0,949,1352,0.00330078125,23,1306,0.0031884765625
0,95,27873,0.06804931640625,163,27547,0.06725341796875
0,950,6040,0.01474609375,83,5499,0.01342529296875
0,952,8733,0.02132080078125,111,7958,0.0194287109375
0,953,16460,0.040185546875,221,12432,0.0303515625
0,954,16689,0.04074462890625,224,7614,0.0185888671875
0,958,20561,0.05019775390625,54,19978,0.0487744140625
0,959,65387,0.15963623046875,90,63995,0.15623779296875
0,96,906,0.0022119140625,86,755,0.00184326171875
0,960,4515,0.01102294921875,27,4104,0.01001953125
0,961,75951,0.18542724609375,86,75692,0.184794921875
0,963,20409,0.04982666015625,43,20310,0.0495849609375
0,964,18971,0.04631591796875,391,15385,0.03756103515625
0,966,23618,0.0576611328125,48,22455,0.05482177734375
0,968,82781,0.20210205078125,89,82585,0.20162353515625
0,969,16789,0.04098876953125,37,14529,0.03547119140625
0,97,1354,0.0033056640625,77,1233,0.00301025390625
0,970,2292,0.005595703125,17,1854,0.0045263671875
0,971,62763,0.15322998046875,81,62603,0.15283935546875
0,973,68903,0.16822021484375,365,50151,0.12243896484375
0,974,51668,0.126142578125,155,45316,0.110634765625
0,976,48832,0.11921875,72,44607,0.10890380859375
0,977,14534,0.0354833984375,281,9940,0.024267578125
0,98,10049,0.02453369140625,154,7097,0.01732666015625
0,980,3338,0.0081494140625,53,3055,0.00745849609375
0,981,73741,0.18003173828125,131,72535,0.17708740234375
0,984,2618,0.0063916015625,70,2368,0.00578125
0,985,37395,0.09129638671875,92,35221,0.08598876953125
0,986,49151,0.11999755859375,126,48659,0.11879638671875
0,99,50375,0.12298583984375,202,49782,0.1215380859375
0,991,63798,0.1557568359375,278,61288,0.14962890625
0,992,61402,0.1499072265625,80,61254,0.1495458984375
0,995,6521,0.01592041015625,41,6469,0.01579345703125
0,996,67232,0.164140625,112,67029,0.16364501953125
0,997,5253,0.01282470703125,141,2501,0.00610595703125
0,998,13540,0.033056640625,57,13449,0.03283447265625
0,999,30929,0.07551025390625,58,30333,0.07405517578125
1,1,43430,0.1060302734375,334,37284,0.091025390625
1,100,9184,0.022421875,381,6021,0.01469970703125
1,1001,61548,0.150263671875,88,61380,0.149853515625
1,1003,1307,0.00319091796875,116,312,0.00076171875
1,1004,20814,0.0508154296875,104,20208,0.0493359375
1,1005,5721,0.01396728515625,62,3670,0.0089599609375
1,1008,32276,0.078798828125,71,26747,0.06530029296875
1,101,67814,0.1655615234375,310,65848,0.16076171875
1,102,20203,0.04932373046875,276,19378,0.0473095703125
1,103,7309,0.01784423828125,119,4819,0.01176513671875
1,104,87665,0.21402587890625,344,85149,0.20788330078125
1,105,34879,0.08515380859375,377,29855,0.07288818359375
1,106,10525,0.02569580078125,208,6973,0.01702392578125
1,107,2775,0.00677490234375,489,682,0.0016650390625
1,108,640,0.0015625,94,476,0.001162109375
1,109,30715,0.07498779296875,335,26777,0.06537353515625
1,110,30872,0.07537109375,319,28154,0.0687353515625
1,111,39133,0.09553955078125,299,20351,0.04968505859375
1,113,2864,0.0069921875,404,1430,0.0034912109375
1,114,69792,0.170390625,278,69204,0.168955078125
1,115,89741,0.21909423828125,309,89057,0.21742431640625
1,117,50855,0.12415771484375,287,50312,0.12283203125
1,119,37748,0.092158203125,198,36034,0.0879736328125
1,12,13006,0.0317529296875,225,9362,0.0228564453125
1,120,1528,0.00373046875,99,1369,0.00334228515625
1,123,7642,0.0186572265625,86,7476,0.018251953125
1,124,17265,0.04215087890625,193,12331,0.03010498046875
1,129,46009,0.11232666015625,128,45757,0.11171142578125
1,13,83207,0.20314208984375,345,62214,0.1518896484375
1,131,68855,0.16810302734375,272,68132,0.166337890625
1,132,12911,0.03152099609375,200,12370,0.0302001953125
1,133,849,0.00207275390625,96,634,0.0015478515625
1,135,66230,0.1616943359375,225,64910,0.1584716796875
1,136,33800,0.08251953125,288,33125,0.08087158203125
1,137,54821,0.13384033203125,188,53772,0.131279296875
1,139,12522,0.0305712890625,163,7212,0.017607421875
1,14,11101,0.02710205078125,175,6658,0.0162548828125
1,141,20711,0.05056396484375,182,20364,0.049716796875
1,143,11494,0.0280615234375,204,6797,0.01659423828125
1,144,69477,0.16962158203125,265,67740,0.165380859375
1,146,4991,0.01218505859375,672,2322,0.0056689453125
1,147,18369,0.04484619140625,228,17904,0.0437109375
1,148,7060,0.017236328125,612,3936,0.009609375
1,149,11851,0.02893310546875,442,4558,0.0111279296875
1,15,58683,0.14326904296875,271,57168,0.1395703125
1,151,27521,0.06718994140625,757,24013,0.05862548828125
1,153,67643,0.16514404296875,314,66675,0.16278076171875
1,154,33531,0.08186279296875,389,32648,0.07970703125
1,155,92978,0.2269970703125,387,50949,0.12438720703125
1,156,4386,0.0107080078125,87,4243,0.01035888671875
1,157,15102,0.0368701171875,743,12492,0.030498046875
1,165,23569,0.05754150390625,416,13214,0.0322607421875
1,166,69637,0.17001220703125,648,67632,0.1651171875
1,167,54944,0.134140625,322,49493,0.12083251953125
1,168,2738,0.0066845703125,121,1245,0.00303955078125
1,169,3860,0.009423828125,247,1973,0.00481689453125
1,17,51171,0.12492919921875,552,23779,0.05805419921875
1,170,48522,0.1184619140625,263,28189,0.06882080078125
1,171,13701,0.03344970703125,183,6168,0.01505859375
1,173,61572,0.150322265625,215,55089,0.13449462890625
1,175,90132,0.220048828125,435,45584,0.1112890625
1,176,28372,0.069267578125,389,26291,0.06418701171875
1,177,93489,0.22824462890625,479,73109,0.17848876953125
1,179,7074,0.0172705078125,564,4078,0.0099560546875
1,18,6780,0.016552734375,125,5001,0.01220947265625
1,180,12422,0.0303271484375,229,7331,0.01789794921875
1,182,20681,0.05049072265625,113,19044,0.046494140625
1,184,50278,0.1227490234375,686,48301,0.11792236328125
1,185,44142,0.1077685546875,205,43756,0.106826171875
1,188,930,0.0022705078125,131,370,0.0009033203125
1,189,89854,0.2193701171875,316,88337,0.21566650390625
1,190,96212,0.234892578125,328,59016,0.14408203125
1,191,27897,0.06810791015625,216,26455,0.06458740234375
1,192,33064,0.08072265625,308,19200,0.046875
1,193,77856,0.190078125,658,72673,0.17742431640625
1,195,93655,0.22864990234375,248,92645,0.22618408203125
1,196,21759,0.05312255859375,181,21235,0.05184326171875
1,197,69503,0.16968505859375,219,69102,0.1687060546875
1,198,61072,0.1491015625,267,50017,0.12211181640625
1,199,26870,0.0656005859375,377,19803,0.04834716796875
1,2,25665,0.06265869140625,869,16602,0.0405322265625
1,20,86807,0.21193115234375,282,86134,0.2102880859375
1,202,28066,0.0685205078125,112,27821,0.06792236328125
1,205,2544,0.0062109375,416,928,0.002265625
1,206,1943,0.00474365234375,63,1831,0.00447021484375
1,207,109964,0.268466796875,405,66289,0.16183837890625
1,208,3833,0.00935791015625,93,2197,0.00536376953125
1,209,34837,0.08505126953125,285,31772,0.077568359375
1,21,63708,0.155537109375,300,61908,0.151142578125
1,210,6549,0.01598876953125,170,5381,0.01313720703125
1,213,56966,0.1390771484375,889,50325,0.12286376953125
1,215,587,0.00143310546875,109,401,0.00097900390625
1,216,45845,0.11192626953125,264,41514,0.1013525390625
1,217,13162,0.0321337890625,170,12815,0.03128662109375
1,219,2629,0.00641845703125,153,999,0.00243896484375
1,220,792,0.00193359375,53,682,0.0016650390625
1,221,127961,0.31240478515625,569,126315,0.30838623046875
1,222,63495,0.15501708984375,263,59501,0.14526611328125
1,223,6284,0.015341796875,400,3644,0.008896484375
1,224,3230,0.0078857421875,489,1167,0.00284912109375
1,225,3114,0.0076025390625,90,2978,0.0072705078125
1,227,52587,0.12838623046875,152,50798,0.1240185546875
1,228,1664,0.0040625,121,1365,0.00333251953125
1,23,63007,0.15382568359375,631,60743,0.14829833984375
1,233,62941,0.15366455078125,209,53197,0.12987548828125
1,234,8289,0.02023681640625,729,5050,0.0123291015625
1,235,61453,0.15003173828125,271,60031,0.14656005859375
1,236,25963,0.06338623046875,225,23726,0.0579248046875
1,237,41586,0.1015283203125,232,33106,0.0808251953125
1,238,46120,0.11259765625,163,44753,0.10926025390625
1,239,11881,0.02900634765625,185,10895,0.02659912109375
1,24,1132,0.002763671875,49,1051,0.00256591796875
1,240,36280,0.08857421875,306,35588,0.086884765625
1,243,1852,0.004521484375,165,948,0.002314453125
1,249,35885,0.08760986328125,222,35374,0.0863623046875
1,250,55054,0.1344091796875,163,54754,0.1336767578125
1,252,30257,0.07386962890625,186,29657,0.07240478515625
1,253,68829,0.16803955078125,433,67384,0.16451171875
1,254,2060,0.005029296875,148,1732,0.004228515625
1,255,40836,0.099697265625,267,40198,0.0981396484375
1,257,20039,0.04892333984375,878,9313,0.02273681640625
1,258,20816,0.0508203125,117,20534,0.0501318359375
1,259,6703,0.01636474609375,106,6420,0.015673828125
1,26,1207,0.00294677734375,44,919,0.00224365234375
1,260,6846,0.0167138671875,136,6573,0.01604736328125
1,261,27101,0.06616455078125,219,26567,0.06486083984375
1,263,3253,0.00794189453125,102,3072,0.0075
1,264,16726,0.0408349609375,287,13772,0.033623046875
1,265,25030,0.0611083984375,119,24789,0.06052001953125
1,266,24414,0.0596044921875,150,24065,0.05875244140625
1,268,99141,0.24204345703125,325,60130,0.1468017578125
1,269,43058,0.1051220703125,290,30140,0.073583984375
1,27,1303,0.00318115234375,57,643,0.00156982421875
1,270,2677,0.00653564453125,112,1308,0.003193359375
1,271,37182,0.0907763671875,176,35300,0.086181640625
1,272,9347,0.02281982421875,628,7507,0.01832763671875
1,273,11294,0.0275732421875,111,11085,0.02706298828125
1,274,6878,0.0167919921875,152,4018,0.0098095703125
1,275,19332,0.047197265625,161,17636,0.043056640625
1,276,50602,0.1235400390625,264,35992,0.08787109375
1,277,13776,0.0336328125,157,13333,0.03255126953125
1,278,74087,0.18087646484375,310,73356,0.179091796875
1,279,74864,0.1827734375,312,62706,0.1530908203125
1,28,20907,0.05104248046875,138,19867,0.04850341796875
1,281,5138,0.0125439453125,109,2992,0.0073046875
1,282,41421,0.10112548828125,195,41017,0.10013916015625
1,283,69142,0.1688037109375,145,68743,0.16782958984375
1,284,72713,0.17752197265625,247,72112,0.1760546875
1,285,39012,0.095244140625,211,38246,0.0933740234375
1,286,22510,0.0549560546875,187,20887,0.05099365234375
1,287,1467,0.00358154296875,74,788,0.001923828125
1,288,3324,0.008115234375,149,1881,0.00459228515625
1,289,56182,0.1371630859375,700,54116,0.132119140625
1,29,66826,0.1631494140625,343,66102,0.1613818359375
1,290,19205,0.04688720703125,154,13220,0.032275390625
1,291,48639,0.11874755859375,162,48164,0.117587890625
1,292,20795,0.05076904296875,259,18286,0.0446435546875
1,294,68084,0.166220703125,228,67658,0.1651806640625
1,295,33538,0.0818798828125,269,31511,0.07693115234375
1,296,27738,0.0677197265625,247,26023,0.06353271484375
1,297,12602,0.0307666015625,168,10492,0.025615234375
1,299,33916,0.082802734375,203,33462,0.0816943359375
1,3,44970,0.1097900390625,207,44460,0.108544921875
1,300,17746,0.0433251953125,272,15787,0.03854248046875
1,301,29618,0.0723095703125,821,27284,0.066611328125
1,302,2065,0.00504150390625,37,2009,0.00490478515625
1,303,57162,0.1395556640625,407,42148,0.102900390625
1,304,5884,0.014365234375,213,4814,0.0117529296875
1,305,5151,0.01257568359375,134,3855,0.00941162109375
1,306,13045,0.03184814453125,254,12384,0.030234375
1,307,61051,0.14905029296875,189,60661,0.14809814453125
1,31,31888,0.0778515625,135,31642,0.0772509765625
1,311,4953,0.01209228515625,77,4801,0.01172119140625
1,312,24496,0.0598046875,155,21327,0.05206787109375
1,313,6169,0.01506103515625,283,4416,0.01078125
1,314,4622,0.0112841796875,724,2264,0.00552734375
1,315,22531,0.05500732421875,271,20221,0.04936767578125
1,316,35133,0.08577392578125,203,33469,0.08171142578125
1,317,3087,0.00753662109375,146,2780,0.006787109375
1,318,41783,0.10200927734375,904,39031,0.09529052734375
1,319,71988,0.175751953125,281,71398,0.1743115234375
1,321,43361,0.10586181640625,249,42652,0.104130859375
1,322,29366,0.0716943359375,366,24783,0.06050537109375
1,325,2321,0.00566650390625,62,2187,0.00533935546875
1,326,34434,0.0840673828125,409,32392,0.07908203125
1,327,4672,0.01140625,600,2734,0.0066748046875
1,329,69425,0.16949462890625,220,69031,0.16853271484375
1,33,51953,0.12683837890625,197,50166,0.1224755859375
1,331,2955,0.00721435546875,98,1577,0.00385009765625
1,332,17647,0.04308349609375,81,17457,0.04261962890625
1,333,826,0.0020166015625,110,529,0.00129150390625
1,334,19717,0.04813720703125,274,17924,0.043759765625
1,335,2746,0.0067041015625,774,347,0.00084716796875
1,336,4313,0.01052978515625,209,2452,0.005986328125
1,337,23815,0.05814208984375,299,21863,0.05337646484375
1,338,48881,0.11933837890625,135,48578,0.1185986328125
1,339,45583,0.11128662109375,237,43908,0.107197265625
1,34,12068,0.029462890625,124,10971,0.02678466796875
1,341,3026,0.0073876953125,542,1370,0.0033447265625
1,343,87631,0.21394287109375,172,87276,0.213076171875
1,344,1753,0.00427978515625,75,986,0.0024072265625
1,345,1734,0.0042333984375,159,1457,0.00355712890625
1,346,14451,0.03528076171875,355,12663,0.03091552734375
1,347,59805,0.14600830078125,335,53432,0.13044921875
1,348,78628,0.191962890625,455,75480,0.18427734375
1,349,23220,0.056689453125,191,20882,0.0509814453125
1,352,43212,0.105498046875,167,41877,0.10223876953125
1,354,74730,0.1824462890625,504,48815,0.11917724609375
1,355,5651,0.01379638671875,121,4981,0.01216064453125
1,356,159671,0.38982177734375,335,109223,0.26665771484375
1,358,24319,0.05937255859375,259,22159,0.05409912109375
1,359,2922,0.0071337890625,61,2806,0.0068505859375
1,360,45703,0.11157958984375,265,43073,0.10515869140625
1,362,1641,0.00400634765625,42,904,0.00220703125
1,363,57641,0.14072509765625,476,42604,0.104013671875
1,365,1367,0.00333740234375,164,656,0.0016015625
1,366,3050,0.0074462890625,622,1162,0.0028369140625
1,367,7949,0.01940673828125,134,6507,0.01588623046875
1,368,1432,0.00349609375,101,1243,0.00303466796875
1,369,95406,0.2329248046875,454,94156,0.229873046875
1,37,59737,0.14584228515625,311,39906,0.0974267578125
1,374,16630,0.0406005859375,408,10713,0.02615478515625
1,376,6607,0.01613037109375,192,6065,0.01480712890625
1,377,60388,0.147431640625,196,59958,0.1463818359375
1,378,7255,0.01771240234375,537,4553,0.01111572265625
1,379,55822,0.1362841796875,522,54526,0.1331201171875
1,38,57559,0.14052490234375,155,56827,0.13873779296875
1,382,14893,0.03635986328125,201,8798,0.0214794921875
1,384,15748,0.038447265625,299,13646,0.0333154296875
1,385,33712,0.0823046875,161,30932,0.075517578125
1,386,14468,0.035322265625,197,14069,0.03434814453125
1,387,1672,0.00408203125,112,1014,0.0024755859375
1,388,69342,0.1692919921875,223,67870,0.1656982421875
1,389,120575,0.29437255859375,394,65350,0.1595458984375
1,391,60301,0.14721923828125,348,58980,0.143994140625
1,393,17110,0.0417724609375,525,13977,0.03412353515625
1,394,9281,0.02265869140625,175,7296,0.0178125
1,395,93454,0.2281591796875,281,92856,0.22669921875
1,396,42299,0.10326904296875,156,24462,0.0597216796875
1,397,69741,0.17026611328125,332,67665,0.16519775390625
1,398,22010,0.0537353515625,547,11443,0.02793701171875
1,399,6176,0.015078125,158,5257,0.01283447265625
1,401,73710,0.1799560546875,306,72473,0.17693603515625
1,402,31594,0.0771337890625,218,30213,0.07376220703125
1,404,940,0.002294921875,124,685,0.00167236328125
1,405,46526,0.1135888671875,240,41180,0.100537109375
1,407,31667,0.07731201171875,176,30758,0.0750927734375
1,410,30631,0.07478271484375,160,30312,0.07400390625
1,412,43513,0.10623291015625,755,41285,0.10079345703125
1,413,2445,0.00596923828125,96,1323,0.00322998046875
1,415,38302,0.0935107421875,132,25529,0.06232666015625
1,417,83006,0.2026513671875,279,68651,0.16760498046875
1,418,49492,0.120830078125,280,39246,0.0958154296875
1,419,4366,0.0106591796875,165,2545,0.00621337890625
1,420,8473,0.02068603515625,158,2404,0.005869140625
1,421,57861,0.14126220703125,253,56220,0.137255859375
1,423,75376,0.1840234375,265,46684,0.113974609375
1,424,531,0.00129638671875,19,504,0.00123046875
1,426,53648,0.1309765625,223,53176,0.12982421875
1,427,96570,0.2357666015625,280,95912,0.23416015625
1,428,7726,0.0188623046875,604,3855,0.00941162109375
1,429,38427,0.09381591796875,287,32370,0.0790283203125
1,43,51849,0.12658447265625,185,51493,0.12571533203125
1,431,30229,0.07380126953125,121,29942,0.0731005859375
1,434,381,0.00093017578125,5,369,0.00090087890625
1,435,1001,0.00244384765625,11,980,0.002392578125
1,436,62778,0.1532666015625,368,49012,0.119658203125
1,439,973,0.00237548828125,1,973,0.00237548828125
1,44,19252,0.047001953125,169,18489,0.04513916015625
1,441,31123,0.07598388671875,274,21210,0.0517822265625
1,442,24736,0.060390625,283,21192,0.05173828125
1,443,101964,0.248935546875,184,98301,0.23999267578125
1,444,38692,0.094462890625,130,38276,0.093447265625
1,445,50864,0.1241796875,32,50773,0.12395751953125
1,446,48139,0.11752685546875,147,47493,0.11594970703125
1,447,567,0.00138427734375,2,566,0.0013818359375
1,448,49024,0.1196875,73,47997,0.11718017578125
1,449,26025,0.06353759765625,345,20665,0.05045166015625
1,450,14961,0.03652587890625,138,13140,0.032080078125
1,451,66216,0.16166015625,170,65904,0.1608984375
1,452,117743,0.28745849609375,178,117383,0.28657958984375
1,455,19098,0.0466259765625,35,19038,0.0464794921875
1,456,1286,0.0031396484375,20,1257,0.00306884765625
1,457,45107,0.11012451171875,66,44995,0.10985107421875
1,458,1682,0.0041064453125,8,1031,0.00251708984375
1,459,2367,0.00577880859375,131,1729,0.00422119140625
1,461,182,0.0004443359375,10,168,0.00041015625
1,462,27821,0.06792236328125,312,25822,0.0630419921875
1,463,72496,0.1769921875,145,71098,0.1735791015625
1,465,3515,0.00858154296875,126,1395,0.00340576171875
1,466,668,0.001630859375,15,632,0.00154296875
1,467,5792,0.014140625,138,4754,0.0116064453125
1,468,32171,0.07854248046875,38,32061,0.07827392578125
1,469,1159,0.00282958984375,31,731,0.00178466796875
1,470,3576,0.00873046875,35,2954,0.0072119140625
1,471,82588,0.201630859375,144,50450,0.1231689453125
1,474,1923,0.00469482421875,49,1386,0.0033837890625
1,476,70127,0.17120849609375,124,40857,0.09974853515625
1,478,55722,0.1360400390625,54,53394,0.1303564453125
1,48,45216,0.110390625,300,31088,0.0758984375
1,480,4967,0.01212646484375,109,4687,0.01144287109375
1,481,93043,0.22715576171875,225,91939,0.22446044921875
1,482,1326,0.0032373046875,7,1307,0.00319091796875
1,483,24645,0.06016845703125,157,23584,0.057578125
1,485,1272,0.00310546875,107,905,0.00220947265625
1,486,15436,0.037685546875,288,12439,0.03036865234375
1,487,22659,0.05531982421875,117,21492,0.052470703125
1,488,4991,0.01218505859375,69,3220,0.007861328125
1,489,6503,0.01587646484375,67,3530,0.0086181640625
1,49,785,0.00191650390625,51,709,0.00173095703125
1,492,22183,0.05415771484375,468,15456,0.037734375
1,494,30711,0.07497802734375,47,30100,0.073486328125
1,495,18617,0.04545166015625,268,8082,0.0197314453125
1,497,67676,0.165224609375,137,47273,0.11541259765625
1,498,1355,0.00330810546875,17,808,0.00197265625
1,499,25642,0.0626025390625,261,20227,0.04938232421875
1,50,25519,0.06230224609375,223,24572,0.059990234375
1,501,8083,0.01973388671875,31,8026,0.0195947265625
1,503,56859,0.13881591796875,65,56710,0.1384521484375
1,505,4954,0.0120947265625,249,1881,0.00459228515625
1,508,25524,0.062314453125,143,25163,0.06143310546875
1,510,1963,0.00479248046875,128,620,0.001513671875
1,512,4745,0.01158447265625,44,4658,0.0113720703125
1,513,69874,0.1705908203125,224,67903,0.16577880859375
1,514,163,0.00039794921875,59,24,5.859375e-05
1,518,51838,0.1265576171875,138,50464,0.123203125
1,52,3862,0.0094287109375,611,851,0.00207763671875
1,520,16424,0.04009765625,259,13924,0.033994140625
1,524,47044,0.114853515625,135,45877,0.11200439453125
1,526,66671,0.16277099609375,66,66540,0.162451171875
1,528,27581,0.06733642578125,138,27134,0.0662451171875
1,529,1105,0.00269775390625,32,646,0.0015771484375
1,53,1522,0.0037158203125,74,1377,0.00336181640625
1,530,25265,0.06168212890625,336,23233,0.05672119140625
1,531,29874,0.0729345703125,260,24792,0.06052734375
1,532,29766,0.0726708984375,222,28909,0.07057861328125
1,533,16164,0.039462890625,284,14576,0.0355859375
1,534,61163,0.14932373046875,341,58505,0.14283447265625
1,536,6875,0.01678466796875,60,5462,0.0133349609375
1,537,35239,0.08603271484375,79,35123,0.08574951171875
1,54,66242,0.1617236328125,292,62694,0.1530615234375
1,541,21768,0.05314453125,44,21645,0.05284423828125
1,542,71498,0.1745556640625,226,70698,0.1726025390625
1,544,32999,0.08056396484375,105,31846,0.0777490234375
1,546,7926,0.0193505859375,128,4564,0.011142578125
1,547,500,0.001220703125,107,227,0.00055419921875
1,55,8627,0.02106201171875,709,6513,0.01590087890625
1,551,12975,0.03167724609375,42,12901,0.03149658203125
1,553,7844,0.019150390625,59,7324,0.017880859375
1,556,5856,0.014296875,53,5340,0.013037109375
1,557,9774,0.0238623046875,29,6189,0.01510986328125
1,558,2035,0.00496826171875,2,2032,0.0049609375
1,559,110297,0.26927978515625,187,109911,0.26833740234375
1,56,74441,0.18174072265625,171,73188,0.178681640625
1,560,30713,0.07498291015625,47,27104,0.066171875
1,562,805,0.00196533203125,23,751,0.00183349609375
1,563,1470,0.0035888671875,5,929,0.00226806640625
1,567,6750,0.0164794921875,43,4595,0.01121826171875
1,569,3515,0.00858154296875,24,2197,0.00536376953125
1,57,105047,0.25646240234375,442,70826,0.1729150390625
1,570,2108,0.005146484375,70,603,0.00147216796875
1,572,28555,0.06971435546875,290,26975,0.06585693359375
1,573,12610,0.0307861328125,80,10106,0.0246728515625
1,578,1029,0.00251220703125,1,1029,0.00251220703125
1,579,6627,0.01617919921875,9,6617,0.01615478515625
1,58,86519,0.21122802734375,382,55846,0.1363427734375
1,580,17244,0.042099609375,272,5533,0.01350830078125
1,582,3014,0.0073583984375,12,2992,0.0073046875
1,583,8235,0.02010498046875,32,8121,0.01982666015625
1,584,764,0.001865234375,17,377,0.00092041015625
1,585,116768,0.285078125,55,61561,0.15029541015625
1,586,30785,0.07515869140625,147,16796,0.041005859375
1,588,120692,0.294658203125,71,120573,0.29436767578125
1,59,18964,0.046298828125,142,17463,0.04263427734375
1,590,13830,0.0337646484375,57,11595,0.02830810546875
1,591,571,0.00139404296875,42,478,0.0011669921875
1,593,41711,0.10183349609375,472,19560,0.04775390625
1,594,1127,0.00275146484375,2,1124,0.002744140625
1,6,22731,0.05549560546875,317,21468,0.052412109375
1,602,589,0.00143798828125,1,589,0.00143798828125
1,604,1324,0.003232421875,20,1286,0.0031396484375
1,606,1009,0.00246337890625,3,1007,0.00245849609375
1,608,5916,0.014443359375,39,4941,0.01206298828125
1,610,3913,0.00955322265625,42,3831,0.00935302734375
1,612,721,0.00176025390625,18,692,0.001689453125
1,613,5147,0.01256591796875,16,3890,0.0094970703125
1,615,76078,0.1857373046875,401,72511,0.17702880859375
1,616,1100,0.002685546875,41,611,0.00149169921875
1,617,5116,0.012490234375,63,3757,0.00917236328125
1,618,36162,0.0882861328125,161,34769,0.08488525390625
1,619,34833,0.08504150390625,34,33589,0.08200439453125
1,620,1009,0.00246337890625,13,985,0.00240478515625
1,621,76460,0.186669921875,127,73517,0.17948486328125
1,622,38220,0.093310546875,46,37312,0.09109375
1,623,8097,0.01976806640625,120,4403,0.01074951171875
1,624,2679,0.00654052734375,5,2673,0.00652587890625
1,626,3747,0.00914794921875,98,3391,0.00827880859375
1,627,56933,0.13899658203125,171,55315,0.13504638671875
1,628,2334,0.0056982421875,38,1299,0.00317138671875
1,63,17160,0.04189453125,251,8059,0.01967529296875
1,630,11542,0.0281787109375,103,9737,0.02377197265625
1,631,4865,0.01187744140625,3,4862,0.0118701171875
1,632,75121,0.18340087890625,83,74109,0.18093017578125
1,633,10725,0.02618408203125,157,6926,0.0169091796875
1,634,2593,0.00633056640625,11,1475,0.00360107421875
1,636,82570,0.2015869140625,214,82104,0.20044921875
1,637,34600,0.08447265625,110,34396,0.083974609375
1,638,50311,0.12282958984375,210,26469,0.06462158203125
1,639,49261,0.12026611328125,140,47078,0.1149365234375
1,64,26168,0.06388671875,159,25439,0.06210693359375
1,640,3158,0.0077099609375,187,1350,0.0032958984375
1,641,46253,0.11292236328125,230,44349,0.10827392578125
1,642,58523,0.14287841796875,113,58223,0.14214599609375
1,645,9958,0.0243115234375,66,9144,0.02232421875
1,65,8759,0.02138427734375,212,7074,0.0172705078125
1,650,66732,0.162919921875,244,62187,0.15182373046875
1,652,4851,0.01184326171875,79,3105,0.00758056640625
1,653,30058,0.0733837890625,110,28706,0.0700830078125
1,654,2493,0.00608642578125,66,1489,0.00363525390625
1,655,682,0.0016650390625,16,645,0.00157470703125
1,656,60509,0.14772705078125,91,44089,0.10763916015625
1,658,1229,0.00300048828125,4,1221,0.00298095703125
1,659,9309,0.02272705078125,169,2919,0.00712646484375
1,66,55029,0.13434814453125,273,54439,0.13290771484375
1,661,17532,0.042802734375,82,12083,0.02949951171875
1,663,4038,0.0098583984375,88,2832,0.0069140625
1,665,56123,0.13701904296875,255,54261,0.13247314453125
1,666,6919,0.01689208984375,115,5597,0.01366455078125
1,667,15994,0.0390478515625,87,14181,0.03462158203125
1,67,3531,0.00862060546875,31,3492,0.008525390625
1,670,5582,0.0136279296875,48,3894,0.0095068359375
1,672,48349,0.11803955078125,111,48150,0.1175537109375
1,674,411,0.00100341796875,8,396,0.000966796875
1,675,54881,0.13398681640625,509,38289,0.09347900390625
1,676,15025,0.03668212890625,204,7186,0.0175439453125
1,678,3644,0.008896484375,18,3612,0.008818359375
1,679,1095,0.00267333984375,13,1073,0.00261962890625
1,68,38722,0.0945361328125,201,38291,0.09348388671875
1,682,570,0.0013916015625,21,471,0.00114990234375
1,683,14384,0.0351171875,214,9827,0.02399169921875
1,685,33794,0.0825048828125,136,26535,0.06478271484375
1,688,6821,0.01665283203125,45,6735,0.01644287109375
1,689,9740,0.023779296875,11,9724,0.023740234375
1,69,8814,0.0215185546875,129,7663,0.01870849609375
1,690,4673,0.01140869140625,49,2842,0.0069384765625
1,694,8163,0.01992919921875,79,7991,0.01950927734375
1,695,28558,0.0697216796875,50,28478,0.0695263671875
1,696,13562,0.0331103515625,120,11487,0.02804443359375
1,697,73118,0.1785107421875,222,72011,0.17580810546875
1,698,23975,0.05853271484375,103,18683,0.04561279296875
1,699,3935,0.00960693359375,219,1707,0.00416748046875
1,7,535,0.00130615234375,90,360,0.00087890625
1,701,23537,0.05746337890625,107,23281,0.05683837890625
1,702,36841,0.08994384765625,401,31296,0.07640625
1,705,20868,0.050947265625,70,19540,0.047705078125
1,707,3124,0.007626953125,96,1268,0.003095703125
1,708,81657,0.19935791015625,142,81361,0.19863525390625
1,71,64114,0.1565283203125,287,58189,0.14206298828125
1,710,1937,0.00472900390625,17,1081,0.00263916015625
1,711,24276,0.059267578125,398,9571,0.02336669921875
1,712,38056,0.09291015625,114,37820,0.092333984375
1,714,2679,0.00654052734375,38,1120,0.002734375
1,715,7558,0.0184521484375,53,5902,0.0144091796875
1,716,13971,0.03410888671875,301,9171,0.02239013671875
1,717,14923,0.03643310546875,203,5860,0.014306640625
1,719,84040,0.20517578125,315,81251,0.19836669921875
1,72,106007,0.25880615234375,637,104461,0.25503173828125
1,721,22058,0.0538525390625,416,13401,0.03271728515625
1,724,69959,0.17079833984375,105,69199,0.16894287109375
1,726,4483,0.01094482421875,27,3099,0.00756591796875
1,727,31692,0.077373046875,214,29354,0.0716650390625
1,728,84759,0.20693115234375,261,83791,0.20456787109375
1,73,2094,0.0051123046875,69,1226,0.0029931640625
1,731,15785,0.03853759765625,84,8048,0.0196484375
1,732,10128,0.0247265625,44,10021,0.02446533203125
1,733,100841,0.24619384765625,331,79801,0.19482666015625
1,734,13666,0.0333642578125,32,13610,0.0332275390625
1,735,6873,0.01677978515625,107,3262,0.0079638671875
1,737,66042,0.1612353515625,100,61756,0.150771484375
1,740,71202,0.1738330078125,115,70802,0.1728564453125
1,741,35170,0.0858642578125,70,34551,0.08435302734375
1,742,1251,0.00305419921875,44,787,0.00192138671875
1,744,1084,0.002646484375,95,298,0.0007275390625
1,745,10260,0.025048828125,129,7556,0.018447265625
1,746,33554,0.0819189453125,147,29788,0.072724609375
1,747,2724,0.006650390625,28,1513,0.00369384765625
1,748,11568,0.0282421875,62,10966,0.0267724609375
1,75,27664,0.0675390625,143,27367,0.06681396484375
1,751,26999,0.06591552734375,61,26899,0.06567138671875
1,754,27183,0.06636474609375,359,18540,0.045263671875
1,755,5955,0.01453857421875,30,5906,0.0144189453125
1,756,1972,0.004814453125,66,1619,0.00395263671875
1,758,9399,0.02294677734375,158,6101,0.01489501953125
1,76,7974,0.0194677734375,94,7789,0.01901611328125
1,760,567,0.00138427734375,8,555,0.00135498046875
1,761,61776,0.1508203125,88,60917,0.14872314453125
1,762,70445,0.17198486328125,47,68933,0.16829345703125
1,763,48693,0.11887939453125,165,45775,0.11175537109375
1,764,89788,0.219208984375,121,47645,0.11632080078125
1,765,866,0.0021142578125,52,464,0.0011328125
1,766,46221,0.11284423828125,96,45421,0.11089111328125
1,769,1043,0.00254638671875,1,1043,0.00254638671875
1,770,6419,0.01567138671875,139,2330,0.0056884765625
1,771,13871,0.03386474609375,216,11320,0.02763671875
1,772,9616,0.0234765625,14,9591,0.02341552734375
1,774,914,0.0022314453125,61,528,0.0012890625
1,777,3558,0.0086865234375,18,2408,0.00587890625
1,779,25265,0.06168212890625,88,24728,0.06037109375
1,780,44818,0.1094189453125,270,41248,0.100703125
1,782,4319,0.01054443359375,12,3341,0.00815673828125
1,784,75771,0.18498779296875,205,55662,0.1358935546875
1,786,852,0.002080078125,3,846,0.0020654296875
1,787,49223,0.12017333984375,67,46441,0.11338134765625
1,788,72492,0.176982421875,217,69322,0.1692431640625
1,789,20257,0.04945556640625,33,20179,0.04926513671875
1,79,12504,0.03052734375,144,6677,0.01630126953125
1,790,22545,0.05504150390625,231,12642,0.0308642578125
1,791,13634,0.0332861328125,217,10517,0.02567626953125
1,794,76099,0.18578857421875,562,62702,0.1530810546875
1,795,737,0.00179931640625,43,424,0.00103515625
1,796,1039,0.00253662109375,7,1032,0.00251953125
1,797,54212,0.132353515625,155,45741,0.11167236328125
1,798,65542,0.1600146484375,66,64675,0.15789794921875
1,799,6036,0.014736328125,27,5987,0.01461669921875
1,8,36997,0.09032470703125,269,35148,0.085810546875
1,80,31155,0.07606201171875,434,24809,0.06056884765625
1,800,8243,0.02012451171875,37,7623,0.01861083984375
1,802,24335,0.05941162109375,48,23540,0.057470703125
1,803,59668,0.145673828125,71,59141,0.14438720703125
1,804,34286,0.0837060546875,133,23211,0.05666748046875
1,805,137045,0.33458251953125,203,100009,0.24416259765625
1,807,121643,0.29697998046875,174,68382,0.1669482421875
1,808,55204,0.134775390625,100,33589,0.08200439453125
1,809,1511,0.00368896484375,10,1030,0.0025146484375
1,81,27541,0.06723876953125,236,15352,0.03748046875
1,810,47277,0.11542236328125,343,42852,0.104619140625
1,812,125545,0.30650634765625,172,63534,0.1551123046875
1,813,10172,0.024833984375,113,9095,0.02220458984375
1,814,386,0.0009423828125,1,386,0.0009423828125
1,815,47988,0.117158203125,74,47847,0.11681396484375
1,816,48901,0.11938720703125,340,25326,0.0618310546875
1,817,58847,0.14366943359375,54,58767,0.14347412109375
1,818,38921,0.09502197265625,30,38869,0.09489501953125
1,82,97938,0.2391064453125,480,52245,0.12755126953125
1,821,31502,0.0769091796875,79,31309,0.07643798828125
1,822,1470,0.0035888671875,6,1461,0.00356689453125
1,825,12889,0.03146728515625,106,12286,0.0299951171875
1,826,3466,0.0084619140625,53,3344,0.0081640625
1,828,80650,0.1968994140625,189,58328,0.14240234375
1,83,39877,0.09735595703125,230,38177,0.09320556640625
1,830,29340,0.071630859375,113,29143,0.07114990234375
1,831,18096,0.0441796875,9,18080,0.044140625
1,832,45457,0.11097900390625,59,35767,0.08732177734375
1,833,1723,0.00420654296875,36,1057,0.00258056640625
1,834,3614,0.0088232421875,107,1504,0.003671875
1,835,42214,0.1030615234375,81,42018,0.1025830078125
1,838,32042,0.0782275390625,94,31796,0.077626953125
1,84,667,0.00162841796875,174,318,0.0007763671875
1,844,15499,0.03783935546875,81,10931,0.02668701171875
1,847,8276,0.020205078125,295,2613,0.00637939453125
1,85,10717,0.02616455078125,196,7145,0.01744384765625
1,850,28922,0.0706103515625,203,18863,0.04605224609375
1,852,38082,0.0929736328125,228,26954,0.0658056640625
1,854,1189,0.00290283203125,48,594,0.0014501953125
1,855,58155,0.14197998046875,27,56663,0.13833740234375
1,856,7866,0.0192041015625,63,3513,0.00857666015625
1,859,1011,0.00246826171875,4,1003,0.00244873046875
1,86,22959,0.05605224609375,370,15568,0.0380078125
1,860,52176,0.1273828125,227,50543,0.12339599609375
1,861,23910,0.0583740234375,89,22269,0.05436767578125
1,862,7325,0.01788330078125,193,4750,0.0115966796875
1,866,6059,0.01479248046875,14,5477,0.01337158203125
1,868,5022,0.0122607421875,31,4975,0.01214599609375
1,871,17942,0.0438037109375,619,4453,0.01087158203125
1,872,786,0.0019189453125,40,297,0.00072509765625
1,873,3293,0.00803955078125,12,2712,0.00662109375
1,874,75927,0.18536865234375,126,67283,0.16426513671875
1,875,1369,0.00334228515625,1,1369,0.00334228515625
1,879,8803,0.02149169921875,44,8046,0.0196435546875
1,88,84997,0.20751220703125,340,72549,0.17712158203125
1,883,33669,0.08219970703125,46,33100,0.080810546875
1,884,82609,0.20168212890625,121,82356,0.201064453125
1,885,54647,0.13341552734375,133,53772,0.131279296875
1,886,2721,0.00664306640625,72,1474,0.0035986328125
1,887,49766,0.1214990234375,58,47488,0.1159375
1,889,20198,0.0493115234375,56,13377,0.03265869140625
1,89,42484,0.103720703125,341,41739,0.10190185546875
1,890,60867,0.14860107421875,105,59093,0.14427001953125
1,891,310,0.0007568359375,2,307,0.00074951171875
1,892,2173,0.00530517578125,5,2165,0.00528564453125
1,893,32135,0.07845458984375,122,30441,0.07431884765625
1,894,10171,0.02483154296875,41,5304,0.01294921875
1,895,55476,0.135439453125,122,55240,0.13486328125
1,898,55703,0.13599365234375,79,55583,0.13570068359375
1,899,916,0.002236328125,56,462,0.0011279296875
1,9,2595,0.00633544921875,215,935,0.00228271484375
1,900,5361,0.01308837890625,33,5306,0.0129541015625
1,901,10847,0.02648193359375,181,7956,0.019423828125
1,902,574,0.0014013671875,8,566,0.0013818359375
1,903,24997,0.06102783203125,236,20992,0.05125
1,904,37417,0.09135009765625,103,35330,0.0862548828125
1,908,4716,0.011513671875,8,4703,0.01148193359375
1,909,60650,0.1480712890625,152,58031,0.14167724609375
1,91,9125,0.02227783203125,161,8752,0.0213671875
1,911,12350,0.0301513671875,32,12300,0.030029296875
1,912,42371,0.10344482421875,429,27460,0.067041015625
1,913,27414,0.0669287109375,56,20975,0.05120849609375
1,914,67138,0.1639111328125,93,66977,0.16351806640625
1,916,7040,0.0171875,19,7004,0.017099609375
1,917,76510,0.1867919921875,520,57432,0.14021484375
1,918,61864,0.15103515625,33,61282,0.1496142578125
1,919,75953,0.18543212890625,182,73612,0.179716796875
1,920,773,0.00188720703125,71,367,0.00089599609375
1,921,935,0.00228271484375,14,919,0.00224365234375
1,923,66070,0.1613037109375,205,57820,0.141162109375
1,927,35988,0.087861328125,119,35100,0.085693359375
1,929,2801,0.00683837890625,21,1424,0.0034765625
1,93,34296,0.08373046875,334,26113,0.06375244140625
1,930,7022,0.0171435546875,34,5684,0.013876953125
1,931,66735,0.16292724609375,204,65994,0.1611181640625
1,934,2915,0.00711669921875,22,2280,0.00556640625
1,935,2798,0.0068310546875,27,1095,0.00267333984375
1,936,17785,0.04342041015625,153,9443,0.02305419921875
1,938,3019,0.00737060546875,54,1767,0.00431396484375
1,94,1268,0.003095703125,47,1201,0.00293212890625
1,941,3082,0.0075244140625,18,2308,0.005634765625
1,942,397,0.00096923828125,10,386,0.0009423828125
1,943,7646,0.0186669921875,328,1364,0.003330078125
1,944,39390,0.0961669921875,102,35375,0.08636474609375
1,945,65565,0.16007080078125,147,64324,0.157041015625
1,947,1125,0.00274658203125,14,1006,0.0024560546875
1,949,64045,0.15635986328125,101,63839,0.15585693359375
1,95,92911,0.22683349609375,268,48575,0.11859130859375
1,950,10043,0.02451904296875,274,2256,0.0055078125
1,952,776,0.00189453125,5,772,0.001884765625
1,953,48989,0.11960205078125,79,32230,0.0786865234375
1,954,28384,0.069296875,63,28288,0.0690625
1,958,713,0.00174072265625,1,713,0.00174072265625
1,959,40329,0.09845947265625,93,39626,0.0967431640625
1,96,53406,0.1303857421875,278,51896,0.12669921875
1,960,30233,0.07381103515625,261,13046,0.0318505859375
1,961,1053,0.00257080078125,76,677,0.00165283203125
1,963,1091,0.00266357421875,4,1087,0.00265380859375
1,964,856,0.00208984375,38,700,0.001708984375
1,966,7170,0.0175048828125,187,3680,0.008984375
1,968,13544,0.03306640625,139,11585,0.02828369140625
1,969,12934,0.0315771484375,136,10503,0.02564208984375
1,97,71956,0.175673828125,351,57986,0.1415673828125
1,970,828,0.002021484375,29,666,0.0016259765625
1,971,3660,0.008935546875,37,1773,0.00432861328125
1,973,80095,0.19554443359375,183,67464,0.16470703125
1,974,57181,0.13960205078125,164,47880,0.11689453125
1,976,15809,0.03859619140625,106,6146,0.0150048828125
1,977,1675,0.00408935546875,26,1196,0.002919921875
1,98,53275,0.13006591796875,279,52703,0.12866943359375
1,980,4227,0.01031982421875,11,4211,0.01028076171875
1,981,19007,0.04640380859375,241,8838,0.0215771484375
1,984,6556,0.016005859375,260,4778,0.0116650390625
1,985,776,0.00189453125,4,773,0.00188720703125
1,986,397,0.00096923828125,23,333,0.00081298828125
1,99,844,0.002060546875,99,668,0.001630859375
1,991,35519,0.08671630859375,84,35352,0.08630859375
1,992,46046,0.1124169921875,142,33943,0.08286865234375
1,995,34866,0.0851220703125,40,32256,0.07875
1,996,23459,0.05727294921875,59,23340,0.056982421875
1,997,41282,0.1007861328125,93,40126,0.0979638671875
1,998,69427,0.16949951171875,164,69135,0.16878662109375
1,999,8110,0.0197998046875,271,5681,0.01386962890625
42,1,100389,0.24509033203125,398,97569,0.23820556640625
42,100,33878,0.0827099609375,240,32253,0.07874267578125
42,1001,45460,0.110986328125,332,37799,0.09228271484375
42,1003,4365,0.01065673828125,318,1270,0.0031005859375
42,1004,1127,0.00275146484375,10,1101,0.00268798828125
42,1005,23126,0.0564599609375,209,13769,0.03361572265625
42,1008,1176,0.00287109375,56,1033,0.00252197265625
42,101,16925,0.04132080078125,287,15630,0.0381591796875
42,102,1607,0.00392333984375,147,1347,0.00328857421875
42,103,10264,0.02505859375,154,9177,0.02240478515625
42,104,30704,0.0749609375,410,22181,0.05415283203125
42,105,1718,0.0041943359375,149,1396,0.003408203125
42,106,3357,0.00819580078125,50,1345,0.00328369140625
42,107,71881,0.17549072265625,724,64785,0.15816650390625
42,108,13360,0.0326171875,222,11822,0.0288623046875
42,109,118439,0.28915771484375,409,60681,0.14814697265625
42,110,831,0.00202880859375,74,718,0.0017529296875
42,111,9020,0.022021484375,135,8662,0.0211474609375
42,113,2423,0.00591552734375,501,806,0.0019677734375
42,114,53520,0.1306640625,151,53249,0.13000244140625
42,115,9397,0.02294189453125,135,6591,0.01609130859375
42,117,6908,0.016865234375,160,5206,0.0127099609375
42,119,14124,0.034482421875,183,6850,0.0167236328125
42,12,31617,0.07718994140625,167,27849,0.06799072265625
42,120,58715,0.14334716796875,220,57359,0.14003662109375
42,123,614,0.0014990234375,67,491,0.00119873046875
42,124,496,0.0012109375,68,391,0.00095458984375
42,129,4950,0.0120849609375,157,3916,0.009560546875
42,13,60516,0.147744140625,314,58546,0.1429345703125
42,131,1122,0.0027392578125,54,1029,0.00251220703125
42,132,12246,0.0298974609375,123,12023,0.02935302734375
42,133,98891,0.24143310546875,544,69586,0.1698876953125
42,135,37375,0.09124755859375,245,34513,0.08426025390625
42,136,50350,0.1229248046875,279,49701,0.12134033203125
42,137,41246,0.1006982421875,208,40787,0.09957763671875
42,139,35022,0.0855029296875,156,34674,0.0846533203125
42,14,12906,0.0315087890625,212,11442,0.0279345703125
42,141,9907,0.02418701171875,66,9807,0.02394287109375
42,143,4631,0.01130615234375,171,4215,0.01029052734375
42,144,931,0.00227294921875,136,657,0.00160400390625
42,146,56366,0.1376123046875,594,53241,0.12998291015625
42,147,18437,0.04501220703125,205,12628,0.030830078125
42,148,64247,0.15685302734375,655,62396,0.152333984375
42,149,31190,0.0761474609375,261,30613,0.07473876953125
42,15,6447,0.01573974609375,132,3880,0.00947265625
42,151,47719,0.11650146484375,774,41781,0.10200439453125
42,153,4169,0.01017822265625,198,2523,0.00615966796875
42,154,62918,0.1536083984375,421,48353,0.11804931640625
42,155,9169,0.02238525390625,91,8988,0.021943359375
42,156,755,0.00184326171875,37,695,0.00169677734375
42,157,50957,0.12440673828125,817,45342,0.1106982421875
42,165,8129,0.01984619140625,102,6488,0.01583984375
42,166,3422,0.0083544921875,575,881,0.00215087890625
42,167,60683,0.14815185546875,108,60447,0.14757568359375
42,168,21717,0.05302001953125,144,21226,0.0518212890625
42,169,28270,0.0690185546875,268,24918,0.0608349609375
42,17,48590,0.1186279296875,515,33319,0.08134521484375
42,170,31285,0.07637939453125,179,30838,0.0752880859375
42,171,37191,0.09079833984375,233,36674,0.0895361328125
42,173,4374,0.0106787109375,125,3868,0.009443359375
42,175,61929,0.15119384765625,419,57924,0.141416015625
42,176,1330,0.0032470703125,133,1053,0.00257080078125
42,177,8279,0.02021240234375,134,7972,0.019462890625
42,179,29033,0.07088134765625,691,26304,0.06421875
42,18,32929,0.08039306640625,231,26904,0.06568359375
42,180,11014,0.0268896484375,264,6730,0.0164306640625
42,182,7109,0.01735595703125,137,5398,0.0131787109375
42,184,104950,0.2562255859375,459,103746,0.2532861328125
42,185,3370,0.0082275390625,83,3206,0.0078271484375
42,188,29797,0.07274658203125,163,29464,0.07193359375
42,189,4301,0.01050048828125,187,2748,0.006708984375
42,190,1474,0.0035986328125,92,1298,0.0031689453125
42,191,29538,0.0721142578125,115,29326,0.0715966796875
42,192,16194,0.0395361328125,206,15705,0.03834228515625
42,193,9358,0.0228466796875,917,3897,0.00951416015625
42,195,397,0.00096923828125,40,328,0.00080078125
42,196,60851,0.14856201171875,425,33593,0.08201416015625
42,197,5233,0.01277587890625,73,5115,0.01248779296875
42,198,14702,0.0358935546875,275,11054,0.0269873046875
42,199,1395,0.00340576171875,137,1015,0.00247802734375
42,2,78834,0.1924658203125,874,76395,0.18651123046875
42,20,30336,0.0740625,319,28205,0.06885986328125
42,202,29800,0.07275390625,196,27770,0.0677978515625
42,205,17691,0.04319091796875,635,13987,0.03414794921875
42,206,10214,0.0249365234375,140,9584,0.0233984375
42,207,2977,0.00726806640625,98,1428,0.003486328125
42,208,34493,0.08421142578125,180,30798,0.0751904296875
42,209,41732,0.101884765625,240,37385,0.09127197265625
42,21,69262,0.1690966796875,464,53489,0.13058837890625
42,210,66003,0.16114013671875,264,65077,0.15887939453125
42,213,100134,0.2444677734375,627,97914,0.2390478515625
42,215,2157,0.00526611328125,85,1051,0.00256591796875
42,216,17387,0.04244873046875,219,16782,0.0409716796875
42,217,4024,0.00982421875,167,3666,0.0089501953125
42,219,799,0.00195068359375,117,589,0.00143798828125
42,220,24649,0.06017822265625,289,23574,0.0575537109375
42,221,5688,0.01388671875,629,1082,0.0026416015625
42,222,1476,0.003603515625,43,1352,0.00330078125
42,223,49143,0.11997802734375,356,47741,0.11655517578125
42,224,36574,0.0892919921875,656,28886,0.0705224609375
42,225,10584,0.02583984375,126,10353,0.02527587890625
42,227,43262,0.1056201171875,174,41170,0.1005126953125
42,228,42930,0.1048095703125,409,28270,0.0690185546875
42,23,6125,0.01495361328125,560,3854,0.0094091796875
42,233,53295,0.13011474609375,232,51213,0.12503173828125
42,234,4389,0.01071533203125,743,1543,0.00376708984375
42,235,48151,0.11755615234375,262,47539,0.11606201171875
42,236,59502,0.1452685546875,279,34958,0.0853466796875
42,237,33783,0.08247802734375,379,30286,0.0739404296875
42,238,3404,0.008310546875,95,3222,0.0078662109375
42,239,19660,0.047998046875,366,17420,0.042529296875
42,24,23215,0.05667724609375,175,21908,0.053486328125
42,240,23707,0.05787841796875,310,12850,0.0313720703125
42,243,77773,0.18987548828125,214,77274,0.1886572265625
42,249,65042,0.1587939453125,195,63611,0.15530029296875
42,250,35999,0.08788818359375,157,35095,0.08568115234375
42,252,423,0.00103271484375,48,304,0.0007421875
42,253,2149,0.00524658203125,216,1404,0.003427734375
42,254,37990,0.0927490234375,188,37624,0.09185546875
42,255,63762,0.1556689453125,289,63069,0.15397705078125
42,257,5424,0.0132421875,644,1924,0.004697265625
42,258,3585,0.00875244140625,139,1759,0.00429443359375
42,259,871,0.00212646484375,39,783,0.00191162109375
42,26,8196,0.020009765625,205,7724,0.018857421875
42,260,26888,0.06564453125,186,14092,0.034404296875
42,261,30837,0.07528564453125,536,16927,0.04132568359375
42,263,3204,0.007822265625,90,3014,0.0073583984375
42,264,77423,0.18902099609375,362,50664,0.12369140625
42,265,7432,0.01814453125,101,4688,0.0114453125
42,266,45716,0.111611328125,248,43872,0.107109375
42,268,59912,0.14626953125,217,59295,0.14476318359375
42,269,584,0.00142578125,58,485,0.00118408203125
42,27,74617,0.18217041015625,254,74105,0.18092041015625
42,270,1600,0.00390625,175,1193,0.00291259765625
42,271,11429,0.02790283203125,191,5532,0.013505859375
42,272,38392,0.09373046875,582,31925,0.07794189453125
42,273,60693,0.14817626953125,423,58317,0.14237548828125
42,274,49958,0.1219677734375,221,46873,0.11443603515625
42,275,25962,0.0633837890625,197,25268,0.061689453125
42,276,89724,0.219052734375,244,89129,0.21760009765625
42,277,42004,0.102548828125,203,41530,0.1013916015625
42,278,57097,0.13939697265625,154,56701,0.13843017578125
42,279,41317,0.10087158203125,214,39470,0.0963623046875
42,28,13945,0.03404541015625,135,11547,0.02819091796875
42,281,70536,0.17220703125,348,59355,0.14490966796875
42,282,26704,0.0651953125,294,21519,0.05253662109375
42,283,4706,0.0114892578125,71,4554,0.0111181640625
42,284,7893,0.01927001953125,83,7708,0.018818359375
42,285,28064,0.068515625,256,19021,0.04643798828125
42,286,6693,0.01634033203125,98,6493,0.01585205078125
42,287,50873,0.12420166015625,321,50215,0.12259521484375
42,288,4942,0.0120654296875,171,4018,0.0098095703125
42,289,27783,0.06782958984375,826,20074,0.0490087890625
42,29,2113,0.00515869140625,149,858,0.0020947265625
42,290,45916,0.112099609375,173,43375,0.10589599609375
42,291,23540,0.057470703125,318,15596,0.038076171875
42,292,52441,0.12802978515625,304,51672,0.12615234375
42,294,14207,0.03468505859375,213,7187,0.01754638671875
42,295,1286,0.0031396484375,104,1078,0.0026318359375
42,296,1441,0.00351806640625,71,1336,0.00326171875
42,297,78261,0.19106689453125,320,63677,0.15546142578125
42,299,1218,0.0029736328125,167,806,0.0019677734375
42,3,18444,0.045029296875,228,15969,0.03898681640625
42,300,24523,0.05987060546875,339,23465,0.05728759765625
42,301,109414,0.2671240234375,1023,106305,0.25953369140625
42,302,95063,0.23208740234375,378,65862,0.1607958984375
42,303,3982,0.0097216796875,206,3584,0.00875
42,304,51319,0.12529052734375,213,44250,0.1080322265625
42,305,15587,0.03805419921875,369,9942,0.0242724609375
42,306,33087,0.08077880859375,322,23916,0.058388671875
42,307,34126,0.0833154296875,276,32143,0.07847412109375
42,31,44638,0.1089794921875,303,35460,0.086572265625
42,311,42582,0.1039599609375,324,22942,0.0560107421875
42,312,3515,0.00858154296875,99,2115,0.00516357421875
42,313,45938,0.1121533203125,322,40217,0.09818603515625
42,314,6263,0.01529052734375,816,3858,0.0094189453125
42,315,7589,0.01852783203125,88,7425,0.01812744140625
42,316,22061,0.05385986328125,240,21279,0.05195068359375
42,317,19719,0.04814208984375,124,18568,0.04533203125
42,318,21816,0.05326171875,540,19684,0.048056640625
42,319,51375,0.12542724609375,244,50817,0.12406494140625
42,321,66502,0.1623583984375,252,65395,0.15965576171875
42,322,2487,0.00607177734375,92,2321,0.00566650390625
42,325,4914,0.0119970703125,148,3949,0.00964111328125
42,326,11218,0.0273876953125,193,5854,0.0142919921875
42,327,26944,0.06578125,877,20484,0.050009765625
42,329,54270,0.1324951171875,293,42712,0.10427734375
42,33,22099,0.05395263671875,166,12659,0.03090576171875
42,331,10668,0.026044921875,163,8146,0.0198876953125
42,332,51341,0.12534423828125,302,50544,0.1233984375
42,333,30065,0.07340087890625,187,28549,0.06969970703125
42,334,54753,0.13367431640625,328,49700,0.121337890625
42,335,17493,0.04270751953125,882,14836,0.036220703125
42,336,770,0.0018798828125,126,501,0.00122314453125
42,337,71737,0.17513916015625,442,47071,0.11491943359375
42,338,19192,0.04685546875,259,12063,0.02945068359375
42,339,123611,0.30178466796875,331,89640,0.21884765625
42,34,5637,0.01376220703125,128,5357,0.01307861328125
42,341,3240,0.00791015625,468,1649,0.00402587890625
42,343,39783,0.09712646484375,286,34956,0.085341796875
42,344,52639,0.12851318359375,178,52279,0.12763427734375
42,345,57930,0.1414306640625,314,51358,0.1253857421875
42,346,68620,0.167529296875,342,67870,0.1656982421875
42,347,29617,0.07230712890625,287,26358,0.0643505859375
42,348,964,0.002353515625,117,642,0.0015673828125
42,349,53473,0.13054931640625,149,53199,0.12988037109375
42,352,119157,0.29091064453125,378,118233,0.28865478515625
42,354,3093,0.00755126953125,216,1340,0.003271484375
42,355,1819,0.00444091796875,106,1308,0.003193359375
42,356,3452,0.008427734375,57,3346,0.0081689453125
42,358,70353,0.17176025390625,288,69668,0.170087890625
42,359,1304,0.00318359375,91,1126,0.0027490234375
42,360,21244,0.051865234375,178,15454,0.0377294921875
42,362,1713,0.00418212890625,103,754,0.0018408203125
42,363,70867,0.17301513671875,718,63092,0.154033203125
42,365,40939,0.09994873046875,264,39952,0.0975390625
42,366,42605,0.10401611328125,749,40121,0.09795166015625
42,367,68409,0.16701416015625,278,64615,0.15775146484375
42,368,57200,0.1396484375,357,35210,0.0859619140625
42,369,38208,0.09328125,553,24989,0.06100830078125
42,37,13397,0.03270751953125,264,8597,0.02098876953125
42,374,3188,0.007783203125,386,1217,0.00297119140625
42,376,84160,0.20546875,224,83623,0.20415771484375
42,377,99848,0.24376953125,305,98503,0.24048583984375
42,378,101339,0.24740966796875,527,99956,0.244033203125
42,379,13821,0.03374267578125,580,6876,0.016787109375
42,38,45653,0.11145751953125,273,40061,0.09780517578125
42,382,1281,0.00312744140625,61,1169,0.00285400390625
42,384,38564,0.094150390625,223,35623,0.08697021484375
42,385,63740,0.155615234375,236,63302,0.1545458984375
42,386,1644,0.004013671875,87,1499,0.00365966796875
42,387,1428,0.003486328125,49,1333,0.00325439453125
42,388,13743,0.03355224609375,186,12265,0.02994384765625
42,389,2541,0.00620361328125,47,1503,0.00366943359375
42,391,5311,0.01296630859375,291,3578,0.0087353515625
42,393,7886,0.0192529296875,541,4035,0.00985107421875
42,394,976,0.0023828125,50,900,0.002197265625
42,395,3779,0.00922607421875,177,1397,0.00341064453125
42,396,49832,0.12166015625,144,49495,0.12083740234375
42,397,31366,0.0765771484375,266,23282,0.0568408203125
42,398,31412,0.076689453125,211,30765,0.07510986328125
42,399,10369,0.02531494140625,198,7586,0.0185205078125
42,401,768,0.001875,113,496,0.0012109375
42,402,8126,0.0198388671875,180,7221,0.01762939453125
42,404,32830,0.0801513671875,338,32084,0.078330078125
42,405,3885,0.00948486328125,123,2316,0.005654296875
42,407,9650,0.0235595703125,184,5791,0.01413818359375
42,410,42672,0.1041796875,306,37352,0.09119140625
42,412,6861,0.01675048828125,478,4191,0.01023193359375
42,413,6877,0.01678955078125,162,5575,0.01361083984375
42,415,34151,0.08337646484375,188,33756,0.082412109375
42,417,92059,0.22475341796875,262,90581,0.22114501953125
42,418,559,0.00136474609375,43,466,0.0011376953125
42,419,20288,0.04953125,376,15889,0.03879150390625
42,420,41060,0.100244140625,290,25614,0.0625341796875
42,421,19751,0.04822021484375,160,19433,0.04744384765625
42,423,9056,0.022109375,120,8380,0.020458984375
42,424,70297,0.17162353515625,315,40123,0.09795654296875
42,426,42226,0.1030908203125,230,35226,0.0860009765625
42,427,15965,0.03897705078125,133,15678,0.0382763671875
42,428,21396,0.052236328125,632,18985,0.04635009765625
42,429,2399,0.00585693359375,240,1200,0.0029296875
42,43,37550,0.0916748046875,420,27005,0.06593017578125
42,431,33990,0.0829833984375,208,33521,0.08183837890625
42,434,3372,0.008232421875,72,2403,0.00586669921875
42,435,2386,0.0058251953125,71,1699,0.00414794921875
42,436,6366,0.0155419921875,25,6304,0.015390625
42,439,37581,0.09175048828125,132,35679,0.08710693359375
42,44,39533,0.09651611328125,223,39040,0.0953125
42,441,34286,0.0837060546875,44,34220,0.083544921875
42,442,14577,0.03558837890625,358,11760,0.0287109375
42,443,1343,0.00327880859375,6,1318,0.0032177734375
42,444,12641,0.03086181640625,91,5773,0.01409423828125
42,445,804,0.001962890625,15,755,0.00184326171875
42,446,2435,0.00594482421875,19,2406,0.0058740234375
42,447,30778,0.0751416015625,133,29363,0.07168701171875
42,448,48563,0.11856201171875,193,47057,0.11488525390625
42,449,46665,0.11392822265625,157,42321,0.10332275390625
42,450,780,0.001904296875,8,764,0.001865234375
42,451,911,0.00222412109375,13,562,0.0013720703125
42,452,73460,0.179345703125,305,69807,0.17042724609375
42,455,1809,0.00441650390625,28,1035,0.00252685546875
42,456,1757,0.00428955078125,6,938,0.0022900390625
42,457,548,0.001337890625,26,504,0.00123046875
42,458,12693,0.03098876953125,248,10588,0.025849609375
42,459,5323,0.01299560546875,82,5117,0.01249267578125
42,461,502,0.0012255859375,2,501,0.00122314453125
42,462,1969,0.00480712890625,12,1351,0.00329833984375
42,463,42517,0.10380126953125,280,24524,0.059873046875
42,465,2346,0.0057275390625,30,958,0.0023388671875
42,466,72374,0.1766943359375,274,69602,0.1699267578125
42,467,14257,0.03480712890625,215,11165,0.02725830078125
42,468,29502,0.0720263671875,224,23089,0.05636962890625
42,469,48763,0.11905029296875,313,46583,0.11372802734375
42,470,3637,0.00887939453125,183,1172,0.002861328125
42,471,404,0.000986328125,7,389,0.00094970703125
42,474,1544,0.00376953125,8,912,0.0022265625
42,476,922,0.0022509765625,76,315,0.00076904296875
42,478,736,0.001796875,84,298,0.0007275390625
42,48,13679,0.03339599609375,156,13256,0.03236328125
42,480,1007,0.00245849609375,2,1006,0.0024560546875
42,481,117700,0.287353515625,190,65935,0.16097412109375
42,482,69838,0.1705029296875,45,55869,0.13639892578125
42,483,70716,0.172646484375,150,69922,0.1707080078125
42,485,36916,0.090126953125,264,30829,0.07526611328125
42,486,63331,0.15461669921875,250,60572,0.147880859375
42,487,8249,0.02013916015625,151,3160,0.00771484375
42,488,103931,0.25373779296875,284,103230,0.2520263671875
42,489,63461,0.15493408203125,111,63157,0.15419189453125
42,49,10228,0.024970703125,303,4645,0.01134033203125
42,492,1435,0.00350341796875,177,257,0.00062744140625
42,494,3942,0.0096240234375,23,3903,0.00952880859375
42,495,8786,0.0214501953125,74,7262,0.0177294921875
42,497,1118,0.0027294921875,115,546,0.0013330078125
42,498,4220,0.010302734375,133,2462,0.0060107421875
42,499,57411,0.14016357421875,171,33700,0.082275390625
42,50,2822,0.0068896484375,208,1328,0.0032421875
42,501,42219,0.10307373046875,501,23609,0.05763916015625
42,503,743,0.00181396484375,25,669,0.00163330078125
42,505,2071,0.00505615234375,63,1865,0.00455322265625
42,508,27071,0.06609130859375,297,25316,0.061806640625
42,510,843,0.00205810546875,55,312,0.00076171875
42,512,739,0.00180419921875,2,738,0.0018017578125
42,513,9191,0.02243896484375,218,6012,0.014677734375
42,514,1276,0.003115234375,10,1260,0.003076171875
42,518,2354,0.0057470703125,225,746,0.0018212890625
42,52,45938,0.1121533203125,643,42970,0.1049072265625
42,520,492,0.001201171875,60,263,0.00064208984375
42,524,2734,0.0066748046875,3,1387,0.00338623046875
42,526,1698,0.0041455078125,8,1168,0.0028515625
42,528,1144,0.00279296875,70,479,0.00116943359375
42,529,947,0.00231201171875,10,938,0.0022900390625
42,53,19756,0.048232421875,421,15135,0.03695068359375
42,530,18424,0.04498046875,185,17358,0.0423779296875
42,531,42281,0.10322509765625,161,40760,0.09951171875
42,532,1025,0.00250244140625,28,985,0.00240478515625
42,533,65243,0.15928466796875,185,64332,0.157060546875
42,534,54883,0.13399169921875,126,54636,0.133388671875
42,536,8076,0.019716796875,33,6898,0.0168408203125
42,537,79869,0.19499267578125,265,77354,0.1888525390625
42,54,68899,0.16821044921875,402,58510,0.1428466796875
42,541,1145,0.00279541015625,169,350,0.0008544921875
42,542,48483,0.11836669921875,157,48212,0.117705078125
42,544,20313,0.04959228515625,372,7842,0.0191455078125
42,546,1945,0.00474853515625,27,1335,0.00325927734375
42,547,46871,0.11443115234375,143,45811,0.11184326171875
42,55,19794,0.0483251953125,721,17749,0.04333251953125
42,551,59867,0.14615966796875,16,58496,0.1428125
42,553,2705,0.00660400390625,36,1445,0.00352783203125
42,556,20460,0.049951171875,236,15381,0.03755126953125
42,557,1883,0.00459716796875,30,1074,0.0026220703125
42,558,1655,0.00404052734375,28,1414,0.0034521484375
42,559,91224,0.22271484375,343,63486,0.1549951171875
42,56,6912,0.016875,142,6556,0.016005859375
42,560,10356,0.025283203125,2,10355,0.02528076171875
42,562,13964,0.034091796875,199,9949,0.02428955078125
42,563,7962,0.0194384765625,40,5812,0.014189453125
42,567,58696,0.14330078125,189,58322,0.1423876953125
42,569,11233,0.02742431640625,98,10088,0.02462890625
42,57,1401,0.00342041015625,53,1286,0.0031396484375
42,570,3470,0.0084716796875,53,1254,0.0030615234375
42,572,81341,0.19858642578125,222,80846,0.1973779296875
42,573,49884,0.121787109375,33,42462,0.1036669921875
42,578,7150,0.0174560546875,76,4634,0.0113134765625
42,579,72364,0.176669921875,118,71918,0.1755810546875
42,58,58773,0.14348876953125,258,56189,0.13718017578125
42,580,360,0.00087890625,3,357,0.00087158203125
42,582,21427,0.05231201171875,113,18556,0.045302734375
42,583,41591,0.10154052734375,37,40887,0.09982177734375
42,584,366,0.0008935546875,1,366,0.0008935546875
42,585,13870,0.0338623046875,83,7428,0.018134765625
42,586,38508,0.094013671875,116,37572,0.091728515625
42,588,6194,0.0151220703125,18,5606,0.0136865234375
42,59,17501,0.04272705078125,294,15004,0.036630859375
42,590,10822,0.0264208984375,89,9248,0.022578125
42,591,6636,0.016201171875,154,4634,0.0113134765625
42,593,83208,0.20314453125,177,82872,0.20232421875
42,594,34502,0.0842333984375,25,33488,0.0817578125
42,6,28817,0.07035400390625,176,28431,0.06941162109375
42,602,17939,0.04379638671875,126,15868,0.038740234375
42,604,988,0.002412109375,2,987,0.00240966796875
42,606,40197,0.09813720703125,25,39772,0.097099609375
42,608,64412,0.157255859375,29,59532,0.145341796875
42,610,54941,0.13413330078125,222,53184,0.12984375
42,612,11522,0.0281298828125,165,6392,0.01560546875
42,613,8663,0.02114990234375,19,7439,0.01816162109375
42,615,20523,0.05010498046875,228,9283,0.02266357421875
42,616,69988,0.170869140625,46,69921,0.17070556640625
42,617,30538,0.0745556640625,129,23164,0.056552734375
42,618,1795,0.00438232421875,39,1705,0.00416259765625
42,619,458,0.0011181640625,26,408,0.00099609375
42,620,77251,0.18860107421875,423,74934,0.1829443359375
42,621,1003,0.00244873046875,1,1003,0.00244873046875
42,622,5591,0.01364990234375,10,5581,0.01362548828125
42,623,17447,0.04259521484375,128,15909,0.03884033203125
42,624,13013,0.03177001953125,1,13013,0.03177001953125
42,626,11765,0.02872314453125,226,4343,0.01060302734375
42,627,735,0.00179443359375,10,716,0.001748046875
42,628,27168,0.066328125,71,27081,0.06611572265625
42,63,7797,0.01903564453125,208,7392,0.018046875
42,630,2192,0.0053515625,30,1035,0.00252685546875
42,631,10863,0.02652099609375,16,6687,0.01632568359375
42,632,85378,0.2084423828125,84,42633,0.10408447265625
42,633,3484,0.008505859375,83,1562,0.0038134765625
42,634,39082,0.0954150390625,124,33417,0.08158447265625
42,636,19704,0.04810546875,78,19057,0.04652587890625
42,637,14437,0.03524658203125,95,12631,0.03083740234375
42,638,2064,0.0050390625,1,2064,0.0050390625
42,639,10186,0.0248681640625,218,6607,0.01613037109375
42,64,5659,0.01381591796875,110,5469,0.01335205078125
42,640,34970,0.0853759765625,269,27801,0.06787353515625
42,641,43116,0.105263671875,62,42270,0.1031982421875
42,642,2572,0.006279296875,90,1747,0.00426513671875
42,645,32843,0.08018310546875,167,30679,0.07489990234375
42,65,44266,0.1080712890625,205,43824,0.1069921875
42,650,2599,0.00634521484375,14,2107,0.00514404296875
42,652,18530,0.0452392578125,50,18377,0.04486572265625
42,653,80264,0.19595703125,367,61621,0.15044189453125
42,654,3049,0.00744384765625,168,1019,0.00248779296875
42,655,527,0.00128662109375,22,459,0.00112060546875
42,656,42327,0.10333740234375,49,42217,0.10306884765625
42,658,17874,0.0436376953125,183,13265,0.03238525390625
42,659,68358,0.1668896484375,197,68003,0.16602294921875
42,66,4365,0.01065673828125,197,3925,0.00958251953125
42,661,12714,0.0310400390625,148,3912,0.00955078125
42,663,50029,0.12214111328125,171,49535,0.12093505859375
42,665,18828,0.045966796875,73,16506,0.0402978515625
42,666,82266,0.2008447265625,394,69277,0.16913330078125
42,667,4962,0.0121142578125,117,4070,0.0099365234375
42,67,43944,0.10728515625,254,42769,0.10441650390625
42,670,1560,0.00380859375,61,1346,0.0032861328125
42,672,19029,0.04645751953125,389,15716,0.038369140625
42,674,39517,0.09647705078125,57,39402,0.0961962890625
42,675,2043,0.00498779296875,42,1963,0.00479248046875
42,676,791,0.00193115234375,10,777,0.00189697265625
42,678,266,0.0006494140625,23,97,0.00023681640625
42,679,902,0.0022021484375,16,869,0.00212158203125
42,68,1982,0.0048388671875,71,1296,0.0031640625
42,682,21237,0.05184814453125,139,16769,0.04093994140625
42,683,526,0.0012841796875,12,500,0.001220703125
42,685,23071,0.05632568359375,101,21438,0.0523388671875
42,688,26398,0.0644482421875,150,26052,0.063603515625
42,689,45222,0.1104052734375,69,44334,0.1082373046875
42,69,2208,0.005390625,73,1107,0.00270263671875
42,690,121470,0.2965576171875,220,68609,0.16750244140625
42,694,15035,0.03670654296875,237,5783,0.01411865234375
42,695,2174,0.0053076171875,128,618,0.0015087890625
42,696,2119,0.00517333984375,145,1048,0.00255859375
42,697,55517,0.13553955078125,26,55475,0.13543701171875
42,698,35304,0.08619140625,149,34030,0.0830810546875
42,699,865,0.00211181640625,18,827,0.00201904296875
42,7,59601,0.14551025390625,263,58286,0.1422998046875
42,701,60475,0.14764404296875,214,57246,0.1397607421875
42,702,1416,0.00345703125,16,1392,0.0033984375
42,705,108372,0.264580078125,359,99467,0.24283935546875
42,707,1375,0.00335693359375,26,1335,0.00325927734375
42,708,4991,0.01218505859375,40,2734,0.0066748046875
42,71,48428,0.118232421875,256,47902,0.1169482421875
42,710,29169,0.07121337890625,76,26865,0.06558837890625
42,711,978,0.0023876953125,26,912,0.0022265625
42,712,1168,0.0028515625,16,1144,0.00279296875
42,714,55055,0.13441162109375,98,54826,0.1338525390625
42,715,6069,0.01481689453125,127,3530,0.0086181640625
42,716,2902,0.0070849609375,30,2852,0.006962890625
42,717,12462,0.0304248046875,43,6665,0.01627197265625
42,719,36397,0.08885986328125,95,35292,0.086162109375
42,72,14530,0.0354736328125,828,10644,0.025986328125
42,721,69669,0.17009033203125,119,68770,0.1678955078125
42,724,28498,0.0695751953125,35,28435,0.06942138671875
42,726,19104,0.046640625,187,13491,0.03293701171875
42,727,4369,0.01066650390625,131,2812,0.006865234375
42,728,1667,0.00406982421875,31,926,0.0022607421875
42,73,1825,0.00445556640625,71,1163,0.00283935546875
42,731,17065,0.04166259765625,39,17002,0.0415087890625
42,732,4302,0.0105029296875,125,2086,0.0050927734375
42,733,49919,0.12187255859375,78,35536,0.0867578125
42,734,3991,0.00974365234375,213,1036,0.002529296875
42,735,27873,0.06804931640625,299,19818,0.0483837890625
42,737,46205,0.11280517578125,137,45044,0.109970703125
42,740,23712,0.057890625,444,17365,0.04239501953125
42,741,70593,0.17234619140625,299,56380,0.137646484375
42,742,421,0.00102783203125,76,199,0.00048583984375
42,744,1667,0.00406982421875,10,1009,0.00246337890625
42,745,24338,0.0594189453125,249,14993,0.03660400390625
42,746,14420,0.035205078125,32,14296,0.03490234375
42,747,1575,0.00384521484375,48,1437,0.00350830078125
42,748,5727,0.01398193359375,18,4247,0.01036865234375
42,75,14216,0.03470703125,259,6864,0.0167578125
42,751,69416,0.16947265625,262,43699,0.10668701171875
42,754,4331,0.01057373046875,46,4243,0.01035888671875
42,755,40276,0.098330078125,142,40016,0.0976953125
42,756,63261,0.15444580078125,65,62233,0.15193603515625
42,758,4237,0.01034423828125,173,1255,0.00306396484375
42,76,72709,0.17751220703125,267,69589,0.16989501953125
42,760,15073,0.03679931640625,58,14208,0.0346875
42,761,2188,0.005341796875,95,1148,0.002802734375
42,762,2462,0.0060107421875,25,1433,0.00349853515625
42,763,47715,0.11649169921875,69,45616,0.1113671875
42,764,624,0.0015234375,4,619,0.00151123046875
42,765,756,0.001845703125,71,543,0.00132568359375
42,766,22363,0.05459716796875,305,17700,0.043212890625
42,769,17328,0.0423046875,75,17080,0.04169921875
42,770,58035,0.14168701171875,138,51101,0.12475830078125
42,771,962,0.0023486328125,13,946,0.0023095703125
42,772,1608,0.00392578125,79,678,0.0016552734375
42,774,2404,0.005869140625,87,1140,0.002783203125
42,777,792,0.00193359375,3,787,0.00192138671875
42,779,601,0.00146728515625,1,601,0.00146728515625
42,780,1588,0.003876953125,23,1139,0.00278076171875
42,782,8300,0.020263671875,62,7636,0.018642578125
42,784,48616,0.11869140625,128,46522,0.1135791015625
42,786,85031,0.20759521484375,296,77265,0.18863525390625
42,787,2503,0.00611083984375,110,760,0.00185546875
42,788,46283,0.11299560546875,106,46019,0.11235107421875
42,789,304,0.0007421875,2,303,0.00073974609375
42,79,101739,0.24838623046875,378,100770,0.2460205078125
42,790,224,0.000546875,18,194,0.0004736328125
42,791,4449,0.01086181640625,23,3968,0.0096875
42,794,54172,0.132255859375,87,52607,0.12843505859375
42,795,14493,0.03538330078125,263,5034,0.0122900390625
42,796,2269,0.00553955078125,44,1586,0.0038720703125
42,797,5752,0.01404296875,124,2682,0.0065478515625
42,798,27560,0.06728515625,402,24141,0.05893798828125
42,799,1100,0.002685546875,25,935,0.00228271484375
42,8,41073,0.10027587890625,190,38124,0.093076171875
42,80,34633,0.08455322265625,306,24899,0.06078857421875
42,800,16487,0.04025146484375,205,12512,0.030546875
42,802,16785,0.04097900390625,45,16693,0.04075439453125
42,803,37281,0.09101806640625,77,37093,0.09055908203125
42,804,1417,0.00345947265625,11,1395,0.00340576171875
42,805,19936,0.048671875,303,10032,0.0244921875
42,807,89601,0.21875244140625,232,67418,0.1645947265625
42,808,14151,0.03454833984375,54,13721,0.03349853515625
42,809,61921,0.15117431640625,187,53538,0.1307080078125
42,81,71116,0.173623046875,226,70595,0.17235107421875
42,810,1955,0.00477294921875,13,749,0.00182861328125
42,812,1573,0.00384033203125,86,1247,0.00304443359375
42,813,66459,0.16225341796875,169,38585,0.09420166015625
42,814,47134,0.1150732421875,141,45280,0.110546875
42,815,17787,0.04342529296875,383,7532,0.018388671875
42,816,5567,0.01359130859375,97,5155,0.01258544921875
42,817,46425,0.11334228515625,25,45822,0.1118701171875
42,818,62174,0.1517919921875,145,59787,0.14596435546875
42,82,66787,0.16305419921875,268,66254,0.1617529296875
42,821,13270,0.0323974609375,51,12149,0.02966064453125
42,822,54966,0.1341943359375,320,51719,0.12626708984375
42,825,137221,0.33501220703125,268,69041,0.16855712890625
42,826,49712,0.1213671875,180,44827,0.10944091796875
42,828,68863,0.16812255859375,51,68725,0.16778564453125
42,83,8586,0.0209619140625,166,4068,0.009931640625
42,830,47686,0.1164208984375,100,47123,0.11504638671875
42,831,2999,0.00732177734375,36,1506,0.0036767578125
42,832,52846,0.1290185546875,68,52720,0.1287109375
42,833,80024,0.19537109375,126,40643,0.09922607421875
42,834,4828,0.011787109375,18,4798,0.0117138671875
42,835,426,0.0010400390625,27,363,0.00088623046875
42,838,32202,0.0786181640625,827,7393,0.01804931640625
42,84,1449,0.00353759765625,95,700,0.001708984375
42,844,59328,0.14484375,171,51197,0.12499267578125
42,847,67483,0.16475341796875,166,66664,0.16275390625
42,85,44311,0.10818115234375,152,43968,0.10734375
42,850,52705,0.12867431640625,174,48028,0.117255859375
42,852,57475,0.14031982421875,134,57117,0.13944580078125
42,854,16444,0.040146484375,63,15043,0.03672607421875
42,855,10244,0.025009765625,22,10201,0.02490478515625
42,856,8913,0.02176025390625,118,7215,0.01761474609375
42,859,1154,0.0028173828125,105,414,0.0010107421875
42,86,91858,0.2242626953125,348,89821,0.21928955078125
42,860,25729,0.06281494140625,429,14705,0.03590087890625
42,861,1337,0.00326416015625,13,752,0.0018359375
42,862,44188,0.107880859375,64,42510,0.1037841796875
42,866,6785,0.01656494140625,272,1552,0.0037890625
42,868,378,0.0009228515625,13,350,0.0008544921875
42,871,921,0.00224853515625,12,762,0.0018603515625
42,872,8354,0.0203955078125,52,8258,0.0201611328125
42,873,2614,0.0063818359375,111,2196,0.005361328125
42,874,65824,0.160703125,115,64339,0.15707763671875
42,875,15664,0.0382421875,76,12139,0.02963623046875
42,879,41511,0.10134521484375,179,40035,0.09774169921875
42,88,3922,0.0095751953125,81,2708,0.006611328125
42,883,7953,0.01941650390625,81,5961,0.01455322265625
42,884,575,0.00140380859375,3,573,0.00139892578125
42,885,75203,0.18360107421875,323,59571,0.14543701171875
42,886,8597,0.02098876953125,161,5398,0.0131787109375
42,887,37557,0.09169189453125,76,37104,0.0905859375
42,889,10228,0.024970703125,291,2956,0.007216796875
42,89,860,0.002099609375,63,771,0.00188232421875
42,890,13959,0.03407958984375,34,7260,0.017724609375
42,891,118841,0.29013916015625,158,72819,0.17778076171875
42,892,14064,0.0343359375,228,7287,0.01779052734375
42,893,2559,0.00624755859375,100,1684,0.004111328125
42,894,19220,0.046923828125,233,16003,0.03906982421875
42,895,50948,0.124384765625,180,44759,0.10927490234375
42,898,61257,0.14955322265625,246,58664,0.14322265625
42,899,10082,0.0246142578125,187,4200,0.01025390625
42,9,19396,0.047353515625,212,17677,0.04315673828125
42,900,1203,0.00293701171875,121,589,0.00143798828125
42,901,78877,0.19257080078125,476,39119,0.09550537109375
42,902,1746,0.0042626953125,6,913,0.00222900390625
42,903,33146,0.0809228515625,272,29913,0.07302978515625
42,904,2689,0.00656494140625,78,2320,0.0056640625
42,908,1906,0.0046533203125,51,1022,0.0024951171875
42,909,9164,0.022373046875,94,5850,0.0142822265625
42,91,3235,0.00789794921875,99,2999,0.00732177734375
42,911,54573,0.13323486328125,154,52567,0.12833740234375
42,912,819,0.00199951171875,17,792,0.00193359375
42,913,54326,0.1326318359375,82,49577,0.12103759765625
42,914,18107,0.04420654296875,69,17926,0.0437646484375
42,916,12425,0.03033447265625,147,10717,0.02616455078125
42,917,18922,0.0461962890625,259,11590,0.0282958984375
42,918,8407,0.02052490234375,372,1712,0.0041796875
42,919,5405,0.01319580078125,171,1657,0.00404541015625
42,920,2483,0.00606201171875,94,1773,0.00432861328125
42,921,29355,0.07166748046875,64,29194,0.0712744140625
42,923,12580,0.030712890625,104,11574,0.0282568359375
42,927,63050,0.1539306640625,66,60599,0.14794677734375
42,929,6498,0.0158642578125,14,6468,0.015791015625
42,93,63902,0.1560107421875,290,63292,0.154521484375
42,930,7366,0.0179833984375,376,4548,0.011103515625
42,931,975,0.00238037109375,20,926,0.0022607421875
42,934,12045,0.02940673828125,77,10289,0.02511962890625
42,935,50528,0.123359375,205,49898,0.1218212890625
42,936,112166,0.2738427734375,237,71947,0.17565185546875
42,938,37498,0.0915478515625,112,37259,0.09096435546875
42,94,12404,0.030283203125,149,6510,0.0158935546875
42,941,1032,0.00251953125,22,843,0.00205810546875
42,942,58232,0.14216796875,217,57527,0.14044677734375
42,943,4298,0.0104931640625,93,1227,0.00299560546875
42,944,50500,0.123291015625,60,50169,0.12248291015625
42,945,1174,0.0028662109375,6,1165,0.00284423828125
42,947,365,0.00089111328125,13,247,0.00060302734375
42,949,579,0.00141357421875,15,550,0.0013427734375
42,95,6441,0.01572509765625,153,4807,0.01173583984375
42,950,9766,0.0238427734375,447,4041,0.00986572265625
42,952,15623,0.03814208984375,95,8636,0.021083984375
42,953,1382,0.0033740234375,102,216,0.00052734375
42,954,7895,0.01927490234375,469,942,0.0022998046875
42,958,76483,0.18672607421875,84,69551,0.16980224609375
42,959,13215,0.03226318359375,350,6719,0.01640380859375
42,96,2802,0.0068408203125,140,2513,0.00613525390625
42,960,69217,0.16898681640625,147,66330,0.1619384765625
42,961,1721,0.00420166015625,114,1285,0.00313720703125
42,963,1261,0.00307861328125,15,1241,0.00302978515625
42,964,23077,0.05634033203125,303,20489,0.05002197265625
42,966,61171,0.14934326171875,99,57254,0.1397802734375
42,968,42032,0.1026171875,105,38073,0.09295166015625
42,969,497,0.00121337890625,2,496,0.0012109375
42,97,58786,0.1435205078125,328,58045,0.14171142578125
42,970,13110,0.0320068359375,172,9099,0.02221435546875
42,971,17726,0.0432763671875,70,17597,0.04296142578125
42,973,378,0.0009228515625,5,369,0.00090087890625
42,974,2143,0.00523193359375,24,2112,0.00515625
42,976,7148,0.017451171875,69,4641,0.01133056640625
42,977,117,0.00028564453125,36,33,8.056640625e-05
42,98,55649,0.13586181640625,209,55232,0.13484375
42,980,304,0.0007421875,8,290,0.0007080078125
42,981,23983,0.05855224609375,198,19433,0.04744384765625
42,984,72169,0.17619384765625,95,69582,0.1698779296875
42,985,13757,0.03358642578125,136,9670,0.0236083984375
42,986,4684,0.011435546875,18,4657,0.01136962890625
42,99,6098,0.0148876953125,217,3002,0.0073291015625
42,991,2743,0.00669677734375,89,878,0.0021435546875
42,992,80940,0.197607421875,270,69579,0.16987060546875
42,995,557,0.00135986328125,2,555,0.00135498046875
42,996,64231,0.15681396484375,64,62965,0.15372314453125
42,997,3233,0.00789306640625,113,1468,0.003583984375
42,998,44951,0.10974365234375,118,43419,0.10600341796875
42,999,29555,0.07215576171875,232,16518,0.0403271484375
