image_id,edit_id,seed,family,outlier_type,reason,changed_pixel_ratio,mask_area_ratio,visible_change_ratio,connected_components,largest_component_ratio_lower_bound,image_level_changed_pixel_ratio,image_level_largest_component_ratio
1,seed42_edit00,42,D_irregular_boundary,NOISE_PATTERN_CANDIDATE,fragmented_refined_mask,0.067412109375,0.0671630859375,0.7497342817431117,29,0.0023159684806034484,0.24509033203125,0.23820556640625
1001,seed42_edit01,42,D_irregular_boundary,NOISE_PATTERN_CANDIDATE,fragmented_refined_mask,0.05658935546875,0.05638916015625,0.5523615927298816,172,0.00032784395439680234,0.110986328125,0.09228271484375
1003,seed42_edit01,42,D_irregular_boundary,NOISE_PATTERN_CANDIDATE,fragmented_refined_mask,0.0048486328125,0.004794921875,0.08895330404456724,256,1.873016357421875e-05,0.01065673828125,0.0031005859375
1005,seed42_edit01,42,D_irregular_boundary,NOISE_PATTERN_CANDIDATE,fragmented_refined_mask,0.04902587890625,0.0484765625,0.6324372531532679,100,0.000484765625,0.0564599609375,0.03361572265625
1008,seed42_edit01,42,C_elongated_ribbon,WEAK_CHANGE_CANDIDATE,changed_pixel_ratio_at_or_below_weak_threshold,2.9296875e-05,2.9296875e-05,0.004685669660288949,7,4.185267857142857e-06,0.00287109375,0.00252197265625
101,seed42_edit01,42,D_irregular_boundary,NOISE_PATTERN_CANDIDATE,fragmented_refined_mask,0.032705078125,0.0324755859375,0.6665664461815995,73,0.00044487104023972605,0.04132080078125,0.0381591796875
103,seed42_edit01,42,C_elongated_ribbon,NOISE_PATTERN_CANDIDATE,fragmented_refined_mask,0.00266845703125,0.00264404296875,0.49227272727272725,26,0.00010169396033653846,0.02505859375,0.02240478515625
104,seed42_edit00,42,D_irregular_boundary,NOISE_PATTERN_CANDIDATE,fragmented_refined_mask,0.04725830078125,0.0464990234375,0.7292009648148857,30,0.0015499674479166668,0.0749609375,0.05415283203125
104,seed42_edit01,42,C_elongated_ribbon,NOISE_PATTERN_CANDIDATE,fragmented_refined_mask,0.00917236328125,0.00916015625,0.5281531531531531,72,0.00012722439236111113,0.0749609375,0.05415283203125
104,seed42_edit02,42,C_elongated_ribbon,NOISE_PATTERN_CANDIDATE,fragmented_refined_mask,0.004482421875,0.00445068359375,0.4657639243740419,50,8.901367187500001e-05,0.0749609375,0.05415283203125
107,seed42_edit01,42,C_elongated_ribbon,NOISE_PATTERN_CANDIDATE,fragmented_refined_mask,0.01015380859375,0.0099658203125,0.5814814814814815,23,0.00043329653532608696,0.17549072265625,0.15816650390625
107,seed42_edit02,42,C_elongated_ribbon,NOISE_PATTERN_CANDIDATE,fragmented_refined_mask,0.00934814453125,0.009326171875,0.4795380366557871,119,7.837119222689076e-05,0.17549072265625,0.15816650390625
108,seed42_edit01,42,D_irregular_boundary,NOISE_PATTERN_CANDIDATE,fragmented_refined_mask,0.02451416015625,0.0244384765625,0.6606824632037489,25,0.0009775390625,0.0326171875,0.0288623046875
117,seed42_edit00,42,C_elongated_ribbon,NOISE_PATTERN_CANDIDATE,fragmented_refined_mask,0.0104150390625,0.0103271484375,0.6802830492119653,36,0.00028686523437499996,0.016865234375,0.0127099609375
13,seed42_edit02,42,D_irregular_boundary,NOISE_PATTERN_CANDIDATE,fragmented_refined_mask,0.02468994140625,0.02419677734375,0.7275730436059316,41,0.0005901653010670732,0.147744140625,0.1429345703125
135,seed42_edit00,42,C_elongated_ribbon,NOISE_PATTERN_CANDIDATE,fragmented_refined_mask,0.00346923828125,0.00345703125,0.5217391304347826,25,0.00013828125,0.09124755859375,0.08426025390625
149,seed42_edit01,42,D_irregular_boundary,NOISE_PATTERN_CANDIDATE,fragmented_refined_mask,0.06240234375,0.0622119140625,0.6949952270557752,63,0.000987490699404762,0.0761474609375,0.07473876953125
155,seed42_edit00,42,D_irregular_boundary,NOISE_PATTERN_CANDIDATE,fragmented_refined_mask,0.01864990234375,0.01849365234375,0.7057015092230297,20,0.0009246826171875,0.02238525390625,0.021943359375
168,seed42_edit01,42,C_elongated_ribbon,WEAK_CHANGE_CANDIDATE,changed_pixel_ratio_at_or_below_weak_threshold,0.000361328125,0.00033935546875,0.13339731285988485,1,0.00033935546875,0.05302001953125,0.0518212890625
169,seed42_edit01,42,C_elongated_ribbon,NOISE_PATTERN_CANDIDATE,fragmented_refined_mask,0.0038330078125,0.003740234375,0.6108452950558214,25,0.000149609375,0.0690185546875,0.0608349609375
17,seed42_edit00,42,D_irregular_boundary,NOISE_PATTERN_CANDIDATE,fragmented_refined_mask,0.0292431640625,0.02901123046875,0.6930883639545057,33,0.0008791281960227273,0.1186279296875,0.08134521484375
171,seed42_edit00,42,D_irregular_boundary,NOISE_PATTERN_CANDIDATE,fragmented_refined_mask,0.03545654296875,0.0348779296875,0.7062138514014533,55,0.0006341441761363637,0.09079833984375,0.0895361328125
173,seed42_edit00,42,C_elongated_ribbon,NOISE_PATTERN_CANDIDATE,fragmented_refined_mask,0.00786865234375,0.00778564453125,0.5358763233070072,81,9.611906828703704e-05,0.0106787109375,0.009443359375
175,seed42_edit01,42,C_elongated_ribbon,NOISE_PATTERN_CANDIDATE,fragmented_refined_mask,0.00325927734375,0.00324462890625,0.3960071513706794,82,3.9568645198170726e-05,0.15119384765625,0.141416015625
179,seed42_edit02,42,D_irregular_boundary,NOISE_PATTERN_CANDIDATE,fragmented_refined_mask,0.053271484375,0.05276611328125,0.7235203535083021,70,0.0007538016183035714,0.07088134765625,0.06421875
18,seed42_edit01,42,C_elongated_ribbon,NOISE_PATTERN_CANDIDATE,fragmented_refined_mask,0.01077880859375,0.0107470703125,0.6132627472833658,43,0.0002499318677325582,0.08039306640625,0.06568359375
185,seed42_edit00,42,C_elongated_ribbon,NOISE_PATTERN_CANDIDATE,fragmented_refined_mask,0.00623779296875,0.0061767578125,0.32632529343479943,27,0.0002287688078703704,0.0082275390625,0.0078271484375
192,seed42_edit00,42,D_irregular_boundary,NOISE_PATTERN_CANDIDATE,fragmented_refined_mask,0.033046875,0.032783203125,0.7234913793103448,28,0.0011708286830357142,0.0395361328125,0.03834228515625
193,seed42_edit00,42,C_elongated_ribbon,NOISE_PATTERN_CANDIDATE,fragmented_refined_mask,0.006708984375,0.00663818359375,0.5471925940833166,22,0.0003017356178977273,0.0228466796875,0.00951416015625
193,seed42_edit01,42,C_elongated_ribbon,NOISE_PATTERN_CANDIDATE,fragmented_refined_mask,0.00396240234375,0.00383056640625,0.3419790758500436,136,2.8165929457720586e-05,0.0228466796875,0.00951416015625
205,seed42_edit01,42,C_elongated_ribbon,NOISE_PATTERN_CANDIDATE,fragmented_refined_mask,0.003154296875,0.00313720703125,0.2976604123233727,108,2.9048213252314814e-05,0.04319091796875,0.03414794921875
21,seed42_edit00,42,D_irregular_boundary,NOISE_PATTERN_CANDIDATE,fragmented_refined_mask,0.0309326171875,0.0306640625,0.6643042259480616,43,0.0007131177325581395,0.1690966796875,0.13058837890625
216,seed42_edit00,42,D_irregular_boundary,NOISE_PATTERN_CANDIDATE,fragmented_refined_mask,0.034443359375,0.03407470703125,0.6652209141604308,78,0.00043685521834935893,0.04244873046875,0.0409716796875
217,seed42_edit00,42,C_elongated_ribbon,NOISE_PATTERN_CANDIDATE,fragmented_refined_mask,0.0067578125,0.00671875,0.437450325862343,33,0.00020359848484848486,0.00982421875,0.0089501953125
220,seed42_edit00,42,D_irregular_boundary,NOISE_PATTERN_CANDIDATE,fragmented_refined_mask,0.05012939453125,0.0498974609375,0.7213751235352251,37,0.0013485800253378378,0.06017822265625,0.0575537109375
221,seed42_edit00,42,C_elongated_ribbon,NOISE_PATTERN_CANDIDATE,fragmented_refined_mask,0.0035498046875,0.00352783203125,0.3809649354073293,118,2.989688162076271e-05,0.01388671875,0.0026416015625
224,seed42_edit02,42,D_irregular_boundary,NOISE_PATTERN_CANDIDATE,fragmented_refined_mask,0.062314453125,0.0617919921875,0.6586343291350057,48,0.0012873331705729166,0.0892919921875,0.0705224609375
228,seed42_edit02,42,D_irregular_boundary,NOISE_PATTERN_CANDIDATE,fragmented_refined_mask,0.05947021484375,0.05826416015625,0.7256004864700517,95,0.0006133069490131579,0.1048095703125,0.0690185546875
23,seed42_edit01,42,C_elongated_ribbon,NOISE_PATTERN_CANDIDATE,fragmented_refined_mask,0.0080712890625,0.00776611328125,0.47892201144233665,71,0.00010938187720070422,0.01495361328125,0.0094091796875
234,seed42_edit00,42,C_elongated_ribbon,NOISE_PATTERN_CANDIDATE,fragmented_refined_mask,0.0040966796875,0.00404541015625,0.4860662951012027,59,6.856627383474577e-05,0.01071533203125,0.00376708984375
235,seed42_edit01,42,D_irregular_boundary,NOISE_PATTERN_CANDIDATE,fragmented_refined_mask,0.031201171875,0.030966796875,0.6731054977711739,30,0.0010322265625,0.11755615234375,0.11606201171875
237,seed42_edit00,42,D_irregular_boundary,NOISE_PATTERN_CANDIDATE,fragmented_refined_mask,0.0662744140625,0.06483154296875,0.7110914738646101,38,0.0017060932360197368,0.08247802734375,0.0739404296875
237,seed42_edit01,42,C_elongated_ribbon,NOISE_PATTERN_CANDIDATE,fragmented_refined_mask,0.00428955078125,0.00427978515625,0.36827731092436977,89,4.808747366573034e-05,0.08247802734375,0.0739404296875
238,seed42_edit00,42,C_elongated_ribbon,NOISE_PATTERN_CANDIDATE,fragmented_refined_mask,0.00635986328125,0.00630126953125,0.5627998255560401,38,0.0001658228824013158,0.008310546875,0.0078662109375
239,seed42_edit00,42,D_irregular_boundary,NOISE_PATTERN_CANDIDATE,fragmented_refined_mask,0.03607666015625,0.03582763671875,0.5915668964405209,114,0.0003142775150767544,0.047998046875,0.042529296875
240,seed42_edit02,42,D_irregular_boundary,NOISE_PATTERN_CANDIDATE,fragmented_refined_mask,0.0203125,0.01969970703125,0.7491412125150868,20,0.0009849853515624999,0.05787841796875,0.0313720703125
252,seed42_edit00,42,C_elongated_ribbon,WEAK_CHANGE_CANDIDATE,changed_pixel_ratio_at_or_below_weak_threshold,0.000390625,0.000390625,0.3611738148984199,13,3.0048076923076925e-05,0.00103271484375,0.0007421875
257,seed42_edit01,42,C_elongated_ribbon,NOISE_PATTERN_CANDIDATE,fragmented_refined_mask,0.0034716796875,0.00336669921875,0.5518207282913166,31,0.0001086032006048387,0.0132421875,0.004697265625
258,seed42_edit00,42,C_elongated_ribbon,NOISE_PATTERN_CANDIDATE,fragmented_refined_mask,0.0057177734375,0.00553466796875,0.44407443682664055,141,3.9252964317375886e-05,0.00875244140625,0.00429443359375
261,seed42_edit00,42,D_irregular_boundary,NOISE_PATTERN_CANDIDATE,fragmented_refined_mask,0.0369921875,0.03680419921875,0.589189400453373,197,0.00018682334628807108,0.07528564453125,0.04132568359375
273,seed42_edit01,42,D_irregular_boundary,NOISE_PATTERN_CANDIDATE,fragmented_refined_mask,0.06519775390625,0.06462158203125,0.7143743927453309,105,0.0006154436383928572,0.14817626953125,0.14237548828125
275,seed42_edit00,42,B_diffuse_texture,NOISE_PATTERN_CANDIDATE,fragmented_refined_mask,0.04864501953125,0.04864013671875,0.7357905233223769,26,0.0018707744891826921,0.0633837890625,0.061689453125
288,seed42_edit00,42,C_elongated_ribbon,NOISE_PATTERN_CANDIDATE,fragmented_refined_mask,0.00772216796875,0.00771728515625,0.48414764895083473,72,0.00010718451605902778,0.0120654296875,0.0098095703125
289,seed42_edit02,42,C_elongated_ribbon,NOISE_PATTERN_CANDIDATE,fragmented_refined_mask,0.0066015625,0.00656494140625,0.6246225319396052,24,0.00027353922526041665,0.06782958984375,0.0490087890625
29,seed42_edit00,42,C_elongated_ribbon,NOISE_PATTERN_CANDIDATE,fragmented_refined_mask,0.00175537109375,0.0017431640625,0.26631853785900783,65,2.6817908653846153e-05,0.00515869140625,0.0020947265625
291,seed42_edit02,42,C_elongated_ribbon,NOISE_PATTERN_CANDIDATE,fragmented_refined_mask,0.008466796875,0.0084228515625,0.46817750033925903,56,0.00015040806361607144,0.057470703125,0.038076171875
3,seed42_edit02,42,D_irregular_boundary,NOISE_PATTERN_CANDIDATE,fragmented_refined_mask,0.03404052734375,0.03345703125,0.758258175178443,34,0.0009840303308823529,0.045029296875,0.03898681640625
300,seed42_edit00,42,D_irregular_boundary,NOISE_PATTERN_CANDIDATE,fragmented_refined_mask,0.04868408203125,0.04852294921875,0.6171018722637935,107,0.0004534855067172897,0.05987060546875,0.05728759765625
303,seed42_edit00,42,C_elongated_ribbon,NOISE_PATTERN_CANDIDATE,fragmented_refined_mask,0.0070751953125,0.00702880859375,0.6026795059660875,22,0.0003194912997159091,0.0097216796875,0.00875
304,seed42_edit01,42,C_elongated_ribbon,NOISE_PATTERN_CANDIDATE,fragmented_refined_mask,0.01118896484375,0.011162109375,0.5852534562211982,73,0.00015290560787671232,0.12529052734375,0.1080322265625
307,seed42_edit00,42,D_irregular_boundary,NOISE_PATTERN_CANDIDATE,fragmented_refined_mask,0.06947509765625,0.0689111328125,0.706197302909755,63,0.0010938275049603174,0.0833154296875,0.07847412109375
314,seed42_edit00,42,C_elongated_ribbon,NOISE_PATTERN_CANDIDATE,fragmented_refined_mask,0.00725341796875,0.00723876953125,0.5428414500183083,37,0.0001956424197635135,0.01529052734375,0.0094189453125
319,seed42_edit01,42,D_irregular_boundary,NOISE_PATTERN_CANDIDATE,fragmented_refined_mask,0.02104736328125,0.02068115234375,0.6373965387509406,48,0.00043085734049479163,0.12542724609375,0.12406494140625
325,seed42_edit00,42,C_elongated_ribbon,NOISE_PATTERN_CANDIDATE,fragmented_refined_mask,0.00753173828125,0.0075146484375,0.5079207920792079,66,0.00011385830965909091,0.0119970703125,0.00964111328125
326,seed42_edit01,42,C_elongated_ribbon,NOISE_PATTERN_CANDIDATE,fragmented_refined_mask,0.0116259765625,0.0115771484375,0.6209244467722927,56,0.00020673479352678573,0.0273876953125,0.0142919921875
326,seed42_edit02,42,C_elongated_ribbon,NOISE_PATTERN_CANDIDATE,fragmented_refined_mask,0.007177734375,0.00717041015625,0.52995308552869,46,0.0001558784816576087,0.0273876953125,0.0142919921875
327,seed42_edit00,42,C_elongated_ribbon,NOISE_PATTERN_CANDIDATE,fragmented_refined_mask,0.00800537109375,0.00797607421875,0.5162768647281921,55,0.00014501953125000002,0.06578125,0.050009765625
327,seed42_edit01,42,C_elongated_ribbon,NOISE_PATTERN_CANDIDATE,fragmented_refined_mask,0.0041162109375,0.0040966796875,0.5534300791556728,32,0.000128021240234375,0.06578125,0.050009765625
327,seed42_edit02,42,D_irregular_boundary,NOISE_PATTERN_CANDIDATE,fragmented_refined_mask,0.03918212890625,0.03886962890625,0.6791945736103409,54,0.0007198079427083334,0.06578125,0.050009765625
329,seed42_edit00,42,C_elongated_ribbon,NOISE_PATTERN_CANDIDATE,fragmented_refined_mask,0.00220458984375,0.0021337890625,0.23814713896457765,26,8.206881009615384e-05,0.1324951171875,0.10427734375
332,seed42_edit01,42,C_elongated_ribbon,WEAK_CHANGE_CANDIDATE,changed_pixel_ratio_at_or_below_weak_threshold,0.0002587890625,0.00025390625,0.2011605415860735,23,1.1039402173913044e-05,0.12534423828125,0.1233984375
332,seed42_edit01,42,C_elongated_ribbon,NOISE_PATTERN_CANDIDATE,fragmented_refined_mask,0.0002587890625,0.00025390625,0.2011605415860735,23,1.1039402173913044e-05,0.12534423828125,0.1233984375
334,seed42_edit02,42,C_elongated_ribbon,NOISE_PATTERN_CANDIDATE,fragmented_refined_mask,0.0060546875,0.0059423828125,0.5686915887850468,32,0.000185699462890625,0.13367431640625,0.121337890625
335,seed42_edit00,42,D_irregular_boundary,NOISE_PATTERN_CANDIDATE,fragmented_refined_mask,0.03011474609375,0.0300537109375,0.5481831136444603,55,0.0005464311079545455,0.04270751953125,0.036220703125
337,seed42_edit01,42,D_irregular_boundary,NOISE_PATTERN_CANDIDATE,fragmented_refined_mask,0.051162109375,0.05011474609375,0.8201614192104842,21,0.0023864164806547622,0.17513916015625,0.11491943359375
338,seed42_edit00,42,C_elongated_ribbon,NOISE_PATTERN_CANDIDATE,fragmented_refined_mask,0.009365234375,0.0092333984375,0.6226539348040829,33,0.00027979995265151514,0.04685546875,0.02945068359375
339,seed42_edit02,42,D_irregular_boundary,NOISE_PATTERN_CANDIDATE,fragmented_refined_mask,0.072275390625,0.071630859375,0.7790138863075167,33,0.002170632102272727,0.30178466796875,0.21884765625
343,seed42_edit00,42,D_irregular_boundary,NOISE_PATTERN_CANDIDATE,fragmented_refined_mask,0.0685302734375,0.06792724609375,0.6827059920498602,42,0.0016173153831845239,0.09712646484375,0.085341796875
346,seed42_edit01,42,D_irregular_boundary,NOISE_PATTERN_CANDIDATE,fragmented_refined_mask,0.0099169921875,0.00953857421875,0.666268758526603,34,0.0002805463005514706,0.167529296875,0.1656982421875
355,seed42_edit00,42,C_elongated_ribbon,WEAK_CHANGE_CANDIDATE,changed_pixel_ratio_at_or_below_weak_threshold,0.0004931640625,0.0004931640625,0.27977839335180055,24,2.0548502604166667e-05,0.00444091796875,0.003193359375
355,seed42_edit00,42,C_elongated_ribbon,NOISE_PATTERN_CANDIDATE,fragmented_refined_mask,0.0004931640625,0.0004931640625,0.27977839335180055,24,2.0548502604166667e-05,0.00444091796875,0.003193359375
360,seed42_edit01,42,C_elongated_ribbon,NOISE_PATTERN_CANDIDATE,fragmented_refined_mask,0.01073486328125,0.01057861328125,0.6514809803037137,28,0.00037780761718749997,0.051865234375,0.0377294921875
366,seed42_edit01,42,D_irregular_boundary,NOISE_PATTERN_CANDIDATE,fragmented_refined_mask,0.03013671875,0.03010009765625,0.4120930543485527,430,7.000022710755815e-05,0.10401611328125,0.09795166015625
368,seed42_edit01,42,D_irregular_boundary,NOISE_PATTERN_CANDIDATE,fragmented_refined_mask,0.04608642578125,0.0452197265625,0.7705941088367448,26,0.0017392202524038462,0.1396484375,0.0859619140625
369,seed42_edit01,42,D_irregular_boundary,NOISE_PATTERN_CANDIDATE,fragmented_refined_mask,0.052666015625,0.05228515625,0.6204838476024916,156,0.0003351612580128205,0.09328125,0.06100830078125
378,seed42_edit02,42,D_irregular_boundary,NOISE_PATTERN_CANDIDATE,fragmented_refined_mask,0.0458837890625,0.0452734375,0.6896500427684183,21,0.002155877976190476,0.24740966796875,0.244033203125
38,seed42_edit01,42,C_elongated_ribbon,NOISE_PATTERN_CANDIDATE,fragmented_refined_mask,0.0094775390625,0.0094384765625,0.5169140259392967,74,0.00012754698057432432,0.11145751953125,0.09780517578125
391,seed42_edit00,42,C_elongated_ribbon,NOISE_PATTERN_CANDIDATE,fragmented_refined_mask,0.00681640625,0.00666748046875,0.6058118899733806,33,0.00020204486268939393,0.01296630859375,0.0087353515625
395,seed42_edit00,42,C_elongated_ribbon,NOISE_PATTERN_CANDIDATE,fragmented_refined_mask,0.00189697265625,0.00189453125,0.3965252938170669,44,4.305752840909091e-05,0.00922607421875,0.00341064453125
404,seed42_edit00,42,D_irregular_boundary,NOISE_PATTERN_CANDIDATE,fragmented_refined_mask,0.0703466796875,0.06970947265625,0.804717885124852,24,0.002904561360677083,0.0801513671875,0.078330078125
407,seed42_edit00,42,C_elongated_ribbon,NOISE_PATTERN_CANDIDATE,fragmented_refined_mask,0.0065625,0.00650634765625,0.6366459627329193,29,0.00022435681573275862,0.0235595703125,0.01413818359375
412,seed42_edit01,42,C_elongated_ribbon,NOISE_PATTERN_CANDIDATE,fragmented_refined_mask,0.00850341796875,0.00824951171875,0.6369462770970782,24,0.0003437296549479167,0.01675048828125,0.01023193359375
415,seed42_edit00,42,D_irregular_boundary,NOISE_PATTERN_CANDIDATE,fragmented_refined_mask,0.07576416015625,0.07543701171875,0.8091073345727827,21,0.00359223865327381,0.08337646484375,0.082412109375
419,seed42_edit01,42,C_elongated_ribbon,NOISE_PATTERN_CANDIDATE,fragmented_refined_mask,0.00310546875,0.003095703125,0.3437245866088371,112,2.7640206473214285e-05,0.04953125,0.03879150390625
419,seed42_edit02,42,D_irregular_boundary,NOISE_PATTERN_CANDIDATE,fragmented_refined_mask,0.03397705078125,0.0336376953125,0.36419867304591474,26,0.0012937575120192308,0.04953125,0.03879150390625
43,seed42_edit01,42,D_irregular_boundary,NOISE_PATTERN_CANDIDATE,fragmented_refined_mask,0.0584716796875,0.05812255859375,0.7200496022744458,59,0.0009851281117584745,0.0916748046875,0.06593017578125
434,seed42_edit00,42,C_elongated_ribbon,NOISE_PATTERN_CANDIDATE,fragmented_refined_mask,0.000908203125,0.000908203125,0.0674279499728113,30,3.0273437500000003e-05,0.008232421875,0.00586669921875
435,seed42_edit01,42,C_elongated_ribbon,WEAK_CHANGE_CANDIDATE,changed_pixel_ratio_at_or_below_weak_threshold,0.00041015625,0.00041015625,0.08191126279863481,36,1.1393229166666665e-05,0.0058251953125,0.00414794921875
435,seed42_edit01,42,C_elongated_ribbon,NOISE_PATTERN_CANDIDATE,fragmented_refined_mask,0.00041015625,0.00041015625,0.08191126279863481,36,1.1393229166666665e-05,0.0058251953125,0.00414794921875
442,seed42_edit00,42,D_irregular_boundary,NOISE_PATTERN_CANDIDATE,fragmented_refined_mask,0.0264794921875,0.02634033203125,0.4429163758774991,209,0.00012603029680023924,0.03558837890625,0.0287109375
444,seed42_edit01,42,D_irregular_boundary,NOISE_PATTERN_CANDIDATE,fragmented_refined_mask,0.02509033203125,0.0247607421875,0.5767087455930854,69,0.00035885133605072467,0.03086181640625,0.01409423828125
448,seed42_edit01,42,C_elongated_ribbon,NOISE_PATTERN_CANDIDATE,fragmented_refined_mask,0.004697265625,0.0046923828125,0.3109026205111614,36,0.00013034396701388888,0.11856201171875,0.11488525390625
452,seed42_edit00,42,B_diffuse_texture,NOISE_PATTERN_CANDIDATE,fragmented_refined_mask,0.16742431640625,0.1641455078125,0.9534979365507069,44,0.003730579723011364,0.179345703125,0.17042724609375
452,seed42_edit01,42,C_elongated_ribbon,NOISE_PATTERN_CANDIDATE,fragmented_refined_mask,0.0060888671875,0.0060498046875,0.31006006006006004,105,5.7617187500000004e-05,0.179345703125,0.17042724609375
458,seed42_edit00,42,C_elongated_ribbon,WEAK_CHANGE_CANDIDATE,changed_pixel_ratio_at_or_below_weak_threshold,0.00034912109375,0.0003466796875,0.02686849574266793,36,9.629991319444444e-06,0.03098876953125,0.025849609375
458,seed42_edit00,42,C_elongated_ribbon,NOISE_PATTERN_CANDIDATE,fragmented_refined_mask,0.00034912109375,0.0003466796875,0.02686849574266793,36,9.629991319444444e-06,0.03098876953125,0.025849609375
458,seed42_edit02,42,D_irregular_boundary,NOISE_PATTERN_CANDIDATE,fragmented_refined_mask,0.02328125,0.0230859375,0.4579176755447942,49,0.00047114158163265307,0.03098876953125,0.025849609375
459,seed42_edit01,42,C_elongated_ribbon,WEAK_CHANGE_CANDIDATE,changed_pixel_ratio_at_or_below_weak_threshold,8.544921875e-05,8.544921875e-05,0.009390931043734908,7,1.2207031249999999e-05,0.01299560546875,0.01249267578125
463,seed42_edit00,42,D_irregular_boundary,NOISE_PATTERN_CANDIDATE,fragmented_refined_mask,0.0242626953125,0.0240869140625,0.6299323202656111,79,0.0003048976463607595,0.10380126953125,0.059873046875
466,seed42_edit00,42,D_irregular_boundary,NOISE_PATTERN_CANDIDATE,fragmented_refined_mask,0.05056640625,0.05021728515625,0.5933650656281552,199,0.0002523481666143216,0.1766943359375,0.1699267578125
467,seed42_edit00,42,C_elongated_ribbon,NOISE_PATTERN_CANDIDATE,fragmented_refined_mask,0.00673095703125,0.00669677734375,0.37944390648775767,71,9.43208076584507e-05,0.03480712890625,0.02725830078125
467,seed42_edit02,42,D_irregular_boundary,NOISE_PATTERN_CANDIDATE,fragmented_refined_mask,0.02282470703125,0.02252685546875,0.29781808792201925,41,0.0005494354992378049,0.03480712890625,0.02725830078125
468,seed42_edit02,42,C_elongated_ribbon,NOISE_PATTERN_CANDIDATE,fragmented_refined_mask,0.00490478515625,0.004833984375,0.39655517724814743,48,0.00010070800781250001,0.0720263671875,0.05636962890625
469,seed42_edit00,42,D_irregular_boundary,NOISE_PATTERN_CANDIDATE,fragmented_refined_mask,0.02388916015625,0.02388916015625,0.252796651768414,425,5.620978860294117e-05,0.11905029296875,0.11372802734375
470,seed42_edit00,42,C_elongated_ribbon,NOISE_PATTERN_CANDIDATE,fragmented_refined_mask,0.004169921875,0.0040576171875,0.2896984486665505,75,5.4101562500000005e-05,0.00887939453125,0.002861328125
476,seed42_edit00,42,C_elongated_ribbon,NOISE_PATTERN_CANDIDATE,fragmented_refined_mask,0.00142578125,0.00141845703125,0.24681393372982158,56,2.532958984375e-05,0.0022509765625,0.00076904296875
478,seed42_edit00,42,C_elongated_ribbon,WEAK_CHANGE_CANDIDATE,changed_pixel_ratio_at_or_below_weak_threshold,0.0003125,0.0003125,0.08969866853538892,3,0.00010416666666666667,0.001796875,0.0007275390625
478,seed42_edit02,42,C_elongated_ribbon,WEAK_CHANGE_CANDIDATE,changed_pixel_ratio_at_or_below_weak_threshold,0.0001220703125,0.0001220703125,0.011803588290840416,18,6.781684027777777e-06,0.001796875,0.0007275390625
481,seed42_edit01,42,B_diffuse_texture,NOISE_PATTERN_CANDIDATE,fragmented_refined_mask,0.157626953125,0.152255859375,0.9499756275895687,21,0.007250279017857143,0.287353515625,0.16097412109375
483,seed42_edit00,42,D_irregular_boundary,NOISE_PATTERN_CANDIDATE,fragmented_refined_mask,0.0426416015625,0.04247314453125,0.5079267758605588,122,0.0003481405289446721,0.172646484375,0.1707080078125
485,seed42_edit00,42,D_irregular_boundary,NOISE_PATTERN_CANDIDATE,fragmented_refined_mask,0.067744140625,0.066767578125,0.7632283991962492,65,0.0010271935096153846,0.090126953125,0.07526611328125
486,seed42_edit00,42,D_irregular_boundary,NOISE_PATTERN_CANDIDATE,fragmented_refined_mask,0.04396728515625,0.04368896484375,0.5324149831900271,211,0.0002070567054206161,0.15461669921875,0.147880859375
486,seed42_edit01,42,C_elongated_ribbon,WEAK_CHANGE_CANDIDATE,changed_pixel_ratio_at_or_below_weak_threshold,0.00038818359375,0.00038818359375,0.09375,30,1.2939453125000001e-05,0.15461669921875,0.147880859375
486,seed42_edit01,42,C_elongated_ribbon,NOISE_PATTERN_CANDIDATE,fragmented_refined_mask,0.00038818359375,0.00038818359375,0.09375,30,1.2939453125000001e-05,0.15461669921875,0.147880859375
487,seed42_edit00,42,D_irregular_boundary,NOISE_PATTERN_CANDIDATE,fragmented_refined_mask,0.00217529296875,0.00217529296875,0.3421658986175115,24,9.063720703125e-05,0.02013916015625,0.00771484375
487,seed42_edit01,42,D_irregular_boundary,NOISE_PATTERN_CANDIDATE,fragmented_refined_mask,0.01467041015625,0.01441162109375,0.1749140689818656,75,0.00019215494791666667,0.02013916015625,0.00771484375
49,seed42_edit00,42,D_irregular_boundary,NOISE_PATTERN_CANDIDATE,fragmented_refined_mask,0.01913818359375,0.0190966796875,0.36124324573962036,235,8.126246675531915e-05,0.024970703125,0.01134033203125
492,seed42_edit00,42,C_elongated_ribbon,NOISE_PATTERN_CANDIDATE,fragmented_refined_mask,0.0020458984375,0.0020458984375,0.15115440115440115,83,2.4649378765060244e-05,0.00350341796875,0.00062744140625
497,seed42_edit00,42,C_elongated_ribbon,NOISE_PATTERN_CANDIDATE,fragmented_refined_mask,0.001484375,0.00147705078125,0.09551626144616356,59,2.5034759004237286e-05,0.0027294921875,0.0013330078125
498,seed42_edit01,42,C_elongated_ribbon,NOISE_PATTERN_CANDIDATE,fragmented_refined_mask,0.00084716796875,0.0008447265625,0.057927339695295496,23,3.6727241847826084e-05,0.010302734375,0.0060107421875
501,seed42_edit00,42,D_irregular_boundary,NOISE_PATTERN_CANDIDATE,fragmented_refined_mask,0.03743408203125,0.03738037109375,0.5537231926512604,188,0.0001988317611369681,0.10307373046875,0.05763916015625
501,seed42_edit01,42,D_irregular_boundary,NOISE_PATTERN_CANDIDATE,fragmented_refined_mask,0.05248779296875,0.05227783203125,0.5130705642745896,87,0.0006008946210488505,0.10307373046875,0.05763916015625
505,seed42_edit00,42,D_irregular_boundary,NOISE_PATTERN_CANDIDATE,fragmented_refined_mask,0.0035546875,0.00351806640625,0.1329213172216585,31,0.00011348601310483871,0.00505615234375,0.00455322265625
508,seed42_edit00,42,D_irregular_boundary,NOISE_PATTERN_CANDIDATE,fragmented_refined_mask,0.04805419921875,0.0479150390625,0.6061148857319333,149,0.00032157744337248323,0.06609130859375,0.061806640625
508,seed42_edit02,42,D_irregular_boundary,NOISE_PATTERN_CANDIDATE,fragmented_refined_mask,0.01471435546875,0.01462158203125,0.44597512845334725,117,0.00012497078659188035,0.06609130859375,0.061806640625
510,seed42_edit00,42,C_elongated_ribbon,WEAK_CHANGE_CANDIDATE,changed_pixel_ratio_at_or_below_weak_threshold,0.00025390625,0.00025390625,0.034323432343234324,1,0.00025390625,0.00205810546875,0.00076171875
513,seed42_edit01,42,C_elongated_ribbon,NOISE_PATTERN_CANDIDATE,fragmented_refined_mask,0.00259033203125,0.00257568359375,0.15732180137190577,120,2.1464029947916668e-05,0.02243896484375,0.014677734375
518,seed42_edit00,42,C_elongated_ribbon,NOISE_PATTERN_CANDIDATE,fragmented_refined_mask,0.00346923828125,0.003466796875,0.2109015297787019,137,2.5305086678832117e-05,0.0057470703125,0.0018212890625
520,seed42_edit01,42,C_elongated_ribbon,WEAK_CHANGE_CANDIDATE,changed_pixel_ratio_at_or_below_weak_threshold,0.00018798828125,0.00018798828125,0.030243519245875882,25,7.51953125e-06,0.001201171875,0.00064208984375
520,seed42_edit01,42,C_elongated_ribbon,NOISE_PATTERN_CANDIDATE,fragmented_refined_mask,0.00018798828125,0.00018798828125,0.030243519245875882,25,7.51953125e-06,0.001201171875,0.00064208984375
528,seed42_edit00,42,C_elongated_ribbon,NOISE_PATTERN_CANDIDATE,fragmented_refined_mask,0.0019677734375,0.0019482421875,0.14283157329514945,42,4.638671875e-05,0.00279296875,0.00116943359375
53,seed42_edit00,42,C_elongated_ribbon,NOISE_PATTERN_CANDIDATE,fragmented_refined_mask,0.00214111328125,0.0021337890625,0.35804997951659157,71,3.005336707746479e-05,0.048232421875,0.03695068359375
53,seed42_edit01,42,C_elongated_ribbon,NOISE_PATTERN_CANDIDATE,fragmented_refined_mask,0.00391357421875,0.0038818359375,0.365097588978186,95,4.086143092105263e-05,0.048232421875,0.03695068359375
53,seed42_edit02,42,D_irregular_boundary,NOISE_PATTERN_CANDIDATE,fragmented_refined_mask,0.03222900390625,0.031728515625,0.7473690263959974,23,0.0013795006793478261,0.048232421875,0.03695068359375
530,seed42_edit00,42,D_irregular_boundary,NOISE_PATTERN_CANDIDATE,fragmented_refined_mask,0.03965576171875,0.03951416015625,0.6507840772014475,97,0.00040736247583762883,0.04498046875,0.0423779296875
533,seed42_edit01,42,D_irregular_boundary,NOISE_PATTERN_CANDIDATE,fragmented_refined_mask,0.00084228515625,0.00084228515625,0.1150383461153718,34,2.4773092830882353e-05,0.15928466796875,0.157060546875
537,seed42_edit00,42,D_irregular_boundary,NOISE_PATTERN_CANDIDATE,fragmented_refined_mask,0.0263623046875,0.02618408203125,0.41915816625630203,208,0.000125885009765625,0.19499267578125,0.1888525390625
54,seed42_edit01,42,D_irregular_boundary,NOISE_PATTERN_CANDIDATE,fragmented_refined_mask,0.06785400390625,0.066953125,0.6616642941588052,134,0.0004996501865671642,0.16821044921875,0.1428466796875
541,seed42_edit01,42,C_elongated_ribbon,NOISE_PATTERN_CANDIDATE,fragmented_refined_mask,0.00060791015625,0.00060791015625,0.033817737335325275,61,9.965740266393444e-06,0.00279541015625,0.0008544921875
544,seed42_edit01,42,D_irregular_boundary,NOISE_PATTERN_CANDIDATE,fragmented_refined_mask,0.034541015625,0.0343359375,0.3548647557529269,262,0.0001310531965648855,0.04959228515625,0.0191455078125
556,seed42_edit01,42,D_irregular_boundary,NOISE_PATTERN_CANDIDATE,fragmented_refined_mask,0.0380615234375,0.03799072265625,0.4374631019650839,259,0.00014668232685810813,0.049951171875,0.03755126953125
556,seed42_edit02,42,D_irregular_boundary,NOISE_PATTERN_CANDIDATE,fragmented_refined_mask,0.00396484375,0.00386474609375,0.048529997854011464,28,0.00013802664620535715,0.049951171875,0.03755126953125
558,seed42_edit01,42,D_irregular_boundary,WEAK_CHANGE_CANDIDATE,changed_pixel_ratio_at_or_below_weak_threshold,0.00040771484375,0.000380859375,0.03178484107579462,23,1.6559103260869567e-05,0.00404052734375,0.0034521484375
558,seed42_edit01,42,D_irregular_boundary,NOISE_PATTERN_CANDIDATE,fragmented_refined_mask,0.00040771484375,0.000380859375,0.03178484107579462,23,1.6559103260869567e-05,0.00404052734375,0.0034521484375
559,seed42_edit00,42,D_irregular_boundary,NOISE_PATTERN_CANDIDATE,fragmented_refined_mask,0.05212158203125,0.05159423828125,0.7814302617955924,38,0.0013577431126644737,0.22271484375,0.1549951171875
56,seed42_edit01,42,C_elongated_ribbon,NOISE_PATTERN_CANDIDATE,fragmented_refined_mask,0.00708984375,0.0070703125,0.5365944042986844,25,0.0002828125,0.016875,0.016005859375
562,seed42_edit01,42,D_irregular_boundary,NOISE_PATTERN_CANDIDATE,fragmented_refined_mask,0.0242431640625,0.02385009765625,0.768003144654088,38,0.0006276341488486842,0.034091796875,0.02428955078125
569,seed42_edit01,42,D_irregular_boundary,NOISE_PATTERN_CANDIDATE,fragmented_refined_mask,0.02418701171875,0.023720703125,0.584526531103357,89,0.00026652475421348314,0.02742431640625,0.02462890625
570,seed42_edit01,42,D_irregular_boundary,NOISE_PATTERN_CANDIDATE,fragmented_refined_mask,0.002822265625,0.0028076171875,0.04811715481171548,31,9.056829637096774e-05,0.0084716796875,0.0030615234375
578,seed42_edit02,42,C_elongated_ribbon,NOISE_PATTERN_CANDIDATE,fragmented_refined_mask,0.00265869140625,0.0026416015625,0.14403620873269435,54,4.89185474537037e-05,0.0174560546875,0.0113134765625
579,seed42_edit02,42,D_irregular_boundary,NOISE_PATTERN_CANDIDATE,fragmented_refined_mask,0.02,0.019384765625,0.5887150589456513,58,0.00033422009698275867,0.176669921875,0.1755810546875
583,seed42_edit00,42,C_elongated_ribbon,NOISE_PATTERN_CANDIDATE,fragmented_refined_mask,0.00160888671875,0.0016064453125,0.1508482347546997,26,6.178635817307693e-05,0.10154052734375,0.09982177734375
585,seed42_edit00,42,D_irregular_boundary,NOISE_PATTERN_CANDIDATE,fragmented_refined_mask,0.013125,0.012890625,0.13819095477386933,50,0.0002578125,0.0338623046875,0.018134765625
586,seed42_edit00,42,C_elongated_ribbon,NOISE_PATTERN_CANDIDATE,fragmented_refined_mask,0.00160888671875,0.00156982421875,0.12198823752608613,28,5.606515066964285e-05,0.094013671875,0.091728515625
588,seed42_edit01,42,C_elongated_ribbon,WEAK_CHANGE_CANDIDATE,changed_pixel_ratio_at_or_below_weak_threshold,0.00026611328125,0.000263671875,0.08029739776951673,5,5.2734375000000006e-05,0.0151220703125,0.0136865234375
59,seed42_edit01,42,D_irregular_boundary,NOISE_PATTERN_CANDIDATE,fragmented_refined_mask,0.0308642578125,0.03072021484375,0.3867051845477734,222,0.00013837934614301803,0.04272705078125,0.036630859375
590,seed42_edit00,42,D_irregular_boundary,NOISE_PATTERN_CANDIDATE,fragmented_refined_mask,0.0221533203125,0.02203125,0.26901979489625566,118,0.00018670550847457626,0.0264208984375,0.022578125
590,seed42_edit01,42,C_elongated_ribbon,WEAK_CHANGE_CANDIDATE,changed_pixel_ratio_at_or_below_weak_threshold,0.00017578125,0.00012939453125,0.07794117647058824,1,0.00012939453125,0.0264208984375,0.022578125
591,seed42_edit00,42,C_elongated_ribbon,NOISE_PATTERN_CANDIDATE,fragmented_refined_mask,0.00967041015625,0.009482421875,0.5843237550774786,30,0.0003160807291666667,0.016201171875,0.0113134765625
602,seed42_edit00,42,D_irregular_boundary,NOISE_PATTERN_CANDIDATE,fragmented_refined_mask,0.0375634765625,0.03723388671875,0.6665646853146853,73,0.0005100532427226028,0.04379638671875,0.038740234375
610,seed42_edit01,42,D_irregular_boundary,NOISE_PATTERN_CANDIDATE,fragmented_refined_mask,0.05203369140625,0.05105224609375,0.6101126218124526,229,0.0002229355724617904,0.13413330078125,0.12984375
612,seed42_edit02,42,C_elongated_ribbon,NOISE_PATTERN_CANDIDATE,fragmented_refined_mask,0.007626953125,0.00758056640625,0.608346394984326,31,0.0002445344002016129,0.0281298828125,0.01560546875
615,seed42_edit01,42,D_irregular_boundary,NOISE_PATTERN_CANDIDATE,fragmented_refined_mask,0.04078369140625,0.04047119140625,0.42974542437911545,135,0.0002997866030092593,0.05010498046875,0.02266357421875
620,seed42_edit00,42,D_irregular_boundary,NOISE_PATTERN_CANDIDATE,fragmented_refined_mask,0.03975830078125,0.0395751953125,0.4266575421788224,304,0.00013018156352796053,0.18860107421875,0.1829443359375
626,seed42_edit01,42,C_elongated_ribbon,NOISE_PATTERN_CANDIDATE,fragmented_refined_mask,0.0051220703125,0.0050732421875,0.3075329288145627,63,8.052765376984128e-05,0.02872314453125,0.01060302734375
626,seed42_edit02,42,C_elongated_ribbon,NOISE_PATTERN_CANDIDATE,fragmented_refined_mask,0.0084521484375,0.00834716796875,0.5377477194086191,70,0.00011924525669642856,0.02872314453125,0.01060302734375
630,seed42_edit00,42,C_elongated_ribbon,NOISE_PATTERN_CANDIDATE,fragmented_refined_mask,0.00108154296875,0.00104736328125,0.12510936132983377,20,5.23681640625e-05,0.0053515625,0.00252685546875
632,seed42_edit01,42,C_elongated_ribbon,WEAK_CHANGE_CANDIDATE,changed_pixel_ratio_at_or_below_weak_threshold,0.000390625,0.0003759765625,0.14694656488549618,5,7.51953125e-05,0.2084423828125,0.10408447265625
633,seed42_edit00,42,C_elongated_ribbon,NOISE_PATTERN_CANDIDATE,fragmented_refined_mask,0.005908203125,0.00583740234375,0.3285694654390546,64,9.120941162109375e-05,0.008505859375,0.0038134765625
633,seed42_edit02,42,C_elongated_ribbon,WEAK_CHANGE_CANDIDATE,changed_pixel_ratio_at_or_below_weak_threshold,0.00031494140625,0.00028564453125,0.07244582043343653,1,0.00028564453125,0.008505859375,0.0038134765625
639,seed42_edit00,42,D_irregular_boundary,NOISE_PATTERN_CANDIDATE,fragmented_refined_mask,0.0193408203125,0.01917236328125,0.2843744341843201,106,0.00018087135170990568,0.0248681640625,0.01613037109375
640,seed42_edit00,42,D_irregular_boundary,NOISE_PATTERN_CANDIDATE,fragmented_refined_mask,0.04845947265625,0.04832763671875,0.5584236064093884,223,0.0002167158597253363,0.0853759765625,0.06787353515625
641,seed42_edit02,42,C_elongated_ribbon,WEAK_CHANGE_CANDIDATE,changed_pixel_ratio_at_or_below_weak_threshold,0.000146484375,0.000146484375,0.05226480836236934,4,3.662109375e-05,0.105263671875,0.1031982421875
642,seed42_edit00,42,C_elongated_ribbon,NOISE_PATTERN_CANDIDATE,fragmented_refined_mask,0.00349609375,0.003466796875,0.2766413403467758,51,6.797640931372549e-05,0.006279296875,0.00426513671875
645,seed42_edit02,42,C_elongated_ribbon,NOISE_PATTERN_CANDIDATE,fragmented_refined_mask,0.000849609375,0.0008447265625,0.12983114446529082,40,2.11181640625e-05,0.08018310546875,0.07489990234375
653,seed42_edit01,42,D_irregular_boundary,NOISE_PATTERN_CANDIDATE,fragmented_refined_mask,0.0274169921875,0.02728271484375,0.4400472533963379,158,0.000172675410403481,0.19595703125,0.15044189453125
654,seed42_edit00,42,C_elongated_ribbon,NOISE_PATTERN_CANDIDATE,fragmented_refined_mask,0.004560546875,0.00453125,0.27516679021497403,93,4.872311827956989e-05,0.00744384765625,0.00248779296875
655,seed42_edit01,42,C_elongated_ribbon,WEAK_CHANGE_CANDIDATE,changed_pixel_ratio_at_or_below_weak_threshold,3.90625e-05,3.90625e-05,0.002771522605231249,2,1.953125e-05,0.00128662109375,0.00112060546875
658,seed42_edit00,42,D_irregular_boundary,NOISE_PATTERN_CANDIDATE,fragmented_refined_mask,0.03664794921875,0.03643310546875,0.620009140388051,111,0.0003282261753941441,0.0436376953125,0.03238525390625
661,seed42_edit01,42,D_irregular_boundary,NOISE_PATTERN_CANDIDATE,fragmented_refined_mask,0.01734375,0.01721435546875,0.25423667700295666,84,0.00020493280319940478,0.0310400390625,0.00955078125
666,seed42_edit02,42,C_elongated_ribbon,NOISE_PATTERN_CANDIDATE,fragmented_refined_mask,0.006103515625,0.00607666015625,0.37361152806964876,66,9.20706084280303e-05,0.2008447265625,0.16913330078125
667,seed42_edit00,42,C_elongated_ribbon,NOISE_PATTERN_CANDIDATE,fragmented_refined_mask,0.008486328125,0.00845947265625,0.5550216242191254,41,0.0002063286013719512,0.0121142578125,0.0099365234375
670,seed42_edit00,42,C_elongated_ribbon,NOISE_PATTERN_CANDIDATE,fragmented_refined_mask,0.00280029296875,0.0027490234375,0.44878437624551615,41,6.704935213414635e-05,0.00380859375,0.0032861328125
672,seed42_edit00,42,D_irregular_boundary,NOISE_PATTERN_CANDIDATE,fragmented_refined_mask,0.03780029296875,0.0377001953125,0.49390692467615543,275,0.0001370916193181818,0.04645751953125,0.038369140625
672,seed42_edit01,42,C_elongated_ribbon,WEAK_CHANGE_CANDIDATE,changed_pixel_ratio_at_or_below_weak_threshold,3.90625e-05,3.90625e-05,0.013377926421404682,9,4.340277777777778e-06,0.04645751953125,0.038369140625
675,seed42_edit00,42,D_irregular_boundary,NOISE_PATTERN_CANDIDATE,fragmented_refined_mask,0.004013671875,0.00398681640625,0.32956609485368316,22,0.00018121892755681816,0.00498779296875,0.00479248046875
678,seed42_edit00,42,C_elongated_ribbon,WEAK_CHANGE_CANDIDATE,changed_pixel_ratio_at_or_below_weak_threshold,0.0003173828125,0.0002978515625,0.2798165137614679,11,2.707741477272727e-05,0.0006494140625,0.00023681640625
682,seed42_edit01,42,D_irregular_boundary,NOISE_PATTERN_CANDIDATE,fragmented_refined_mask,0.03767822265625,0.03754150390625,0.4695840713369572,59,0.0006362966763771187,0.05184814453125,0.04093994140625
688,seed42_edit00,42,D_irregular_boundary,NOISE_PATTERN_CANDIDATE,fragmented_refined_mask,0.05662109375,0.056484375,0.6966366565294632,61,0.0009259733606557378,0.0644482421875,0.063603515625
690,seed42_edit00,42,C_elongated_ribbon,WEAK_CHANGE_CANDIDATE,changed_pixel_ratio_at_or_below_weak_threshold,0.00049072265625,0.00047607421875,0.5446927374301676,4,0.0001190185546875,0.2965576171875,0.16750244140625
694,seed42_edit00,42,D_irregular_boundary,NOISE_PATTERN_CANDIDATE,fragmented_refined_mask,0.02725830078125,0.02714111328125,0.5042180696661829,157,0.00017287333300159235,0.03670654296875,0.01411865234375
695,seed42_edit00,42,C_elongated_ribbon,NOISE_PATTERN_CANDIDATE,fragmented_refined_mask,0.0039111328125,0.00388671875,0.28327402135231317,57,6.818804824561404e-05,0.0053076171875,0.0015087890625
696,seed42_edit01,42,C_elongated_ribbon,WEAK_CHANGE_CANDIDATE,changed_pixel_ratio_at_or_below_weak_threshold,7.8125e-05,7.8125e-05,0.004653191798749455,19,4.111842105263158e-06,0.00517333984375,0.00255859375
698,seed42_edit00,42,C_elongated_ribbon,NOISE_PATTERN_CANDIDATE,fragmented_refined_mask,0.0017626953125,0.001748046875,0.1068178427569745,56,3.1215122767857144e-05,0.08619140625,0.0830810546875
701,seed42_edit00,42,D_irregular_boundary,NOISE_PATTERN_CANDIDATE,fragmented_refined_mask,0.0038623046875,0.00362060546875,0.14313290222951452,30,0.00012068684895833334,0.14764404296875,0.1397607421875
705,seed42_edit00,42,D_irregular_boundary,NOISE_PATTERN_CANDIDATE,fragmented_refined_mask,0.0178564453125,0.01772216796875,0.5526035322777101,96,0.00018460591634114585,0.264580078125,0.24283935546875
72,seed42_edit00,42,D_irregular_boundary,NOISE_PATTERN_CANDIDATE,fragmented_refined_mask,0.02212890625,0.02205322265625,0.66995475784321,38,0.0005803479646381579,0.0354736328125,0.025986328125
726,seed42_edit00,42,D_irregular_boundary,NOISE_PATTERN_CANDIDATE,fragmented_refined_mask,0.03529541015625,0.03501708984375,0.6270712193415818,91,0.00038480318509615387,0.046640625,0.03293701171875
727,seed42_edit00,42,C_elongated_ribbon,NOISE_PATTERN_CANDIDATE,fragmented_refined_mask,0.00259765625,0.00259033203125,0.16798606713109562,26,9.962815504807692e-05,0.01066650390625,0.006865234375
732,seed42_edit00,42,C_elongated_ribbon,NOISE_PATTERN_CANDIDATE,fragmented_refined_mask,0.0043798828125,0.0043701171875,0.4699396166972959,25,0.0001748046875,0.0105029296875,0.0050927734375
732,seed42_edit01,42,C_elongated_ribbon,NOISE_PATTERN_CANDIDATE,fragmented_refined_mask,0.00107421875,0.00106689453125,0.2599643069601428,28,3.810337611607143e-05,0.0105029296875,0.0050927734375
734,seed42_edit01,42,C_elongated_ribbon,NOISE_PATTERN_CANDIDATE,fragmented_refined_mask,0.003671875,0.003623046875,0.20376218591239872,96,3.774007161458333e-05,0.00974365234375,0.002529296875
734,seed42_edit02,42,D_irregular_boundary,NOISE_PATTERN_CANDIDATE,fragmented_refined_mask,0.00302490234375,0.00296142578125,0.3804893350062735,20,0.0001480712890625,0.00974365234375,0.002529296875
735,seed42_edit00,42,D_irregular_boundary,NOISE_PATTERN_CANDIDATE,fragmented_refined_mask,0.01465576171875,0.01450927734375,0.5326700726001613,71,0.00020435601892605633,0.06804931640625,0.0483837890625
740,seed42_edit00,42,D_irregular_boundary,NOISE_PATTERN_CANDIDATE,fragmented_refined_mask,0.04821533203125,0.0478759765625,0.46260910592120785,275,0.00017409446022727273,0.057890625,0.04239501953125
741,seed42_edit00,42,D_irregular_boundary,NOISE_PATTERN_CANDIDATE,fragmented_refined_mask,0.00289794921875,0.00289306640625,0.4358219933799191,29,9.976091056034482e-05,0.17234619140625,0.137646484375
741,seed42_edit01,42,D_irregular_boundary,NOISE_PATTERN_CANDIDATE,fragmented_refined_mask,0.02734130859375,0.02728515625,0.3820332262254734,236,0.00011561506885593221,0.17234619140625,0.137646484375
742,seed42_edit00,42,C_elongated_ribbon,WEAK_CHANGE_CANDIDATE,changed_pixel_ratio_at_or_below_weak_threshold,0.00044677734375,0.0004443359375,0.0858085808580858,17,2.6137408088235293e-05,0.00102783203125,0.00048583984375
745,seed42_edit00,42,D_irregular_boundary,NOISE_PATTERN_CANDIDATE,fragmented_refined_mask,0.034384765625,0.0342529296875,0.6521941242097434,81,0.00042287567515432103,0.0594189453125,0.03660400390625
745,seed42_edit02,42,C_elongated_ribbon,NOISE_PATTERN_CANDIDATE,fragmented_refined_mask,0.00287353515625,0.0028515625,0.3069645203679369,42,6.789434523809523e-05,0.0594189453125,0.03660400390625
746,seed42_edit00,42,C_elongated_ribbon,WEAK_CHANGE_CANDIDATE,changed_pixel_ratio_at_or_below_weak_threshold,0.00021728515625,0.00021240234375,0.06062717770034843,5,4.248046875e-05,0.035205078125,0.03490234375
747,seed42_edit00,42,C_elongated_ribbon,NOISE_PATTERN_CANDIDATE,fragmented_refined_mask,0.00300537109375,0.00291015625,0.36132161260988177,29,0.00010035021551724138,0.00384521484375,0.00350830078125
751,seed42_edit02,42,D_irregular_boundary,NOISE_PATTERN_CANDIDATE,fragmented_refined_mask,0.02867431640625,0.0285205078125,0.40108494128956945,142,0.0002008486465669014,0.16947265625,0.10668701171875
758,seed42_edit00,42,C_elongated_ribbon,NOISE_PATTERN_CANDIDATE,fragmented_refined_mask,0.0025146484375,0.00238037109375,0.2831832704037177,22,0.00010819868607954545,0.01034423828125,0.00306396484375
758,seed42_edit02,42,C_elongated_ribbon,NOISE_PATTERN_CANDIDATE,fragmented_refined_mask,0.00398681640625,0.0039599609375,0.24198120244666568,33,0.00011999881628787877,0.01034423828125,0.00306396484375
76,seed42_edit01,42,C_elongated_ribbon,NOISE_PATTERN_CANDIDATE,fragmented_refined_mask,0.0017529296875,0.001748046875,0.34757281553398056,56,3.1215122767857144e-05,0.17751220703125,0.16989501953125
761,seed42_edit00,42,D_irregular_boundary,NOISE_PATTERN_CANDIDATE,fragmented_refined_mask,0.00141845703125,0.00141845703125,0.08078420467185762,55,2.5790127840909088e-05,0.005341796875,0.002802734375
765,seed42_edit00,42,C_elongated_ribbon,NOISE_PATTERN_CANDIDATE,fragmented_refined_mask,0.00114990234375,0.0011474609375,0.08988334289539109,34,3.374885110294118e-05,0.001845703125,0.00132568359375
766,seed42_edit00,42,D_irregular_boundary,NOISE_PATTERN_CANDIDATE,fragmented_refined_mask,0.04689208984375,0.04665283203125,0.48895882909853894,239,0.00019520013402196654,0.05459716796875,0.043212890625
769,seed42_edit00,42,D_irregular_boundary,NOISE_PATTERN_CANDIDATE,fragmented_refined_mask,0.0383056640625,0.03806640625,0.613616686343959,32,0.0011895751953125,0.0423046875,0.04169921875
774,seed42_edit00,42,C_elongated_ribbon,NOISE_PATTERN_CANDIDATE,fragmented_refined_mask,0.00439208984375,0.00432373046875,0.34375,45,9.608289930555555e-05,0.005869140625,0.002783203125
784,seed42_edit02,42,D_irregular_boundary,NOISE_PATTERN_CANDIDATE,fragmented_refined_mask,0.013798828125,0.01376220703125,0.26810939357907254,142,9.691695092429577e-05,0.11869140625,0.1135791015625
786,seed42_edit01,42,D_irregular_boundary,NOISE_PATTERN_CANDIDATE,fragmented_refined_mask,0.04107421875,0.04070068359375,0.4151972504482965,240,0.000169586181640625,0.20759521484375,0.18863525390625
787,seed42_edit01,42,C_elongated_ribbon,NOISE_PATTERN_CANDIDATE,fragmented_refined_mask,0.001875,0.0018115234375,0.09457048177415243,46,3.938094429347826e-05,0.00611083984375,0.00185546875
788,seed42_edit01,42,C_elongated_ribbon,WEAK_CHANGE_CANDIDATE,changed_pixel_ratio_at_or_below_weak_threshold,0.00010498046875,0.00010498046875,0.021255561047948592,8,1.312255859375e-05,0.11299560546875,0.11235107421875
79,seed42_edit02,42,D_irregular_boundary,NOISE_PATTERN_CANDIDATE,fragmented_refined_mask,0.0723974609375,0.07158203125,0.8039264072824984,32,0.0022369384765625,0.24838623046875,0.2460205078125
790,seed42_edit00,42,C_elongated_ribbon,WEAK_CHANGE_CANDIDATE,changed_pixel_ratio_at_or_below_weak_threshold,0.000439453125,0.000400390625,0.10747051114023591,2,0.0002001953125,0.000546875,0.0004736328125
795,seed42_edit00,42,D_irregular_boundary,NOISE_PATTERN_CANDIDATE,fragmented_refined_mask,0.02840087890625,0.0283642578125,0.3677862547089177,197,0.00014398100412436548,0.03538330078125,0.0122900390625
797,seed42_edit00,42,C_elongated_ribbon,WEAK_CHANGE_CANDIDATE,changed_pixel_ratio_at_or_below_weak_threshold,8.544921875e-05,8.544921875e-05,0.00634978229317852,7,1.2207031249999999e-05,0.01404296875,0.0065478515625
797,seed42_edit01,42,D_irregular_boundary,NOISE_PATTERN_CANDIDATE,fragmented_refined_mask,0.0093798828125,0.00931884765625,0.33538353396010895,86,0.00010835869367732559,0.01404296875,0.0065478515625
798,seed42_edit01,42,D_irregular_boundary,NOISE_PATTERN_CANDIDATE,fragmented_refined_mask,0.0522216796875,0.05109619140625,0.5114363911832266,203,0.00025170537638546795,0.06728515625,0.05893798828125
800,seed42_edit00,42,D_irregular_boundary,NOISE_PATTERN_CANDIDATE,fragmented_refined_mask,0.03303466796875,0.03287353515625,0.4265935876314789,127,0.0002588467335137795,0.04025146484375,0.030546875
805,seed42_edit00,42,D_irregular_boundary,NOISE_PATTERN_CANDIDATE,fragmented_refined_mask,0.04169921875,0.0410693359375,0.5095105403440756,161,0.00025508904309006213,0.048671875,0.0244921875
807,seed42_edit01,42,D_irregular_boundary,NOISE_PATTERN_CANDIDATE,fragmented_refined_mask,0.0455322265625,0.0453515625,0.6476310009413241,74,0.0006128589527027026,0.21875244140625,0.1645947265625
807,seed42_edit02,42,B_diffuse_texture,NOISE_PATTERN_CANDIDATE,fragmented_refined_mask,0.1627294921875,0.159423828125,0.9407188647986746,25,0.006376953125,0.21875244140625,0.1645947265625
809,seed42_edit01,42,C_elongated_ribbon,NOISE_PATTERN_CANDIDATE,fragmented_refined_mask,0.01254150390625,0.01242431640625,0.6704874835309618,28,0.00044372558593750003,0.15117431640625,0.1307080078125
809,seed42_edit02,42,D_irregular_boundary,NOISE_PATTERN_CANDIDATE,fragmented_refined_mask,0.04916015625,0.04912109375,0.5617287397397956,121,0.00040595945247933884,0.15117431640625,0.1307080078125
812,seed42_edit00,42,C_elongated_ribbon,WEAK_CHANGE_CANDIDATE,changed_pixel_ratio_at_or_below_weak_threshold,0.00022216796875,0.00022216796875,0.01113422243974061,21,1.0579427083333334e-05,0.00384033203125,0.00304443359375
812,seed42_edit00,42,C_elongated_ribbon,NOISE_PATTERN_CANDIDATE,fragmented_refined_mask,0.00022216796875,0.00022216796875,0.01113422243974061,21,1.0579427083333334e-05,0.00384033203125,0.00304443359375
815,seed42_edit00,42,D_irregular_boundary,NOISE_PATTERN_CANDIDATE,fragmented_refined_mask,0.032412109375,0.03224365234375,0.5280687724910036,253,0.00012744526618083005,0.04342529296875,0.018388671875
815,seed42_edit01,42,D_irregular_boundary,NOISE_PATTERN_CANDIDATE,fragmented_refined_mask,0.003974609375,0.00396484375,0.12266787521716142,48,8.260091145833333e-05,0.04342529296875,0.018388671875
816,seed42_edit00,42,C_elongated_ribbon,WEAK_CHANGE_CANDIDATE,changed_pixel_ratio_at_or_below_weak_threshold,0.0004296875,0.0004296875,0.058220310949388024,17,2.5275735294117647e-05,0.01359130859375,0.01258544921875
816,seed42_edit02,42,C_elongated_ribbon,WEAK_CHANGE_CANDIDATE,changed_pixel_ratio_at_or_below_weak_threshold,8.30078125e-05,8.30078125e-05,0.004582827874376601,9,9.223090277777778e-06,0.01359130859375,0.01258544921875
822,seed42_edit00,42,D_irregular_boundary,NOISE_PATTERN_CANDIDATE,fragmented_refined_mask,0.00746337890625,0.00741943359375,0.13116664508610643,176,4.215587269176136e-05,0.1341943359375,0.12626708984375
822,seed42_edit01,42,B_diffuse_texture,NOISE_PATTERN_CANDIDATE,fragmented_refined_mask,0.119638671875,0.11504638671875,0.8989164854450422,27,0.00426097728587963,0.1341943359375,0.12626708984375
825,seed42_edit01,42,D_irregular_boundary,NOISE_PATTERN_CANDIDATE,fragmented_refined_mask,0.03607177734375,0.035498046875,0.40542047735891146,115,0.00030867866847826087,0.33501220703125,0.16855712890625
826,seed42_edit00,42,D_irregular_boundary,NOISE_PATTERN_CANDIDATE,fragmented_refined_mask,0.02431396484375,0.0240185546875,0.410703849044001,167,0.00014382368076347305,0.1213671875,0.10944091796875
838,seed42_edit00,42,D_irregular_boundary,NOISE_PATTERN_CANDIDATE,fragmented_refined_mask,0.03319580078125,0.0325244140625,0.5463866786973998,109,0.00029838911983944954,0.0786181640625,0.01804931640625
838,seed42_edit01,42,D_irregular_boundary,NOISE_PATTERN_CANDIDATE,fragmented_refined_mask,0.03119384765625,0.0307275390625,0.2928134378707861,534,5.7542207982209734e-05,0.0786181640625,0.01804931640625
84,seed42_edit00,42,D_irregular_boundary,WEAK_CHANGE_CANDIDATE,changed_pixel_ratio_at_or_below_weak_threshold,0.00016845703125,0.0001171875,0.005765765765765766,1,0.0001171875,0.00353759765625,0.001708984375
847,seed42_edit00,42,C_elongated_ribbon,WEAK_CHANGE_CANDIDATE,changed_pixel_ratio_at_or_below_weak_threshold,0.0001416015625,0.0001416015625,0.02211208539839878,16,8.85009765625e-06,0.16475341796875,0.16275390625
850,seed42_edit02,42,C_elongated_ribbon,NOISE_PATTERN_CANDIDATE,fragmented_refined_mask,0.000712890625,0.00070068359375,0.1317722681359045,32,2.18963623046875e-05,0.12867431640625,0.117255859375
852,seed42_edit00,42,B_diffuse_texture,NOISE_PATTERN_CANDIDATE,fragmented_refined_mask,0.1356689453125,0.13192626953125,0.919434424555911,25,0.00527705078125,0.14031982421875,0.13944580078125
856,seed42_edit00,42,D_irregular_boundary,NOISE_PATTERN_CANDIDATE,fragmented_refined_mask,0.01936767578125,0.01910888671875,0.4002556890820762,102,0.00018734202665441176,0.02176025390625,0.01761474609375
859,seed42_edit01,42,C_elongated_ribbon,WEAK_CHANGE_CANDIDATE,changed_pixel_ratio_at_or_below_weak_threshold,0.0004248046875,0.00041259765625,0.04874531295067782,9,4.5844184027777775e-05,0.0028173828125,0.0010107421875
86,seed42_edit01,42,D_irregular_boundary,NOISE_PATTERN_CANDIDATE,fragmented_refined_mask,0.07992919921875,0.07916015625,0.7885022251404392,27,0.002931857638888889,0.2242626953125,0.21928955078125
860,seed42_edit02,42,D_irregular_boundary,NOISE_PATTERN_CANDIDATE,fragmented_refined_mask,0.03569580078125,0.03563720703125,0.4895529395982158,291,0.0001224646289733677,0.06281494140625,0.03590087890625
866,seed42_edit01,42,D_irregular_boundary,NOISE_PATTERN_CANDIDATE,fragmented_refined_mask,0.0113427734375,0.01119384765625,0.24358497582744515,230,4.866890285326087e-05,0.01656494140625,0.0037890625
871,seed42_edit00,42,C_elongated_ribbon,WEAK_CHANGE_CANDIDATE,changed_pixel_ratio_at_or_below_weak_threshold,0.00027099609375,0.000244140625,0.26109660574412535,2,0.0001220703125,0.00224853515625,0.0018603515625
873,seed42_edit00,42,D_irregular_boundary,NOISE_PATTERN_CANDIDATE,fragmented_refined_mask,0.00451171875,0.00442138671875,0.09566319792932228,39,0.00011336889022435897,0.0063818359375,0.005361328125
875,seed42_edit00,42,D_irregular_boundary,NOISE_PATTERN_CANDIDATE,fragmented_refined_mask,0.02764892578125,0.0274853515625,0.3257523148148148,22,0.0012493341619318182,0.0382421875,0.02963623046875
879,seed42_edit02,42,D_irregular_boundary,NOISE_PATTERN_CANDIDATE,fragmented_refined_mask,0.03044677734375,0.03017333984375,0.4989906330749354,159,0.00018976943297955976,0.10134521484375,0.09774169921875
883,seed42_edit00,42,C_elongated_ribbon,NOISE_PATTERN_CANDIDATE,fragmented_refined_mask,0.00259521484375,0.00245849609375,0.13813443072702333,20,0.00012292480468750001,0.01941650390625,0.01455322265625
885,seed42_edit02,42,D_irregular_boundary,NOISE_PATTERN_CANDIDATE,fragmented_refined_mask,0.03307373046875,0.03276123046875,0.6376336421952958,80,0.000409515380859375,0.18360107421875,0.14543701171875
886,seed42_edit02,42,D_irregular_boundary,NOISE_PATTERN_CANDIDATE,fragmented_refined_mask,0.01363525390625,0.0135400390625,0.43216706927452664,130,0.00010415414663461539,0.02098876953125,0.0131787109375
889,seed42_edit00,42,D_irregular_boundary,NOISE_PATTERN_CANDIDATE,fragmented_refined_mask,0.013310546875,0.01327392578125,0.2047834274952919,227,5.847544397026431e-05,0.024970703125,0.007216796875
889,seed42_edit01,42,C_elongated_ribbon,NOISE_PATTERN_CANDIDATE,fragmented_refined_mask,0.004423828125,0.004267578125,0.559539052496799,27,0.00015805844907407408,0.024970703125,0.007216796875
892,seed42_edit00,42,D_irregular_boundary,NOISE_PATTERN_CANDIDATE,fragmented_refined_mask,0.02831787109375,0.02797119140625,0.4400107535140948,114,0.000245361328125,0.0343359375,0.01779052734375
893,seed42_edit01,42,C_elongated_ribbon,NOISE_PATTERN_CANDIDATE,fragmented_refined_mask,0.003681640625,0.003681640625,0.1968154528843644,42,8.765811011904762e-05,0.00624755859375,0.004111328125
894,seed42_edit00,42,D_irregular_boundary,NOISE_PATTERN_CANDIDATE,fragmented_refined_mask,0.00791748046875,0.0077197265625,0.40060813378943366,89,8.67385007022472e-05,0.046923828125,0.03906982421875
894,seed42_edit01,42,D_irregular_boundary,NOISE_PATTERN_CANDIDATE,fragmented_refined_mask,0.0324365234375,0.03224365234375,0.5118198728879243,224,0.0001439448765345982,0.046923828125,0.03906982421875
895,seed42_edit01,42,D_irregular_boundary,NOISE_PATTERN_CANDIDATE,fragmented_refined_mask,0.029658203125,0.02911865234375,0.5110330348343973,44,0.0006617875532670454,0.124384765625,0.10927490234375
898,seed42_edit00,42,D_irregular_boundary,NOISE_PATTERN_CANDIDATE,fragmented_refined_mask,0.0206689453125,0.02058837890625,0.48552017963037597,100,0.00020588378906249998,0.14955322265625,0.14322265625
899,seed42_edit00,42,D_irregular_boundary,NOISE_PATTERN_CANDIDATE,fragmented_refined_mask,0.02042724609375,0.02036865234375,0.3836920529801324,150,0.000135791015625,0.0246142578125,0.01025390625
900,seed42_edit00,42,C_elongated_ribbon,WEAK_CHANGE_CANDIDATE,changed_pixel_ratio_at_or_below_weak_threshold,0.0003564453125,0.00033935546875,0.06306715063520871,8,4.241943359375e-05,0.00293701171875,0.00143798828125
901,seed42_edit00,42,D_irregular_boundary,NOISE_PATTERN_CANDIDATE,fragmented_refined_mask,0.0375048828125,0.03723388671875,0.4220912210782686,287,0.0001297347969294425,0.19257080078125,0.09550537109375
903,seed42_edit00,42,D_irregular_boundary,NOISE_PATTERN_CANDIDATE,fragmented_refined_mask,0.03600341796875,0.035400390625,0.5736667194176294,99,0.0003575797032828283,0.0809228515625,0.07302978515625
903,seed42_edit01,42,D_irregular_boundary,NOISE_PATTERN_CANDIDATE,fragmented_refined_mask,0.00267333984375,0.0026220703125,0.1896186440677966,49,5.351163903061224e-05,0.0809228515625,0.07302978515625
904,seed42_edit01,42,C_elongated_ribbon,WEAK_CHANGE_CANDIDATE,changed_pixel_ratio_at_or_below_weak_threshold,0.00044189453125,0.00044189453125,0.032501346740887053,23,1.921280570652174e-05,0.00656494140625,0.0056640625
904,seed42_edit01,42,C_elongated_ribbon,NOISE_PATTERN_CANDIDATE,fragmented_refined_mask,0.00044189453125,0.00044189453125,0.032501346740887053,23,1.921280570652174e-05,0.00656494140625,0.0056640625
91,seed42_edit00,42,C_elongated_ribbon,NOISE_PATTERN_CANDIDATE,fragmented_refined_mask,0.0056103515625,0.0055908203125,0.5302153276221347,39,0.00014335436698717947,0.00789794921875,0.00732177734375
911,seed42_edit01,42,D_irregular_boundary,NOISE_PATTERN_CANDIDATE,fragmented_refined_mask,0.00589111328125,0.0058203125,0.43180583227676145,52,0.00011192908653846154,0.13323486328125,0.12833740234375
916,seed42_edit00,42,D_irregular_boundary,NOISE_PATTERN_CANDIDATE,fragmented_refined_mask,0.02450439453125,0.02442138671875,0.3034338409270157,131,0.000186422799379771,0.03033447265625,0.02616455078125
917,seed42_edit00,42,D_irregular_boundary,NOISE_PATTERN_CANDIDATE,fragmented_refined_mask,0.03964111328125,0.03947509765625,0.3852513700262092,230,0.000171630859375,0.0461962890625,0.0282958984375
918,seed42_edit00,42,D_irregular_boundary,NOISE_PATTERN_CANDIDATE,fragmented_refined_mask,0.00274658203125,0.00274658203125,0.08084800574919151,109,2.519800028669725e-05,0.02052490234375,0.0041796875
918,seed42_edit01,42,D_irregular_boundary,NOISE_PATTERN_CANDIDATE,fragmented_refined_mask,0.01189697265625,0.01188232421875,0.15954238510456958,265,4.483895931603774e-05,0.02052490234375,0.0041796875
919,seed42_edit00,42,D_irregular_boundary,NOISE_PATTERN_CANDIDATE,fragmented_refined_mask,0.00974365234375,0.00968994140625,0.22514039366952182,158,6.132874307753164e-05,0.01319580078125,0.00404541015625
920,seed42_edit00,42,C_elongated_ribbon,NOISE_PATTERN_CANDIDATE,fragmented_refined_mask,0.004794921875,0.00479248046875,0.2855688100087285,50,9.5849609375e-05,0.00606201171875,0.00432861328125
930,seed42_edit00,42,D_irregular_boundary,NOISE_PATTERN_CANDIDATE,fragmented_refined_mask,0.003720703125,0.003701171875,0.0638719191068043,257,1.4401446984435798e-05,0.0179833984375,0.011103515625
930,seed42_edit02,42,C_elongated_ribbon,WEAK_CHANGE_CANDIDATE,changed_pixel_ratio_at_or_below_weak_threshold,0.00015380859375,0.00015380859375,0.023307436182019976,13,1.1831430288461538e-05,0.0179833984375,0.011103515625
934,seed42_edit00,42,D_irregular_boundary,WEAK_CHANGE_CANDIDATE,changed_pixel_ratio_at_or_below_weak_threshold,0.0003466796875,0.0003466796875,0.0594390958560067,12,2.8889973958333333e-05,0.02940673828125,0.02511962890625
935,seed42_edit00,42,C_elongated_ribbon,WEAK_CHANGE_CANDIDATE,changed_pixel_ratio_at_or_below_weak_threshold,0.00016357421875,0.00016357421875,0.013845835916511676,24,6.815592447916667e-06,0.123359375,0.1218212890625
935,seed42_edit00,42,C_elongated_ribbon,NOISE_PATTERN_CANDIDATE,fragmented_refined_mask,0.00016357421875,0.00016357421875,0.013845835916511676,24,6.815592447916667e-06,0.123359375,0.1218212890625
942,seed42_edit01,42,D_irregular_boundary,NOISE_PATTERN_CANDIDATE,fragmented_refined_mask,0.03853271484375,0.038251953125,0.4745721641678025,294,0.00013010868409863945,0.14216796875,0.14044677734375
943,seed42_edit01,42,D_irregular_boundary,NOISE_PATTERN_CANDIDATE,fragmented_refined_mask,0.00708740234375,0.00704833984375,0.250999826117197,72,9.789360894097222e-05,0.0104931640625,0.00299560546875
950,seed42_edit00,42,D_irregular_boundary,NOISE_PATTERN_CANDIDATE,fragmented_refined_mask,0.01760986328125,0.01707275390625,0.17720845370229588,350,4.877929687500001e-05,0.0238427734375,0.00986572265625
952,seed42_edit01,42,D_irregular_boundary,NOISE_PATTERN_CANDIDATE,fragmented_refined_mask,0.018828125,0.018701171875,0.36498784962119407,20,0.0009350585937499999,0.03814208984375,0.021083984375
953,seed42_edit00,42,D_irregular_boundary,WEAK_CHANGE_CANDIDATE,changed_pixel_ratio_at_or_below_weak_threshold,0.0003515625,0.000283203125,0.0077317869759381454,2,0.0001416015625,0.0033740234375,0.00052734375
953,seed42_edit01,42,C_elongated_ribbon,NOISE_PATTERN_CANDIDATE,fragmented_refined_mask,0.00188232421875,0.00186279296875,0.1845670053217223,51,3.652535232843137e-05,0.0033740234375,0.00052734375
954,seed42_edit00,42,D_irregular_boundary,NOISE_PATTERN_CANDIDATE,fragmented_refined_mask,0.0097412109375,0.00970703125,0.15782788186725943,283,3.4300463780918726e-05,0.01927490234375,0.0022998046875
954,seed42_edit01,42,C_elongated_ribbon,NOISE_PATTERN_CANDIDATE,fragmented_refined_mask,0.00289794921875,0.00287109375,0.33998265394622723,35,8.203125e-05,0.01927490234375,0.0022998046875
959,seed42_edit01,42,C_elongated_ribbon,WEAK_CHANGE_CANDIDATE,changed_pixel_ratio_at_or_below_weak_threshold,5.37109375e-05,5.37109375e-05,0.00417219798975915,6,8.951822916666667e-06,0.03226318359375,0.01640380859375
959,seed42_edit02,42,D_irregular_boundary,NOISE_PATTERN_CANDIDATE,fragmented_refined_mask,0.0239990234375,0.0238671875,0.2579623716916906,241,9.903397302904565e-05,0.03226318359375,0.01640380859375
961,seed42_edit00,42,C_elongated_ribbon,NOISE_PATTERN_CANDIDATE,fragmented_refined_mask,0.00293212890625,0.00289794921875,0.17275505748799302,41,7.068168826219512e-05,0.00420166015625,0.00313720703125
964,seed42_edit00,42,C_elongated_ribbon,NOISE_PATTERN_CANDIDATE,fragmented_refined_mask,0.00091796875,0.000908203125,0.05713408078636154,40,2.2705078125e-05,0.05634033203125,0.05002197265625
964,seed42_edit01,42,D_irregular_boundary,NOISE_PATTERN_CANDIDATE,fragmented_refined_mask,0.0476904296875,0.04707275390625,0.6504402388422225,90,0.0005230305989583333,0.05634033203125,0.05002197265625
970,seed42_edit00,42,D_irregular_boundary,NOISE_PATTERN_CANDIDATE,fragmented_refined_mask,0.02607177734375,0.02593505859375,0.4627951555284482,122,0.0002125824474897541,0.0320068359375,0.02221435546875
977,seed42_edit00,42,C_elongated_ribbon,WEAK_CHANGE_CANDIDATE,changed_pixel_ratio_at_or_below_weak_threshold,9.033203125e-05,9.033203125e-05,0.019190871369294607,12,7.5276692708333335e-06,0.00028564453125,8.056640625e-05
981,seed42_edit00,42,D_irregular_boundary,NOISE_PATTERN_CANDIDATE,fragmented_refined_mask,0.04518310546875,0.04452392578125,0.8100652956069826,36,0.0012367757161458335,0.05855224609375,0.04744384765625
981,seed42_edit01,42,D_irregular_boundary,NOISE_PATTERN_CANDIDATE,fragmented_refined_mask,0.00742919921875,0.0072900390625,0.37474899598393574,40,0.00018225097656249999,0.05855224609375,0.04744384765625
984,seed42_edit01,42,D_irregular_boundary,NOISE_PATTERN_CANDIDATE,fragmented_refined_mask,0.01563232421875,0.0155419921875,0.30726904141326383,138,0.00011262313179347825,0.17619384765625,0.1698779296875
985,seed42_edit01,42,D_irregular_boundary,NOISE_PATTERN_CANDIDATE,fragmented_refined_mask,0.02826904296875,0.02822021484375,0.545055877776206,100,0.0002822021484375,0.03358642578125,0.0236083984375
99,seed42_edit00,42,C_elongated_ribbon,NOISE_PATTERN_CANDIDATE,fragmented_refined_mask,0.0063818359375,0.00634765625,0.37211965078002,147,4.3181335034013606e-05,0.0148876953125,0.0073291015625
99,seed42_edit01,42,C_elongated_ribbon,NOISE_PATTERN_CANDIDATE,fragmented_refined_mask,0.0033544921875,0.00334228515625,0.320233918128655,59,5.6648900953389825e-05,0.0148876953125,0.0073291015625
991,seed42_edit00,42,C_elongated_ribbon,NOISE_PATTERN_CANDIDATE,fragmented_refined_mask,0.00466796875,0.004609375,0.3144046627810158,28,0.0001646205357142857,0.00669677734375,0.0021435546875
992,seed42_edit00,42,D_irregular_boundary,NOISE_PATTERN_CANDIDATE,fragmented_refined_mask,0.02249267578125,0.02236083984375,0.4779523039190106,145,0.0001542126885775862,0.197607421875,0.16987060546875
997,seed42_edit00,42,C_elongated_ribbon,NOISE_PATTERN_CANDIDATE,fragmented_refined_mask,0.00515380859375,0.0051416015625,0.32064555420219243,45,0.00011425781249999999,0.00789306640625,0.003583984375
999,seed42_edit00,42,D_irregular_boundary,NOISE_PATTERN_CANDIDATE,fragmented_refined_mask,0.04126220703125,0.04087646484375,0.5233659466725017,149,0.00027433869022651006,0.07215576171875,0.0403271484375
1,seed01_edit01,1,C_elongated_ribbon,NOISE_PATTERN_CANDIDATE,fragmented_refined_mask,0.01002197265625,0.01000244140625,0.5277598866417622,69,0.0001449629189311594,0.1060302734375,0.091025390625
100,seed01_edit00,1,C_elongated_ribbon,NOISE_PATTERN_CANDIDATE,fragmented_refined_mask,0.004326171875,0.00432373046875,0.5124421296296297,27,0.00016013816550925926,0.022421875,0.01469970703125
100,seed01_edit01,1,C_elongated_ribbon,NOISE_PATTERN_CANDIDATE,fragmented_refined_mask,0.011728515625,0.01166015625,0.6690012606807676,32,0.0003643798828125,0.022421875,0.01469970703125
1003,seed01_edit00,1,C_elongated_ribbon,NOISE_PATTERN_CANDIDATE,fragmented_refined_mask,0.00115234375,0.00114013671875,0.10837781387792991,30,3.800455729166667e-05,0.00319091796875,0.00076171875
1003,seed01_edit01,1,C_elongated_ribbon,NOISE_PATTERN_CANDIDATE,fragmented_refined_mask,0.001064453125,0.001064453125,0.18989547038327526,32,3.326416015625e-05,0.00319091796875,0.00076171875
1004,seed01_edit00,1,D_irregular_boundary,NOISE_PATTERN_CANDIDATE,fragmented_refined_mask,0.00080078125,0.00080078125,0.07259849490925188,21,3.8132440476190475e-05,0.0508154296875,0.0493359375
1005,seed01_edit00,1,C_elongated_ribbon,NOISE_PATTERN_CANDIDATE,fragmented_refined_mask,0.00093994140625,0.00093994140625,0.0693943763518385,25,3.759765625e-05,0.01396728515625,0.0089599609375
101,seed01_edit01,1,D_irregular_boundary,NOISE_PATTERN_CANDIDATE,fragmented_refined_mask,0.03875244140625,0.03841796875,0.7153702777651498,39,0.0009850761217948718,0.1655615234375,0.16076171875
105,seed01_edit00,1,D_irregular_boundary,NOISE_PATTERN_CANDIDATE,fragmented_refined_mask,0.06349365234375,0.06294189453125,0.6934663905102617,71,0.000886505556778169,0.08515380859375,0.07288818359375
105,seed01_edit01,1,D_irregular_boundary,NOISE_PATTERN_CANDIDATE,fragmented_refined_mask,0.00721435546875,0.007080078125,0.3710337768679631,29,0.000244140625,0.08515380859375,0.07288818359375
110,seed01_edit00,1,C_elongated_ribbon,NOISE_PATTERN_CANDIDATE,fragmented_refined_mask,0.00240966796875,0.0023828125,0.49643947100712105,34,7.008272058823529e-05,0.07537109375,0.0687353515625
114,seed01_edit00,1,C_elongated_ribbon,NOISE_PATTERN_CANDIDATE,fragmented_refined_mask,0.0044775390625,0.00447265625,0.4039691289966924,81,5.521797839506173e-05,0.170390625,0.168955078125
124,seed01_edit01,1,C_elongated_ribbon,NOISE_PATTERN_CANDIDATE,fragmented_refined_mask,0.005048828125,0.00502685546875,0.5506820005349023,43,0.00011690361555232558,0.04215087890625,0.03010498046875
13,seed01_edit02,1,D_irregular_boundary,NOISE_PATTERN_CANDIDATE,fragmented_refined_mask,0.0407275390625,0.04021484375,0.44039248188647967,27,0.0014894386574074074,0.20314208984375,0.1518896484375
132,seed01_edit00,1,D_irregular_boundary,NOISE_PATTERN_CANDIDATE,fragmented_refined_mask,0.0257373046875,0.02556884765625,0.5016525362839488,191,0.00013386831233638745,0.03152099609375,0.0302001953125
146,seed01_edit00,1,C_elongated_ribbon,NOISE_PATTERN_CANDIDATE,fragmented_refined_mask,0.00512939453125,0.00511474609375,0.3985162640289138,124,4.124795236895161e-05,0.01218505859375,0.0056689453125
149,seed01_edit00,1,C_elongated_ribbon,NOISE_PATTERN_CANDIDATE,fragmented_refined_mask,0.0092578125,0.00915283203125,0.46763128352251465,158,5.792931665348102e-05,0.02893310546875,0.0111279296875
149,seed01_edit01,1,C_elongated_ribbon,NOISE_PATTERN_CANDIDATE,fragmented_refined_mask,0.00779052734375,0.00774169921875,0.40984877859635516,223,3.471613999439462e-05,0.02893310546875,0.0111279296875
149,seed01_edit02,1,C_elongated_ribbon,NOISE_PATTERN_CANDIDATE,fragmented_refined_mask,0.0029541015625,0.00294677734375,0.39717012175057587,79,3.730097903481013e-05,0.02893310546875,0.0111279296875
155,seed01_edit00,1,C_elongated_ribbon,NOISE_PATTERN_CANDIDATE,fragmented_refined_mask,0.00923828125,0.00916748046875,0.6287675820495646,26,0.00035259540264423076,0.2269970703125,0.12438720703125
165,seed01_edit00,1,D_irregular_boundary,NOISE_PATTERN_CANDIDATE,fragmented_refined_mask,0.003544921875,0.00333251953125,0.41590493601462525,20,0.0001666259765625,0.05754150390625,0.0322607421875
165,seed01_edit01,1,D_irregular_boundary,NOISE_PATTERN_CANDIDATE,fragmented_refined_mask,0.04264892578125,0.042216796875,0.5579324363565966,37,0.001140994510135135,0.05754150390625,0.0322607421875
168,seed01_edit01,1,C_elongated_ribbon,NOISE_PATTERN_CANDIDATE,fragmented_refined_mask,0.0018701171875,0.00185546875,0.489375402446877,20,9.27734375e-05,0.0066845703125,0.00303955078125
17,seed01_edit01,1,B_diffuse_texture,NOISE_PATTERN_CANDIDATE,fragmented_refined_mask,0.11219970703125,0.11191162109375,0.706476172862339,299,0.0003742863581730769,0.12492919921875,0.05805419921875
171,seed01_edit01,1,C_elongated_ribbon,NOISE_PATTERN_CANDIDATE,fragmented_refined_mask,0.00935546875,0.009306640625,0.5893630179344465,26,0.00035794771634615384,0.03344970703125,0.01505859375
176,seed01_edit00,1,D_irregular_boundary,NOISE_PATTERN_CANDIDATE,fragmented_refined_mask,0.0576611328125,0.05749755859375,0.5833642961531793,43,0.0013371525254360465,0.069267578125,0.06418701171875
177,seed01_edit02,1,D_irregular_boundary,NOISE_PATTERN_CANDIDATE,fragmented_refined_mask,0.03044921875,0.029912109375,0.5900881375523769,137,0.00021833656478102188,0.22824462890625,0.17848876953125
191,seed01_edit01,1,D_irregular_boundary,NOISE_PATTERN_CANDIDATE,fragmented_refined_mask,0.0554296875,0.0552587890625,0.7081312767887871,29,0.0019054754849137932,0.06810791015625,0.06458740234375
192,seed01_edit00,1,D_irregular_boundary,NOISE_PATTERN_CANDIDATE,fragmented_refined_mask,0.02664794921875,0.02663818359375,0.642239095885573,34,0.0007834759880514706,0.08072265625,0.046875
193,seed01_edit00,1,D_irregular_boundary,NOISE_PATTERN_CANDIDATE,fragmented_refined_mask,0.00492919921875,0.00464111328125,0.556987987108116,41,0.00011319788490853659,0.190078125,0.17742431640625
198,seed01_edit01,1,D_irregular_boundary,NOISE_PATTERN_CANDIDATE,fragmented_refined_mask,0.05151611328125,0.05064208984375,0.8348291544250815,29,0.0017462789601293105,0.1491015625,0.12211181640625
199,seed01_edit00,1,C_elongated_ribbon,NOISE_PATTERN_CANDIDATE,fragmented_refined_mask,0.012568359375,0.012490234375,0.6357648813222319,39,0.00032026241987179486,0.0656005859375,0.04834716796875
2,seed01_edit00,1,D_irregular_boundary,NOISE_PATTERN_CANDIDATE,fragmented_refined_mask,0.03376953125,0.0336669921875,0.6383668178872327,54,0.0006234628182870371,0.06265869140625,0.0405322265625
205,seed01_edit00,1,C_elongated_ribbon,NOISE_PATTERN_CANDIDATE,fragmented_refined_mask,0.0020654296875,0.00205078125,0.2199528672427337,52,3.9438100961538464e-05,0.0062109375,0.002265625
21,seed01_edit01,1,C_elongated_ribbon,NOISE_PATTERN_CANDIDATE,fragmented_refined_mask,0.007177734375,0.0071240234375,0.5975834527954127,40,0.0001781005859375,0.155537109375,0.151142578125
222,seed01_edit00,1,C_elongated_ribbon,NOISE_PATTERN_CANDIDATE,fragmented_refined_mask,0.0046484375,0.00462890625,0.30248883216336947,85,5.44577205882353e-05,0.15501708984375,0.14526611328125
223,seed01_edit00,1,C_elongated_ribbon,NOISE_PATTERN_CANDIDATE,fragmented_refined_mask,0.0063818359375,0.00637939453125,0.4617423573069447,73,8.738896618150684e-05,0.015341796875,0.008896484375
223,seed01_edit02,1,C_elongated_ribbon,NOISE_PATTERN_CANDIDATE,fragmented_refined_mask,0.00235107421875,0.002314453125,0.44716981132075473,44,5.2601207386363636e-05,0.015341796875,0.008896484375
234,seed01_edit01,1,C_elongated_ribbon,NOISE_PATTERN_CANDIDATE,fragmented_refined_mask,0.00951416015625,0.009482421875,0.5228159913851124,75,0.00012643229166666667,0.02023681640625,0.0123291015625
239,seed01_edit01,1,B_diffuse_texture,NOISE_PATTERN_CANDIDATE,fragmented_refined_mask,0.0248779296875,0.024111328125,0.8855810616929699,23,0.0010483186141304348,0.02900634765625,0.02659912109375
243,seed01_edit00,1,C_elongated_ribbon,NOISE_PATTERN_CANDIDATE,fragmented_refined_mask,0.0021337890625,0.0021240234375,0.36911327959270257,63,3.3714657738095234e-05,0.004521484375,0.002314453125
252,seed01_edit01,1,C_elongated_ribbon,WEAK_CHANGE_CANDIDATE,changed_pixel_ratio_at_or_below_weak_threshold,0.000458984375,0.0004345703125,0.07904085257548846,1,0.0004345703125,0.07386962890625,0.07240478515625
254,seed01_edit00,1,C_elongated_ribbon,NOISE_PATTERN_CANDIDATE,fragmented_refined_mask,0.0032421875,0.00323486328125,0.5026555386949925,32,0.0001010894775390625,0.005029296875,0.004228515625
255,seed01_edit01,1,D_irregular_boundary,NOISE_PATTERN_CANDIDATE,fragmented_refined_mask,0.07959228515625,0.0791552734375,0.8452694423442918,27,0.002931676793981482,0.099697265625,0.0981396484375
257,seed01_edit00,1,D_irregular_boundary,NOISE_PATTERN_CANDIDATE,fragmented_refined_mask,0.01752197265625,0.01685791015625,0.7170301142263759,20,0.0008428955078124999,0.04892333984375,0.02273681640625
257,seed01_edit01,1,D_irregular_boundary,NOISE_PATTERN_CANDIDATE,fragmented_refined_mask,0.01831787109375,0.01814208984375,0.5335678897106341,42,0.00043195452008928573,0.04892333984375,0.02273681640625
258,seed01_edit00,1,D_irregular_boundary,NOISE_PATTERN_CANDIDATE,fragmented_refined_mask,0.04414306640625,0.04361083984375,0.7898390519985851,21,0.0020767066592261903,0.0508203125,0.0501318359375
259,seed01_edit00,1,C_elongated_ribbon,NOISE_PATTERN_CANDIDATE,fragmented_refined_mask,0.0125927734375,0.0124560546875,0.6820855614973262,32,0.000389251708984375,0.01636474609375,0.015673828125
268,seed01_edit01,1,B_diffuse_texture,NOISE_PATTERN_CANDIDATE,fragmented_refined_mask,0.0928662109375,0.0927978515625,0.8862825564856484,31,0.0029934790826612904,0.24204345703125,0.1468017578125
283,seed01_edit02,1,D_irregular_boundary,NOISE_PATTERN_CANDIDATE,fragmented_refined_mask,0.03667236328125,0.03620361328125,0.7028628306000568,26,0.0013924466646634615,0.1688037109375,0.16782958984375
284,seed01_edit01,1,C_elongated_ribbon,NOISE_PATTERN_CANDIDATE,fragmented_refined_mask,0.00561279296875,0.00560791015625,0.3998259355961706,41,0.00013677829649390242,0.17752197265625,0.1760546875
285,seed01_edit01,1,C_elongated_ribbon,NOISE_PATTERN_CANDIDATE,fragmented_refined_mask,0.008603515625,0.00851806640625,0.645752359800111,20,0.0004259033203125,0.095244140625,0.0933740234375
288,seed01_edit00,1,C_elongated_ribbon,NOISE_PATTERN_CANDIDATE,fragmented_refined_mask,0.00565185546875,0.00563720703125,0.5367271036727104,57,9.889836896929824e-05,0.008115234375,0.00459228515625
29,seed01_edit00,1,D_irregular_boundary,NOISE_PATTERN_CANDIDATE,fragmented_refined_mask,0.06135009765625,0.06073974609375,0.7233108500988487,53,0.0011460329451650944,0.1631494140625,0.1613818359375
296,seed01_edit01,1,D_irregular_boundary,NOISE_PATTERN_CANDIDATE,fragmented_refined_mask,0.05495849609375,0.05407470703125,0.6562277790945722,21,0.002574986049107143,0.0677197265625,0.06353271484375
300,seed01_edit00,1,D_irregular_boundary,NOISE_PATTERN_CANDIDATE,fragmented_refined_mask,0.03192138671875,0.03187744140625,0.53613369467028,130,0.0002452110877403846,0.0433251953125,0.03854248046875
303,seed01_edit00,1,D_irregular_boundary,NOISE_PATTERN_CANDIDATE,fragmented_refined_mask,0.02142822265625,0.02102783203125,0.7645126930587609,27,0.00077880859375,0.1395556640625,0.102900390625
303,seed01_edit02,1,C_elongated_ribbon,NOISE_PATTERN_CANDIDATE,fragmented_refined_mask,0.00766357421875,0.00765625,0.5027252324462969,67,0.00011427238805970149,0.1395556640625,0.102900390625
304,seed01_edit01,1,C_elongated_ribbon,NOISE_PATTERN_CANDIDATE,fragmented_refined_mask,0.0096240234375,0.00949462890625,0.6425974884335757,30,0.00031648763020833333,0.014365234375,0.0117529296875
305,seed01_edit00,1,C_elongated_ribbon,NOISE_PATTERN_CANDIDATE,fragmented_refined_mask,0.00545166015625,0.00543212890625,0.3707097634121959,121,4.4893627324380165e-05,0.01257568359375,0.00941162109375
312,seed01_edit02,1,C_elongated_ribbon,NOISE_PATTERN_CANDIDATE,fragmented_refined_mask,0.0040087890625,0.00400146484375,0.48620587362800355,42,9.52729724702381e-05,0.0598046875,0.05206787109375
313,seed01_edit00,1,C_elongated_ribbon,NOISE_PATTERN_CANDIDATE,fragmented_refined_mask,0.0085107421875,0.00839599609375,0.5080514108435514,142,5.9126733054577465e-05,0.01506103515625,0.01078125
314,seed01_edit00,1,C_elongated_ribbon,NOISE_PATTERN_CANDIDATE,fragmented_refined_mask,0.00449951171875,0.00447021484375,0.33134274339486064,82,5.451481516768292e-05,0.0112841796875,0.00552734375
315,seed01_edit01,1,D_irregular_boundary,NOISE_PATTERN_CANDIDATE,fragmented_refined_mask,0.04441162109375,0.04377685546875,0.8004910714285715,20,0.0021888427734375,0.05500732421875,0.04936767578125
317,seed01_edit00,1,C_elongated_ribbon,NOISE_PATTERN_CANDIDATE,fragmented_refined_mask,0.0051513671875,0.0051123046875,0.38065806217051446,68,7.518095128676472e-05,0.00753662109375,0.006787109375
321,seed01_edit00,1,B_diffuse_texture,NOISE_PATTERN_CANDIDATE,fragmented_refined_mask,0.10258056640625,0.1025439453125,0.8158262761246212,69,0.001486144134963768,0.10586181640625,0.104130859375
322,seed01_edit01,1,D_irregular_boundary,NOISE_PATTERN_CANDIDATE,fragmented_refined_mask,0.05424072265625,0.053642578125,0.7713262655339465,40,0.001341064453125,0.0716943359375,0.06050537109375
326,seed01_edit02,1,D_irregular_boundary,NOISE_PATTERN_CANDIDATE,fragmented_refined_mask,0.0564208984375,0.05624755859375,0.6558399043525293,141,0.00039891885527482265,0.0840673828125,0.07908203125
334,seed01_edit01,1,D_irregular_boundary,NOISE_PATTERN_CANDIDATE,fragmented_refined_mask,0.03906982421875,0.03878173828125,0.7951246371008109,23,0.0016861625339673913,0.04813720703125,0.043759765625
336,seed01_edit00,1,C_elongated_ribbon,NOISE_PATTERN_CANDIDATE,fragmented_refined_mask,0.0022412109375,0.00219970703125,0.5447400241837969,21,0.00010474795386904761,0.01052978515625,0.005986328125
337,seed01_edit00,1,D_irregular_boundary,NOISE_PATTERN_CANDIDATE,fragmented_refined_mask,0.05056884765625,0.049609375,0.7846165727083172,54,0.0009186921296296295,0.05814208984375,0.05337646484375
339,seed01_edit01,1,C_elongated_ribbon,NOISE_PATTERN_CANDIDATE,fragmented_refined_mask,0.00218994140625,0.00211669921875,0.5031921067904818,43,4.9225563226744185e-05,0.11128662109375,0.107197265625
346,seed01_edit00,1,D_irregular_boundary,NOISE_PATTERN_CANDIDATE,fragmented_refined_mask,0.026337890625,0.02606201171875,0.7124741373556698,40,0.00065155029296875,0.03528076171875,0.03091552734375
355,seed01_edit00,1,C_elongated_ribbon,NOISE_PATTERN_CANDIDATE,fragmented_refined_mask,0.01013671875,0.0100927734375,0.6091056431412996,26,0.00038818359375,0.01379638671875,0.01216064453125
360,seed01_edit00,1,D_irregular_boundary,NOISE_PATTERN_CANDIDATE,fragmented_refined_mask,0.0454150390625,0.04497314453125,0.5201468304390795,81,0.000555224006558642,0.11157958984375,0.10515869140625
360,seed01_edit02,1,B_diffuse_texture,NOISE_PATTERN_CANDIDATE,fragmented_refined_mask,0.07782470703125,0.07781982421875,0.783689425417353,28,0.0027792794363839285,0.11157958984375,0.10515869140625
363,seed01_edit00,1,B_diffuse_texture,NOISE_PATTERN_CANDIDATE,fragmented_refined_mask,0.1002880859375,0.099833984375,0.9568961482660177,20,0.00499169921875,0.14072509765625,0.104013671875
369,seed01_edit01,1,D_irregular_boundary,NOISE_PATTERN_CANDIDATE,fragmented_refined_mask,0.0648046875,0.06447021484375,0.6885968343372708,51,0.0012641218596813725,0.2329248046875,0.229873046875
384,seed01_edit00,1,D_irregular_boundary,NOISE_PATTERN_CANDIDATE,fragmented_refined_mask,0.0291064453125,0.02894775390625,0.36763611558973086,179,0.00016171929556564244,0.038447265625,0.0333154296875
386,seed01_edit01,1,C_elongated_ribbon,NOISE_PATTERN_CANDIDATE,fragmented_refined_mask,0.01252685546875,0.01240478515625,0.6359198998748435,29,0.0004277512122844828,0.035322265625,0.03434814453125
388,seed01_edit00,1,B_diffuse_texture,NOISE_PATTERN_CANDIDATE,fragmented_refined_mask,0.1603515625,0.15669677734375,0.9380462424366431,29,0.005403337149784483,0.1692919921875,0.1656982421875
394,seed01_edit01,1,C_elongated_ribbon,NOISE_PATTERN_CANDIDATE,fragmented_refined_mask,0.0017919921875,0.0017919921875,0.31273966766084366,105,1.706659226190476e-05,0.02265869140625,0.0178125
398,seed01_edit01,1,C_elongated_ribbon,NOISE_PATTERN_CANDIDATE,fragmented_refined_mask,0.01040283203125,0.0103369140625,0.5924993003078646,41,0.00025211985518292684,0.0537353515625,0.02793701171875
398,seed01_edit02,1,D_irregular_boundary,NOISE_PATTERN_CANDIDATE,fragmented_refined_mask,0.02992919921875,0.0296826171875,0.399238170295209,253,0.00011732259757905139,0.0537353515625,0.02793701171875
419,seed01_edit01,1,C_elongated_ribbon,NOISE_PATTERN_CANDIDATE,fragmented_refined_mask,0.00451904296875,0.00449462890625,0.5212344280860702,37,0.00012147645692567568,0.0106591796875,0.00621337890625
419,seed01_edit02,1,C_elongated_ribbon,NOISE_PATTERN_CANDIDATE,fragmented_refined_mask,0.0010205078125,0.00101806640625,0.42594484167517876,21,4.847935267857143e-05,0.0106591796875,0.00621337890625
436,seed01_edit01,1,D_irregular_boundary,NOISE_PATTERN_CANDIDATE,fragmented_refined_mask,0.0276806640625,0.02755859375,0.4501515393204658,247,0.00011157325404858299,0.1532666015625,0.119658203125
441,seed01_edit00,1,D_irregular_boundary,NOISE_PATTERN_CANDIDATE,fragmented_refined_mask,0.0564501953125,0.0562060546875,0.5915818686401481,165,0.00034064275568181817,0.07598388671875,0.0517822265625
442,seed01_edit00,1,D_irregular_boundary,NOISE_PATTERN_CANDIDATE,fragmented_refined_mask,0.0457568359375,0.045517578125,0.647968581656414,82,0.0005550924161585365,0.060390625,0.05173828125
444,seed01_edit01,1,C_elongated_ribbon,NOISE_PATTERN_CANDIDATE,fragmented_refined_mask,0.00294677734375,0.00294677734375,0.2975104757209761,43,6.852970566860465e-05,0.094462890625,0.093447265625
446,seed01_edit00,1,C_elongated_ribbon,NOISE_PATTERN_CANDIDATE,fragmented_refined_mask,0.00199462890625,0.00199462890625,0.13095047283218464,66,3.0221650094696968e-05,0.11752685546875,0.11594970703125
449,seed01_edit00,1,D_irregular_boundary,NOISE_PATTERN_CANDIDATE,fragmented_refined_mask,0.04590576171875,0.0455029296875,0.6640302123414564,104,0.00043752817007211537,0.06353759765625,0.05045166015625
449,seed01_edit01,1,D_irregular_boundary,NOISE_PATTERN_CANDIDATE,fragmented_refined_mask,0.0070166015625,0.00686279296875,0.3796596434359806,39,0.00017596905048076922,0.06353759765625,0.05045166015625
449,seed01_edit02,1,C_elongated_ribbon,NOISE_PATTERN_CANDIDATE,fragmented_refined_mask,0.00189208984375,0.001884765625,0.20036335323124838,31,6.0798891129032256e-05,0.06353759765625,0.05045166015625
450,seed01_edit02,1,C_elongated_ribbon,NOISE_PATTERN_CANDIDATE,fragmented_refined_mask,0.00163330078125,0.00160888671875,0.1245275888133031,26,6.188025841346154e-05,0.03652587890625,0.032080078125
459,seed01_edit00,1,C_elongated_ribbon,NOISE_PATTERN_CANDIDATE,fragmented_refined_mask,0.00394287109375,0.0039306640625,0.27956242403195,80,4.913330078125e-05,0.00577880859375,0.00422119140625
461,seed01_edit00,1,C_elongated_ribbon,WEAK_CHANGE_CANDIDATE,changed_pixel_ratio_at_or_below_weak_threshold,0.0003125,0.00030029296875,0.09367859862909368,1,0.00030029296875,0.0004443359375,0.00041015625
462,seed01_edit00,1,D_irregular_boundary,NOISE_PATTERN_CANDIDATE,fragmented_refined_mask,0.05705078125,0.0567626953125,0.6210267642502271,196,0.00028960558832908165,0.06792236328125,0.0630419921875
462,seed01_edit01,1,C_elongated_ribbon,NOISE_PATTERN_CANDIDATE,fragmented_refined_mask,0.00115234375,0.00114990234375,0.14285714285714285,58,1.9825902478448276e-05,0.06792236328125,0.0630419921875
467,seed01_edit00,1,D_irregular_boundary,NOISE_PATTERN_CANDIDATE,fragmented_refined_mask,0.01133056640625,0.01119140625,0.2113318888018072,37,0.0003024704391891892,0.014140625,0.0116064453125
474,seed01_edit00,1,C_elongated_ribbon,NOISE_PATTERN_CANDIDATE,fragmented_refined_mask,0.0008203125,0.0008203125,0.2681564245810056,20,4.1015624999999996e-05,0.00469482421875,0.0033837890625
480,seed01_edit01,1,C_elongated_ribbon,WEAK_CHANGE_CANDIDATE,changed_pixel_ratio_at_or_below_weak_threshold,6.591796875e-05,6.591796875e-05,0.005349712700614226,10,6.591796875000001e-06,0.01212646484375,0.01144287109375
481,seed01_edit00,1,C_elongated_ribbon,NOISE_PATTERN_CANDIDATE,fragmented_refined_mask,0.00396240234375,0.003955078125,0.24218866796232622,66,5.9925426136363636e-05,0.22715576171875,0.22446044921875
483,seed01_edit00,1,C_elongated_ribbon,NOISE_PATTERN_CANDIDATE,fragmented_refined_mask,0.002236328125,0.00222900390625,0.16483119696696155,43,5.183730014534884e-05,0.06016845703125,0.057578125
485,seed01_edit01,1,C_elongated_ribbon,WEAK_CHANGE_CANDIDATE,changed_pixel_ratio_at_or_below_weak_threshold,0.000380859375,0.000380859375,0.041901692183722805,20,1.904296875e-05,0.00310546875,0.00220947265625
485,seed01_edit01,1,C_elongated_ribbon,NOISE_PATTERN_CANDIDATE,fragmented_refined_mask,0.000380859375,0.000380859375,0.041901692183722805,20,1.904296875e-05,0.00310546875,0.00220947265625
486,seed01_edit01,1,D_irregular_boundary,NOISE_PATTERN_CANDIDATE,fragmented_refined_mask,0.02917724609375,0.02907958984375,0.3373838658508951,291,9.992986200601374e-05,0.037685546875,0.03036865234375
487,seed01_edit00,1,C_elongated_ribbon,WEAK_CHANGE_CANDIDATE,changed_pixel_ratio_at_or_below_weak_threshold,0.00028076171875,0.0002783203125,0.014228657014478282,13,2.1409254807692305e-05,0.05531982421875,0.052470703125
492,seed01_edit01,1,C_elongated_ribbon,NOISE_PATTERN_CANDIDATE,fragmented_refined_mask,0.0051953125,0.0051513671875,0.4323770491803279,62,8.308656754032258e-05,0.05415771484375,0.037734375
492,seed01_edit02,1,D_irregular_boundary,NOISE_PATTERN_CANDIDATE,fragmented_refined_mask,0.03568359375,0.0353125,0.5032356829726533,269,0.0001312732342007435,0.05415771484375,0.037734375
495,seed01_edit01,1,D_irregular_boundary,NOISE_PATTERN_CANDIDATE,fragmented_refined_mask,0.02197021484375,0.0216845703125,0.5612992922143579,70,0.0003097795758928571,0.04545166015625,0.0197314453125
495,seed01_edit02,1,C_elongated_ribbon,NOISE_PATTERN_CANDIDATE,fragmented_refined_mask,0.00653076171875,0.0064990234375,0.4005416792055372,74,8.78246410472973e-05,0.04545166015625,0.0197314453125
497,seed01_edit00,1,D_irregular_boundary,NOISE_PATTERN_CANDIDATE,fragmented_refined_mask,0.0228369140625,0.0223583984375,0.5780470870415957,100,0.000223583984375,0.165224609375,0.11541259765625
499,seed01_edit01,1,D_irregular_boundary,NOISE_PATTERN_CANDIDATE,fragmented_refined_mask,0.0538427734375,0.05365478515625,0.6190355472931103,125,0.00042923828125000004,0.0626025390625,0.04938232421875
505,seed01_edit00,1,C_elongated_ribbon,NOISE_PATTERN_CANDIDATE,fragmented_refined_mask,0.0025634765625,0.0025439453125,0.19112252384446074,61,4.170402151639344e-05,0.0120947265625,0.00459228515625
505,seed01_edit02,1,D_irregular_boundary,NOISE_PATTERN_CANDIDATE,fragmented_refined_mask,0.0050048828125,0.00485107421875,0.4168239983217957,61,7.95258068647541e-05,0.0120947265625,0.00459228515625
510,seed01_edit00,1,C_elongated_ribbon,NOISE_PATTERN_CANDIDATE,fragmented_refined_mask,0.002861328125,0.00285888671875,0.24164259182831202,96,2.978006998697917e-05,0.00479248046875,0.001513671875
514,seed01_edit00,1,C_elongated_ribbon,WEAK_CHANGE_CANDIDATE,changed_pixel_ratio_at_or_below_weak_threshold,0.00011474609375,0.00010986328125,0.00909090909090909,14,7.847377232142858e-06,0.00039794921875,5.859375e-05
52,seed01_edit00,1,C_elongated_ribbon,NOISE_PATTERN_CANDIDATE,fragmented_refined_mask,0.00191650390625,0.00191650390625,0.3268109908409659,71,2.6993012764084505e-05,0.0094287109375,0.00207763671875
520,seed01_edit00,1,D_irregular_boundary,NOISE_PATTERN_CANDIDATE,fragmented_refined_mask,0.0330224609375,0.03299560546875,0.349504771263803,193,0.00017096168636658032,0.04009765625,0.033994140625
528,seed01_edit00,1,C_elongated_ribbon,WEAK_CHANGE_CANDIDATE,changed_pixel_ratio_at_or_below_weak_threshold,0.00038330078125,0.0003759765625,0.4095744680851064,8,4.69970703125e-05,0.06733642578125,0.0662451171875
530,seed01_edit00,1,D_irregular_boundary,NOISE_PATTERN_CANDIDATE,fragmented_refined_mask,0.0513330078125,0.05114013671875,0.5408049983218445,322,0.00015882030036878882,0.06168212890625,0.05672119140625
531,seed01_edit00,1,D_irregular_boundary,NOISE_PATTERN_CANDIDATE,fragmented_refined_mask,0.06500244140625,0.0644921875,0.6342224676478356,145,0.00044477370689655174,0.0729345703125,0.06052734375
532,seed01_edit00,1,D_irregular_boundary,NOISE_PATTERN_CANDIDATE,fragmented_refined_mask,0.0637841796875,0.06293212890625,0.7751781794123839,48,0.0013110860188802083,0.0726708984375,0.07057861328125
533,seed01_edit00,1,D_irregular_boundary,NOISE_PATTERN_CANDIDATE,fragmented_refined_mask,0.03277099609375,0.03260986328125,0.5100427676798533,225,0.00014493272569444444,0.039462890625,0.0355859375
534,seed01_edit01,1,D_irregular_boundary,NOISE_PATTERN_CANDIDATE,fragmented_refined_mask,0.0488232421875,0.04846435546875,0.5965740045078888,174,0.00027853077855603445,0.14932373046875,0.14283447265625
542,seed01_edit00,1,C_elongated_ribbon,NOISE_PATTERN_CANDIDATE,fragmented_refined_mask,0.00335693359375,0.0033447265625,0.21057485398094067,68,4.918715533088235e-05,0.1745556640625,0.1726025390625
542,seed01_edit01,1,D_irregular_boundary,NOISE_PATTERN_CANDIDATE,fragmented_refined_mask,0.0599462890625,0.05930419921875,0.6556098350921703,65,0.0009123722956730769,0.1745556640625,0.1726025390625
544,seed01_edit00,1,C_elongated_ribbon,WEAK_CHANGE_CANDIDATE,changed_pixel_ratio_at_or_below_weak_threshold,4.39453125e-05,4.150390625e-05,0.023809523809523808,7,5.929129464285715e-06,0.08056396484375,0.0777490234375
546,seed01_edit00,1,C_elongated_ribbon,NOISE_PATTERN_CANDIDATE,fragmented_refined_mask,0.0051904296875,0.00516357421875,0.3472906403940887,91,5.674257383241758e-05,0.0193505859375,0.011142578125
547,seed01_edit00,1,C_elongated_ribbon,NOISE_PATTERN_CANDIDATE,fragmented_refined_mask,0.0005615234375,0.00055908203125,0.030048550059047368,26,2.1503155048076924e-05,0.001220703125,0.00055419921875
556,seed01_edit02,1,C_elongated_ribbon,WEAK_CHANGE_CANDIDATE,changed_pixel_ratio_at_or_below_weak_threshold,0.000390625,0.00038330078125,0.060176312763510924,9,4.258897569444445e-05,0.014296875,0.013037109375
569,seed01_edit01,1,C_elongated_ribbon,WEAK_CHANGE_CANDIDATE,changed_pixel_ratio_at_or_below_weak_threshold,0.00013916015625,0.00013916015625,0.11825726141078838,8,1.739501953125e-05,0.00858154296875,0.00536376953125
570,seed01_edit00,1,C_elongated_ribbon,WEAK_CHANGE_CANDIDATE,changed_pixel_ratio_at_or_below_weak_threshold,0.00033447265625,0.00033447265625,0.02773840858473375,10,3.3447265625e-05,0.005146484375,0.00147216796875
572,seed01_edit00,1,D_irregular_boundary,NOISE_PATTERN_CANDIDATE,fragmented_refined_mask,0.06107666015625,0.06043701171875,0.6623943058974633,108,0.0005596019603587964,0.06971435546875,0.06585693359375
573,seed01_edit02,1,C_elongated_ribbon,NOISE_PATTERN_CANDIDATE,fragmented_refined_mask,0.00340087890625,0.0033984375,0.331192005710207,54,6.293402777777778e-05,0.0307861328125,0.0246728515625
580,seed01_edit01,1,D_irregular_boundary,NOISE_PATTERN_CANDIDATE,fragmented_refined_mask,0.02458740234375,0.0244189453125,0.4258707314996168,134,0.00018223093516791044,0.042099609375,0.01350830078125
583,seed01_edit01,1,C_elongated_ribbon,WEAK_CHANGE_CANDIDATE,changed_pixel_ratio_at_or_below_weak_threshold,0.00015380859375,0.00015380859375,0.012844036697247707,6,2.5634765625e-05,0.02010498046875,0.01982666015625
585,seed01_edit00,1,D_irregular_boundary,NOISE_PATTERN_CANDIDATE,fragmented_refined_mask,0.0418017578125,0.0413623046875,0.5761409236210298,129,0.0003206380208333333,0.285078125,0.15029541015625
586,seed01_edit01,1,D_irregular_boundary,NOISE_PATTERN_CANDIDATE,fragmented_refined_mask,0.02731201171875,0.027119140625,0.43334763781063473,112,0.0002421351841517857,0.07515869140625,0.041005859375
590,seed01_edit00,1,C_elongated_ribbon,NOISE_PATTERN_CANDIDATE,fragmented_refined_mask,0.001787109375,0.00177734375,0.09976702754556667,33,5.3858901515151516e-05,0.0337646484375,0.02830810546875
593,seed01_edit00,1,D_irregular_boundary,NOISE_PATTERN_CANDIDATE,fragmented_refined_mask,0.04319580078125,0.04278564453125,0.6839291289416173,118,0.00036259020789194914,0.10183349609375,0.04775390625
593,seed01_edit01,1,D_irregular_boundary,NOISE_PATTERN_CANDIDATE,fragmented_refined_mask,0.04515380859375,0.044580078125,0.6071084217175915,71,0.0006278884242957747,0.10183349609375,0.04775390625
6,seed01_edit00,1,D_irregular_boundary,NOISE_PATTERN_CANDIDATE,fragmented_refined_mask,0.04657958984375,0.04641357421875,0.4726752859273993,167,0.0002779255941242515,0.05549560546875,0.052412109375
608,seed01_edit01,1,C_elongated_ribbon,NOISE_PATTERN_CANDIDATE,fragmented_refined_mask,0.00178955078125,0.001728515625,0.2967309304274937,21,8.231026785714285e-05,0.014443359375,0.01206298828125
613,seed01_edit01,1,C_elongated_ribbon,WEAK_CHANGE_CANDIDATE,changed_pixel_ratio_at_or_below_weak_threshold,0.0001806640625,0.00015625,0.015201900237529691,1,0.00015625,0.01256591796875,0.0094970703125
615,seed01_edit01,1,D_irregular_boundary,NOISE_PATTERN_CANDIDATE,fragmented_refined_mask,0.02338134765625,0.0231640625,0.23099208764455265,357,6.488532913165266e-05,0.1857373046875,0.17702880859375
616,seed01_edit00,1,C_elongated_ribbon,WEAK_CHANGE_CANDIDATE,changed_pixel_ratio_at_or_below_weak_threshold,0.00029541015625,0.00029541015625,0.03809823677581864,8,3.692626953125e-05,0.002685546875,0.00149169921875
621,seed01_edit00,1,D_irregular_boundary,NOISE_PATTERN_CANDIDATE,fragmented_refined_mask,0.0055078125,0.005458984375,0.0967965367965368,44,0.00012406782670454545,0.186669921875,0.17948486328125
623,seed01_edit02,1,C_elongated_ribbon,NOISE_PATTERN_CANDIDATE,fragmented_refined_mask,0.00845947265625,0.008427734375,0.4984837545126354,37,0.00022777660472972976,0.01976806640625,0.01074951171875
626,seed01_edit00,1,C_elongated_ribbon,NOISE_PATTERN_CANDIDATE,fragmented_refined_mask,0.00639404296875,0.00634521484375,0.4862488306828812,64,9.914398193359374e-05,0.00914794921875,0.00827880859375
628,seed01_edit01,1,A_small_low_contrast,WEAK_CHANGE_CANDIDATE,changed_pixel_ratio_at_or_below_weak_threshold,0.000458984375,0.00045166015625,0.2483221476510067,1,0.00045166015625,0.0056982421875,0.00317138671875
628,seed01_edit02,1,C_elongated_ribbon,NOISE_PATTERN_CANDIDATE,fragmented_refined_mask,0.0015380859375,0.0015380859375,0.1856763925729443,20,7.6904296875e-05,0.0056982421875,0.00317138671875
630,seed01_edit01,1,D_irregular_boundary,NOISE_PATTERN_CANDIDATE,fragmented_refined_mask,0.02182861328125,0.02175048828125,0.4864584470896582,94,0.00023138817320478725,0.0281787109375,0.02377197265625
632,seed01_edit01,1,D_irregular_boundary,NOISE_PATTERN_CANDIDATE,fragmented_refined_mask,0.00177734375,0.0017578125,0.17424975798644723,35,5.0223214285714285e-05,0.18340087890625,0.18093017578125
633,seed01_edit00,1,D_irregular_boundary,NOISE_PATTERN_CANDIDATE,fragmented_refined_mask,0.02074951171875,0.02061767578125,0.4187741743528712,135,0.00015272352430555555,0.02618408203125,0.0169091796875
638,seed01_edit00,1,D_irregular_boundary,NOISE_PATTERN_CANDIDATE,fragmented_refined_mask,0.0526904296875,0.052490234375,0.6986871181593657,45,0.0011664496527777778,0.12282958984375,0.06462158203125
640,seed01_edit01,1,C_elongated_ribbon,NOISE_PATTERN_CANDIDATE,fragmented_refined_mask,0.00077880859375,0.00077880859375,0.06510204081632653,36,2.163357204861111e-05,0.0077099609375,0.0032958984375
641,seed01_edit00,1,C_elongated_ribbon,NOISE_PATTERN_CANDIDATE,fragmented_refined_mask,0.00274658203125,0.00272705078125,0.38730929264909847,38,7.176449424342105e-05,0.11292236328125,0.10827392578125
65,seed01_edit02,1,D_irregular_boundary,NOISE_PATTERN_CANDIDATE,fragmented_refined_mask,0.01494140625,0.01476806640625,0.6831168831168831,37,0.00039913692989864866,0.02138427734375,0.0172705078125
650,seed01_edit00,1,D_irregular_boundary,NOISE_PATTERN_CANDIDATE,fragmented_refined_mask,0.00872314453125,0.00860107421875,0.550640825257893,30,0.0002867024739583333,0.162919921875,0.15182373046875
652,seed01_edit00,1,D_irregular_boundary,NOISE_PATTERN_CANDIDATE,fragmented_refined_mask,0.0095703125,0.00950439453125,0.4521486643437863,40,0.00023760986328125,0.01184326171875,0.00758056640625
654,seed01_edit00,1,C_elongated_ribbon,WEAK_CHANGE_CANDIDATE,changed_pixel_ratio_at_or_below_weak_threshold,0.00022216796875,0.0002197265625,0.03015075376884422,13,1.690204326923077e-05,0.00608642578125,0.00363525390625
659,seed01_edit02,1,D_irregular_boundary,NOISE_PATTERN_CANDIDATE,fragmented_refined_mask,0.011875,0.01179443359375,0.47390621934471255,117,0.00010080712473290598,0.02272705078125,0.00712646484375
663,seed01_edit01,1,C_elongated_ribbon,NOISE_PATTERN_CANDIDATE,fragmented_refined_mask,0.0060302734375,0.0060107421875,0.5260683760683761,41,0.00014660346798780487,0.0098583984375,0.0069140625
665,seed01_edit00,1,D_irregular_boundary,NOISE_PATTERN_CANDIDATE,fragmented_refined_mask,0.047353515625,0.0471923828125,0.6478099132008446,124,0.000380583732358871,0.13701904296875,0.13247314453125
666,seed01_edit00,1,C_elongated_ribbon,WEAK_CHANGE_CANDIDATE,changed_pixel_ratio_at_or_below_weak_threshold,0.0001953125,0.0001953125,0.0364797081623347,21,9.300595238095239e-06,0.01689208984375,0.01366455078125
666,seed01_edit00,1,C_elongated_ribbon,NOISE_PATTERN_CANDIDATE,fragmented_refined_mask,0.0001953125,0.0001953125,0.0364797081623347,21,9.300595238095239e-06,0.01689208984375,0.01366455078125
675,seed01_edit01,1,D_irregular_boundary,NOISE_PATTERN_CANDIDATE,fragmented_refined_mask,0.0304150390625,0.0303076171875,0.35819603543295725,232,0.00013063628098060345,0.13398681640625,0.09347900390625
676,seed01_edit01,1,D_irregular_boundary,NOISE_PATTERN_CANDIDATE,fragmented_refined_mask,0.0170849609375,0.0168115234375,0.5152263374485597,113,0.00014877454369469027,0.03668212890625,0.0175439453125
683,seed01_edit00,1,D_irregular_boundary,NOISE_PATTERN_CANDIDATE,fragmented_refined_mask,0.03026123046875,0.03001953125,0.29959553627990837,171,0.00017555281432748537,0.0351171875,0.02399169921875
696,seed01_edit02,1,D_irregular_boundary,NOISE_PATTERN_CANDIDATE,fragmented_refined_mask,0.025439453125,0.02529541015625,0.73827846658116,34,0.0007439826516544118,0.0331103515625,0.02804443359375
697,seed01_edit00,1,D_irregular_boundary,NOISE_PATTERN_CANDIDATE,fragmented_refined_mask,0.00751220703125,0.00748046875,0.5017193384640576,41,0.00018245045731707317,0.1785107421875,0.17580810546875
697,seed01_edit01,1,D_irregular_boundary,NOISE_PATTERN_CANDIDATE,fragmented_refined_mask,0.01182373046875,0.01169189453125,0.20498223687026496,342,3.418682611476608e-05,0.1785107421875,0.17580810546875
699,seed01_edit00,1,C_elongated_ribbon,NOISE_PATTERN_CANDIDATE,fragmented_refined_mask,0.00666015625,0.006591796875,0.34633145202668036,145,4.546066810344828e-05,0.00960693359375,0.00416748046875
702,seed01_edit00,1,D_irregular_boundary,NOISE_PATTERN_CANDIDATE,fragmented_refined_mask,0.069755859375,0.06905517578125,0.6935827959098599,127,0.0005437415415846458,0.08994384765625,0.07640625
702,seed01_edit01,1,D_irregular_boundary,NOISE_PATTERN_CANDIDATE,fragmented_refined_mask,0.008642578125,0.0084619140625,0.6041485096740457,39,0.00021697215544871793,0.08994384765625,0.07640625
707,seed01_edit01,1,C_elongated_ribbon,NOISE_PATTERN_CANDIDATE,fragmented_refined_mask,0.0030419921875,0.00302001953125,0.4066403681788297,48,6.291707356770833e-05,0.007626953125,0.003095703125
71,seed01_edit01,1,C_elongated_ribbon,NOISE_PATTERN_CANDIDATE,fragmented_refined_mask,0.0098291015625,0.0098193359375,0.5104060913705584,105,9.351748511904761e-05,0.1565283203125,0.14206298828125
711,seed01_edit01,1,D_irregular_boundary,NOISE_PATTERN_CANDIDATE,fragmented_refined_mask,0.04914794921875,0.04872314453125,0.46967593137370267,294,0.0001657249813988095,0.059267578125,0.02336669921875
716,seed01_edit00,1,C_elongated_ribbon,NOISE_PATTERN_CANDIDATE,fragmented_refined_mask,0.008427734375,0.00839111328125,0.447060353798127,59,0.00014222225900423728,0.03410888671875,0.02239013671875
716,seed01_edit01,1,D_irregular_boundary,NOISE_PATTERN_CANDIDATE,fragmented_refined_mask,0.0052978515625,0.0052880859375,0.29561894363313773,32,0.000165252685546875,0.03410888671875,0.02239013671875
716,seed01_edit02,1,D_irregular_boundary,NOISE_PATTERN_CANDIDATE,fragmented_refined_mask,0.01912353515625,0.0190625,0.41731694281133086,166,0.00011483433734939758,0.03410888671875,0.02239013671875
717,seed01_edit01,1,D_irregular_boundary,NOISE_PATTERN_CANDIDATE,fragmented_refined_mask,0.0146533203125,0.0145703125,0.4208447923277625,92,0.00015837296195652173,0.03643310546875,0.014306640625
719,seed01_edit00,1,C_elongated_ribbon,NOISE_PATTERN_CANDIDATE,fragmented_refined_mask,0.00407470703125,0.00407470703125,0.23203114138746003,89,4.5783225070224724e-05,0.20517578125,0.19836669921875
721,seed01_edit00,1,D_irregular_boundary,NOISE_PATTERN_CANDIDATE,fragmented_refined_mask,0.0398828125,0.039794921875,0.4024591985383077,379,0.00010499979386543536,0.0538525390625,0.03271728515625
727,seed01_edit01,1,D_irregular_boundary,NOISE_PATTERN_CANDIDATE,fragmented_refined_mask,0.06765869140625,0.06697021484375,0.7518432232424284,71,0.0009432424625880282,0.077373046875,0.0716650390625
728,seed01_edit00,1,D_irregular_boundary,NOISE_PATTERN_CANDIDATE,fragmented_refined_mask,0.03819091796875,0.0378125,0.5930918281381634,113,0.00033462389380530975,0.20693115234375,0.20456787109375
733,seed01_edit02,1,D_irregular_boundary,NOISE_PATTERN_CANDIDATE,fragmented_refined_mask,0.04513671875,0.044765625,0.7020176882729048,37,0.0012098817567567568,0.24619384765625,0.19482666015625
744,seed01_edit00,1,C_elongated_ribbon,NOISE_PATTERN_CANDIDATE,fragmented_refined_mask,0.00149169921875,0.00148681640625,0.10071109641144368,56,2.655029296875e-05,0.002646484375,0.0007275390625
745,seed01_edit00,1,D_irregular_boundary,NOISE_PATTERN_CANDIDATE,fragmented_refined_mask,0.0039306640625,0.00378173828125,0.329855195911414,49,7.717833227040817e-05,0.025048828125,0.018447265625
754,seed01_edit01,1,D_irregular_boundary,NOISE_PATTERN_CANDIDATE,fragmented_refined_mask,0.014150390625,0.01406982421875,0.3524555073084215,126,0.00011166527157738095,0.06636474609375,0.045263671875
758,seed01_edit02,1,C_elongated_ribbon,NOISE_PATTERN_CANDIDATE,fragmented_refined_mask,0.0034521484375,0.00343017578125,0.2559664784113682,44,7.795854048295455e-05,0.02294677734375,0.01489501953125
761,seed01_edit00,1,C_elongated_ribbon,WEAK_CHANGE_CANDIDATE,changed_pixel_ratio_at_or_below_weak_threshold,0.00036865234375,0.0003662109375,0.028868360277136258,12,3.0517578125e-05,0.1508203125,0.14872314453125
770,seed01_edit02,1,C_elongated_ribbon,NOISE_PATTERN_CANDIDATE,fragmented_refined_mask,0.0032470703125,0.00319091796875,0.2346920452504938,24,0.00013295491536458333,0.01567138671875,0.0056884765625
771,seed01_edit00,1,D_irregular_boundary,NOISE_PATTERN_CANDIDATE,fragmented_refined_mask,0.0271826171875,0.02687255859375,0.29829268292682926,206,0.0001304493135618932,0.03386474609375,0.02763671875
774,seed01_edit00,1,C_elongated_ribbon,NOISE_PATTERN_CANDIDATE,fragmented_refined_mask,0.00149169921875,0.00149169921875,0.13058345800384696,23,6.485648777173913e-05,0.0022314453125,0.0012890625
779,seed01_edit00,1,D_irregular_boundary,NOISE_PATTERN_CANDIDATE,fragmented_refined_mask,0.01318359375,0.012998046875,0.3126431381760526,52,0.00024996243990384615,0.06168212890625,0.06037109375
780,seed01_edit02,1,D_irregular_boundary,NOISE_PATTERN_CANDIDATE,fragmented_refined_mask,0.02961669921875,0.02934814453125,0.4546348473960894,160,0.00018342590332031249,0.1094189453125,0.100703125
784,seed01_edit02,1,C_elongated_ribbon,NOISE_PATTERN_CANDIDATE,fragmented_refined_mask,0.0014794921875,0.00139892578125,0.19228187919463088,31,4.512663810483871e-05,0.18498779296875,0.1358935546875
788,seed01_edit00,1,C_elongated_ribbon,NOISE_PATTERN_CANDIDATE,fragmented_refined_mask,0.00237060546875,0.00234375,0.11865035224323323,77,3.0438311688311688e-05,0.176982421875,0.1692431640625
790,seed01_edit00,1,D_irregular_boundary,NOISE_PATTERN_CANDIDATE,fragmented_refined_mask,0.04831787109375,0.0482666015625,0.5735754903098527,130,0.0003712815504807692,0.05504150390625,0.0308642578125
791,seed01_edit00,1,D_irregular_boundary,NOISE_PATTERN_CANDIDATE,fragmented_refined_mask,0.026474609375,0.02631103515625,0.5867588610007078,94,0.0002799046293218085,0.0332861328125,0.02567626953125
791,seed01_edit02,1,C_elongated_ribbon,WEAK_CHANGE_CANDIDATE,changed_pixel_ratio_at_or_below_weak_threshold,4.150390625e-05,4.150390625e-05,0.0032648357979642786,5,8.30078125e-06,0.0332861328125,0.02567626953125
794,seed01_edit00,1,D_irregular_boundary,NOISE_PATTERN_CANDIDATE,fragmented_refined_mask,0.0225244140625,0.0223876953125,0.2586231209634205,257,8.711165491245136e-05,0.18578857421875,0.1530810546875
794,seed01_edit01,1,D_irregular_boundary,NOISE_PATTERN_CANDIDATE,fragmented_refined_mask,0.02050537109375,0.02030029296875,0.30135546535227603,135,0.00015037254050925927,0.18578857421875,0.1530810546875
795,seed01_edit01,1,C_elongated_ribbon,WEAK_CHANGE_CANDIDATE,changed_pixel_ratio_at_or_below_weak_threshold,0.000361328125,0.000361328125,0.02024070021881838,13,2.7794471153846154e-05,0.00179931640625,0.00103515625
797,seed01_edit00,1,B_diffuse_texture,NOISE_PATTERN_CANDIDATE,fragmented_refined_mask,0.10914306640625,0.10626708984375,0.8961889270934135,26,0.004087195763221154,0.132353515625,0.11167236328125
798,seed01_edit02,1,D_irregular_boundary,WEAK_CHANGE_CANDIDATE,changed_pixel_ratio_at_or_below_weak_threshold,0.000361328125,0.00026611328125,0.03451551614946168,3,8.870442708333334e-05,0.1600146484375,0.15789794921875
80,seed01_edit00,1,D_irregular_boundary,NOISE_PATTERN_CANDIDATE,fragmented_refined_mask,0.0547900390625,0.05462646484375,0.653055863639017,147,0.0003716086043792517,0.07606201171875,0.06056884765625
80,seed01_edit01,1,C_elongated_ribbon,NOISE_PATTERN_CANDIDATE,fragmented_refined_mask,0.008671875,0.00862060546875,0.4636292016806723,37,0.00023298933699324325,0.07606201171875,0.06056884765625
810,seed01_edit01,1,D_irregular_boundary,NOISE_PATTERN_CANDIDATE,fragmented_refined_mask,0.0320703125,0.03189208984375,0.37509332108195026,176,0.00018120505593039772,0.11542236328125,0.104619140625
813,seed01_edit00,1,D_irregular_boundary,NOISE_PATTERN_CANDIDATE,fragmented_refined_mask,0.0210205078125,0.020947265625,0.3779402695797727,83,0.0002523766942771084,0.024833984375,0.02220458984375
816,seed01_edit01,1,D_irregular_boundary,NOISE_PATTERN_CANDIDATE,fragmented_refined_mask,0.03363525390625,0.033583984375,0.38048348730430936,193,0.0001740102817357513,0.11938720703125,0.0618310546875
825,seed01_edit00,1,D_irregular_boundary,NOISE_PATTERN_CANDIDATE,fragmented_refined_mask,0.02870849609375,0.0285986328125,0.3987201742741414,56,0.0005106898716517857,0.03146728515625,0.0299951171875
833,seed01_edit01,1,C_elongated_ribbon,WEAK_CHANGE_CANDIDATE,changed_pixel_ratio_at_or_below_weak_threshold,0.00041748046875,0.00040283203125,0.14435695538057744,1,0.00040283203125,0.00420654296875,0.00258056640625
834,seed01_edit00,1,C_elongated_ribbon,NOISE_PATTERN_CANDIDATE,fragmented_refined_mask,0.004931640625,0.00484619140625,0.25215955284552843,34,0.00014253504136029413,0.0088232421875,0.003671875
834,seed01_edit01,1,C_elongated_ribbon,NOISE_PATTERN_CANDIDATE,fragmented_refined_mask,0.0035107421875,0.00349853515625,0.22684818743074245,29,0.00012063914331896552,0.0088232421875,0.003671875
847,seed01_edit00,1,D_irregular_boundary,NOISE_PATTERN_CANDIDATE,fragmented_refined_mask,0.01499755859375,0.01491943359375,0.2545401532822393,211,7.070821608412323e-05,0.020205078125,0.00637939453125
85,seed01_edit01,1,D_irregular_boundary,NOISE_PATTERN_CANDIDATE,fragmented_refined_mask,0.01473388671875,0.014580078125,0.6410476599398883,32,0.00045562744140625,0.02616455078125,0.01744384765625
850,seed01_edit00,1,D_irregular_boundary,NOISE_PATTERN_CANDIDATE,fragmented_refined_mask,0.0195751953125,0.01944091796875,0.5163737760197133,95,0.00020464124177631577,0.0706103515625,0.04605224609375
852,seed01_edit00,1,D_irregular_boundary,NOISE_PATTERN_CANDIDATE,fragmented_refined_mask,0.0197900390625,0.0196826171875,0.2318732203974805,92,0.00021394149116847828,0.0929736328125,0.0658056640625
854,seed01_edit00,1,D_irregular_boundary,NOISE_PATTERN_CANDIDATE,fragmented_refined_mask,0.002197265625,0.00219482421875,0.26637037037037037,32,6.85882568359375e-05,0.00290283203125,0.0014501953125
86,seed01_edit00,1,D_irregular_boundary,NOISE_PATTERN_CANDIDATE,fragmented_refined_mask,0.03287841796875,0.032646484375,0.33364938370178154,46,0.0007097061820652173,0.05605224609375,0.0380078125
86,seed01_edit01,1,D_irregular_boundary,NOISE_PATTERN_CANDIDATE,fragmented_refined_mask,0.01291015625,0.01268310546875,0.6491315756591278,34,0.00037303251378676474,0.05605224609375,0.0380078125
860,seed01_edit00,1,C_elongated_ribbon,WEAK_CHANGE_CANDIDATE,changed_pixel_ratio_at_or_below_weak_threshold,0.00043701171875,0.000419921875,0.02319309600862999,18,2.3328993055555557e-05,0.1273828125,0.12339599609375
861,seed01_edit02,1,C_elongated_ribbon,WEAK_CHANGE_CANDIDATE,changed_pixel_ratio_at_or_below_weak_threshold,0.0004296875,0.0004296875,0.0977234869516935,13,3.3052884615384615e-05,0.0583740234375,0.05436767578125
862,seed01_edit00,1,D_irregular_boundary,NOISE_PATTERN_CANDIDATE,fragmented_refined_mask,0.01365966796875,0.01360595703125,0.2701012940435225,179,7.601093313547485e-05,0.01788330078125,0.0115966796875
871,seed01_edit01,1,D_irregular_boundary,NOISE_PATTERN_CANDIDATE,fragmented_refined_mask,0.01335205078125,0.01333740234375,0.15962482468443198,285,4.6797902960526316e-05,0.0438037109375,0.01087158203125
871,seed01_edit02,1,D_irregular_boundary,NOISE_PATTERN_CANDIDATE,fragmented_refined_mask,0.01861083984375,0.01827880859375,0.2731783850841026,218,8.384774584288992e-05,0.0438037109375,0.01087158203125
885,seed01_edit00,1,C_elongated_ribbon,WEAK_CHANGE_CANDIDATE,changed_pixel_ratio_at_or_below_weak_threshold,6.8359375e-05,6.8359375e-05,0.021823850350740453,10,6.835937500000001e-06,0.13341552734375,0.131279296875
886,seed01_edit01,1,C_elongated_ribbon,NOISE_PATTERN_CANDIDATE,fragmented_refined_mask,0.00229736328125,0.00228271484375,0.3053559764859569,26,8.779672475961538e-05,0.00664306640625,0.0035986328125
89,seed01_edit01,1,D_irregular_boundary,NOISE_PATTERN_CANDIDATE,fragmented_refined_mask,0.07882080078125,0.078134765625,0.7957037368538823,29,0.0026943022629310346,0.103720703125,0.10190185546875
893,seed01_edit02,1,D_irregular_boundary,NOISE_PATTERN_CANDIDATE,fragmented_refined_mask,0.03255859375,0.03221923828125,0.7172282608695653,36,0.0008949788411458334,0.07845458984375,0.07431884765625
899,seed01_edit00,1,C_elongated_ribbon,NOISE_PATTERN_CANDIDATE,fragmented_refined_mask,0.00150146484375,0.0014990234375,0.13292920545572634,24,6.245930989583333e-05,0.002236328125,0.0011279296875
9,seed01_edit00,1,C_elongated_ribbon,NOISE_PATTERN_CANDIDATE,fragmented_refined_mask,0.00272705078125,0.00269775390625,0.31616595135908443,79,3.414878362341772e-05,0.00633544921875,0.00228271484375
901,seed01_edit00,1,D_irregular_boundary,NOISE_PATTERN_CANDIDATE,fragmented_refined_mask,0.02265380859375,0.0226025390625,0.5331720801658604,157,0.00014396521695859873,0.02648193359375,0.019423828125
903,seed01_edit00,1,C_elongated_ribbon,NOISE_PATTERN_CANDIDATE,fragmented_refined_mask,0.00353271484375,0.0035009765625,0.2279446828803052,20,0.000175048828125,0.06102783203125,0.05125
903,seed01_edit01,1,D_irregular_boundary,NOISE_PATTERN_CANDIDATE,fragmented_refined_mask,0.0509912109375,0.0508740234375,0.5032117845930935,115,0.0004423828125,0.06102783203125,0.05125
909,seed01_edit00,1,C_elongated_ribbon,NOISE_PATTERN_CANDIDATE,fragmented_refined_mask,0.00208984375,0.00206787109375,0.14431760095416596,23,8.990743885869566e-05,0.1480712890625,0.14167724609375
91,seed01_edit00,1,D_irregular_boundary,NOISE_PATTERN_CANDIDATE,fragmented_refined_mask,0.018349609375,0.01825927734375,0.6878506391980135,28,0.0006521170479910715,0.02227783203125,0.0213671875
912,seed01_edit00,1,D_irregular_boundary,NOISE_PATTERN_CANDIDATE,fragmented_refined_mask,0.04146484375,0.04062255859375,0.5127738913371752,237,0.00017140320081751053,0.10344482421875,0.067041015625
912,seed01_edit01,1,D_irregular_boundary,NOISE_PATTERN_CANDIDATE,fragmented_refined_mask,0.06072509765625,0.0600390625,0.6654399826821085,87,0.0006901041666666667,0.10344482421875,0.067041015625
917,seed01_edit00,1,D_irregular_boundary,NOISE_PATTERN_CANDIDATE,fragmented_refined_mask,0.0348681640625,0.0342724609375,0.32738636628652723,285,0.00012025424890350877,0.1867919921875,0.14021484375
919,seed01_edit00,1,C_elongated_ribbon,NOISE_PATTERN_CANDIDATE,fragmented_refined_mask,0.004208984375,0.00416015625,0.31254585473220836,31,0.00013419858870967742,0.18543212890625,0.179716796875
923,seed01_edit02,1,D_irregular_boundary,NOISE_PATTERN_CANDIDATE,fragmented_refined_mask,0.0156298828125,0.01548095703125,0.49284937043370125,96,0.00016125996907552083,0.1613037109375,0.141162109375
927,seed01_edit00,1,D_irregular_boundary,NOISE_PATTERN_CANDIDATE,fragmented_refined_mask,0.01529296875,0.01514892578125,0.18516308077944554,92,0.00016466223675271738,0.087861328125,0.085693359375
934,seed01_edit01,1,C_elongated_ribbon,WEAK_CHANGE_CANDIDATE,changed_pixel_ratio_at_or_below_weak_threshold,0.000458984375,0.000458984375,0.09645972293483839,1,0.000458984375,0.00711669921875,0.00556640625
943,seed01_edit02,1,D_irregular_boundary,NOISE_PATTERN_CANDIDATE,fragmented_refined_mask,0.00993408203125,0.00988037109375,0.15385492700729927,189,5.227709573412698e-05,0.0186669921875,0.003330078125
949,seed01_edit02,1,C_elongated_ribbon,NOISE_PATTERN_CANDIDATE,fragmented_refined_mask,0.00638427734375,0.00619140625,0.3339038841342989,33,0.0001876183712121212,0.15635986328125,0.15585693359375
950,seed01_edit01,1,D_irregular_boundary,NOISE_PATTERN_CANDIDATE,fragmented_refined_mask,0.014765625,0.01476318359375,0.18231977568064642,256,5.7668685913085936e-05,0.02451904296875,0.0055078125
960,seed01_edit02,1,D_irregular_boundary,NOISE_PATTERN_CANDIDATE,fragmented_refined_mask,0.05489990234375,0.054443359375,0.6626452322229817,168,0.00032406761532738094,0.07381103515625,0.0318505859375
961,seed01_edit01,1,C_elongated_ribbon,WEAK_CHANGE_CANDIDATE,changed_pixel_ratio_at_or_below_weak_threshold,0.00035888671875,0.00035888671875,0.02009020090200902,22,1.6313032670454545e-05,0.00257080078125,0.00165283203125
961,seed01_edit01,1,C_elongated_ribbon,NOISE_PATTERN_CANDIDATE,fragmented_refined_mask,0.00035888671875,0.00035888671875,0.02009020090200902,22,1.6313032670454545e-05,0.00257080078125,0.00165283203125
966,seed01_edit00,1,D_irregular_boundary,NOISE_PATTERN_CANDIDATE,fragmented_refined_mask,0.00857666015625,0.00857666015625,0.23125534856164834,103,8.326854520631068e-05,0.0175048828125,0.008984375
966,seed01_edit01,1,D_irregular_boundary,NOISE_PATTERN_CANDIDATE,fragmented_refined_mask,0.00485107421875,0.00478515625,0.5609616485403549,33,0.00014500473484848486,0.0175048828125,0.008984375
966,seed01_edit02,1,C_elongated_ribbon,WEAK_CHANGE_CANDIDATE,changed_pixel_ratio_at_or_below_weak_threshold,3.173828125e-05,3.173828125e-05,0.0016774193548387097,2,1.5869140625e-05,0.0175048828125,0.008984375
968,seed01_edit00,1,D_irregular_boundary,NOISE_PATTERN_CANDIDATE,fragmented_refined_mask,0.0026416015625,0.0026416015625,0.3029963595631476,27,9.78370949074074e-05,0.03306640625,0.02828369140625
968,seed01_edit01,1,D_irregular_boundary,NOISE_PATTERN_CANDIDATE,fragmented_refined_mask,0.026689453125,0.02651123046875,0.4967066142164486,39,0.000679775140224359,0.03306640625,0.02828369140625
969,seed01_edit00,1,D_irregular_boundary,NOISE_PATTERN_CANDIDATE,fragmented_refined_mask,0.02459228515625,0.02417236328125,0.6409658833430439,68,0.00035547593060661765,0.0315771484375,0.02564208984375
97,seed01_edit00,1,D_irregular_boundary,NOISE_PATTERN_CANDIDATE,fragmented_refined_mask,0.027802734375,0.02730224609375,0.2815103838892385,58,0.00047072838092672415,0.175673828125,0.1415673828125
981,seed01_edit00,1,C_elongated_ribbon,NOISE_PATTERN_CANDIDATE,fragmented_refined_mask,0.00170654296875,0.00170654296875,0.16517013232514177,35,4.875837053571429e-05,0.04640380859375,0.0215771484375
981,seed01_edit01,1,D_irregular_boundary,NOISE_PATTERN_CANDIDATE,fragmented_refined_mask,0.03858154296875,0.03841064453125,0.6341650207585957,78,0.0004924441606570513,0.04640380859375,0.0215771484375
984,seed01_edit00,1,D_irregular_boundary,NOISE_PATTERN_CANDIDATE,fragmented_refined_mask,0.01177734375,0.01169189453125,0.20351876248353237,206,5.675676956917476e-05,0.016005859375,0.0116650390625
999,seed01_edit00,1,C_elongated_ribbon,NOISE_PATTERN_CANDIDATE,fragmented_refined_mask,0.0015576171875,0.001484375,0.38238993710691827,20,7.421875e-05,0.0197998046875,0.01386962890625
999,seed01_edit01,1,D_irregular_boundary,NOISE_PATTERN_CANDIDATE,fragmented_refined_mask,0.01528076171875,0.01509521484375,0.16055153073147932,185,8.159575591216216e-05,0.0197998046875,0.01386962890625
113,seed00_edit00,0,D_irregular_boundary,NOISE_PATTERN_CANDIDATE,fragmented_refined_mask,0.042197265625,0.0419873046875,0.7631345402910898,22,0.001908513849431818,0.07015869140625,0.0652001953125
114,seed00_edit01,0,C_elongated_ribbon,NOISE_PATTERN_CANDIDATE,fragmented_refined_mask,0.0101416015625,0.01005615234375,0.6510194404931247,22,0.00045709783380681814,0.2890087890625,0.2873876953125
13,seed00_edit00,0,D_irregular_boundary,NOISE_PATTERN_CANDIDATE,fragmented_refined_mask,0.04943603515625,0.04877197265625,0.5326489801359818,41,0.0011895603086890245,0.16302490234375,0.155322265625
132,seed00_edit00,0,D_irregular_boundary,NOISE_PATTERN_CANDIDATE,fragmented_refined_mask,0.057705078125,0.0573974609375,0.6709091946806689,72,0.0007971869574652777,0.07038330078125,0.06611572265625
136,seed00_edit00,0,D_irregular_boundary,NOISE_PATTERN_CANDIDATE,fragmented_refined_mask,0.00890380859375,0.00887451171875,0.23203115026171325,160,5.5465698242187504e-05,0.0269091796875,0.02415283203125
136,seed00_edit01,0,D_irregular_boundary,NOISE_PATTERN_CANDIDATE,fragmented_refined_mask,0.015869140625,0.01564697265625,0.30901639344262294,170,9.2041015625e-05,0.0269091796875,0.02415283203125
143,seed00_edit01,0,D_irregular_boundary,NOISE_PATTERN_CANDIDATE,fragmented_refined_mask,0.0307177734375,0.0306201171875,0.7232987312572088,40,0.0007655029296875,0.07453125,0.03533935546875
148,seed00_edit01,0,D_irregular_boundary,NOISE_PATTERN_CANDIDATE,fragmented_refined_mask,0.0108544921875,0.01076171875,0.5382830626450116,35,0.00030747767857142855,0.0280810546875,0.01356201171875
151,seed00_edit00,0,C_elongated_ribbon,NOISE_PATTERN_CANDIDATE,fragmented_refined_mask,0.0077490234375,0.00772216796875,0.5699099099099099,36,0.0002145046657986111,0.052822265625,0.03511962890625
153,seed00_edit00,0,C_elongated_ribbon,NOISE_PATTERN_CANDIDATE,fragmented_refined_mask,0.01237060546875,0.01218017578125,0.7516950429410878,26,0.00046846829927884616,0.01576171875,0.014912109375
155,seed00_edit01,0,C_elongated_ribbon,NOISE_PATTERN_CANDIDATE,fragmented_refined_mask,0.0089208984375,0.0088671875,0.6577327055414705,21,0.0004222470238095238,0.05702392578125,0.0545361328125
156,seed00_edit00,0,C_elongated_ribbon,NOISE_PATTERN_CANDIDATE,fragmented_refined_mask,0.0091650390625,0.009013671875,0.6639093688185578,23,0.00039189877717391307,0.0117578125,0.0111865234375
157,seed00_edit00,0,C_elongated_ribbon,WEAK_CHANGE_CANDIDATE,changed_pixel_ratio_at_or_below_weak_threshold,0.000322265625,0.000322265625,0.3127962085308057,11,2.9296875000000002e-05,0.00597412109375,0.00026123046875
169,seed00_edit01,0,C_elongated_ribbon,NOISE_PATTERN_CANDIDATE,fragmented_refined_mask,0.0110791015625,0.0108837890625,0.6833231146535867,21,0.0005182756696428571,0.0162255859375,0.01345947265625
179,seed00_edit01,0,C_elongated_ribbon,NOISE_PATTERN_CANDIDATE,fragmented_refined_mask,0.00886474609375,0.0087841796875,0.7345855451204574,21,0.0004182942708333333,0.11521240234375,0.1009033203125
182,seed00_edit00,0,C_elongated_ribbon,NOISE_PATTERN_CANDIDATE,fragmented_refined_mask,0.00183837890625,0.00183349609375,0.49966733200266134,21,8.730933779761905e-05,0.04798583984375,0.04415771484375
191,seed00_edit00,0,D_irregular_boundary,NOISE_PATTERN_CANDIDATE,fragmented_refined_mask,0.02017578125,0.0197802734375,0.7002592912705272,25,0.0007912109374999999,0.02467041015625,0.023759765625
193,seed00_edit01,0,B_diffuse_texture,NOISE_PATTERN_CANDIDATE,fragmented_refined_mask,0.035029296875,0.03464111328125,0.600186117338522,205,0.00016898104039634145,0.0836767578125,0.0404931640625
198,seed00_edit00,0,D_irregular_boundary,NOISE_PATTERN_CANDIDATE,fragmented_refined_mask,0.03732177734375,0.03638671875,0.7532218123010057,50,0.000727734375,0.04662109375,0.04391357421875
2,seed00_edit01,0,B_diffuse_texture,NOISE_PATTERN_CANDIDATE,fragmented_refined_mask,0.066591796875,0.06268310546875,0.917914983375639,45,0.0013929578993055556,0.077294921875,0.06993408203125
220,seed00_edit00,0,D_irregular_boundary,NOISE_PATTERN_CANDIDATE,fragmented_refined_mask,0.0379248046875,0.03764892578125,0.7307145564821834,25,0.00150595703125,0.0493115234375,0.04459228515625
224,seed00_edit00,0,D_irregular_boundary,NOISE_PATTERN_CANDIDATE,fragmented_refined_mask,0.06187744140625,0.06161865234375,0.6192707822161154,150,0.00041079101562499997,0.077626953125,0.07123291015625
23,seed00_edit01,0,C_elongated_ribbon,NOISE_PATTERN_CANDIDATE,fragmented_refined_mask,0.01023681640625,0.01009521484375,0.5747046560111189,26,0.00038827749399038465,0.01994384765625,0.0147607421875
239,seed00_edit00,0,D_irregular_boundary,NOISE_PATTERN_CANDIDATE,fragmented_refined_mask,0.011796875,0.0116748046875,0.5645808736717828,44,0.00026533647017045457,0.01910888671875,0.01475341796875
249,seed00_edit00,0,C_elongated_ribbon,NOISE_PATTERN_CANDIDATE,fragmented_refined_mask,0.00974609375,0.009609375,0.608816705336427,34,0.00028262867647058825,0.15859619140625,0.14451416015625
255,seed00_edit00,0,C_elongated_ribbon,NOISE_PATTERN_CANDIDATE,fragmented_refined_mask,0.00915771484375,0.00910400390625,0.49188761377127027,122,7.462298283811476e-05,0.0138916015625,0.01203125
257,seed00_edit00,0,C_elongated_ribbon,NOISE_PATTERN_CANDIDATE,fragmented_refined_mask,0.00335205078125,0.003349609375,0.31188906569674923,148,2.263249577702703e-05,0.01041015625,0.0026806640625
258,seed00_edit00,0,C_elongated_ribbon,NOISE_PATTERN_CANDIDATE,fragmented_refined_mask,0.01079345703125,0.01074951171875,0.5772155217619297,89,0.00012078103054775281,0.018994140625,0.01376708984375
258,seed00_edit01,0,C_elongated_ribbon,NOISE_PATTERN_CANDIDATE,fragmented_refined_mask,0.0026611328125,0.002646484375,0.39867598381758,68,3.891888786764706e-05,0.018994140625,0.01376708984375
260,seed00_edit02,0,C_elongated_ribbon,NOISE_PATTERN_CANDIDATE,fragmented_refined_mask,0.0110693359375,0.0110595703125,0.6213139487038815,22,0.0005027077414772727,0.14512451171875,0.14206787109375
261,seed00_edit01,0,C_elongated_ribbon,NOISE_PATTERN_CANDIDATE,fragmented_refined_mask,0.00541748046875,0.00541748046875,0.40797940797940796,107,5.06306585864486e-05,0.01250244140625,0.003623046875
270,seed00_edit01,0,C_elongated_ribbon,NOISE_PATTERN_CANDIDATE,fragmented_refined_mask,0.0029443359375,0.00291748046875,0.5146425495262704,24,0.00012156168619791665,0.017919921875,0.01044677734375
273,seed00_edit01,0,C_elongated_ribbon,NOISE_PATTERN_CANDIDATE,fragmented_refined_mask,0.0028857421875,0.00282958984375,0.49382190029825307,30,9.431966145833333e-05,0.1848779296875,0.17992431640625
275,seed00_edit01,0,D_irregular_boundary,NOISE_PATTERN_CANDIDATE,fragmented_refined_mask,0.02807373046875,0.0279150390625,0.6696339677891654,66,0.00042295513731060606,0.039267578125,0.03146240234375
276,seed00_edit02,0,C_elongated_ribbon,NOISE_PATTERN_CANDIDATE,fragmented_refined_mask,0.00989013671875,0.00974853515625,0.621091927204853,31,0.0003144688760080645,0.09336669921875,0.0615185546875
28,seed00_edit00,0,C_elongated_ribbon,NOISE_PATTERN_CANDIDATE,fragmented_refined_mask,0.008046875,0.008037109375,0.5776452009124408,57,0.00014100191885964912,0.14371826171875,0.070244140625
28,seed00_edit02,0,D_irregular_boundary,NOISE_PATTERN_CANDIDATE,fragmented_refined_mask,0.05383056640625,0.0535546875,0.7350221149979895,27,0.0019835069444444444,0.14371826171875,0.070244140625
288,seed00_edit00,0,C_elongated_ribbon,NOISE_PATTERN_CANDIDATE,fragmented_refined_mask,0.0056298828125,0.00558837890625,0.30150158061116966,302,1.85045659147351e-05,0.00931640625,0.00401611328125
295,seed00_edit02,0,C_elongated_ribbon,NOISE_PATTERN_CANDIDATE,fragmented_refined_mask,0.0106494140625,0.01055419921875,0.6382695998818839,25,0.00042216796874999996,0.03560546875,0.01968505859375
299,seed00_edit00,0,C_elongated_ribbon,NOISE_PATTERN_CANDIDATE,fragmented_refined_mask,0.00212646484375,0.0021142578125,0.47898230088495575,28,7.550920758928571e-05,0.06751220703125,0.05821044921875
303,seed00_edit01,0,C_elongated_ribbon,NOISE_PATTERN_CANDIDATE,fragmented_refined_mask,0.00178955078125,0.00176025390625,0.2615161407326804,74,2.3787214949324325e-05,0.009873046875,0.0035546875
304,seed00_edit01,0,C_elongated_ribbon,NOISE_PATTERN_CANDIDATE,fragmented_refined_mask,0.00717041015625,0.007099609375,0.6279421291297775,24,0.00029581705729166667,0.0124609375,0.008837890625
306,seed00_edit00,0,D_irregular_boundary,NOISE_PATTERN_CANDIDATE,fragmented_refined_mask,0.0705322265625,0.0703369140625,0.7820304017372421,22,0.0031971324573863637,0.08274169921875,0.07855224609375
313,seed00_edit01,0,D_irregular_boundary,NOISE_PATTERN_CANDIDATE,fragmented_refined_mask,0.06470947265625,0.0639892578125,0.769795582706767,43,0.0014881222747093025,0.14012451171875,0.07197998046875
315,seed00_edit01,0,C_elongated_ribbon,NOISE_PATTERN_CANDIDATE,fragmented_refined_mask,0.00964599609375,0.00962158203125,0.595587124074354,42,0.0002290852864583333,0.05739990234375,0.0352587890625
317,seed00_edit00,0,D_irregular_boundary,NOISE_PATTERN_CANDIDATE,fragmented_refined_mask,0.05182373046875,0.05175537109375,0.7206622246396519,36,0.0014376491970486112,0.08135009765625,0.08013427734375
319,seed00_edit00,0,D_irregular_boundary,NOISE_PATTERN_CANDIDATE,fragmented_refined_mask,0.040390625,0.03994873046875,0.6188495140123293,169,0.0002363830205251479,0.0501708984375,0.0481591796875
321,seed00_edit02,0,C_elongated_ribbon,NOISE_PATTERN_CANDIDATE,fragmented_refined_mask,0.0029443359375,0.0028564453125,0.4926315789473684,44,6.491921164772726e-05,0.02764404296875,0.0199853515625
322,seed00_edit00,0,D_irregular_boundary,NOISE_PATTERN_CANDIDATE,fragmented_refined_mask,0.01219482421875,0.0119580078125,0.7064762728977355,20,0.000597900390625,0.0154541015625,0.01470947265625
326,seed00_edit01,0,C_elongated_ribbon,NOISE_PATTERN_CANDIDATE,fragmented_refined_mask,0.00051513671875,0.00051513671875,0.21486761710794297,38,1.3556229440789473e-05,0.12040771484375,0.11861083984375
332,seed00_edit01,0,D_irregular_boundary,NOISE_PATTERN_CANDIDATE,fragmented_refined_mask,0.0356884765625,0.03561279296875,0.6996163069544364,23,0.0015483823029891306,0.0429345703125,0.04055419921875
333,seed00_edit01,0,D_irregular_boundary,NOISE_PATTERN_CANDIDATE,fragmented_refined_mask,0.03927001953125,0.0390478515625,0.7068546426835197,78,0.0005006134815705129,0.11932861328125,0.0714794921875
335,seed00_edit02,0,D_irregular_boundary,NOISE_PATTERN_CANDIDATE,fragmented_refined_mask,0.07587890625,0.075107421875,0.7569509374538654,54,0.0013908781828703702,0.25968994140625,0.16664794921875
346,seed00_edit00,0,C_elongated_ribbon,NOISE_PATTERN_CANDIDATE,fragmented_refined_mask,0.0058837890625,0.0058740234375,0.4983429991714996,68,8.638269761029412e-05,0.0091064453125,0.00759033203125
348,seed00_edit02,0,D_irregular_boundary,NOISE_PATTERN_CANDIDATE,fragmented_refined_mask,0.05320556640625,0.0531494140625,0.6044367937362912,169,0.0003144935743343195,0.0960693359375,0.06049072265625
354,seed00_edit01,0,C_elongated_ribbon,NOISE_PATTERN_CANDIDATE,fragmented_refined_mask,0.0039404296875,0.00387451171875,0.46120313862249346,46,8.4228515625e-05,0.13052734375,0.106162109375
355,seed00_edit01,0,D_irregular_boundary,NOISE_PATTERN_CANDIDATE,fragmented_refined_mask,0.01982666015625,0.01968505859375,0.7231390134529148,26,0.0007571176382211538,0.0261669921875,0.02239013671875
356,seed00_edit02,0,C_elongated_ribbon,NOISE_PATTERN_CANDIDATE,fragmented_refined_mask,0.00443359375,0.0044287109375,0.5935863874345549,21,0.00021089099702380952,0.0088330078125,0.00542724609375
359,seed00_edit01,0,C_elongated_ribbon,NOISE_PATTERN_CANDIDATE,fragmented_refined_mask,0.00852783203125,0.0085009765625,0.5772546419098143,20,0.000425048828125,0.192197265625,0.1747412109375
359,seed00_edit02,0,C_elongated_ribbon,NOISE_PATTERN_CANDIDATE,fragmented_refined_mask,0.01225830078125,0.01216552734375,0.6077570435418953,32,0.0003801727294921875,0.192197265625,0.1747412109375
362,seed00_edit00,0,D_irregular_boundary,NOISE_PATTERN_CANDIDATE,fragmented_refined_mask,0.07000244140625,0.06920166015625,0.7534155547286162,36,0.001922268337673611,0.09485595703125,0.078623046875
362,seed00_edit01,0,C_elongated_ribbon,NOISE_PATTERN_CANDIDATE,fragmented_refined_mask,0.00229736328125,0.00226806640625,0.3430576070901034,27,8.400245949074073e-05,0.09485595703125,0.078623046875
362,seed00_edit02,0,C_elongated_ribbon,NOISE_PATTERN_CANDIDATE,fragmented_refined_mask,0.0082763671875,0.0082080078125,0.6618110236220472,28,0.00029314313616071426,0.09485595703125,0.078623046875
363,seed00_edit00,0,D_irregular_boundary,NOISE_PATTERN_CANDIDATE,fragmented_refined_mask,0.05102294921875,0.0505126953125,0.6875124609556722,198,0.00025511462279040407,0.17682861328125,0.1708154296875
368,seed00_edit00,0,C_elongated_ribbon,WEAK_CHANGE_CANDIDATE,changed_pixel_ratio_at_or_below_weak_threshold,0.000478515625,0.00046630859375,0.4948186528497409,10,4.6630859375e-05,0.0078857421875,0.00599365234375
369,seed00_edit00,0,D_irregular_boundary,NOISE_PATTERN_CANDIDATE,fragmented_refined_mask,0.0630615234375,0.06177978515625,0.7536184406456609,34,0.0018170525045955884,0.11556396484375,0.10941650390625
369,seed00_edit02,0,D_irregular_boundary,NOISE_PATTERN_CANDIDATE,fragmented_refined_mask,0.0655224609375,0.06514404296875,0.6451246343173521,126,0.0005170162140376984,0.11556396484375,0.10941650390625
37,seed00_edit01,0,C_elongated_ribbon,NOISE_PATTERN_CANDIDATE,fragmented_refined_mask,0.01097900390625,0.01093505859375,0.6513961605584643,21,0.0005207170758928572,0.016923828125,0.013271484375
379,seed00_edit00,0,C_elongated_ribbon,NOISE_PATTERN_CANDIDATE,fragmented_refined_mask,0.0028662109375,0.00284423828125,0.4480769230769231,22,0.00012928355823863636,0.04742919921875,0.038037109375
393,seed00_edit01,0,D_irregular_boundary,NOISE_PATTERN_CANDIDATE,fragmented_refined_mask,0.0539306640625,0.05275390625,0.7966964088194086,36,0.0014653862847222223,0.0691943359375,0.060595703125
395,seed00_edit00,0,C_elongated_ribbon,NOISE_PATTERN_CANDIDATE,fragmented_refined_mask,0.002666015625,0.00265380859375,0.41330798479087455,52,5.103478064903846e-05,0.0045068359375,0.0034521484375
397,seed00_edit00,0,D_irregular_boundary,NOISE_PATTERN_CANDIDATE,fragmented_refined_mask,0.06145263671875,0.06059326171875,0.6862333066054691,98,0.0006182985889668368,0.07513427734375,0.06296142578125
404,seed00_edit01,0,C_elongated_ribbon,WEAK_CHANGE_CANDIDATE,changed_pixel_ratio_at_or_below_weak_threshold,9.033203125e-05,6.34765625e-05,0.01406926406926407,1,6.34765625e-05,0.00397705078125,0.00336669921875
410,seed00_edit01,0,C_elongated_ribbon,NOISE_PATTERN_CANDIDATE,fragmented_refined_mask,0.00252197265625,0.002490234375,0.5772495755517827,21,0.00011858258928571427,0.00604248046875,0.0034765625
412,seed00_edit00,0,D_irregular_boundary,NOISE_PATTERN_CANDIDATE,fragmented_refined_mask,0.0325048828125,0.03197509765625,0.44609830035082937,40,0.00079937744140625,0.10787109375,0.06656982421875
415,seed00_edit00,0,C_elongated_ribbon,NOISE_PATTERN_CANDIDATE,fragmented_refined_mask,0.00828369140625,0.00826904296875,0.5165472014640842,63,0.00013125465029761903,0.01220458984375,0.0114794921875
417,seed00_edit01,0,D_irregular_boundary,NOISE_PATTERN_CANDIDATE,fragmented_refined_mask,0.00741943359375,0.00705078125,0.11549228185235544,20,0.0003525390625,0.1232763671875,0.12188232421875
424,seed00_edit00,0,C_elongated_ribbon,NOISE_PATTERN_CANDIDATE,fragmented_refined_mask,0.00515380859375,0.00513427734375,0.2685823754789272,185,2.775285050675676e-05,0.00830078125,0.00463134765625
426,seed00_edit00,0,C_elongated_ribbon,NOISE_PATTERN_CANDIDATE,fragmented_refined_mask,0.00937255859375,0.00923828125,0.5446955520368505,43,0.00021484375000000003,0.03263916015625,0.0161083984375
429,seed00_edit00,0,C_elongated_ribbon,NOISE_PATTERN_CANDIDATE,fragmented_refined_mask,0.0022119140625,0.0022119140625,0.18804483188044832,170,1.3011259191176471e-05,0.00818115234375,0.001728515625
435,seed00_edit00,0,D_irregular_boundary,NOISE_PATTERN_CANDIDATE,fragmented_refined_mask,0.00881103515625,0.0087890625,0.44815137557575,92,9.553328804347826e-05,0.01741943359375,0.0065087890625
435,seed00_edit01,0,C_elongated_ribbon,NOISE_PATTERN_CANDIDATE,fragmented_refined_mask,0.00455810546875,0.0044775390625,0.29148124602670056,81,5.52782600308642e-05,0.01741943359375,0.0065087890625
439,seed00_edit00,0,D_irregular_boundary,NOISE_PATTERN_CANDIDATE,fragmented_refined_mask,0.0403515625,0.04027587890625,0.5839646017699115,139,0.0002897545245053957,0.046796875,0.02480712890625
441,seed00_edit00,0,C_elongated_ribbon,NOISE_PATTERN_CANDIDATE,fragmented_refined_mask,0.000673828125,0.000654296875,0.2782969885773624,26,2.5165264423076924e-05,0.0012451171875,0.00046630859375
442,seed00_edit02,0,C_elongated_ribbon,NOISE_PATTERN_CANDIDATE,fragmented_refined_mask,0.00548828125,0.0054736328125,0.3317549570878958,64,8.55255126953125e-05,0.021064453125,0.0114404296875
443,seed00_edit01,0,D_irregular_boundary,NOISE_PATTERN_CANDIDATE,fragmented_refined_mask,0.004140625,0.0040380859375,0.2068792995622264,73,5.531624571917808e-05,0.0938330078125,0.08739990234375
443,seed00_edit02,0,C_elongated_ribbon,WEAK_CHANGE_CANDIDATE,changed_pixel_ratio_at_or_below_weak_threshold,0.000263671875,0.00021484375,0.09691629955947137,2,0.000107421875,0.0938330078125,0.08739990234375
444,seed00_edit00,0,C_elongated_ribbon,NOISE_PATTERN_CANDIDATE,fragmented_refined_mask,0.00154296875,0.0014990234375,0.11915389093731807,63,2.3794022817460316e-05,0.00528076171875,0.00138916015625
445,seed00_edit01,0,C_elongated_ribbon,NOISE_PATTERN_CANDIDATE,fragmented_refined_mask,0.0035791015625,0.00348876953125,0.18388881739801827,42,8.306594122023809e-05,0.02180419921875,0.018662109375
446,seed00_edit01,0,D_irregular_boundary,NOISE_PATTERN_CANDIDATE,fragmented_refined_mask,0.03262939453125,0.03250244140625,0.3680878124308781,134,0.00024255553288246267,0.1086474609375,0.06942626953125
447,seed00_edit00,0,C_elongated_ribbon,NOISE_PATTERN_CANDIDATE,fragmented_refined_mask,0.00167236328125,0.00166259765625,0.145233525271913,44,3.778631036931818e-05,0.16634765625,0.16131591796875
448,seed00_edit00,0,D_irregular_boundary,NOISE_PATTERN_CANDIDATE,fragmented_refined_mask,0.008349609375,0.00824462890625,0.47516532995638106,88,9.368896484375001e-05,0.11947509765625,0.1153564453125
449,seed00_edit00,0,C_elongated_ribbon,NOISE_PATTERN_CANDIDATE,fragmented_refined_mask,0.00475830078125,0.004638671875,0.49921177088807145,45,0.00010308159722222222,0.1751171875,0.16703857421875
450,seed00_edit00,0,C_elongated_ribbon,NOISE_PATTERN_CANDIDATE,fragmented_refined_mask,0.00121337890625,0.00121337890625,0.07013830087496471,66,1.8384528882575757e-05,0.0059228515625,0.001689453125
450,seed00_edit01,0,C_elongated_ribbon,NOISE_PATTERN_CANDIDATE,fragmented_refined_mask,0.00151123046875,0.00150390625,0.3090817862518816,23,6.538722826086957e-05,0.0059228515625,0.001689453125
452,seed00_edit00,0,D_irregular_boundary,NOISE_PATTERN_CANDIDATE,fragmented_refined_mask,0.039794921875,0.039541015625,0.39032149226394175,212,0.00018651422464622644,0.2221240234375,0.2160302734375
455,seed00_edit01,0,C_elongated_ribbon,NOISE_PATTERN_CANDIDATE,fragmented_refined_mask,0.00074462890625,0.00074462890625,0.16531165311653118,26,2.8639573317307692e-05,0.08348388671875,0.07920166015625
455,seed00_edit02,0,D_irregular_boundary,NOISE_PATTERN_CANDIDATE,fragmented_refined_mask,0.0277294921875,0.0276904296875,0.4839563065369517,120,0.00023075358072916668,0.08348388671875,0.07920166015625
457,seed00_edit00,0,D_irregular_boundary,NOISE_PATTERN_CANDIDATE,fragmented_refined_mask,0.02557373046875,0.02544677734375,0.4241129557291667,178,0.0001429594232794944,0.03103271484375,0.00850341796875
458,seed00_edit01,0,D_irregular_boundary,NOISE_PATTERN_CANDIDATE,fragmented_refined_mask,0.0288134765625,0.0285791015625,0.623654768247203,101,0.00028296140160891087,0.0397119140625,0.02968017578125
459,seed00_edit01,0,D_irregular_boundary,NOISE_PATTERN_CANDIDATE,fragmented_refined_mask,0.0098046875,0.009658203125,0.6086153846153847,44,0.00021950461647727274,0.163896484375,0.16358154296875
462,seed00_edit00,0,C_elongated_ribbon,NOISE_PATTERN_CANDIDATE,fragmented_refined_mask,0.00566650390625,0.00563720703125,0.29161404395049256,123,4.5830951473577234e-05,0.00793701171875,0.00384765625
463,seed00_edit00,0,C_elongated_ribbon,WEAK_CHANGE_CANDIDATE,changed_pixel_ratio_at_or_below_weak_threshold,9.033203125e-05,9.033203125e-05,0.007360254625024865,10,9.033203125e-06,0.000615234375,7.080078125e-05
466,seed00_edit00,0,D_irregular_boundary,NOISE_PATTERN_CANDIDATE,fragmented_refined_mask,0.0351171875,0.0350634765625,0.6633411851646576,80,0.00043829345703125,0.03987548828125,0.0386376953125
468,seed00_edit01,0,D_irregular_boundary,NOISE_PATTERN_CANDIDATE,fragmented_refined_mask,0.051279296875,0.05057861328125,0.7367616202567658,36,0.0014049614800347222,0.2649169921875,0.26361083984375
478,seed00_edit00,0,D_irregular_boundary,NOISE_PATTERN_CANDIDATE,fragmented_refined_mask,0.04292236328125,0.0428466796875,0.4193849021435228,300,0.000142822265625,0.0527197265625,0.0254296875
481,seed00_edit00,0,C_elongated_ribbon,NOISE_PATTERN_CANDIDATE,fragmented_refined_mask,0.00233642578125,0.0023046875,0.2800355977454761,28,8.231026785714285e-05,0.0065185546875,0.003037109375
486,seed00_edit02,0,D_irregular_boundary,NOISE_PATTERN_CANDIDATE,fragmented_refined_mask,0.01552490234375,0.0154150390625,0.4632088621524466,91,0.00016939603365384616,0.16884765625,0.149111328125
492,seed00_edit01,0,D_irregular_boundary,NOISE_PATTERN_CANDIDATE,fragmented_refined_mask,0.06028076171875,0.05975341796875,0.6742238505826286,111,0.0005383190807995496,0.17133056640625,0.10198974609375
494,seed00_edit00,0,D_irregular_boundary,NOISE_PATTERN_CANDIDATE,fragmented_refined_mask,0.01284912109375,0.01284423828125,0.1706233378737757,314,4.090521745621019e-05,0.1566796875,0.101015625
494,seed00_edit01,0,D_irregular_boundary,NOISE_PATTERN_CANDIDATE,fragmented_refined_mask,0.03124267578125,0.03088623046875,0.3563160118293198,290,0.00010650424299568966,0.1566796875,0.101015625
498,seed00_edit00,0,C_elongated_ribbon,NOISE_PATTERN_CANDIDATE,fragmented_refined_mask,0.00211181640625,0.00210693359375,0.11066940241087458,63,3.344339037698413e-05,0.16017333984375,0.15519775390625
501,seed00_edit00,0,D_irregular_boundary,NOISE_PATTERN_CANDIDATE,fragmented_refined_mask,0.021611328125,0.02146484375,0.31738926392549005,97,0.00022128704896907218,0.0267431640625,0.02356689453125
508,seed00_edit01,0,C_elongated_ribbon,NOISE_PATTERN_CANDIDATE,fragmented_refined_mask,0.0025146484375,0.00250732421875,0.16112331346093506,88,2.8492320667613635e-05,0.07043212890625,0.066103515625
513,seed00_edit00,0,D_irregular_boundary,NOISE_PATTERN_CANDIDATE,fragmented_refined_mask,0.04800048828125,0.0475732421875,0.5729322866131545,174,0.0002734094378591954,0.2109521484375,0.20334228515625
514,seed00_edit02,0,D_irregular_boundary,NOISE_PATTERN_CANDIDATE,fragmented_refined_mask,0.00738037109375,0.0070703125,0.6227956989247312,28,0.0002525111607142857,0.1017919921875,0.0897412109375
52,seed00_edit01,0,C_elongated_ribbon,NOISE_PATTERN_CANDIDATE,fragmented_refined_mask,0.000966796875,0.00095947265625,0.42394822006472493,25,3.837890625e-05,0.01133544921875,0.005361328125
524,seed00_edit00,0,D_irregular_boundary,NOISE_PATTERN_CANDIDATE,fragmented_refined_mask,0.02341796875,0.02333251953125,0.3433323753412847,164,0.00014227146055640242,0.14353759765625,0.1148046875
524,seed00_edit01,0,C_elongated_ribbon,NOISE_PATTERN_CANDIDATE,fragmented_refined_mask,0.00193603515625,0.00193603515625,0.18957685871384175,66,2.9333866003787878e-05,0.14353759765625,0.1148046875
526,seed00_edit00,0,D_irregular_boundary,NOISE_PATTERN_CANDIDATE,fragmented_refined_mask,0.02384521484375,0.023818359375,0.435419084173882,219,0.00010875963184931508,0.03279296875,0.02263671875
529,seed00_edit00,0,C_elongated_ribbon,NOISE_PATTERN_CANDIDATE,fragmented_refined_mask,0.01041748046875,0.01031982421875,0.5546516205222412,28,0.0003685651506696429,0.0128125,0.0123828125
53,seed00_edit00,0,D_irregular_boundary,NOISE_PATTERN_CANDIDATE,fragmented_refined_mask,0.03994873046875,0.0396484375,0.691947166595654,87,0.0004557291666666667,0.2136181640625,0.14870361328125
530,seed00_edit00,0,D_irregular_boundary,NOISE_PATTERN_CANDIDATE,fragmented_refined_mask,0.0642724609375,0.06369873046875,0.6383275431814845,165,0.0003860529119318182,0.080224609375,0.07589599609375
531,seed00_edit01,0,C_elongated_ribbon,WEAK_CHANGE_CANDIDATE,changed_pixel_ratio_at_or_below_weak_threshold,0.00011962890625,0.00011962890625,0.02232346241457859,12,9.969075520833333e-06,0.30779052734375,0.30611328125
534,seed00_edit02,0,D_irregular_boundary,NOISE_PATTERN_CANDIDATE,fragmented_refined_mask,0.00873779296875,0.008681640625,0.19286256643887623,33,0.00026308001893939395,0.222265625,0.16923828125
537,seed00_edit01,0,D_irregular_boundary,NOISE_PATTERN_CANDIDATE,fragmented_refined_mask,0.00364501953125,0.00359130859375,0.06622546371330812,110,3.264825994318182e-05,0.0073095703125,0.00291015625
559,seed00_edit02,0,C_elongated_ribbon,NOISE_PATTERN_CANDIDATE,fragmented_refined_mask,0.0056201171875,0.00555419921875,0.31835992163448085,89,6.240673279494382e-05,0.20941162109375,0.142939453125
560,seed00_edit01,0,C_elongated_ribbon,NOISE_PATTERN_CANDIDATE,fragmented_refined_mask,0.00091552734375,0.0009130859375,0.04748603351955307,36,2.536349826388889e-05,0.01576904296875,0.014248046875
573,seed00_edit01,0,D_irregular_boundary,NOISE_PATTERN_CANDIDATE,fragmented_refined_mask,0.02951416015625,0.029365234375,0.49491832284080156,154,0.0001906833400974026,0.05162109375,0.03085205078125
578,seed00_edit01,0,C_elongated_ribbon,NOISE_PATTERN_CANDIDATE,fragmented_refined_mask,0.00624267578125,0.00618896484375,0.39290142591444516,76,8.143374794407895e-05,0.01025390625,0.00273681640625
580,seed00_edit00,0,C_elongated_ribbon,NOISE_PATTERN_CANDIDATE,fragmented_refined_mask,0.00583740234375,0.0058056640625,0.34191229331416245,25,0.0002322265625,0.01855224609375,0.0064794921875
580,seed00_edit01,0,C_elongated_ribbon,NOISE_PATTERN_CANDIDATE,fragmented_refined_mask,0.008203125,0.00812255859375,0.5634208298052498,54,0.00015041775173611112,0.01855224609375,0.0064794921875
580,seed00_edit02,0,D_irregular_boundary,WEAK_CHANGE_CANDIDATE,changed_pixel_ratio_at_or_below_weak_threshold,0.0004638671875,0.00044677734375,0.013118279569892474,1,0.00044677734375,0.01855224609375,0.0064794921875
582,seed00_edit00,0,C_elongated_ribbon,NOISE_PATTERN_CANDIDATE,fragmented_refined_mask,0.0072705078125,0.00718994140625,0.5801812450748621,22,0.0003268155184659091,0.00919921875,0.0086865234375
583,seed00_edit00,0,C_elongated_ribbon,NOISE_PATTERN_CANDIDATE,fragmented_refined_mask,0.0024365234375,0.002421875,0.2648865153538051,52,4.657451923076923e-05,0.01000244140625,0.0055712890625
583,seed00_edit02,0,C_elongated_ribbon,NOISE_PATTERN_CANDIDATE,fragmented_refined_mask,0.004775390625,0.00475830078125,0.2860707471011302,52,9.150578425480769e-05,0.01000244140625,0.0055712890625
586,seed00_edit00,0,D_irregular_boundary,NOISE_PATTERN_CANDIDATE,fragmented_refined_mask,0.0255322265625,0.02544677734375,0.3437664907651715,66,0.00038555723248106063,0.0278857421875,0.01405517578125
588,seed00_edit00,0,D_irregular_boundary,NOISE_PATTERN_CANDIDATE,fragmented_refined_mask,0.02525146484375,0.0250439453125,0.29514328461272876,103,0.00024314510012135923,0.0317041015625,0.0262060546875
59,seed00_edit02,0,C_elongated_ribbon,NOISE_PATTERN_CANDIDATE,fragmented_refined_mask,0.00150634765625,0.0014990234375,0.3703256936067551,28,5.353655133928571e-05,0.1699560546875,0.153857421875
593,seed00_edit00,0,D_irregular_boundary,NOISE_PATTERN_CANDIDATE,fragmented_refined_mask,0.01872802734375,0.01847412109375,0.4203188357495973,111,0.00016643352336711712,0.0641357421875,0.05552001953125
593,seed00_edit01,0,D_irregular_boundary,NOISE_PATTERN_CANDIDATE,fragmented_refined_mask,0.04416259765625,0.044052734375,0.5671182072476978,273,0.00016136532738095238,0.0641357421875,0.05552001953125
593,seed00_edit02,0,C_elongated_ribbon,NOISE_PATTERN_CANDIDATE,fragmented_refined_mask,0.0007275390625,0.00072509765625,0.058905196350654505,63,1.1509486607142858e-05,0.0641357421875,0.05552001953125
604,seed00_edit02,0,D_irregular_boundary,NOISE_PATTERN_CANDIDATE,fragmented_refined_mask,0.02983154296875,0.02976318359375,0.39083739420364194,26,0.001144737830528846,0.2065380859375,0.1710498046875
608,seed00_edit00,0,D_irregular_boundary,WEAK_CHANGE_CANDIDATE,changed_pixel_ratio_at_or_below_weak_threshold,0.00038818359375,0.00035888671875,0.004893801185165457,3,0.00011962890625,0.0039013671875,0.003134765625
618,seed00_edit01,0,D_irregular_boundary,NOISE_PATTERN_CANDIDATE,fragmented_refined_mask,0.007744140625,0.007646484375,0.5274503199730549,48,0.0001593017578125,0.0145458984375,0.00809326171875
621,seed00_edit00,0,D_irregular_boundary,WEAK_CHANGE_CANDIDATE,changed_pixel_ratio_at_or_below_weak_threshold,0.00021728515625,0.0001904296875,0.004717551711624531,2,9.521484375e-05,0.00048828125,0.00041748046875
622,seed00_edit01,0,D_irregular_boundary,NOISE_PATTERN_CANDIDATE,fragmented_refined_mask,0.03201416015625,0.03181396484375,0.36433024855313556,79,0.0004027084157436709,0.07444580078125,0.03973876953125
634,seed00_edit00,0,C_elongated_ribbon,WEAK_CHANGE_CANDIDATE,changed_pixel_ratio_at_or_below_weak_threshold,0.00025634765625,0.0002294921875,0.028093245666467422,1,0.0002294921875,0.08001953125,0.07966796875
638,seed00_edit00,0,D_irregular_boundary,NOISE_PATTERN_CANDIDATE,fragmented_refined_mask,0.0116162109375,0.0115380859375,0.4645630590779514,64,0.0001802825927734375,0.01476806640625,0.01249267578125
639,seed00_edit00,0,C_elongated_ribbon,NOISE_PATTERN_CANDIDATE,fragmented_refined_mask,0.00488037109375,0.00486572265625,0.2606932635709614,113,4.305949253318584e-05,0.01228515625,0.0041064453125
639,seed00_edit01,0,C_elongated_ribbon,NOISE_PATTERN_CANDIDATE,fragmented_refined_mask,0.00375732421875,0.00373779296875,0.5049472295514512,39,9.58408453525641e-05,0.01228515625,0.0041064453125
641,seed00_edit01,0,D_irregular_boundary,NOISE_PATTERN_CANDIDATE,fragmented_refined_mask,0.03294189453125,0.03264892578125,0.5019329655068874,149,0.0002191203072567114,0.0613427734375,0.0377880859375
642,seed00_edit01,0,D_irregular_boundary,NOISE_PATTERN_CANDIDATE,fragmented_refined_mask,0.0342626953125,0.034013671875,0.604950065132436,93,0.0003657384072580645,0.101484375,0.09732177734375
642,seed00_edit02,0,C_elongated_ribbon,NOISE_PATTERN_CANDIDATE,fragmented_refined_mask,0.003037109375,0.00299560546875,0.2535123966942149,97,3.08825306056701e-05,0.101484375,0.09732177734375
645,seed00_edit02,0,C_elongated_ribbon,NOISE_PATTERN_CANDIDATE,fragmented_refined_mask,0.0067041015625,0.006474609375,0.33075579945123473,83,7.800734186746988e-05,0.16501220703125,0.15349609375
65,seed00_edit00,0,D_irregular_boundary,NOISE_PATTERN_CANDIDATE,fragmented_refined_mask,0.03438720703125,0.0336328125,0.7511040837467968,51,0.0006594669117647059,0.04014892578125,0.03891845703125
654,seed00_edit00,0,C_elongated_ribbon,NOISE_PATTERN_CANDIDATE,fragmented_refined_mask,0.003564453125,0.00353515625,0.33433387208496884,26,0.0001359675480769231,0.00581298828125,0.0029296875
658,seed00_edit00,0,C_elongated_ribbon,NOISE_PATTERN_CANDIDATE,fragmented_refined_mask,0.00063720703125,0.00063720703125,0.12399049881235154,24,2.655029296875e-05,0.001064453125,0.0005712890625
661,seed00_edit00,0,D_irregular_boundary,NOISE_PATTERN_CANDIDATE,fragmented_refined_mask,0.04206298828125,0.04177978515625,0.6718884962701217,63,0.0006631711929563492,0.17093017578125,0.124892578125
67,seed00_edit01,0,D_irregular_boundary,NOISE_PATTERN_CANDIDATE,fragmented_refined_mask,0.01633056640625,0.01607177734375,0.47644206412390533,260,6.18145282451923e-05,0.02386474609375,0.015009765625
674,seed00_edit02,0,C_elongated_ribbon,WEAK_CHANGE_CANDIDATE,changed_pixel_ratio_at_or_below_weak_threshold,0.0002783203125,0.0002783203125,0.022213561964146533,24,1.1596679687499998e-05,0.21578369140625,0.214267578125
674,seed00_edit02,0,C_elongated_ribbon,NOISE_PATTERN_CANDIDATE,fragmented_refined_mask,0.0002783203125,0.0002783203125,0.022213561964146533,24,1.1596679687499998e-05,0.21578369140625,0.214267578125
676,seed00_edit01,0,D_irregular_boundary,NOISE_PATTERN_CANDIDATE,fragmented_refined_mask,0.0271875,0.02689453125,0.6430072379173477,65,0.00041376201923076924,0.18606201171875,0.1545263671875
678,seed00_edit00,0,D_irregular_boundary,NOISE_PATTERN_CANDIDATE,fragmented_refined_mask,0.0534130859375,0.05283447265625,0.7226674681092633,73,0.0007237598994006849,0.06381103515625,0.05522216796875
678,seed00_edit01,0,C_elongated_ribbon,NOISE_PATTERN_CANDIDATE,fragmented_refined_mask,0.00228759765625,0.002275390625,0.16448993999294034,35,6.501116071428572e-05,0.06381103515625,0.05522216796875
679,seed00_edit00,0,C_elongated_ribbon,NOISE_PATTERN_CANDIDATE,fragmented_refined_mask,0.002197265625,0.00218994140625,0.3431522570772762,41,5.341320503048781e-05,0.0651318359375,0.05957763671875
68,seed00_edit01,0,D_irregular_boundary,NOISE_PATTERN_CANDIDATE,fragmented_refined_mask,0.07356689453125,0.07324462890625,0.7597113193213472,22,0.0033293013139204545,0.1787109375,0.09231689453125
682,seed00_edit01,0,D_irregular_boundary,NOISE_PATTERN_CANDIDATE,fragmented_refined_mask,0.02444580078125,0.0243603515625,0.3942782629312048,277,8.794350744584837e-05,0.13202392578125,0.1010546875
690,seed00_edit00,0,C_elongated_ribbon,NOISE_PATTERN_CANDIDATE,fragmented_refined_mask,0.0016650390625,0.0016162109375,0.08557394002068253,40,4.04052734375e-05,0.0029296875,0.00116943359375
694,seed00_edit00,0,D_irregular_boundary,NOISE_PATTERN_CANDIDATE,fragmented_refined_mask,0.02744140625,0.02720947265625,0.3807522804140617,38,0.0007160387541118421,0.03595947265625,0.03177978515625
695,seed00_edit00,0,C_elongated_ribbon,NOISE_PATTERN_CANDIDATE,fragmented_refined_mask,0.0081005859375,0.00803466796875,0.4058453570107288,102,7.877125459558823e-05,0.01428466796875,0.004873046875
695,seed00_edit01,0,C_elongated_ribbon,NOISE_PATTERN_CANDIDATE,fragmented_refined_mask,0.0012548828125,0.00125,0.22806236080178174,39,3.205128205128205e-05,0.01428466796875,0.004873046875
698,seed00_edit00,0,C_elongated_ribbon,NOISE_PATTERN_CANDIDATE,fragmented_refined_mask,0.007890625,0.00787841796875,0.5492765957446808,54,0.00014589662905092595,0.167958984375,0.11574951171875
7,seed00_edit00,0,D_irregular_boundary,NOISE_PATTERN_CANDIDATE,fragmented_refined_mask,0.0614453125,0.0612158203125,0.7745821877606499,28,0.002186279296875,0.07649658203125,0.07140625
702,seed00_edit02,0,D_irregular_boundary,NOISE_PATTERN_CANDIDATE,fragmented_refined_mask,0.04126953125,0.0410595703125,0.600385549050407,134,0.00030641470382462686,0.15200439453125,0.10285400390625
707,seed00_edit02,0,D_irregular_boundary,NOISE_PATTERN_CANDIDATE,fragmented_refined_mask,0.03735595703125,0.03724365234375,0.5254908715122287,223,0.00016701189391816145,0.0493994140625,0.0390185546875
710,seed00_edit01,0,C_elongated_ribbon,NOISE_PATTERN_CANDIDATE,fragmented_refined_mask,0.00343505859375,0.00340576171875,0.266069044440206,58,5.8720029633620685e-05,0.0501123046875,0.0449072265625
712,seed00_edit00,0,D_irregular_boundary,NOISE_PATTERN_CANDIDATE,fragmented_refined_mask,0.02890625,0.0286279296875,0.3761588554197543,325,8.80859375e-05,0.0380224609375,0.02833251953125
715,seed00_edit01,0,C_elongated_ribbon,NOISE_PATTERN_CANDIDATE,fragmented_refined_mask,0.002236328125,0.0021484375,0.19353419837255334,33,6.510416666666667e-05,0.00628173828125,0.00236083984375
716,seed00_edit02,0,D_irregular_boundary,NOISE_PATTERN_CANDIDATE,fragmented_refined_mask,0.00956787109375,0.00949951171875,0.1825389378870332,69,0.00013767408288043476,0.044619140625,0.0344091796875
724,seed00_edit02,0,C_elongated_ribbon,NOISE_PATTERN_CANDIDATE,fragmented_refined_mask,0.00196044921875,0.00196044921875,0.15534919713677695,80,2.4505615234374998e-05,0.19110107421875,0.187744140625
726,seed00_edit00,0,C_elongated_ribbon,NOISE_PATTERN_CANDIDATE,fragmented_refined_mask,0.00092529296875,0.00092529296875,0.04821882951653944,46,2.0115064538043478e-05,0.01662109375,0.00913818359375
726,seed00_edit01,0,D_irregular_boundary,NOISE_PATTERN_CANDIDATE,fragmented_refined_mask,0.00923095703125,0.0091943359375,0.3317477096546864,96,9.577433268229166e-05,0.01662109375,0.00913818359375
728,seed00_edit00,0,C_elongated_ribbon,NOISE_PATTERN_CANDIDATE,fragmented_refined_mask,0.00314697265625,0.00314208984375,0.25485148514851486,96,3.27301025390625e-05,0.05447998046875,0.0437451171875
728,seed00_edit01,0,D_irregular_boundary,NOISE_PATTERN_CANDIDATE,fragmented_refined_mask,0.04275146484375,0.0426611328125,0.5842193246405885,154,0.0002770203429383117,0.05447998046875,0.0437451171875
731,seed00_edit01,0,D_irregular_boundary,NOISE_PATTERN_CANDIDATE,fragmented_refined_mask,0.008564453125,0.0085302734375,0.18371102581628898,34,0.0002508903952205882,0.06923828125,0.0584814453125
732,seed00_edit00,0,D_irregular_boundary,NOISE_PATTERN_CANDIDATE,fragmented_refined_mask,0.02828125,0.02825439453125,0.33300722239806635,415,6.808287838855422e-05,0.1423974609375,0.10503173828125
732,seed00_edit02,0,C_elongated_ribbon,WEAK_CHANGE_CANDIDATE,changed_pixel_ratio_at_or_below_weak_threshold,0.0002978515625,0.0002978515625,0.04891740176423416,5,5.95703125e-05,0.1423974609375,0.10503173828125
733,seed00_edit00,0,D_irregular_boundary,NOISE_PATTERN_CANDIDATE,fragmented_refined_mask,0.01489990234375,0.0146875,0.44434596351281486,125,0.0001175,0.02327880859375,0.01446044921875
734,seed00_edit01,0,C_elongated_ribbon,NOISE_PATTERN_CANDIDATE,fragmented_refined_mask,0.00052734375,0.00051513671875,0.08090490797546013,41,1.2564310213414633e-05,0.02367919921875,0.0222265625
735,seed00_edit01,0,C_elongated_ribbon,NOISE_PATTERN_CANDIDATE,fragmented_refined_mask,0.00205322265625,0.00201171875,0.15993788819875776,38,5.293996710526316e-05,0.262138671875,0.26017822265625
741,seed00_edit02,0,C_elongated_ribbon,WEAK_CHANGE_CANDIDATE,changed_pixel_ratio_at_or_below_weak_threshold,7.8125e-05,7.568359375e-05,0.05961538461538462,6,1.2613932291666667e-05,0.15821533203125,0.15767333984375
745,seed00_edit01,0,D_irregular_boundary,NOISE_PATTERN_CANDIDATE,fragmented_refined_mask,0.0247998046875,0.0247265625,0.38566695860782146,74,0.0003341427364864865,0.03430908203125,0.02814453125
747,seed00_edit00,0,C_elongated_ribbon,NOISE_PATTERN_CANDIDATE,fragmented_refined_mask,0.00452880859375,0.0044482421875,0.2712116701399226,22,0.00020219282670454544,0.00824951171875,0.00255615234375
75,seed00_edit00,0,C_elongated_ribbon,NOISE_PATTERN_CANDIDATE,fragmented_refined_mask,0.01012939453125,0.0100830078125,0.5792426367461431,60,0.0001680501302083333,0.0139111328125,0.0128955078125
751,seed00_edit00,0,D_irregular_boundary,NOISE_PATTERN_CANDIDATE,fragmented_refined_mask,0.02347900390625,0.0233544921875,0.60080391910564,63,0.0003707062251984127,0.02682373046875,0.02468017578125
756,seed00_edit02,0,D_irregular_boundary,NOISE_PATTERN_CANDIDATE,fragmented_refined_mask,0.017880859375,0.0177392578125,0.2516450786174413,143,0.00012405075393356644,0.12700439453125,0.12099853515625
758,seed00_edit00,0,C_elongated_ribbon,WEAK_CHANGE_CANDIDATE,changed_pixel_ratio_at_or_below_weak_threshold,6.103515625e-05,6.103515625e-05,0.004449190247374978,10,6.103515625e-06,0.0004052734375,2.9296875e-05
760,seed00_edit00,0,C_elongated_ribbon,WEAK_CHANGE_CANDIDATE,changed_pixel_ratio_at_or_below_weak_threshold,0.00018798828125,0.00018798828125,0.010698902320411282,38,4.947060032894737e-06,0.00109375,5.859375e-05
760,seed00_edit00,0,C_elongated_ribbon,NOISE_PATTERN_CANDIDATE,fragmented_refined_mask,0.00018798828125,0.00018798828125,0.010698902320411282,38,4.947060032894737e-06,0.00109375,5.859375e-05
769,seed00_edit00,0,D_irregular_boundary,NOISE_PATTERN_CANDIDATE,fragmented_refined_mask,0.0377099609375,0.03731689453125,0.4021204388203415,293,0.00012736141478242321,0.045341796875,0.01581787109375
780,seed00_edit00,0,D_irregular_boundary,NOISE_PATTERN_CANDIDATE,fragmented_refined_mask,0.00272216796875,0.00272216796875,0.07210294878427315,109,2.4974018061926607e-05,0.18111572265625,0.17052001953125
782,seed00_edit01,0,C_elongated_ribbon,WEAK_CHANGE_CANDIDATE,changed_pixel_ratio_at_or_below_weak_threshold,7.32421875e-05,7.32421875e-05,0.004493035794518496,9,8.138020833333333e-06,0.01627685546875,0.01599853515625
786,seed00_edit00,0,C_elongated_ribbon,NOISE_PATTERN_CANDIDATE,fragmented_refined_mask,0.00135009765625,0.00133056640625,0.08573226364637408,23,5.7850713315217396e-05,0.01036865234375,0.0083349609375
79,seed00_edit01,0,D_irregular_boundary,NOISE_PATTERN_CANDIDATE,fragmented_refined_mask,0.07977294921875,0.07886474609375,0.7866884223856607,29,0.002719474003232758,0.09362060546875,0.090810546875
791,seed00_edit00,0,D_irregular_boundary,NOISE_PATTERN_CANDIDATE,fragmented_refined_mask,0.04860107421875,0.04827880859375,0.6851332155354606,73,0.000661353542380137,0.05287841796875,0.04877685546875
795,seed00_edit00,0,C_elongated_ribbon,WEAK_CHANGE_CANDIDATE,changed_pixel_ratio_at_or_below_weak_threshold,0.0001416015625,0.0001416015625,0.1141732283464567,5,2.8320312499999998e-05,0.00030029296875,0.00011474609375
796,seed00_edit01,0,D_irregular_boundary,NOISE_PATTERN_CANDIDATE,fragmented_refined_mask,0.025166015625,0.02486328125,0.5651184728927362,66,0.00037671638257575756,0.1980029296875,0.16894775390625
798,seed00_edit01,0,D_irregular_boundary,NOISE_PATTERN_CANDIDATE,fragmented_refined_mask,0.00258056640625,0.00258056640625,0.10889049139796024,37,6.974503800675676e-05,0.13154541015625,0.125556640625
800,seed00_edit02,0,D_irregular_boundary,NOISE_PATTERN_CANDIDATE,fragmented_refined_mask,0.06351806640625,0.06251220703125,0.6163641615714217,80,0.000781402587890625,0.0898486328125,0.0851123046875
804,seed00_edit01,0,D_irregular_boundary,NOISE_PATTERN_CANDIDATE,fragmented_refined_mask,0.0073779296875,0.00726806640625,0.3312562590408368,56,0.00012978690011160714,0.0299658203125,0.02053466796875
810,seed00_edit01,0,D_irregular_boundary,NOISE_PATTERN_CANDIDATE,fragmented_refined_mask,0.02823486328125,0.0278955078125,0.27535184114131483,260,0.00010729041466346154,0.08678466796875,0.0525146484375
812,seed00_edit00,0,C_elongated_ribbon,NOISE_PATTERN_CANDIDATE,fragmented_refined_mask,0.001650390625,0.001650390625,0.11372812920592194,50,3.30078125e-05,0.0026904296875,0.0007080078125
813,seed00_edit00,0,C_elongated_ribbon,NOISE_PATTERN_CANDIDATE,fragmented_refined_mask,0.0019580078125,0.00192138671875,0.1926089084679393,31,6.198021673387096e-05,0.00736083984375,0.00319580078125
813,seed00_edit01,0,C_elongated_ribbon,NOISE_PATTERN_CANDIDATE,fragmented_refined_mask,0.0035498046875,0.003505859375,0.2500870776732846,49,7.154815051020407e-05,0.00736083984375,0.00319580078125
814,seed00_edit01,0,C_elongated_ribbon,NOISE_PATTERN_CANDIDATE,fragmented_refined_mask,0.000947265625,0.000947265625,0.09424338110274472,43,2.2029433139534885e-05,0.1339794921875,0.13035888671875
815,seed00_edit00,0,C_elongated_ribbon,NOISE_PATTERN_CANDIDATE,fragmented_refined_mask,0.00199462890625,0.00194580078125,0.16903499469777306,39,4.989232772435897e-05,0.00335205078125,0.00103759765625
817,seed00_edit02,0,D_irregular_boundary,NOISE_PATTERN_CANDIDATE,fragmented_refined_mask,0.03738037109375,0.036904296875,0.5654223086706067,70,0.0005272042410714285,0.1821240234375,0.13728759765625
82,seed00_edit01,0,D_irregular_boundary,NOISE_PATTERN_CANDIDATE,fragmented_refined_mask,0.06440673828125,0.064111328125,0.6694880685294717,69,0.0009291496829710146,0.09912353515625,0.09676513671875
821,seed00_edit00,0,C_elongated_ribbon,NOISE_PATTERN_CANDIDATE,fragmented_refined_mask,0.006142578125,0.00609375,0.6,28,0.00021763392857142858,0.07523681640625,0.04859130859375
821,seed00_edit02,0,D_irregular_boundary,NOISE_PATTERN_CANDIDATE,fragmented_refined_mask,0.04477294921875,0.0438671875,0.611572498298162,99,0.0004431029040404041,0.07523681640625,0.04859130859375
830,seed00_edit00,0,D_irregular_boundary,NOISE_PATTERN_CANDIDATE,fragmented_refined_mask,0.01626953125,0.0159912109375,0.311934469949519,175,9.137834821428571e-05,0.02285888671875,0.014892578125
84,seed00_edit01,0,D_irregular_boundary,NOISE_PATTERN_CANDIDATE,fragmented_refined_mask,0.01212646484375,0.012099609375,0.6239456124889841,30,0.00040332031250000003,0.04872802734375,0.04745849609375
847,seed00_edit00,0,D_irregular_boundary,NOISE_PATTERN_CANDIDATE,fragmented_refined_mask,0.0207470703125,0.02044921875,0.5632438975186604,103,0.00019853610436893206,0.235263671875,0.123388671875
850,seed00_edit00,0,D_irregular_boundary,NOISE_PATTERN_CANDIDATE,fragmented_refined_mask,0.00909423828125,0.00896728515625,0.48986396372365965,23,0.0003898819633152174,0.01041015625,0.00949951171875
854,seed00_edit00,0,D_irregular_boundary,NOISE_PATTERN_CANDIDATE,fragmented_refined_mask,0.01063232421875,0.0103564453125,0.3171825930910722,20,0.000517822265625,0.122822265625,0.10969970703125
855,seed00_edit00,0,D_irregular_boundary,NOISE_PATTERN_CANDIDATE,fragmented_refined_mask,0.01233642578125,0.0121826171875,0.22038689161734829,51,0.00023887484681372548,0.01793212890625,0.01273193359375
86,seed00_edit00,0,C_elongated_ribbon,NOISE_PATTERN_CANDIDATE,fragmented_refined_mask,0.0101171875,0.01007080078125,0.6473634651600754,56,0.00017983572823660715,0.01310302734375,0.01220947265625
860,seed00_edit00,0,C_elongated_ribbon,NOISE_PATTERN_CANDIDATE,fragmented_refined_mask,0.00083740234375,0.00083251953125,0.04470958437131244,41,2.030535442073171e-05,0.019599609375,0.0146337890625
862,seed00_edit00,0,C_elongated_ribbon,NOISE_PATTERN_CANDIDATE,fragmented_refined_mask,0.00171875,0.00170166015625,0.21987381703470033,28,6.077357700892857e-05,0.0023876953125,0.0015771484375
866,seed00_edit02,0,D_irregular_boundary,NOISE_PATTERN_CANDIDATE,fragmented_refined_mask,0.0295068359375,0.02946533203125,0.36398455877917846,351,8.394681490384616e-05,0.0404052734375,0.01762939453125
868,seed00_edit01,0,D_irregular_boundary,NOISE_PATTERN_CANDIDATE,fragmented_refined_mask,0.04634521484375,0.04583740234375,0.6394536970811621,61,0.000751432825307377,0.08676513671875,0.0512744140625
872,seed00_edit00,0,D_irregular_boundary,NOISE_PATTERN_CANDIDATE,fragmented_refined_mask,0.05030029296875,0.049794921875,0.521223582326033,65,0.0007660757211538462,0.0602490234375,0.05317138671875
875,seed00_edit01,0,D_irregular_boundary,NOISE_PATTERN_CANDIDATE,fragmented_refined_mask,0.01029296875,0.00992431640625,0.43620560145938403,65,0.0001526817908653846,0.16678466796875,0.15377685546875
883,seed00_edit01,0,D_irregular_boundary,NOISE_PATTERN_CANDIDATE,fragmented_refined_mask,0.038740234375,0.03861328125,0.48253348384537936,194,0.00019903753221649483,0.11538330078125,0.1079833984375
884,seed00_edit00,0,A_small_low_contrast,WEAK_CHANGE_CANDIDATE,changed_pixel_ratio_at_or_below_weak_threshold,4.638671875e-05,4.638671875e-05,0.01780693533270853,6,7.731119791666667e-06,0.07749755859375,0.07703125
886,seed00_edit00,0,D_irregular_boundary,NOISE_PATTERN_CANDIDATE,fragmented_refined_mask,0.02314453125,0.0230126953125,0.6145520928413092,45,0.0005113932291666667,0.03818115234375,0.01579345703125
889,seed00_edit01,0,D_irregular_boundary,NOISE_PATTERN_CANDIDATE,fragmented_refined_mask,0.009716796875,0.0095849609375,0.3199674001629992,55,0.00017427201704545454,0.02005859375,0.0073193359375
889,seed00_edit02,0,D_irregular_boundary,NOISE_PATTERN_CANDIDATE,fragmented_refined_mask,0.0043115234375,0.0042919921875,0.3571718813490451,22,0.0001950905539772727,0.02005859375,0.0073193359375
890,seed00_edit01,0,D_irregular_boundary,NOISE_PATTERN_CANDIDATE,fragmented_refined_mask,0.01486083984375,0.01455078125,0.37512588116817724,99,0.00014697758838383838,0.0433837890625,0.0130908203125
890,seed00_edit02,0,D_irregular_boundary,NOISE_PATTERN_CANDIDATE,fragmented_refined_mask,0.019287109375,0.01902587890625,0.2440880759231998,225,8.455946180555556e-05,0.0433837890625,0.0130908203125
893,seed00_edit00,0,D_irregular_boundary,NOISE_PATTERN_CANDIDATE,fragmented_refined_mask,0.037275390625,0.03621826171875,0.38889034524340055,53,0.0006833634286556603,0.04210693359375,0.0368115234375
894,seed00_edit01,0,D_irregular_boundary,NOISE_PATTERN_CANDIDATE,fragmented_refined_mask,0.0104150390625,0.01031982421875,0.24743897441901305,131,7.877728411259542e-05,0.01644775390625,0.0091943359375
901,seed00_edit01,0,C_elongated_ribbon,WEAK_CHANGE_CANDIDATE,changed_pixel_ratio_at_or_below_weak_threshold,0.00017578125,0.00017578125,0.01001669449081803,20,8.7890625e-06,0.00241943359375,0.00177978515625
901,seed00_edit01,0,C_elongated_ribbon,NOISE_PATTERN_CANDIDATE,fragmented_refined_mask,0.00017578125,0.00017578125,0.01001669449081803,20,8.7890625e-06,0.00241943359375,0.00177978515625
903,seed00_edit02,0,D_irregular_boundary,NOISE_PATTERN_CANDIDATE,fragmented_refined_mask,0.01193115234375,0.01177734375,0.4128369704749679,43,0.0002738917151162791,0.02495361328125,0.0070703125
908,seed00_edit01,0,C_elongated_ribbon,NOISE_PATTERN_CANDIDATE,fragmented_refined_mask,0.00283203125,0.00279541015625,0.2983324648254299,65,4.300631009615384e-05,0.0452294921875,0.040419921875
909,seed00_edit01,0,D_irregular_boundary,NOISE_PATTERN_CANDIDATE,fragmented_refined_mask,0.03183349609375,0.031015625,0.39444841183593626,178,0.00017424508426966293,0.13699462890625,0.119345703125
909,seed00_edit02,0,D_irregular_boundary,NOISE_PATTERN_CANDIDATE,fragmented_refined_mask,0.0107177734375,0.01070556640625,0.25014261266400456,117,9.150056757478632e-05,0.13699462890625,0.119345703125
91,seed00_edit00,0,C_elongated_ribbon,NOISE_PATTERN_CANDIDATE,fragmented_refined_mask,0.00810546875,0.00804931640625,0.48873406463089236,84,9.582519531249999e-05,0.01857177734375,0.006162109375
91,seed00_edit01,0,C_elongated_ribbon,NOISE_PATTERN_CANDIDATE,fragmented_refined_mask,0.00455810546875,0.0045556640625,0.36310566258026855,130,3.504356971153846e-05,0.01857177734375,0.006162109375
916,seed00_edit00,0,C_elongated_ribbon,WEAK_CHANGE_CANDIDATE,changed_pixel_ratio_at_or_below_weak_threshold,0.000283203125,0.0002783203125,0.049868766404199474,1,0.0002783203125,0.047783203125,0.040400390625
916,seed00_edit01,0,D_irregular_boundary,NOISE_PATTERN_CANDIDATE,fragmented_refined_mask,0.03719970703125,0.03673095703125,0.6116350922839255,40,0.0009182739257812499,0.047783203125,0.040400390625
916,seed00_edit02,0,C_elongated_ribbon,NOISE_PATTERN_CANDIDATE,fragmented_refined_mask,0.00376953125,0.00376953125,0.31626382630069644,57,6.613212719298245e-05,0.047783203125,0.040400390625
917,seed00_edit00,0,D_irregular_boundary,NOISE_PATTERN_CANDIDATE,fragmented_refined_mask,0.02121826171875,0.0210791015625,0.21744276827763367,319,6.607868828369906e-05,0.028076171875,0.01165283203125
918,seed00_edit01,0,D_irregular_boundary,NOISE_PATTERN_CANDIDATE,fragmented_refined_mask,0.019462890625,0.01937744140625,0.2490429871352369,269,7.203509816449815e-05,0.10707275390625,0.099716796875
919,seed00_edit00,0,C_elongated_ribbon,NOISE_PATTERN_CANDIDATE,fragmented_refined_mask,0.00254638671875,0.0025244140625,0.263506625891947,69,3.658571105072464e-05,0.1933984375,0.16122314453125
919,seed00_edit02,0,D_irregular_boundary,NOISE_PATTERN_CANDIDATE,fragmented_refined_mask,0.0203271484375,0.0198876953125,0.2849048684946838,214,9.293315566588784e-05,0.1933984375,0.16122314453125
921,seed00_edit00,0,D_irregular_boundary,NOISE_PATTERN_CANDIDATE,fragmented_refined_mask,0.05780029296875,0.0573974609375,0.586796455759391,192,0.00029894510904947914,0.06798095703125,0.0643994140625
927,seed00_edit00,0,C_elongated_ribbon,WEAK_CHANGE_CANDIDATE,changed_pixel_ratio_at_or_below_weak_threshold,0.0001123046875,0.0001123046875,0.0423572744014733,3,3.743489583333334e-05,0.284208984375,0.28323974609375
930,seed00_edit00,0,C_elongated_ribbon,WEAK_CHANGE_CANDIDATE,changed_pixel_ratio_at_or_below_weak_threshold,0.00030029296875,0.00030029296875,0.01891725622885266,6,5.0048828125e-05,0.15745849609375,0.15603271484375
935,seed00_edit00,0,C_elongated_ribbon,NOISE_PATTERN_CANDIDATE,fragmented_refined_mask,0.00075927734375,0.0007568359375,0.09320505111244738,27,2.8030960648148148e-05,0.024384765625,0.01878173828125
935,seed00_edit01,0,D_irregular_boundary,NOISE_PATTERN_CANDIDATE,fragmented_refined_mask,0.01913818359375,0.01907470703125,0.20118967914713912,156,0.00012227376302083334,0.024384765625,0.01878173828125
936,seed00_edit00,0,D_irregular_boundary,NOISE_PATTERN_CANDIDATE,fragmented_refined_mask,0.00253662109375,0.00240478515625,0.05800600671338555,40,6.011962890625e-05,0.0043359375,0.00161376953125
936,seed00_edit01,0,C_elongated_ribbon,WEAK_CHANGE_CANDIDATE,changed_pixel_ratio_at_or_below_weak_threshold,0.00041748046875,0.00041748046875,0.07858455882352941,4,0.0001043701171875,0.0043359375,0.00161376953125
942,seed00_edit00,0,D_irregular_boundary,NOISE_PATTERN_CANDIDATE,fragmented_refined_mask,0.0108740234375,0.01077392578125,0.5879296562749801,54,0.00019951714409722224,0.07506103515625,0.0618603515625
944,seed00_edit00,0,C_elongated_ribbon,WEAK_CHANGE_CANDIDATE,changed_pixel_ratio_at_or_below_weak_threshold,0.0002880859375,0.0002880859375,0.01613344271260596,6,4.8014322916666664e-05,0.01490234375,0.01454833984375
945,seed00_edit01,0,D_irregular_boundary,NOISE_PATTERN_CANDIDATE,fragmented_refined_mask,0.03028076171875,0.0301904296875,0.42726832976297424,117,0.00025803786057692306,0.0715625,0.035546875
947,seed00_edit01,0,D_irregular_boundary,NOISE_PATTERN_CANDIDATE,fragmented_refined_mask,0.05160400390625,0.05069580078125,0.4962361094515474,166,0.000305396390248494,0.06322509765625,0.0531640625
950,seed00_edit00,0,D_irregular_boundary,NOISE_PATTERN_CANDIDATE,fragmented_refined_mask,0.012373046875,0.01222412109375,0.25390466531440165,53,0.0002306437942216981,0.01474609375,0.01342529296875
952,seed00_edit00,0,D_irregular_boundary,NOISE_PATTERN_CANDIDATE,fragmented_refined_mask,0.0185302734375,0.0181591796875,0.6720274665702928,43,0.00042230650436046507,0.02132080078125,0.0194287109375
953,seed00_edit01,0,D_irregular_boundary,NOISE_PATTERN_CANDIDATE,fragmented_refined_mask,0.0330810546875,0.03268310546875,0.4428235916774172,107,0.00030544958382009346,0.040185546875,0.0303515625
954,seed00_edit01,0,D_irregular_boundary,NOISE_PATTERN_CANDIDATE,fragmented_refined_mask,0.0185791015625,0.018271484375,0.4029722162395003,126,0.00014501178075396827,0.04074462890625,0.0185888671875
961,seed00_edit01,0,B_diffuse_texture,NOISE_PATTERN_CANDIDATE,fragmented_refined_mask,0.09847412109375,0.0961328125,0.9191839021429572,25,0.0038453124999999998,0.18542724609375,0.184794921875
964,seed00_edit00,0,C_elongated_ribbon,NOISE_PATTERN_CANDIDATE,fragmented_refined_mask,0.0013720703125,0.0013720703125,0.07796892341842397,49,2.8001434948979592e-05,0.04631591796875,0.03756103515625
964,seed00_edit01,0,D_irregular_boundary,NOISE_PATTERN_CANDIDATE,fragmented_refined_mask,0.0371630859375,0.03694580078125,0.41014174594140446,100,0.0003694580078125,0.04631591796875,0.03756103515625
973,seed00_edit00,0,D_irregular_boundary,NOISE_PATTERN_CANDIDATE,fragmented_refined_mask,0.03764404296875,0.03712890625,0.5950853028642981,155,0.0002395413306451613,0.16822021484375,0.12243896484375
977,seed00_edit00,0,D_irregular_boundary,NOISE_PATTERN_CANDIDATE,fragmented_refined_mask,0.003916015625,0.00391357421875,0.3530837004405286,32,0.0001222991943359375,0.0354833984375,0.024267578125
977,seed00_edit02,0,D_irregular_boundary,NOISE_PATTERN_CANDIDATE,fragmented_refined_mask,0.0256689453125,0.0250732421875,0.5532808964551233,93,0.00026960475470430106,0.0354833984375,0.024267578125
984,seed00_edit00,0,C_elongated_ribbon,NOISE_PATTERN_CANDIDATE,fragmented_refined_mask,0.00528564453125,0.005263671875,0.35754560530679935,24,0.00021931966145833333,0.0063916015625,0.00578125
991,seed00_edit01,0,D_irregular_boundary,NOISE_PATTERN_CANDIDATE,fragmented_refined_mask,0.0118798828125,0.01187744140625,0.16977839818530796,248,4.7892908896169354e-05,0.1557568359375,0.14962890625
997,seed00_edit02,0,C_elongated_ribbon,NOISE_PATTERN_CANDIDATE,fragmented_refined_mask,0.001298828125,0.00129638671875,0.32757557063541026,24,5.4016113281249994e-05,0.01282470703125,0.00610595703125
