dataset_index,image_stem,is_hard,image_path,label_path,image_decode_ok,image_finite,label_parse_ok,polygon_finite,coordinate_range_ok,class_id_ok,instance_count,degenerate_polygon_count,degenerate_bbox_count,relative_polygon_area_sum,valid_image,valid_target
0,1,True,/root/autodl-tmp/borescope-new-seg-data/v1/images/train/1.png,/root/autodl-tmp/borescope-new-seg-data/v1/labels/train/1.txt,True,True,True,True,True,True,3,0,0,0.0076145159779694715,True,True
1,100,True,/root/autodl-tmp/borescope-new-seg-data/v1/images/train/100.png,/root/autodl-tmp/borescope-new-seg-data/v1/labels/train/100.txt,True,True,True,True,True,True,1,0,0,0.004308452411289743,True,True
2,1001,False,/root/autodl-tmp/borescope-new-seg-data/v1/images/train/1001.jpg,/root/autodl-tmp/borescope-new-seg-data/v1/labels/train/1001.txt,True,True,True,True,True,True,2,0,0,0.0010662358899208302,True,True
3,1003,False,/root/autodl-tmp/borescope-new-seg-data/v1/images/train/1003.jpg,/root/autodl-tmp/borescope-new-seg-data/v1/labels/train/1003.txt,True,True,True,True,True,True,1,0,0,0.0022698711114723796,True,True
4,1004,False,/root/autodl-tmp/borescope-new-seg-data/v1/images/train/1004.jpg,/root/autodl-tmp/borescope-new-seg-data/v1/labels/train/1004.txt,True,True,True,True,True,True,1,0,0,0.002027243570732473,True,True
5,1005,False,/root/autodl-tmp/borescope-new-seg-data/v1/images/train/1005.jpg,/root/autodl-tmp/borescope-new-seg-data/v1/labels/train/1005.txt,True,True,True,True,True,True,1,0,0,0.002606306845749806,True,True
6,1008,False,/root/autodl-tmp/borescope-new-seg-data/v1/images/train/1008.jpg,/root/autodl-tmp/borescope-new-seg-data/v1/labels/train/1008.txt,True,True,True,True,True,True,1,0,0,0.0007965736633488985,True,True
7,101,True,/root/autodl-tmp/borescope-new-seg-data/v1/images/train/101.png,/root/autodl-tmp/borescope-new-seg-data/v1/labels/train/101.txt,True,True,True,True,True,True,3,0,0,0.14305396334254994,True,True
8,102,True,/root/autodl-tmp/borescope-new-seg-data/v1/images/train/102.png,/root/autodl-tmp/borescope-new-seg-data/v1/labels/train/102.txt,True,True,True,True,True,True,3,0,0,0.15354362627661278,True,True
9,103,True,/root/autodl-tmp/borescope-new-seg-data/v1/images/train/103.png,/root/autodl-tmp/borescope-new-seg-data/v1/labels/train/103.txt,True,True,True,True,True,True,4,0,0,0.1841846912301156,True,True
10,104,False,/root/autodl-tmp/borescope-new-seg-data/v1/images/train/104.png,/root/autodl-tmp/borescope-new-seg-data/v1/labels/train/104.txt,True,True,True,True,True,True,3,0,0,0.014104491591805046,True,True
11,105,True,/root/autodl-tmp/borescope-new-seg-data/v1/images/train/105.png,/root/autodl-tmp/borescope-new-seg-data/v1/labels/train/105.txt,True,True,True,True,True,True,1,0,0,0.0036664502924782516,True,True
12,106,False,/root/autodl-tmp/borescope-new-seg-data/v1/images/train/106.png,/root/autodl-tmp/borescope-new-seg-data/v1/labels/train/106.txt,True,True,True,True,True,True,2,0,0,0.16615485579126887,True,True
13,107,True,/root/autodl-tmp/borescope-new-seg-data/v1/images/train/107.png,/root/autodl-tmp/borescope-new-seg-data/v1/labels/train/107.txt,True,True,True,True,True,True,1,0,0,0.016019888862567555,True,True
14,108,True,/root/autodl-tmp/borescope-new-seg-data/v1/images/train/108.png,/root/autodl-tmp/borescope-new-seg-data/v1/labels/train/108.txt,True,True,True,True,True,True,3,0,0,0.25769825475721386,True,True
15,109,True,/root/autodl-tmp/borescope-new-seg-data/v1/images/train/109.png,/root/autodl-tmp/borescope-new-seg-data/v1/labels/train/109.txt,True,True,True,True,True,True,3,0,0,0.026710390943659845,True,True
16,110,True,/root/autodl-tmp/borescope-new-seg-data/v1/images/train/110.png,/root/autodl-tmp/borescope-new-seg-data/v1/labels/train/110.txt,True,True,True,True,True,True,3,0,0,0.15250900205048845,True,True
17,111,True,/root/autodl-tmp/borescope-new-seg-data/v1/images/train/111.png,/root/autodl-tmp/borescope-new-seg-data/v1/labels/train/111.txt,True,True,True,True,True,True,1,0,0,0.006667381118086846,True,True
18,113,True,/root/autodl-tmp/borescope-new-seg-data/v1/images/train/113.png,/root/autodl-tmp/borescope-new-seg-data/v1/labels/train/113.txt,True,True,True,True,True,True,1,0,0,0.014832356773906596,True,True
19,114,True,/root/autodl-tmp/borescope-new-seg-data/v1/images/train/114.png,/root/autodl-tmp/borescope-new-seg-data/v1/labels/train/114.txt,True,True,True,True,True,True,1,0,0,0.02141094155275569,True,True
20,115,True,/root/autodl-tmp/borescope-new-seg-data/v1/images/train/115.png,/root/autodl-tmp/borescope-new-seg-data/v1/labels/train/115.txt,True,True,True,True,True,True,2,0,0,0.1833882166243601,True,True
21,117,True,/root/autodl-tmp/borescope-new-seg-data/v1/images/train/117.png,/root/autodl-tmp/borescope-new-seg-data/v1/labels/train/117.txt,True,True,True,True,True,True,2,0,0,0.10459104940693742,True,True
22,119,True,/root/autodl-tmp/borescope-new-seg-data/v1/images/train/119.png,/root/autodl-tmp/borescope-new-seg-data/v1/labels/train/119.txt,True,True,True,True,True,True,2,0,0,0.047637721950261724,True,True
23,12,True,/root/autodl-tmp/borescope-new-seg-data/v1/images/train/12.png,/root/autodl-tmp/borescope-new-seg-data/v1/labels/train/12.txt,True,True,True,True,True,True,5,0,0,0.08635222384809449,True,True
24,120,True,/root/autodl-tmp/borescope-new-seg-data/v1/images/train/120.png,/root/autodl-tmp/borescope-new-seg-data/v1/labels/train/120.txt,True,True,True,True,True,True,1,0,0,0.21665252060282691,True,True
25,123,True,/root/autodl-tmp/borescope-new-seg-data/v1/images/train/123.png,/root/autodl-tmp/borescope-new-seg-data/v1/labels/train/123.txt,True,True,True,True,True,True,2,0,0,0.043463220153167725,True,True
26,124,True,/root/autodl-tmp/borescope-new-seg-data/v1/images/train/124.png,/root/autodl-tmp/borescope-new-seg-data/v1/labels/train/124.txt,True,True,True,True,True,True,3,0,0,0.09568918133020765,True,True
27,129,True,/root/autodl-tmp/borescope-new-seg-data/v1/images/train/129.png,/root/autodl-tmp/borescope-new-seg-data/v1/labels/train/129.txt,True,True,True,True,True,True,3,0,0,0.07788384963988981,True,True
28,13,False,/root/autodl-tmp/borescope-new-seg-data/v1/images/train/13.png,/root/autodl-tmp/borescope-new-seg-data/v1/labels/train/13.txt,True,True,True,True,True,True,3,0,0,0.015542802187012317,True,True
29,131,True,/root/autodl-tmp/borescope-new-seg-data/v1/images/train/131.png,/root/autodl-tmp/borescope-new-seg-data/v1/labels/train/131.txt,True,True,True,True,True,True,1,0,0,0.011808127573909921,True,True
30,132,True,/root/autodl-tmp/borescope-new-seg-data/v1/images/train/132.png,/root/autodl-tmp/borescope-new-seg-data/v1/labels/train/132.txt,True,True,True,True,True,True,1,0,0,0.0077025462941504586,True,True
31,133,True,/root/autodl-tmp/borescope-new-seg-data/v1/images/train/133.png,/root/autodl-tmp/borescope-new-seg-data/v1/labels/train/133.txt,True,True,True,True,True,True,3,0,0,0.14695237114464121,True,True
32,135,True,/root/autodl-tmp/borescope-new-seg-data/v1/images/train/135.png,/root/autodl-tmp/borescope-new-seg-data/v1/labels/train/135.txt,True,True,True,True,True,True,2,0,0,0.005390374946602883,True,True
33,136,True,/root/autodl-tmp/borescope-new-seg-data/v1/images/train/136.png,/root/autodl-tmp/borescope-new-seg-data/v1/labels/train/136.txt,True,True,True,True,True,True,2,0,0,0.04104359568014715,True,True
34,137,True,/root/autodl-tmp/borescope-new-seg-data/v1/images/train/137.png,/root/autodl-tmp/borescope-new-seg-data/v1/labels/train/137.txt,True,True,True,True,True,True,1,0,0,0.0014570473258928018,True,True
35,139,True,/root/autodl-tmp/borescope-new-seg-data/v1/images/train/139.png,/root/autodl-tmp/borescope-new-seg-data/v1/labels/train/139.txt,True,True,True,True,True,True,1,0,0,0.010447340341129152,True,True
36,14,True,/root/autodl-tmp/borescope-new-seg-data/v1/images/train/14.png,/root/autodl-tmp/borescope-new-seg-data/v1/labels/train/14.txt,True,True,True,True,True,True,4,0,0,0.19357197969931272,True,True
37,141,True,/root/autodl-tmp/borescope-new-seg-data/v1/images/train/141.png,/root/autodl-tmp/borescope-new-seg-data/v1/labels/train/141.txt,True,True,True,True,True,True,2,0,0,0.06595650435324951,True,True
38,143,True,/root/autodl-tmp/borescope-new-seg-data/v1/images/train/143.png,/root/autodl-tmp/borescope-new-seg-data/v1/labels/train/143.txt,True,True,True,True,True,True,2,0,0,0.07616221802488399,True,True
39,144,False,/root/autodl-tmp/borescope-new-seg-data/v1/images/train/144.png,/root/autodl-tmp/borescope-new-seg-data/v1/labels/train/144.txt,True,True,True,True,True,True,1,0,0,0.15416152262977345,True,True
40,146,True,/root/autodl-tmp/borescope-new-seg-data/v1/images/train/146.png,/root/autodl-tmp/borescope-new-seg-data/v1/labels/train/146.txt,True,True,True,True,True,True,1,0,0,0.05755148722266501,True,True
41,147,True,/root/autodl-tmp/borescope-new-seg-data/v1/images/train/147.png,/root/autodl-tmp/borescope-new-seg-data/v1/labels/train/147.txt,True,True,True,True,True,True,5,0,0,0.08690052692971456,True,True
42,148,True,/root/autodl-tmp/borescope-new-seg-data/v1/images/train/148.png,/root/autodl-tmp/borescope-new-seg-data/v1/labels/train/148.txt,True,True,True,True,True,True,1,0,0,0.0014632161457428516,True,True
43,149,True,/root/autodl-tmp/borescope-new-seg-data/v1/images/train/149.png,/root/autodl-tmp/borescope-new-seg-data/v1/labels/train/149.txt,True,True,True,True,True,True,1,0,0,0.001229067991737054,True,True
44,15,True,/root/autodl-tmp/borescope-new-seg-data/v1/images/train/15.png,/root/autodl-tmp/borescope-new-seg-data/v1/labels/train/15.txt,True,True,True,True,True,True,1,0,0,0.016117588780272918,True,True
45,151,True,/root/autodl-tmp/borescope-new-seg-data/v1/images/train/151.png,/root/autodl-tmp/borescope-new-seg-data/v1/labels/train/151.txt,True,True,True,True,True,True,4,0,0,0.04356358238440472,True,True
46,153,True,/root/autodl-tmp/borescope-new-seg-data/v1/images/train/153.png,/root/autodl-tmp/borescope-new-seg-data/v1/labels/train/153.txt,True,True,True,True,True,True,2,0,0,0.06358817730645716,True,True
47,154,False,/root/autodl-tmp/borescope-new-seg-data/v1/images/train/154.png,/root/autodl-tmp/borescope-new-seg-data/v1/labels/train/154.txt,True,True,True,True,True,True,1,0,0,0.018194444444515234,True,True
48,155,True,/root/autodl-tmp/borescope-new-seg-data/v1/images/train/155.png,/root/autodl-tmp/borescope-new-seg-data/v1/labels/train/155.txt,True,True,True,True,True,True,9,0,0,0.015164609047034316,True,True
49,156,False,/root/autodl-tmp/borescope-new-seg-data/v1/images/train/156.png,/root/autodl-tmp/borescope-new-seg-data/v1/labels/train/156.txt,True,True,True,True,True,True,1,0,0,0.005608305708463934,True,True
50,157,False,/root/autodl-tmp/borescope-new-seg-data/v1/images/train/157.png,/root/autodl-tmp/borescope-new-seg-data/v1/labels/train/157.txt,True,True,True,True,True,True,2,0,0,0.012405598962498487,True,True
51,165,True,/root/autodl-tmp/borescope-new-seg-data/v1/images/train/165.png,/root/autodl-tmp/borescope-new-seg-data/v1/labels/train/165.txt,True,True,True,True,True,True,5,0,0,0.29844130501476585,True,True
52,166,False,/root/autodl-tmp/borescope-new-seg-data/v1/images/train/166.png,/root/autodl-tmp/borescope-new-seg-data/v1/labels/train/166.txt,True,True,True,True,True,True,1,0,0,0.0021891276044531116,True,True
53,167,True,/root/autodl-tmp/borescope-new-seg-data/v1/images/train/167.png,/root/autodl-tmp/borescope-new-seg-data/v1/labels/train/167.txt,True,True,True,True,True,True,1,0,0,0.0029758468609255573,True,True
54,168,False,/root/autodl-tmp/borescope-new-seg-data/v1/images/train/168.png,/root/autodl-tmp/borescope-new-seg-data/v1/labels/train/168.txt,True,True,True,True,True,True,1,0,0,0.10620884773971717,True,True
55,169,True,/root/autodl-tmp/borescope-new-seg-data/v1/images/train/169.png,/root/autodl-tmp/borescope-new-seg-data/v1/labels/train/169.txt,True,True,True,True,True,True,12,0,0,0.4311726966301319,True,True
56,17,True,/root/autodl-tmp/borescope-new-seg-data/v1/images/train/17.png,/root/autodl-tmp/borescope-new-seg-data/v1/labels/train/17.txt,True,True,True,True,True,True,2,0,0,0.1316175329866469,True,True
57,170,True,/root/autodl-tmp/borescope-new-seg-data/v1/images/train/170.png,/root/autodl-tmp/borescope-new-seg-data/v1/labels/train/170.txt,True,True,True,True,True,True,3,0,0,0.14575783988678825,True,True
58,171,True,/root/autodl-tmp/borescope-new-seg-data/v1/images/train/171.png,/root/autodl-tmp/borescope-new-seg-data/v1/labels/train/171.txt,True,True,True,True,True,True,5,0,0,0.007865226340027842,True,True
59,173,True,/root/autodl-tmp/borescope-new-seg-data/v1/images/train/173.png,/root/autodl-tmp/borescope-new-seg-data/v1/labels/train/173.txt,True,True,True,True,True,True,6,0,0,0.12600096686291762,True,True
60,175,True,/root/autodl-tmp/borescope-new-seg-data/v1/images/train/175.png,/root/autodl-tmp/borescope-new-seg-data/v1/labels/train/175.txt,True,True,True,True,True,True,2,0,0,0.028252267185117308,True,True
61,176,False,/root/autodl-tmp/borescope-new-seg-data/v1/images/train/176.png,/root/autodl-tmp/borescope-new-seg-data/v1/labels/train/176.txt,True,True,True,True,True,True,2,0,0,0.010714782426240133,True,True
62,177,True,/root/autodl-tmp/borescope-new-seg-data/v1/images/train/177.png,/root/autodl-tmp/borescope-new-seg-data/v1/labels/train/177.txt,True,True,True,True,True,True,2,0,0,0.08612952007615537,True,True
63,179,True,/root/autodl-tmp/borescope-new-seg-data/v1/images/train/179.png,/root/autodl-tmp/borescope-new-seg-data/v1/labels/train/179.txt,True,True,True,True,True,True,1,0,0,0.0635807224728131,True,True
64,18,True,/root/autodl-tmp/borescope-new-seg-data/v1/images/train/18.png,/root/autodl-tmp/borescope-new-seg-data/v1/labels/train/18.txt,True,True,True,True,True,True,4,0,0,0.0013431233251308128,True,True
65,180,True,/root/autodl-tmp/borescope-new-seg-data/v1/images/train/180.png,/root/autodl-tmp/borescope-new-seg-data/v1/labels/train/180.txt,True,True,True,True,True,True,3,0,0,0.02070702326639995,True,True
66,182,False,/root/autodl-tmp/borescope-new-seg-data/v1/images/train/182.png,/root/autodl-tmp/borescope-new-seg-data/v1/labels/train/182.txt,True,True,True,True,True,True,1,0,0,0.0013068701415575035,True,True
67,184,True,/root/autodl-tmp/borescope-new-seg-data/v1/images/train/184.png,/root/autodl-tmp/borescope-new-seg-data/v1/labels/train/184.txt,True,True,True,True,True,True,1,0,0,0.005738932293827936,True,True
68,185,True,/root/autodl-tmp/borescope-new-seg-data/v1/images/train/185.png,/root/autodl-tmp/borescope-new-seg-data/v1/labels/train/185.txt,True,True,True,True,True,True,6,0,0,0.1648393204315287,True,True
69,188,True,/root/autodl-tmp/borescope-new-seg-data/v1/images/train/188.png,/root/autodl-tmp/borescope-new-seg-data/v1/labels/train/188.txt,True,True,True,True,True,True,3,0,0,0.25754115224577157,True,True
70,189,True,/root/autodl-tmp/borescope-new-seg-data/v1/images/train/189.png,/root/autodl-tmp/borescope-new-seg-data/v1/labels/train/189.txt,True,True,True,True,True,True,1,0,0,0.012016413269543502,True,True
71,190,True,/root/autodl-tmp/borescope-new-seg-data/v1/images/train/190.png,/root/autodl-tmp/borescope-new-seg-data/v1/labels/train/190.txt,True,True,True,True,True,True,2,0,0,0.00758086464145169,True,True
72,191,False,/root/autodl-tmp/borescope-new-seg-data/v1/images/train/191.png,/root/autodl-tmp/borescope-new-seg-data/v1/labels/train/191.txt,True,True,True,True,True,True,2,0,0,0.005099022633570094,True,True
73,192,True,/root/autodl-tmp/borescope-new-seg-data/v1/images/train/192.png,/root/autodl-tmp/borescope-new-seg-data/v1/labels/train/192.txt,True,True,True,True,True,True,1,0,0,0.046303131190753355,True,True
74,193,True,/root/autodl-tmp/borescope-new-seg-data/v1/images/train/193.png,/root/autodl-tmp/borescope-new-seg-data/v1/labels/train/193.txt,True,True,True,True,True,True,2,0,0,0.12532688052376706,True,True
75,195,False,/root/autodl-tmp/borescope-new-seg-data/v1/images/train/195.png,/root/autodl-tmp/borescope-new-seg-data/v1/labels/train/195.txt,True,True,True,True,True,True,1,0,0,0.01239840534988157,True,True
76,196,True,/root/autodl-tmp/borescope-new-seg-data/v1/images/train/196.png,/root/autodl-tmp/borescope-new-seg-data/v1/labels/train/196.txt,True,True,True,True,True,True,4,0,0,0.015847693758848758,True,True
77,197,True,/root/autodl-tmp/borescope-new-seg-data/v1/images/train/197.png,/root/autodl-tmp/borescope-new-seg-data/v1/labels/train/197.txt,True,True,True,True,True,True,4,0,0,0.3147453703836805,True,True
78,198,True,/root/autodl-tmp/borescope-new-seg-data/v1/images/train/198.png,/root/autodl-tmp/borescope-new-seg-data/v1/labels/train/198.txt,True,True,True,True,True,True,5,0,0,0.1679306936808079,True,True
79,199,True,/root/autodl-tmp/borescope-new-seg-data/v1/images/train/199.png,/root/autodl-tmp/borescope-new-seg-data/v1/labels/train/199.txt,True,True,True,True,True,True,3,0,0,0.014555041150051434,True,True
80,2,True,/root/autodl-tmp/borescope-new-seg-data/v1/images/train/2.png,/root/autodl-tmp/borescope-new-seg-data/v1/labels/train/2.txt,True,True,True,True,True,True,1,0,0,0.007555338540156276,True,True
81,20,True,/root/autodl-tmp/borescope-new-seg-data/v1/images/train/20.png,/root/autodl-tmp/borescope-new-seg-data/v1/labels/train/20.txt,True,True,True,True,True,True,6,0,0,0.3435826351882757,True,True
82,202,True,/root/autodl-tmp/borescope-new-seg-data/v1/images/train/202.png,/root/autodl-tmp/borescope-new-seg-data/v1/labels/train/202.txt,True,True,True,True,True,True,1,0,0,0.0006673668278374123,True,True
83,205,True,/root/autodl-tmp/borescope-new-seg-data/v1/images/train/205.png,/root/autodl-tmp/borescope-new-seg-data/v1/labels/train/205.txt,True,True,True,True,True,True,3,0,0,0.010502105838906262,True,True
84,206,True,/root/autodl-tmp/borescope-new-seg-data/v1/images/train/206.png,/root/autodl-tmp/borescope-new-seg-data/v1/labels/train/206.txt,True,True,True,True,True,True,13,0,0,0.033680555552732194,True,True
85,207,True,/root/autodl-tmp/borescope-new-seg-data/v1/images/train/207.png,/root/autodl-tmp/borescope-new-seg-data/v1/labels/train/207.txt,True,True,True,True,True,True,4,0,0,0.15494727366318622,True,True
86,208,True,/root/autodl-tmp/borescope-new-seg-data/v1/images/train/208.png,/root/autodl-tmp/borescope-new-seg-data/v1/labels/train/208.txt,True,True,True,True,True,True,1,0,0,0.008544238687219652,True,True
87,209,True,/root/autodl-tmp/borescope-new-seg-data/v1/images/train/209.png,/root/autodl-tmp/borescope-new-seg-data/v1/labels/train/209.txt,True,True,True,True,True,True,2,0,0,0.017172353688942543,True,True
88,21,True,/root/autodl-tmp/borescope-new-seg-data/v1/images/train/21.png,/root/autodl-tmp/borescope-new-seg-data/v1/labels/train/21.txt,True,True,True,True,True,True,2,0,0,0.0036159897802163776,True,True
89,210,True,/root/autodl-tmp/borescope-new-seg-data/v1/images/train/210.png,/root/autodl-tmp/borescope-new-seg-data/v1/labels/train/210.txt,True,True,True,True,True,True,11,0,0,0.17485210906541349,True,True
90,213,True,/root/autodl-tmp/borescope-new-seg-data/v1/images/train/213.png,/root/autodl-tmp/borescope-new-seg-data/v1/labels/train/213.txt,True,True,True,True,True,True,1,0,0,0.005310872395312499,True,True
91,215,True,/root/autodl-tmp/borescope-new-seg-data/v1/images/train/215.png,/root/autodl-tmp/borescope-new-seg-data/v1/labels/train/215.txt,True,True,True,True,True,True,3,0,0,0.23082047324515104,True,True
92,216,True,/root/autodl-tmp/borescope-new-seg-data/v1/images/train/216.png,/root/autodl-tmp/borescope-new-seg-data/v1/labels/train/216.txt,True,True,True,True,True,True,1,0,0,0.0072998113859013,True,True
93,217,False,/root/autodl-tmp/borescope-new-seg-data/v1/images/train/217.png,/root/autodl-tmp/borescope-new-seg-data/v1/labels/train/217.txt,True,True,True,True,True,True,1,0,0,0.005280349794210659,True,True
94,219,True,/root/autodl-tmp/borescope-new-seg-data/v1/images/train/219.png,/root/autodl-tmp/borescope-new-seg-data/v1/labels/train/219.txt,True,True,True,True,True,True,3,0,0,0.03257137260434877,True,True
95,220,False,/root/autodl-tmp/borescope-new-seg-data/v1/images/train/220.png,/root/autodl-tmp/borescope-new-seg-data/v1/labels/train/220.txt,True,True,True,True,True,True,1,0,0,0.0010341924284844595,True,True
96,221,True,/root/autodl-tmp/borescope-new-seg-data/v1/images/train/221.png,/root/autodl-tmp/borescope-new-seg-data/v1/labels/train/221.txt,True,True,True,True,True,True,2,0,0,0.04108235678851502,True,True
97,222,True,/root/autodl-tmp/borescope-new-seg-data/v1/images/train/222.png,/root/autodl-tmp/borescope-new-seg-data/v1/labels/train/222.txt,True,True,True,True,True,True,3,0,0,0.07601601220072862,True,True
98,223,False,/root/autodl-tmp/borescope-new-seg-data/v1/images/train/223.png,/root/autodl-tmp/borescope-new-seg-data/v1/labels/train/223.txt,True,True,True,True,True,True,1,0,0,0.004979423870784538,True,True
99,224,False,/root/autodl-tmp/borescope-new-seg-data/v1/images/train/224.png,/root/autodl-tmp/borescope-new-seg-data/v1/labels/train/224.txt,True,True,True,True,True,True,1,0,0,0.027226562499062634,True,True
100,225,True,/root/autodl-tmp/borescope-new-seg-data/v1/images/train/225.png,/root/autodl-tmp/borescope-new-seg-data/v1/labels/train/225.txt,True,True,True,True,True,True,3,0,0,0.10418609759578468,True,True
101,227,True,/root/autodl-tmp/borescope-new-seg-data/v1/images/train/227.png,/root/autodl-tmp/borescope-new-seg-data/v1/labels/train/227.txt,True,True,True,True,True,True,2,0,0,0.17881448815474932,True,True
102,228,True,/root/autodl-tmp/borescope-new-seg-data/v1/images/train/228.png,/root/autodl-tmp/borescope-new-seg-data/v1/labels/train/228.txt,True,True,True,True,True,True,1,0,0,0.3110308407756812,True,True
103,23,False,/root/autodl-tmp/borescope-new-seg-data/v1/images/train/23.png,/root/autodl-tmp/borescope-new-seg-data/v1/labels/train/23.txt,True,True,True,True,True,True,2,0,0,0.11623814830157975,True,True
104,233,False,/root/autodl-tmp/borescope-new-seg-data/v1/images/train/233.png,/root/autodl-tmp/borescope-new-seg-data/v1/labels/train/233.txt,True,True,True,True,True,True,3,0,0,0.0852229206048159,True,True
105,234,True,/root/autodl-tmp/borescope-new-seg-data/v1/images/train/234.png,/root/autodl-tmp/borescope-new-seg-data/v1/labels/train/234.txt,True,True,True,True,True,True,1,0,0,0.005341035918125958,True,True
106,235,True,/root/autodl-tmp/borescope-new-seg-data/v1/images/train/235.png,/root/autodl-tmp/borescope-new-seg-data/v1/labels/train/235.txt,True,True,True,True,True,True,6,0,0,0.012352109062660599,True,True
107,236,True,/root/autodl-tmp/borescope-new-seg-data/v1/images/train/236.png,/root/autodl-tmp/borescope-new-seg-data/v1/labels/train/236.txt,True,True,True,True,True,True,3,0,0,0.00436471193445348,True,True
108,237,True,/root/autodl-tmp/borescope-new-seg-data/v1/images/train/237.png,/root/autodl-tmp/borescope-new-seg-data/v1/labels/train/237.txt,True,True,True,True,True,True,2,0,0,0.031340298631338026,True,True
109,238,True,/root/autodl-tmp/borescope-new-seg-data/v1/images/train/238.png,/root/autodl-tmp/borescope-new-seg-data/v1/labels/train/238.txt,True,True,True,True,True,True,2,0,0,0.002477499764218849,True,True
110,239,True,/root/autodl-tmp/borescope-new-seg-data/v1/images/train/239.png,/root/autodl-tmp/borescope-new-seg-data/v1/labels/train/239.txt,True,True,True,True,True,True,1,0,0,0.0009059192321139165,True,True
111,24,True,/root/autodl-tmp/borescope-new-seg-data/v1/images/train/24.png,/root/autodl-tmp/borescope-new-seg-data/v1/labels/train/24.txt,True,True,True,True,True,True,6,0,0,0.4803631438455744,True,True
112,240,True,/root/autodl-tmp/borescope-new-seg-data/v1/images/train/240.png,/root/autodl-tmp/borescope-new-seg-data/v1/labels/train/240.txt,True,True,True,True,True,True,1,0,0,0.22659357584993423,True,True
113,243,True,/root/autodl-tmp/borescope-new-seg-data/v1/images/train/243.png,/root/autodl-tmp/borescope-new-seg-data/v1/labels/train/243.txt,True,True,True,True,True,True,1,0,0,0.005808899177442761,True,True
114,249,True,/root/autodl-tmp/borescope-new-seg-data/v1/images/train/249.png,/root/autodl-tmp/borescope-new-seg-data/v1/labels/train/249.txt,True,True,True,True,True,True,2,0,0,0.09029324462822785,True,True
115,250,True,/root/autodl-tmp/borescope-new-seg-data/v1/images/train/250.png,/root/autodl-tmp/borescope-new-seg-data/v1/labels/train/250.txt,True,True,True,True,True,True,1,0,0,0.0033436213991331343,True,True
116,252,True,/root/autodl-tmp/borescope-new-seg-data/v1/images/train/252.png,/root/autodl-tmp/borescope-new-seg-data/v1/labels/train/252.txt,True,True,True,True,True,True,3,0,0,0.08687365768062016,True,True
117,253,True,/root/autodl-tmp/borescope-new-seg-data/v1/images/train/253.png,/root/autodl-tmp/borescope-new-seg-data/v1/labels/train/253.txt,True,True,True,True,True,True,2,0,0,0.16982598040749552,True,True
118,254,False,/root/autodl-tmp/borescope-new-seg-data/v1/images/train/254.png,/root/autodl-tmp/borescope-new-seg-data/v1/labels/train/254.txt,True,True,True,True,True,True,2,0,0,0.008698559671208805,True,True
119,255,True,/root/autodl-tmp/borescope-new-seg-data/v1/images/train/255.png,/root/autodl-tmp/borescope-new-seg-data/v1/labels/train/255.txt,True,True,True,True,True,True,3,0,0,0.1598158098478707,True,True
120,257,False,/root/autodl-tmp/borescope-new-seg-data/v1/images/train/257.png,/root/autodl-tmp/borescope-new-seg-data/v1/labels/train/257.txt,True,True,True,True,True,True,1,0,0,0.00864908854351576,True,True
121,258,False,/root/autodl-tmp/borescope-new-seg-data/v1/images/train/258.png,/root/autodl-tmp/borescope-new-seg-data/v1/labels/train/258.txt,True,True,True,True,True,True,2,0,0,0.019038656716499514,True,True
122,259,False,/root/autodl-tmp/borescope-new-seg-data/v1/images/train/259.png,/root/autodl-tmp/borescope-new-seg-data/v1/labels/train/259.txt,True,True,True,True,True,True,3,0,0,0.15931074651881483,True,True
123,26,True,/root/autodl-tmp/borescope-new-seg-data/v1/images/train/26.png,/root/autodl-tmp/borescope-new-seg-data/v1/labels/train/26.txt,True,True,True,True,True,True,13,0,0,0.2787034076996156,True,True
124,260,True,/root/autodl-tmp/borescope-new-seg-data/v1/images/train/260.png,/root/autodl-tmp/borescope-new-seg-data/v1/labels/train/260.txt,True,True,True,True,True,True,1,0,0,0.016309728972154325,True,True
125,261,False,/root/autodl-tmp/borescope-new-seg-data/v1/images/train/261.png,/root/autodl-tmp/borescope-new-seg-data/v1/labels/train/261.txt,True,True,True,True,True,True,2,0,0,0.002493569957980446,True,True
126,263,False,/root/autodl-tmp/borescope-new-seg-data/v1/images/train/263.png,/root/autodl-tmp/borescope-new-seg-data/v1/labels/train/263.txt,True,True,True,True,True,True,1,0,0,0.003730709874961491,True,True
127,264,True,/root/autodl-tmp/borescope-new-seg-data/v1/images/train/264.png,/root/autodl-tmp/borescope-new-seg-data/v1/labels/train/264.txt,True,True,True,True,True,True,3,0,0,0.14169103511776346,True,True
128,265,True,/root/autodl-tmp/borescope-new-seg-data/v1/images/train/265.png,/root/autodl-tmp/borescope-new-seg-data/v1/labels/train/265.txt,True,True,True,True,True,True,1,0,0,0.22458354922265222,True,True
129,266,True,/root/autodl-tmp/borescope-new-seg-data/v1/images/train/266.png,/root/autodl-tmp/borescope-new-seg-data/v1/labels/train/266.txt,True,True,True,True,True,True,6,0,0,0.32506260501257755,True,True
130,268,True,/root/autodl-tmp/borescope-new-seg-data/v1/images/train/268.png,/root/autodl-tmp/borescope-new-seg-data/v1/labels/train/268.txt,True,True,True,True,True,True,1,0,0,0.19972484116790312,True,True
131,269,True,/root/autodl-tmp/borescope-new-seg-data/v1/images/train/269.png,/root/autodl-tmp/borescope-new-seg-data/v1/labels/train/269.txt,True,True,True,True,True,True,3,0,0,0.2056314394141565,True,True
132,27,False,/root/autodl-tmp/borescope-new-seg-data/v1/images/train/27.png,/root/autodl-tmp/borescope-new-seg-data/v1/labels/train/27.txt,True,True,True,True,True,True,3,0,0,0.035796039096345655,True,True
133,270,False,/root/autodl-tmp/borescope-new-seg-data/v1/images/train/270.png,/root/autodl-tmp/borescope-new-seg-data/v1/labels/train/270.txt,True,True,True,True,True,True,2,0,0,0.06041023660832723,True,True
134,271,False,/root/autodl-tmp/borescope-new-seg-data/v1/images/train/271.png,/root/autodl-tmp/borescope-new-seg-data/v1/labels/train/271.txt,True,True,True,True,True,True,1,0,0,0.02282165225478483,True,True
135,272,True,/root/autodl-tmp/borescope-new-seg-data/v1/images/train/272.png,/root/autodl-tmp/borescope-new-seg-data/v1/labels/train/272.txt,True,True,True,True,True,True,2,0,0,0.38489450714398377,True,True
136,273,False,/root/autodl-tmp/borescope-new-seg-data/v1/images/train/273.png,/root/autodl-tmp/borescope-new-seg-data/v1/labels/train/273.txt,True,True,True,True,True,True,3,0,0,0.19235276614600538,True,True
137,274,True,/root/autodl-tmp/borescope-new-seg-data/v1/images/train/274.png,/root/autodl-tmp/borescope-new-seg-data/v1/labels/train/274.txt,True,True,True,True,True,True,1,0,0,0.00989969136019253,True,True
138,275,True,/root/autodl-tmp/borescope-new-seg-data/v1/images/train/275.png,/root/autodl-tmp/borescope-new-seg-data/v1/labels/train/275.txt,True,True,True,True,True,True,5,0,0,0.09808021499743225,True,True
139,276,False,/root/autodl-tmp/borescope-new-seg-data/v1/images/train/276.png,/root/autodl-tmp/borescope-new-seg-data/v1/labels/train/276.txt,True,True,True,True,True,True,1,0,0,0.2191910257455021,True,True
140,277,False,/root/autodl-tmp/borescope-new-seg-data/v1/images/train/277.png,/root/autodl-tmp/borescope-new-seg-data/v1/labels/train/277.txt,True,True,True,True,True,True,2,0,0,0.05314360485280989,True,True
141,278,False,/root/autodl-tmp/borescope-new-seg-data/v1/images/train/278.png,/root/autodl-tmp/borescope-new-seg-data/v1/labels/train/278.txt,True,True,True,True,True,True,1,0,0,0.003953564775350582,True,True
142,279,False,/root/autodl-tmp/borescope-new-seg-data/v1/images/train/279.png,/root/autodl-tmp/borescope-new-seg-data/v1/labels/train/279.txt,True,True,True,True,True,True,1,0,0,0.019255401228394753,True,True
143,28,False,/root/autodl-tmp/borescope-new-seg-data/v1/images/train/28.png,/root/autodl-tmp/borescope-new-seg-data/v1/labels/train/28.txt,True,True,True,True,True,True,1,0,0,0.0012744341549177918,True,True
144,281,False,/root/autodl-tmp/borescope-new-seg-data/v1/images/train/281.png,/root/autodl-tmp/borescope-new-seg-data/v1/labels/train/281.txt,True,True,True,True,True,True,1,0,0,0.0019521604951542315,True,True
145,282,True,/root/autodl-tmp/borescope-new-seg-data/v1/images/train/282.png,/root/autodl-tmp/borescope-new-seg-data/v1/labels/train/282.txt,True,True,True,True,True,True,2,0,0,0.005811471188319928,True,True
146,283,True,/root/autodl-tmp/borescope-new-seg-data/v1/images/train/283.png,/root/autodl-tmp/borescope-new-seg-data/v1/labels/train/283.txt,True,True,True,True,True,True,2,0,0,0.0013326953546441145,True,True
147,284,True,/root/autodl-tmp/borescope-new-seg-data/v1/images/train/284.png,/root/autodl-tmp/borescope-new-seg-data/v1/labels/train/284.txt,True,True,True,True,True,True,2,0,0,0.055356952833357065,True,True
148,285,True,/root/autodl-tmp/borescope-new-seg-data/v1/images/train/285.png,/root/autodl-tmp/borescope-new-seg-data/v1/labels/train/285.txt,True,True,True,True,True,True,1,0,0,0.08076753099931544,True,True
149,286,True,/root/autodl-tmp/borescope-new-seg-data/v1/images/train/286.png,/root/autodl-tmp/borescope-new-seg-data/v1/labels/train/286.txt,True,True,True,True,True,True,3,0,0,0.031984066654770604,True,True
150,287,True,/root/autodl-tmp/borescope-new-seg-data/v1/images/train/287.png,/root/autodl-tmp/borescope-new-seg-data/v1/labels/train/287.txt,True,True,True,True,True,True,2,0,0,0.0087606353751144,True,True
151,288,True,/root/autodl-tmp/borescope-new-seg-data/v1/images/train/288.png,/root/autodl-tmp/borescope-new-seg-data/v1/labels/train/288.txt,True,True,True,True,True,True,1,0,0,0.006692283573644375,True,True
152,289,True,/root/autodl-tmp/borescope-new-seg-data/v1/images/train/289.png,/root/autodl-tmp/borescope-new-seg-data/v1/labels/train/289.txt,True,True,True,True,True,True,4,0,0,0.024311523436720384,True,True
153,29,False,/root/autodl-tmp/borescope-new-seg-data/v1/images/train/29.png,/root/autodl-tmp/borescope-new-seg-data/v1/labels/train/29.txt,True,True,True,True,True,True,5,0,0,0.016523001174547802,True,True
154,290,True,/root/autodl-tmp/borescope-new-seg-data/v1/images/train/290.png,/root/autodl-tmp/borescope-new-seg-data/v1/labels/train/290.txt,True,True,True,True,True,True,2,0,0,0.06619855967692623,True,True
155,291,True,/root/autodl-tmp/borescope-new-seg-data/v1/images/train/291.png,/root/autodl-tmp/borescope-new-seg-data/v1/labels/train/291.txt,True,True,True,True,True,True,2,0,0,0.043113425927336024,True,True
156,292,True,/root/autodl-tmp/borescope-new-seg-data/v1/images/train/292.png,/root/autodl-tmp/borescope-new-seg-data/v1/labels/train/292.txt,True,True,True,True,True,True,1,0,0,0.02628729424117804,True,True
157,294,False,/root/autodl-tmp/borescope-new-seg-data/v1/images/train/294.png,/root/autodl-tmp/borescope-new-seg-data/v1/labels/train/294.txt,True,True,True,True,True,True,2,0,0,0.004095936210938733,True,True
158,295,False,/root/autodl-tmp/borescope-new-seg-data/v1/images/train/295.png,/root/autodl-tmp/borescope-new-seg-data/v1/labels/train/295.txt,True,True,True,True,True,True,3,0,0,0.13532425242990076,True,True
159,296,True,/root/autodl-tmp/borescope-new-seg-data/v1/images/train/296.png,/root/autodl-tmp/borescope-new-seg-data/v1/labels/train/296.txt,True,True,True,True,True,True,1,0,0,0.005134279904845718,True,True
160,297,True,/root/autodl-tmp/borescope-new-seg-data/v1/images/train/297.png,/root/autodl-tmp/borescope-new-seg-data/v1/labels/train/297.txt,True,True,True,True,True,True,3,0,0,0.025813311036459896,True,True
161,299,True,/root/autodl-tmp/borescope-new-seg-data/v1/images/train/299.png,/root/autodl-tmp/borescope-new-seg-data/v1/labels/train/299.txt,True,True,True,True,True,True,1,0,0,0.013046553500647429,True,True
162,3,True,/root/autodl-tmp/borescope-new-seg-data/v1/images/train/3.png,/root/autodl-tmp/borescope-new-seg-data/v1/labels/train/3.txt,True,True,True,True,True,True,4,0,0,0.22274152458613566,True,True
163,300,True,/root/autodl-tmp/borescope-new-seg-data/v1/images/train/300.png,/root/autodl-tmp/borescope-new-seg-data/v1/labels/train/300.txt,True,True,True,True,True,True,2,0,0,0.006418467076810597,True,True
164,301,True,/root/autodl-tmp/borescope-new-seg-data/v1/images/train/301.png,/root/autodl-tmp/borescope-new-seg-data/v1/labels/train/301.txt,True,True,True,True,True,True,1,0,0,0.0007080078122658762,True,True
165,302,False,/root/autodl-tmp/borescope-new-seg-data/v1/images/train/302.png,/root/autodl-tmp/borescope-new-seg-data/v1/labels/train/302.txt,True,True,True,True,True,True,1,0,0,0.1306751543206328,True,True
166,303,False,/root/autodl-tmp/borescope-new-seg-data/v1/images/train/303.png,/root/autodl-tmp/borescope-new-seg-data/v1/labels/train/303.txt,True,True,True,True,True,True,2,0,0,0.018693415635056887,True,True
167,304,True,/root/autodl-tmp/borescope-new-seg-data/v1/images/train/304.png,/root/autodl-tmp/borescope-new-seg-data/v1/labels/train/304.txt,True,True,True,True,True,True,4,0,0,0.012123818052256596,True,True
168,305,True,/root/autodl-tmp/borescope-new-seg-data/v1/images/train/305.png,/root/autodl-tmp/borescope-new-seg-data/v1/labels/train/305.txt,True,True,True,True,True,True,3,0,0,0.0653347469875123,True,True
169,306,False,/root/autodl-tmp/borescope-new-seg-data/v1/images/train/306.png,/root/autodl-tmp/borescope-new-seg-data/v1/labels/train/306.txt,True,True,True,True,True,True,1,0,0,0.0009233539092154963,True,True
170,307,True,/root/autodl-tmp/borescope-new-seg-data/v1/images/train/307.png,/root/autodl-tmp/borescope-new-seg-data/v1/labels/train/307.txt,True,True,True,True,True,True,6,0,0,0.009038140937315475,True,True
171,31,True,/root/autodl-tmp/borescope-new-seg-data/v1/images/train/31.png,/root/autodl-tmp/borescope-new-seg-data/v1/labels/train/31.txt,True,True,True,True,True,True,6,0,0,0.34182892824511046,True,True
172,311,True,/root/autodl-tmp/borescope-new-seg-data/v1/images/train/311.png,/root/autodl-tmp/borescope-new-seg-data/v1/labels/train/311.txt,True,True,True,True,True,True,3,0,0,0.012705349754107753,True,True
173,312,False,/root/autodl-tmp/borescope-new-seg-data/v1/images/train/312.png,/root/autodl-tmp/borescope-new-seg-data/v1/labels/train/312.txt,True,True,True,True,True,True,1,0,0,0.0013271604937794557,True,True
174,313,True,/root/autodl-tmp/borescope-new-seg-data/v1/images/train/313.png,/root/autodl-tmp/borescope-new-seg-data/v1/labels/train/313.txt,True,True,True,True,True,True,3,0,0,0.0958172925643721,True,True
175,314,True,/root/autodl-tmp/borescope-new-seg-data/v1/images/train/314.png,/root/autodl-tmp/borescope-new-seg-data/v1/labels/train/314.txt,True,True,True,True,True,True,5,0,0,0.1860647747450519,True,True
176,315,True,/root/autodl-tmp/borescope-new-seg-data/v1/images/train/315.png,/root/autodl-tmp/borescope-new-seg-data/v1/labels/train/315.txt,True,True,True,True,True,True,3,0,0,0.06959097212393228,True,True
177,316,True,/root/autodl-tmp/borescope-new-seg-data/v1/images/train/316.png,/root/autodl-tmp/borescope-new-seg-data/v1/labels/train/316.txt,True,True,True,True,True,True,3,0,0,0.02886911215306842,True,True
178,317,False,/root/autodl-tmp/borescope-new-seg-data/v1/images/train/317.png,/root/autodl-tmp/borescope-new-seg-data/v1/labels/train/317.txt,True,True,True,True,True,True,3,0,0,0.005273919750178102,True,True
179,318,False,/root/autodl-tmp/borescope-new-seg-data/v1/images/train/318.png,/root/autodl-tmp/borescope-new-seg-data/v1/labels/train/318.txt,True,True,True,True,True,True,1,0,0,0.23878375157576315,True,True
180,319,False,/root/autodl-tmp/borescope-new-seg-data/v1/images/train/319.png,/root/autodl-tmp/borescope-new-seg-data/v1/labels/train/319.txt,True,True,True,True,True,True,1,0,0,0.002778994271160462,True,True
181,321,False,/root/autodl-tmp/borescope-new-seg-data/v1/images/train/321.png,/root/autodl-tmp/borescope-new-seg-data/v1/labels/train/321.txt,True,True,True,True,True,True,1,0,0,0.23379452368253872,True,True
182,322,True,/root/autodl-tmp/borescope-new-seg-data/v1/images/train/322.png,/root/autodl-tmp/borescope-new-seg-data/v1/labels/train/322.txt,True,True,True,True,True,True,4,0,0,0.01522133243679391,True,True
183,325,False,/root/autodl-tmp/borescope-new-seg-data/v1/images/train/325.png,/root/autodl-tmp/borescope-new-seg-data/v1/labels/train/325.txt,True,True,True,True,True,True,1,0,0,0.0035133744877136053,True,True
184,326,False,/root/autodl-tmp/borescope-new-seg-data/v1/images/train/326.png,/root/autodl-tmp/borescope-new-seg-data/v1/labels/train/326.txt,True,True,True,True,True,True,2,0,0,0.00926954732848495,True,True
185,327,False,/root/autodl-tmp/borescope-new-seg-data/v1/images/train/327.png,/root/autodl-tmp/borescope-new-seg-data/v1/labels/train/327.txt,True,True,True,True,True,True,3,0,0,0.00362792968601533,True,True
186,329,True,/root/autodl-tmp/borescope-new-seg-data/v1/images/train/329.png,/root/autodl-tmp/borescope-new-seg-data/v1/labels/train/329.txt,True,True,True,True,True,True,3,0,0,0.0758892440765298,True,True
187,33,True,/root/autodl-tmp/borescope-new-seg-data/v1/images/train/33.png,/root/autodl-tmp/borescope-new-seg-data/v1/labels/train/33.txt,True,True,True,True,True,True,28,0,0,0.12367526860620637,True,True
188,331,True,/root/autodl-tmp/borescope-new-seg-data/v1/images/train/331.png,/root/autodl-tmp/borescope-new-seg-data/v1/labels/train/331.txt,True,True,True,True,True,True,10,0,0,0.2962736721109316,True,True
189,332,False,/root/autodl-tmp/borescope-new-seg-data/v1/images/train/332.png,/root/autodl-tmp/borescope-new-seg-data/v1/labels/train/332.txt,True,True,True,True,True,True,2,0,0,0.008414685260456523,True,True
190,333,True,/root/autodl-tmp/borescope-new-seg-data/v1/images/train/333.png,/root/autodl-tmp/borescope-new-seg-data/v1/labels/train/333.txt,True,True,True,True,True,True,3,0,0,0.3188260100770859,True,True
191,334,False,/root/autodl-tmp/borescope-new-seg-data/v1/images/train/334.png,/root/autodl-tmp/borescope-new-seg-data/v1/labels/train/334.txt,True,True,True,True,True,True,1,0,0,0.29519967407660985,True,True
192,335,True,/root/autodl-tmp/borescope-new-seg-data/v1/images/train/335.png,/root/autodl-tmp/borescope-new-seg-data/v1/labels/train/335.txt,True,True,True,True,True,True,3,0,0,0.3135561407648627,True,True
193,336,False,/root/autodl-tmp/borescope-new-seg-data/v1/images/train/336.png,/root/autodl-tmp/borescope-new-seg-data/v1/labels/train/336.txt,True,True,True,True,True,True,3,0,0,0.3799421296339581,True,True
194,337,True,/root/autodl-tmp/borescope-new-seg-data/v1/images/train/337.png,/root/autodl-tmp/borescope-new-seg-data/v1/labels/train/337.txt,True,True,True,True,True,True,5,0,0,0.12666988165153042,True,True
195,338,False,/root/autodl-tmp/borescope-new-seg-data/v1/images/train/338.png,/root/autodl-tmp/borescope-new-seg-data/v1/labels/train/338.txt,True,True,True,True,True,True,1,0,0,0.18431198559204187,True,True
196,339,True,/root/autodl-tmp/borescope-new-seg-data/v1/images/train/339.png,/root/autodl-tmp/borescope-new-seg-data/v1/labels/train/339.txt,True,True,True,True,True,True,3,0,0,0.07910708159609231,True,True
197,34,False,/root/autodl-tmp/borescope-new-seg-data/v1/images/train/34.png,/root/autodl-tmp/borescope-new-seg-data/v1/labels/train/34.txt,True,True,True,True,True,True,1,0,0,0.0321921132923455,True,True
198,341,False,/root/autodl-tmp/borescope-new-seg-data/v1/images/train/341.png,/root/autodl-tmp/borescope-new-seg-data/v1/labels/train/341.txt,True,True,True,True,True,True,1,0,0,0.024225260416093852,True,True
199,343,True,/root/autodl-tmp/borescope-new-seg-data/v1/images/train/343.png,/root/autodl-tmp/borescope-new-seg-data/v1/labels/train/343.txt,True,True,True,True,True,True,3,0,0,0.4017570546443636,True,True
200,344,False,/root/autodl-tmp/borescope-new-seg-data/v1/images/train/344.png,/root/autodl-tmp/borescope-new-seg-data/v1/labels/train/344.txt,True,True,True,True,True,True,1,0,0,0.15370756172989203,True,True
201,345,True,/root/autodl-tmp/borescope-new-seg-data/v1/images/train/345.png,/root/autodl-tmp/borescope-new-seg-data/v1/labels/train/345.txt,True,True,True,True,True,True,5,0,0,0.010231481477917193,True,True
202,346,True,/root/autodl-tmp/borescope-new-seg-data/v1/images/train/346.png,/root/autodl-tmp/borescope-new-seg-data/v1/labels/train/346.txt,True,True,True,True,True,True,3,0,0,0.0537316522827157,True,True
203,347,False,/root/autodl-tmp/borescope-new-seg-data/v1/images/train/347.png,/root/autodl-tmp/borescope-new-seg-data/v1/labels/train/347.txt,True,True,True,True,True,True,1,0,0,0.024637958069538612,True,True
204,348,False,/root/autodl-tmp/borescope-new-seg-data/v1/images/train/348.png,/root/autodl-tmp/borescope-new-seg-data/v1/labels/train/348.txt,True,True,True,True,True,True,1,0,0,0.34221450611447546,True,True
205,349,False,/root/autodl-tmp/borescope-new-seg-data/v1/images/train/349.png,/root/autodl-tmp/borescope-new-seg-data/v1/labels/train/349.txt,True,True,True,True,True,True,2,0,0,0.06936599793988274,True,True
206,352,False,/root/autodl-tmp/borescope-new-seg-data/v1/images/train/352.png,/root/autodl-tmp/borescope-new-seg-data/v1/labels/train/352.txt,True,True,True,True,True,True,2,0,0,0.44264531894923453,True,True
207,354,False,/root/autodl-tmp/borescope-new-seg-data/v1/images/train/354.png,/root/autodl-tmp/borescope-new-seg-data/v1/labels/train/354.txt,True,True,True,True,True,True,1,0,0,0.001328793520199767,True,True
208,355,False,/root/autodl-tmp/borescope-new-seg-data/v1/images/train/355.png,/root/autodl-tmp/borescope-new-seg-data/v1/labels/train/355.txt,True,True,True,True,True,True,2,0,0,0.10064686214860083,True,True
209,356,True,/root/autodl-tmp/borescope-new-seg-data/v1/images/train/356.png,/root/autodl-tmp/borescope-new-seg-data/v1/labels/train/356.txt,True,True,True,True,True,True,3,0,0,0.004924350052175397,True,True
210,358,True,/root/autodl-tmp/borescope-new-seg-data/v1/images/train/358.png,/root/autodl-tmp/borescope-new-seg-data/v1/labels/train/358.txt,True,True,True,True,True,True,7,0,0,0.2545524691530151,True,True
211,359,True,/root/autodl-tmp/borescope-new-seg-data/v1/images/train/359.png,/root/autodl-tmp/borescope-new-seg-data/v1/labels/train/359.txt,True,True,True,True,True,True,4,0,0,0.0033847736631664738,True,True
212,360,False,/root/autodl-tmp/borescope-new-seg-data/v1/images/train/360.png,/root/autodl-tmp/borescope-new-seg-data/v1/labels/train/360.txt,True,True,True,True,True,True,1,0,0,0.28904835386234057,True,True
213,362,False,/root/autodl-tmp/borescope-new-seg-data/v1/images/train/362.png,/root/autodl-tmp/borescope-new-seg-data/v1/labels/train/362.txt,True,True,True,True,True,True,1,0,0,0.003693599347839971,True,True
214,363,False,/root/autodl-tmp/borescope-new-seg-data/v1/images/train/363.png,/root/autodl-tmp/borescope-new-seg-data/v1/labels/train/363.txt,True,True,True,True,True,True,1,0,0,0.0016227213532031826,True,True
215,365,False,/root/autodl-tmp/borescope-new-seg-data/v1/images/train/365.png,/root/autodl-tmp/borescope-new-seg-data/v1/labels/train/365.txt,True,True,True,True,True,True,2,0,0,0.17897633741273644,True,True
216,366,False,/root/autodl-tmp/borescope-new-seg-data/v1/images/train/366.png,/root/autodl-tmp/borescope-new-seg-data/v1/labels/train/366.txt,True,True,True,True,True,True,2,0,0,0.013916015624062972,True,True
217,367,False,/root/autodl-tmp/borescope-new-seg-data/v1/images/train/367.png,/root/autodl-tmp/borescope-new-seg-data/v1/labels/train/367.txt,True,True,True,True,True,True,2,0,0,0.3941023662586063,True,True
218,368,False,/root/autodl-tmp/borescope-new-seg-data/v1/images/train/368.png,/root/autodl-tmp/borescope-new-seg-data/v1/labels/train/368.txt,True,True,True,True,True,True,1,0,0,0.001315586423534354,True,True
219,369,False,/root/autodl-tmp/borescope-new-seg-data/v1/images/train/369.png,/root/autodl-tmp/borescope-new-seg-data/v1/labels/train/369.txt,True,True,True,True,True,True,2,0,0,0.0036625514432819806,True,True
220,37,True,/root/autodl-tmp/borescope-new-seg-data/v1/images/train/37.png,/root/autodl-tmp/borescope-new-seg-data/v1/labels/train/37.txt,True,True,True,True,True,True,5,0,0,0.02948686229805353,True,True
221,374,True,/root/autodl-tmp/borescope-new-seg-data/v1/images/train/374.png,/root/autodl-tmp/borescope-new-seg-data/v1/labels/train/374.txt,True,True,True,True,True,True,5,0,0,0.30715343099906056,True,True
222,376,False,/root/autodl-tmp/borescope-new-seg-data/v1/images/train/376.png,/root/autodl-tmp/borescope-new-seg-data/v1/labels/train/376.txt,True,True,True,True,True,True,1,0,0,0.0468733669925232,True,True
223,377,True,/root/autodl-tmp/borescope-new-seg-data/v1/images/train/377.png,/root/autodl-tmp/borescope-new-seg-data/v1/labels/train/377.txt,True,True,True,True,True,True,5,0,0,0.37004027452037924,True,True
224,378,False,/root/autodl-tmp/borescope-new-seg-data/v1/images/train/378.png,/root/autodl-tmp/borescope-new-seg-data/v1/labels/train/378.txt,True,True,True,True,True,True,2,0,0,0.16117350259960905,True,True
225,379,False,/root/autodl-tmp/borescope-new-seg-data/v1/images/train/379.png,/root/autodl-tmp/borescope-new-seg-data/v1/labels/train/379.txt,True,True,True,True,True,True,3,0,0,0.2820746222270578,True,True
226,38,True,/root/autodl-tmp/borescope-new-seg-data/v1/images/train/38.png,/root/autodl-tmp/borescope-new-seg-data/v1/labels/train/38.txt,True,True,True,True,True,True,4,0,0,0.15672857204292145,True,True
227,382,False,/root/autodl-tmp/borescope-new-seg-data/v1/images/train/382.png,/root/autodl-tmp/borescope-new-seg-data/v1/labels/train/382.txt,True,True,True,True,True,True,1,0,0,0.018330761314446775,True,True
228,384,True,/root/autodl-tmp/borescope-new-seg-data/v1/images/train/384.png,/root/autodl-tmp/borescope-new-seg-data/v1/labels/train/384.txt,True,True,True,True,True,True,5,0,0,0.4169591416679011,True,True
229,385,False,/root/autodl-tmp/borescope-new-seg-data/v1/images/train/385.png,/root/autodl-tmp/borescope-new-seg-data/v1/labels/train/385.txt,True,True,True,True,True,True,2,0,0,0.2459633834776631,True,True
230,386,True,/root/autodl-tmp/borescope-new-seg-data/v1/images/train/386.png,/root/autodl-tmp/borescope-new-seg-data/v1/labels/train/386.txt,True,True,True,True,True,True,1,0,0,0.0022794393763521104,True,True
231,387,False,/root/autodl-tmp/borescope-new-seg-data/v1/images/train/387.png,/root/autodl-tmp/borescope-new-seg-data/v1/labels/train/387.txt,True,True,True,True,True,True,2,0,0,0.002210648147893457,True,True
232,388,True,/root/autodl-tmp/borescope-new-seg-data/v1/images/train/388.png,/root/autodl-tmp/borescope-new-seg-data/v1/labels/train/388.txt,True,True,True,True,True,True,5,0,0,0.24622697188283632,True,True
233,389,True,/root/autodl-tmp/borescope-new-seg-data/v1/images/train/389.png,/root/autodl-tmp/borescope-new-seg-data/v1/labels/train/389.txt,True,True,True,True,True,True,3,0,0,0.10576918974787919,True,True
234,391,True,/root/autodl-tmp/borescope-new-seg-data/v1/images/train/391.png,/root/autodl-tmp/borescope-new-seg-data/v1/labels/train/391.txt,True,True,True,True,True,True,6,0,0,0.09579024184746493,True,True
235,393,True,/root/autodl-tmp/borescope-new-seg-data/v1/images/train/393.png,/root/autodl-tmp/borescope-new-seg-data/v1/labels/train/393.txt,True,True,True,True,True,True,2,0,0,0.015060969774419841,True,True
236,394,False,/root/autodl-tmp/borescope-new-seg-data/v1/images/train/394.png,/root/autodl-tmp/borescope-new-seg-data/v1/labels/train/394.txt,True,True,True,True,True,True,1,0,0,0.01534979423624705,True,True
237,395,False,/root/autodl-tmp/borescope-new-seg-data/v1/images/train/395.png,/root/autodl-tmp/borescope-new-seg-data/v1/labels/train/395.txt,True,True,True,True,True,True,2,0,0,0.5468188647489944,True,True
238,396,True,/root/autodl-tmp/borescope-new-seg-data/v1/images/train/396.png,/root/autodl-tmp/borescope-new-seg-data/v1/labels/train/396.txt,True,True,True,True,True,True,2,0,0,0.026975784947523174,True,True
239,397,False,/root/autodl-tmp/borescope-new-seg-data/v1/images/train/397.png,/root/autodl-tmp/borescope-new-seg-data/v1/labels/train/397.txt,True,True,True,True,True,True,3,0,0,0.3726057980906552,True,True
240,398,True,/root/autodl-tmp/borescope-new-seg-data/v1/images/train/398.png,/root/autodl-tmp/borescope-new-seg-data/v1/labels/train/398.txt,True,True,True,True,True,True,12,0,0,0.024173096711254782,True,True
241,399,True,/root/autodl-tmp/borescope-new-seg-data/v1/images/train/399.png,/root/autodl-tmp/borescope-new-seg-data/v1/labels/train/399.txt,True,True,True,True,True,True,5,0,0,0.0667129629595111,True,True
242,401,True,/root/autodl-tmp/borescope-new-seg-data/v1/images/train/401.png,/root/autodl-tmp/borescope-new-seg-data/v1/labels/train/401.txt,True,True,True,True,True,True,2,0,0,0.1498877618290375,True,True
243,402,False,/root/autodl-tmp/borescope-new-seg-data/v1/images/train/402.png,/root/autodl-tmp/borescope-new-seg-data/v1/labels/train/402.txt,True,True,True,True,True,True,1,0,0,0.004041903465183849,True,True
244,404,False,/root/autodl-tmp/borescope-new-seg-data/v1/images/train/404.png,/root/autodl-tmp/borescope-new-seg-data/v1/labels/train/404.txt,True,True,True,True,True,True,1,0,0,0.10969007201631609,True,True
245,405,False,/root/autodl-tmp/borescope-new-seg-data/v1/images/train/405.png,/root/autodl-tmp/borescope-new-seg-data/v1/labels/train/405.txt,True,True,True,True,True,True,1,0,0,0.1266272903498935,True,True
246,407,True,/root/autodl-tmp/borescope-new-seg-data/v1/images/train/407.png,/root/autodl-tmp/borescope-new-seg-data/v1/labels/train/407.txt,True,True,True,True,True,True,2,0,0,0.012232676996931868,True,True
247,410,False,/root/autodl-tmp/borescope-new-seg-data/v1/images/train/410.png,/root/autodl-tmp/borescope-new-seg-data/v1/labels/train/410.txt,True,True,True,True,True,True,1,0,0,0.01674778044424713,True,True
248,412,False,/root/autodl-tmp/borescope-new-seg-data/v1/images/train/412.png,/root/autodl-tmp/borescope-new-seg-data/v1/labels/train/412.txt,True,True,True,True,True,True,1,0,0,0.025225480485853602,True,True
249,413,True,/root/autodl-tmp/borescope-new-seg-data/v1/images/train/413.png,/root/autodl-tmp/borescope-new-seg-data/v1/labels/train/413.txt,True,True,True,True,True,True,10,0,0,0.3153944371142509,True,True
250,415,False,/root/autodl-tmp/borescope-new-seg-data/v1/images/train/415.png,/root/autodl-tmp/borescope-new-seg-data/v1/labels/train/415.txt,True,True,True,True,True,True,2,0,0,0.012743055551875049,True,True
251,417,True,/root/autodl-tmp/borescope-new-seg-data/v1/images/train/417.png,/root/autodl-tmp/borescope-new-seg-data/v1/labels/train/417.txt,True,True,True,True,True,True,2,0,0,0.01091429061501148,True,True
252,418,False,/root/autodl-tmp/borescope-new-seg-data/v1/images/train/418.png,/root/autodl-tmp/borescope-new-seg-data/v1/labels/train/418.txt,True,True,True,True,True,True,1,0,0,0.016127829216105782,True,True
253,419,False,/root/autodl-tmp/borescope-new-seg-data/v1/images/train/419.png,/root/autodl-tmp/borescope-new-seg-data/v1/labels/train/419.txt,True,True,True,True,True,True,1,0,0,0.0011735743688175981,True,True
254,420,False,/root/autodl-tmp/borescope-new-seg-data/v1/images/train/420.png,/root/autodl-tmp/borescope-new-seg-data/v1/labels/train/420.txt,True,True,True,True,True,True,1,0,0,0.04089726632062618,True,True
255,421,True,/root/autodl-tmp/borescope-new-seg-data/v1/images/train/421.png,/root/autodl-tmp/borescope-new-seg-data/v1/labels/train/421.txt,True,True,True,True,True,True,5,0,0,0.07604352423341054,True,True
256,423,True,/root/autodl-tmp/borescope-new-seg-data/v1/images/train/423.png,/root/autodl-tmp/borescope-new-seg-data/v1/labels/train/423.txt,True,True,True,True,True,True,2,0,0,0.001983024691187829,True,True
257,424,False,/root/autodl-tmp/borescope-new-seg-data/v1/images/train/424.png,/root/autodl-tmp/borescope-new-seg-data/v1/labels/train/424.txt,True,True,True,True,True,True,2,0,0,0.007362540003934659,True,True
258,426,True,/root/autodl-tmp/borescope-new-seg-data/v1/images/train/426.png,/root/autodl-tmp/borescope-new-seg-data/v1/labels/train/426.txt,True,True,True,True,True,True,5,0,0,0.052119423223140116,True,True
259,427,False,/root/autodl-tmp/borescope-new-seg-data/v1/images/train/427.png,/root/autodl-tmp/borescope-new-seg-data/v1/labels/train/427.txt,True,True,True,True,True,True,1,0,0,0.00830771523013274,True,True
260,428,False,/root/autodl-tmp/borescope-new-seg-data/v1/images/train/428.png,/root/autodl-tmp/borescope-new-seg-data/v1/labels/train/428.txt,True,True,True,True,True,True,1,0,0,0.02764075337601546,True,True
261,429,False,/root/autodl-tmp/borescope-new-seg-data/v1/images/train/429.png,/root/autodl-tmp/borescope-new-seg-data/v1/labels/train/429.txt,True,True,True,True,True,True,1,0,0,0.05251159447189657,True,True
262,43,False,/root/autodl-tmp/borescope-new-seg-data/v1/images/train/43.png,/root/autodl-tmp/borescope-new-seg-data/v1/labels/train/43.txt,True,True,True,True,True,True,3,0,0,0.11899981220682568,True,True
263,431,True,/root/autodl-tmp/borescope-new-seg-data/v1/images/train/431.png,/root/autodl-tmp/borescope-new-seg-data/v1/labels/train/431.txt,True,True,True,True,True,True,2,0,0,0.02999991834979876,True,True
264,434,False,/root/autodl-tmp/borescope-new-seg-data/v1/images/train/434.jpg,/root/autodl-tmp/borescope-new-seg-data/v1/labels/train/434.txt,True,True,True,True,True,True,1,0,0,0.02553086305656943,True,True
265,435,False,/root/autodl-tmp/borescope-new-seg-data/v1/images/train/435.jpg,/root/autodl-tmp/borescope-new-seg-data/v1/labels/train/435.txt,True,True,True,True,True,True,1,0,0,0.014914228958367914,True,True
266,436,False,/root/autodl-tmp/borescope-new-seg-data/v1/images/train/436.jpg,/root/autodl-tmp/borescope-new-seg-data/v1/labels/train/436.txt,True,True,True,True,True,True,1,0,0,0.005232891006514251,True,True
267,439,False,/root/autodl-tmp/borescope-new-seg-data/v1/images/train/439.jpg,/root/autodl-tmp/borescope-new-seg-data/v1/labels/train/439.txt,True,True,True,True,True,True,1,0,0,0.007742698246381963,True,True
268,44,True,/root/autodl-tmp/borescope-new-seg-data/v1/images/train/44.png,/root/autodl-tmp/borescope-new-seg-data/v1/labels/train/44.txt,True,True,True,True,True,True,3,0,0,0.24200894897269254,True,True
269,441,False,/root/autodl-tmp/borescope-new-seg-data/v1/images/train/441.jpg,/root/autodl-tmp/borescope-new-seg-data/v1/labels/train/441.txt,True,True,True,True,True,True,1,0,0,0.009967992373000278,True,True
270,442,False,/root/autodl-tmp/borescope-new-seg-data/v1/images/train/442.jpg,/root/autodl-tmp/borescope-new-seg-data/v1/labels/train/442.txt,True,True,True,True,True,True,1,0,0,0.00357032595133866,True,True
271,443,False,/root/autodl-tmp/borescope-new-seg-data/v1/images/train/443.jpg,/root/autodl-tmp/borescope-new-seg-data/v1/labels/train/443.txt,True,True,True,True,True,True,1,0,0,0.02512921429180004,True,True
272,444,False,/root/autodl-tmp/borescope-new-seg-data/v1/images/train/444.jpg,/root/autodl-tmp/borescope-new-seg-data/v1/labels/train/444.txt,True,True,True,True,True,True,1,0,0,0.006157519371129183,True,True
273,445,False,/root/autodl-tmp/borescope-new-seg-data/v1/images/train/445.jpg,/root/autodl-tmp/borescope-new-seg-data/v1/labels/train/445.txt,True,True,True,True,True,True,1,0,0,0.009880947431192055,True,True
274,446,False,/root/autodl-tmp/borescope-new-seg-data/v1/images/train/446.jpg,/root/autodl-tmp/borescope-new-seg-data/v1/labels/train/446.txt,True,True,True,True,True,True,1,0,0,0.004385522282722043,True,True
275,447,False,/root/autodl-tmp/borescope-new-seg-data/v1/images/train/447.jpg,/root/autodl-tmp/borescope-new-seg-data/v1/labels/train/447.txt,True,True,True,True,True,True,1,0,0,0.003907854555293966,True,True
276,448,False,/root/autodl-tmp/borescope-new-seg-data/v1/images/train/448.jpg,/root/autodl-tmp/borescope-new-seg-data/v1/labels/train/448.txt,True,True,True,True,True,True,1,0,0,0.003651004322501983,True,True
277,449,False,/root/autodl-tmp/borescope-new-seg-data/v1/images/train/449.jpg,/root/autodl-tmp/borescope-new-seg-data/v1/labels/train/449.txt,True,True,True,True,True,True,1,0,0,0.006353200723788532,True,True
278,450,False,/root/autodl-tmp/borescope-new-seg-data/v1/images/train/450.jpg,/root/autodl-tmp/borescope-new-seg-data/v1/labels/train/450.txt,True,True,True,True,True,True,1,0,0,0.007434944082213235,True,True
279,451,False,/root/autodl-tmp/borescope-new-seg-data/v1/images/train/451.jpg,/root/autodl-tmp/borescope-new-seg-data/v1/labels/train/451.txt,True,True,True,True,True,True,1,0,0,0.003850694319696757,True,True
280,452,False,/root/autodl-tmp/borescope-new-seg-data/v1/images/train/452.jpg,/root/autodl-tmp/borescope-new-seg-data/v1/labels/train/452.txt,True,True,True,True,True,True,1,0,0,0.0035562926957362073,True,True
281,455,False,/root/autodl-tmp/borescope-new-seg-data/v1/images/train/455.jpg,/root/autodl-tmp/borescope-new-seg-data/v1/labels/train/455.txt,True,True,True,True,True,True,1,0,0,0.003935360335537208,True,True
282,456,False,/root/autodl-tmp/borescope-new-seg-data/v1/images/train/456.jpg,/root/autodl-tmp/borescope-new-seg-data/v1/labels/train/456.txt,True,True,True,True,True,True,1,0,0,0.00560678856461827,True,True
283,457,False,/root/autodl-tmp/borescope-new-seg-data/v1/images/train/457.jpg,/root/autodl-tmp/borescope-new-seg-data/v1/labels/train/457.txt,True,True,True,True,True,True,1,0,0,0.01244826948575195,True,True
284,458,False,/root/autodl-tmp/borescope-new-seg-data/v1/images/train/458.jpg,/root/autodl-tmp/borescope-new-seg-data/v1/labels/train/458.txt,True,True,True,True,True,True,1,0,0,0.008225880214324022,True,True
285,459,False,/root/autodl-tmp/borescope-new-seg-data/v1/images/train/459.jpg,/root/autodl-tmp/borescope-new-seg-data/v1/labels/train/459.txt,True,True,True,True,True,True,1,0,0,0.003082461561348282,True,True
286,461,False,/root/autodl-tmp/borescope-new-seg-data/v1/images/train/461.jpg,/root/autodl-tmp/borescope-new-seg-data/v1/labels/train/461.txt,True,True,True,True,True,True,1,0,0,0.006519462437893253,True,True
287,462,False,/root/autodl-tmp/borescope-new-seg-data/v1/images/train/462.jpg,/root/autodl-tmp/borescope-new-seg-data/v1/labels/train/462.txt,True,True,True,True,True,True,1,0,0,0.008704917642828214,True,True
288,463,False,/root/autodl-tmp/borescope-new-seg-data/v1/images/train/463.jpg,/root/autodl-tmp/borescope-new-seg-data/v1/labels/train/463.txt,True,True,True,True,True,True,1,0,0,0.0037223110538131543,True,True
289,465,False,/root/autodl-tmp/borescope-new-seg-data/v1/images/train/465.jpg,/root/autodl-tmp/borescope-new-seg-data/v1/labels/train/465.txt,True,True,True,True,True,True,1,0,0,0.003036355306095029,True,True
290,466,False,/root/autodl-tmp/borescope-new-seg-data/v1/images/train/466.jpg,/root/autodl-tmp/borescope-new-seg-data/v1/labels/train/466.txt,True,True,True,True,True,True,1,0,0,0.007600473378648331,True,True
291,467,False,/root/autodl-tmp/borescope-new-seg-data/v1/images/train/467.jpg,/root/autodl-tmp/borescope-new-seg-data/v1/labels/train/467.txt,True,True,True,True,True,True,1,0,0,0.007029682076801436,True,True
292,468,False,/root/autodl-tmp/borescope-new-seg-data/v1/images/train/468.jpg,/root/autodl-tmp/borescope-new-seg-data/v1/labels/train/468.txt,True,True,True,True,True,True,1,0,0,0.0016696954370196693,True,True
293,469,False,/root/autodl-tmp/borescope-new-seg-data/v1/images/train/469.jpg,/root/autodl-tmp/borescope-new-seg-data/v1/labels/train/469.txt,True,True,True,True,True,True,1,0,0,0.002112420225840239,True,True
294,470,False,/root/autodl-tmp/borescope-new-seg-data/v1/images/train/470.jpg,/root/autodl-tmp/borescope-new-seg-data/v1/labels/train/470.txt,True,True,True,True,True,True,1,0,0,0.004229105415141987,True,True
295,471,False,/root/autodl-tmp/borescope-new-seg-data/v1/images/train/471.jpg,/root/autodl-tmp/borescope-new-seg-data/v1/labels/train/471.txt,True,True,True,True,True,True,1,0,0,0.00035111840854762377,True,True
296,474,False,/root/autodl-tmp/borescope-new-seg-data/v1/images/train/474.jpg,/root/autodl-tmp/borescope-new-seg-data/v1/labels/train/474.txt,True,True,True,True,True,True,1,0,0,0.0017197709271936645,True,True
297,476,False,/root/autodl-tmp/borescope-new-seg-data/v1/images/train/476.jpg,/root/autodl-tmp/borescope-new-seg-data/v1/labels/train/476.txt,True,True,True,True,True,True,2,0,0,0.0019120788956246138,True,True
298,478,True,/root/autodl-tmp/borescope-new-seg-data/v1/images/train/478.jpg,/root/autodl-tmp/borescope-new-seg-data/v1/labels/train/478.txt,True,True,True,True,True,True,1,0,0,0.003520978938038155,True,True
299,48,True,/root/autodl-tmp/borescope-new-seg-data/v1/images/train/48.png,/root/autodl-tmp/borescope-new-seg-data/v1/labels/train/48.txt,True,True,True,True,True,True,4,0,0,0.25644780533428,True,True
300,480,False,/root/autodl-tmp/borescope-new-seg-data/v1/images/train/480.jpg,/root/autodl-tmp/borescope-new-seg-data/v1/labels/train/480.txt,True,True,True,True,True,True,1,0,0,0.005091719917963644,True,True
301,481,False,/root/autodl-tmp/borescope-new-seg-data/v1/images/train/481.jpg,/root/autodl-tmp/borescope-new-seg-data/v1/labels/train/481.txt,True,True,True,True,True,True,1,0,0,0.001704171701153001,True,True
302,482,True,/root/autodl-tmp/borescope-new-seg-data/v1/images/train/482.jpg,/root/autodl-tmp/borescope-new-seg-data/v1/labels/train/482.txt,True,True,True,True,True,True,4,0,0,0.0007313102618224931,True,True
303,483,False,/root/autodl-tmp/borescope-new-seg-data/v1/images/train/483.jpg,/root/autodl-tmp/borescope-new-seg-data/v1/labels/train/483.txt,True,True,True,True,True,True,1,0,0,0.001617745978691687,True,True
304,485,False,/root/autodl-tmp/borescope-new-seg-data/v1/images/train/485.jpg,/root/autodl-tmp/borescope-new-seg-data/v1/labels/train/485.txt,True,True,True,True,True,True,1,0,0,0.0047313957467736145,True,True
305,486,False,/root/autodl-tmp/borescope-new-seg-data/v1/images/train/486.jpg,/root/autodl-tmp/borescope-new-seg-data/v1/labels/train/486.txt,True,True,True,True,True,True,1,0,0,0.0012974963620329127,True,True
306,487,True,/root/autodl-tmp/borescope-new-seg-data/v1/images/train/487.jpg,/root/autodl-tmp/borescope-new-seg-data/v1/labels/train/487.txt,True,True,True,True,True,True,1,0,0,0.0032208939569642325,True,True
307,488,True,/root/autodl-tmp/borescope-new-seg-data/v1/images/train/488.jpg,/root/autodl-tmp/borescope-new-seg-data/v1/labels/train/488.txt,True,True,True,True,True,True,1,0,0,0.009303877811561279,True,True
308,489,True,/root/autodl-tmp/borescope-new-seg-data/v1/images/train/489.jpg,/root/autodl-tmp/borescope-new-seg-data/v1/labels/train/489.txt,True,True,True,True,True,True,3,0,0,0.0009593841103929801,True,True
309,49,False,/root/autodl-tmp/borescope-new-seg-data/v1/images/train/49.png,/root/autodl-tmp/borescope-new-seg-data/v1/labels/train/49.txt,True,True,True,True,True,True,1,0,0,0.3393066552487616,True,True
310,492,False,/root/autodl-tmp/borescope-new-seg-data/v1/images/train/492.jpg,/root/autodl-tmp/borescope-new-seg-data/v1/labels/train/492.txt,True,True,True,True,True,True,1,0,0,0.0022807820904349185,True,True
311,494,False,/root/autodl-tmp/borescope-new-seg-data/v1/images/train/494.jpg,/root/autodl-tmp/borescope-new-seg-data/v1/labels/train/494.txt,True,True,True,True,True,True,1,0,0,0.0014621689581351127,True,True
312,495,False,/root/autodl-tmp/borescope-new-seg-data/v1/images/train/495.jpg,/root/autodl-tmp/borescope-new-seg-data/v1/labels/train/495.txt,True,True,True,True,True,True,1,0,0,0.0013657511882518847,True,True
313,497,False,/root/autodl-tmp/borescope-new-seg-data/v1/images/train/497.jpg,/root/autodl-tmp/borescope-new-seg-data/v1/labels/train/497.txt,True,True,True,True,True,True,1,0,0,0.001275782104254386,True,True
314,498,False,/root/autodl-tmp/borescope-new-seg-data/v1/images/train/498.jpg,/root/autodl-tmp/borescope-new-seg-data/v1/labels/train/498.txt,True,True,True,True,True,True,1,0,0,0.0016766705585169461,True,True
315,499,False,/root/autodl-tmp/borescope-new-seg-data/v1/images/train/499.jpg,/root/autodl-tmp/borescope-new-seg-data/v1/labels/train/499.txt,True,True,True,True,True,True,1,0,0,0.0016945366280456398,True,True
316,50,True,/root/autodl-tmp/borescope-new-seg-data/v1/images/train/50.png,/root/autodl-tmp/borescope-new-seg-data/v1/labels/train/50.txt,True,True,True,True,True,True,7,0,0,0.09688653323423559,True,True
317,501,False,/root/autodl-tmp/borescope-new-seg-data/v1/images/train/501.jpg,/root/autodl-tmp/borescope-new-seg-data/v1/labels/train/501.txt,True,True,True,True,True,True,1,0,0,0.002531412809954503,True,True
318,503,False,/root/autodl-tmp/borescope-new-seg-data/v1/images/train/503.jpg,/root/autodl-tmp/borescope-new-seg-data/v1/labels/train/503.txt,True,True,True,True,True,True,1,0,0,0.0017201140015945526,True,True
319,505,False,/root/autodl-tmp/borescope-new-seg-data/v1/images/train/505.jpg,/root/autodl-tmp/borescope-new-seg-data/v1/labels/train/505.txt,True,True,True,True,True,True,1,0,0,0.0016147628608242925,True,True
320,508,False,/root/autodl-tmp/borescope-new-seg-data/v1/images/train/508.jpg,/root/autodl-tmp/borescope-new-seg-data/v1/labels/train/508.txt,True,True,True,True,True,True,1,0,0,0.0015895005111250526,True,True
321,510,False,/root/autodl-tmp/borescope-new-seg-data/v1/images/train/510.jpg,/root/autodl-tmp/borescope-new-seg-data/v1/labels/train/510.txt,True,True,True,True,True,True,2,0,0,0.0012207129789589821,True,True
322,512,False,/root/autodl-tmp/borescope-new-seg-data/v1/images/train/512.jpg,/root/autodl-tmp/borescope-new-seg-data/v1/labels/train/512.txt,True,True,True,True,True,True,1,0,0,0.002724893545130058,True,True
323,513,False,/root/autodl-tmp/borescope-new-seg-data/v1/images/train/513.jpg,/root/autodl-tmp/borescope-new-seg-data/v1/labels/train/513.txt,True,True,True,True,True,True,1,0,0,0.0012067980915002607,True,True
324,514,False,/root/autodl-tmp/borescope-new-seg-data/v1/images/train/514.jpg,/root/autodl-tmp/borescope-new-seg-data/v1/labels/train/514.txt,True,True,True,True,True,True,1,0,0,0.0017828036555709303,True,True
325,518,False,/root/autodl-tmp/borescope-new-seg-data/v1/images/train/518.jpg,/root/autodl-tmp/borescope-new-seg-data/v1/labels/train/518.txt,True,True,True,True,True,True,1,0,0,0.0013767836645324216,True,True
326,52,False,/root/autodl-tmp/borescope-new-seg-data/v1/images/train/52.png,/root/autodl-tmp/borescope-new-seg-data/v1/labels/train/52.txt,True,True,True,True,True,True,1,0,0,0.02306693350144462,True,True
327,520,False,/root/autodl-tmp/borescope-new-seg-data/v1/images/train/520.jpg,/root/autodl-tmp/borescope-new-seg-data/v1/labels/train/520.txt,True,True,True,True,True,True,1,0,0,0.0016474468627123429,True,True
328,524,False,/root/autodl-tmp/borescope-new-seg-data/v1/images/train/524.jpg,/root/autodl-tmp/borescope-new-seg-data/v1/labels/train/524.txt,True,True,True,True,True,True,1,0,0,0.0016571614056557493,True,True
329,526,False,/root/autodl-tmp/borescope-new-seg-data/v1/images/train/526.jpg,/root/autodl-tmp/borescope-new-seg-data/v1/labels/train/526.txt,True,True,True,True,True,True,1,0,0,0.0012524813007539493,True,True
330,528,False,/root/autodl-tmp/borescope-new-seg-data/v1/images/train/528.jpg,/root/autodl-tmp/borescope-new-seg-data/v1/labels/train/528.txt,True,True,True,True,True,True,1,0,0,0.0017120601693649817,True,True
331,529,False,/root/autodl-tmp/borescope-new-seg-data/v1/images/train/529.jpg,/root/autodl-tmp/borescope-new-seg-data/v1/labels/train/529.txt,True,True,True,True,True,True,1,0,0,0.004040825838735884,True,True
332,53,False,/root/autodl-tmp/borescope-new-seg-data/v1/images/train/53.png,/root/autodl-tmp/borescope-new-seg-data/v1/labels/train/53.txt,True,True,True,True,True,True,1,0,0,0.011041095109026955,True,True
333,530,False,/root/autodl-tmp/borescope-new-seg-data/v1/images/train/530.jpg,/root/autodl-tmp/borescope-new-seg-data/v1/labels/train/530.txt,True,True,True,True,True,True,1,0,0,0.0027604599106485495,True,True
334,531,False,/root/autodl-tmp/borescope-new-seg-data/v1/images/train/531.jpg,/root/autodl-tmp/borescope-new-seg-data/v1/labels/train/531.txt,True,True,True,True,True,True,1,0,0,0.0011362640641783273,True,True
335,532,False,/root/autodl-tmp/borescope-new-seg-data/v1/images/train/532.jpg,/root/autodl-tmp/borescope-new-seg-data/v1/labels/train/532.txt,True,True,True,True,True,True,1,0,0,0.004063373443651486,True,True
336,533,False,/root/autodl-tmp/borescope-new-seg-data/v1/images/train/533.jpg,/root/autodl-tmp/borescope-new-seg-data/v1/labels/train/533.txt,True,True,True,True,True,True,1,0,0,0.00048258238456000413,True,True
337,534,False,/root/autodl-tmp/borescope-new-seg-data/v1/images/train/534.jpg,/root/autodl-tmp/borescope-new-seg-data/v1/labels/train/534.txt,True,True,True,True,True,True,1,0,0,0.0024587095931272174,True,True
338,536,False,/root/autodl-tmp/borescope-new-seg-data/v1/images/train/536.jpg,/root/autodl-tmp/borescope-new-seg-data/v1/labels/train/536.txt,True,True,True,True,True,True,1,0,0,0.004459312282815375,True,True
339,537,False,/root/autodl-tmp/borescope-new-seg-data/v1/images/train/537.jpg,/root/autodl-tmp/borescope-new-seg-data/v1/labels/train/537.txt,True,True,True,True,True,True,1,0,0,0.003674018788245803,True,True
340,54,True,/root/autodl-tmp/borescope-new-seg-data/v1/images/train/54.png,/root/autodl-tmp/borescope-new-seg-data/v1/labels/train/54.txt,True,True,True,True,True,True,11,0,0,0.20398682958805947,True,True
341,541,True,/root/autodl-tmp/borescope-new-seg-data/v1/images/train/541.jpg,/root/autodl-tmp/borescope-new-seg-data/v1/labels/train/541.txt,True,True,True,True,True,True,3,0,0,0.0006916356609298902,True,True
342,542,False,/root/autodl-tmp/borescope-new-seg-data/v1/images/train/542.jpg,/root/autodl-tmp/borescope-new-seg-data/v1/labels/train/542.txt,True,True,True,True,True,True,1,0,0,0.0021966104199613312,True,True
343,544,False,/root/autodl-tmp/borescope-new-seg-data/v1/images/train/544.jpg,/root/autodl-tmp/borescope-new-seg-data/v1/labels/train/544.txt,True,True,True,True,True,True,1,0,0,0.0023190409519724398,True,True
344,546,False,/root/autodl-tmp/borescope-new-seg-data/v1/images/train/546.jpg,/root/autodl-tmp/borescope-new-seg-data/v1/labels/train/546.txt,True,True,True,True,True,True,1,0,0,0.001279847966134895,True,True
345,547,False,/root/autodl-tmp/borescope-new-seg-data/v1/images/train/547.jpg,/root/autodl-tmp/borescope-new-seg-data/v1/labels/train/547.txt,True,True,True,True,True,True,1,0,0,0.002789155400085619,True,True
346,55,True,/root/autodl-tmp/borescope-new-seg-data/v1/images/train/55.png,/root/autodl-tmp/borescope-new-seg-data/v1/labels/train/55.txt,True,True,True,True,True,True,2,0,0,0.08383747801071628,True,True
347,551,False,/root/autodl-tmp/borescope-new-seg-data/v1/images/train/551.jpg,/root/autodl-tmp/borescope-new-seg-data/v1/labels/train/551.txt,True,True,True,True,True,True,1,0,0,0.010470116289604814,True,True
348,553,False,/root/autodl-tmp/borescope-new-seg-data/v1/images/train/553.jpg,/root/autodl-tmp/borescope-new-seg-data/v1/labels/train/553.txt,True,True,True,True,True,True,2,0,0,0.42999587305195236,True,True
349,556,False,/root/autodl-tmp/borescope-new-seg-data/v1/images/train/556.jpg,/root/autodl-tmp/borescope-new-seg-data/v1/labels/train/556.txt,True,True,True,True,True,True,1,0,0,0.04118238363753335,True,True
350,557,False,/root/autodl-tmp/borescope-new-seg-data/v1/images/train/557.jpg,/root/autodl-tmp/borescope-new-seg-data/v1/labels/train/557.txt,True,True,True,True,True,True,1,0,0,0.013278955780546386,True,True
351,558,False,/root/autodl-tmp/borescope-new-seg-data/v1/images/train/558.jpg,/root/autodl-tmp/borescope-new-seg-data/v1/labels/train/558.txt,True,True,True,True,True,True,1,0,0,0.04554971179628353,True,True
352,559,False,/root/autodl-tmp/borescope-new-seg-data/v1/images/train/559.jpg,/root/autodl-tmp/borescope-new-seg-data/v1/labels/train/559.txt,True,True,True,True,True,True,2,0,0,0.41339608698473995,True,True
353,56,True,/root/autodl-tmp/borescope-new-seg-data/v1/images/train/56.png,/root/autodl-tmp/borescope-new-seg-data/v1/labels/train/56.txt,True,True,True,True,True,True,3,0,0,0.011640558653736033,True,True
354,560,False,/root/autodl-tmp/borescope-new-seg-data/v1/images/train/560.jpg,/root/autodl-tmp/borescope-new-seg-data/v1/labels/train/560.txt,True,True,True,True,True,True,1,0,0,0.010260640279373234,True,True
355,562,True,/root/autodl-tmp/borescope-new-seg-data/v1/images/train/562.jpg,/root/autodl-tmp/borescope-new-seg-data/v1/labels/train/562.txt,True,True,True,True,True,True,3,0,0,0.46106816571386755,True,True
356,563,False,/root/autodl-tmp/borescope-new-seg-data/v1/images/train/563.jpg,/root/autodl-tmp/borescope-new-seg-data/v1/labels/train/563.txt,True,True,True,True,True,True,1,0,0,0.0433477541150431,True,True
357,567,False,/root/autodl-tmp/borescope-new-seg-data/v1/images/train/567.jpg,/root/autodl-tmp/borescope-new-seg-data/v1/labels/train/567.txt,True,True,True,True,True,True,1,0,0,0.48403238474173094,True,True
358,569,False,/root/autodl-tmp/borescope-new-seg-data/v1/images/train/569.jpg,/root/autodl-tmp/borescope-new-seg-data/v1/labels/train/569.txt,True,True,True,True,True,True,1,0,0,0.012194271106132248,True,True
359,57,True,/root/autodl-tmp/borescope-new-seg-data/v1/images/train/57.png,/root/autodl-tmp/borescope-new-seg-data/v1/labels/train/57.txt,True,True,True,True,True,True,3,0,0,0.05991126543197556,True,True
360,570,False,/root/autodl-tmp/borescope-new-seg-data/v1/images/train/570.jpg,/root/autodl-tmp/borescope-new-seg-data/v1/labels/train/570.txt,True,True,True,True,True,True,2,0,0,0.007177029328615081,True,True
361,572,True,/root/autodl-tmp/borescope-new-seg-data/v1/images/train/572.jpg,/root/autodl-tmp/borescope-new-seg-data/v1/labels/train/572.txt,True,True,True,True,True,True,4,0,0,0.5811814515647062,True,True
362,573,False,/root/autodl-tmp/borescope-new-seg-data/v1/images/train/573.jpg,/root/autodl-tmp/borescope-new-seg-data/v1/labels/train/573.txt,True,True,True,True,True,True,1,0,0,0.02853546515975225,True,True
363,578,False,/root/autodl-tmp/borescope-new-seg-data/v1/images/train/578.jpg,/root/autodl-tmp/borescope-new-seg-data/v1/labels/train/578.txt,True,True,True,True,True,True,4,0,0,0.09616261624569966,True,True
364,579,False,/root/autodl-tmp/borescope-new-seg-data/v1/images/train/579.jpg,/root/autodl-tmp/borescope-new-seg-data/v1/labels/train/579.txt,True,True,True,True,True,True,2,0,0,0.012793724627255365,True,True
365,58,True,/root/autodl-tmp/borescope-new-seg-data/v1/images/train/58.png,/root/autodl-tmp/borescope-new-seg-data/v1/labels/train/58.txt,True,True,True,True,True,True,12,0,0,0.023725565842606156,True,True
366,580,False,/root/autodl-tmp/borescope-new-seg-data/v1/images/train/580.jpg,/root/autodl-tmp/borescope-new-seg-data/v1/labels/train/580.txt,True,True,True,True,True,True,1,0,0,0.34561556258461223,True,True
367,582,False,/root/autodl-tmp/borescope-new-seg-data/v1/images/train/582.jpg,/root/autodl-tmp/borescope-new-seg-data/v1/labels/train/582.txt,True,True,True,True,True,True,2,0,0,0.47110277411065304,True,True
368,583,False,/root/autodl-tmp/borescope-new-seg-data/v1/images/train/583.jpg,/root/autodl-tmp/borescope-new-seg-data/v1/labels/train/583.txt,True,True,True,True,True,True,2,0,0,0.15039539978522898,True,True
369,584,True,/root/autodl-tmp/borescope-new-seg-data/v1/images/train/584.jpg,/root/autodl-tmp/borescope-new-seg-data/v1/labels/train/584.txt,True,True,True,True,True,True,6,0,0,0.027384736612583782,True,True
370,585,False,/root/autodl-tmp/borescope-new-seg-data/v1/images/train/585.jpg,/root/autodl-tmp/borescope-new-seg-data/v1/labels/train/585.txt,True,True,True,True,True,True,1,0,0,0.008907110689547082,True,True
371,586,False,/root/autodl-tmp/borescope-new-seg-data/v1/images/train/586.jpg,/root/autodl-tmp/borescope-new-seg-data/v1/labels/train/586.txt,True,True,True,True,True,True,1,0,0,0.03743545618348776,True,True
372,588,False,/root/autodl-tmp/borescope-new-seg-data/v1/images/train/588.jpg,/root/autodl-tmp/borescope-new-seg-data/v1/labels/train/588.txt,True,True,True,True,True,True,2,0,0,0.014170207494157872,True,True
373,59,False,/root/autodl-tmp/borescope-new-seg-data/v1/images/train/59.png,/root/autodl-tmp/borescope-new-seg-data/v1/labels/train/59.txt,True,True,True,True,True,True,1,0,0,0.03742669754202943,True,True
374,590,False,/root/autodl-tmp/borescope-new-seg-data/v1/images/train/590.jpg,/root/autodl-tmp/borescope-new-seg-data/v1/labels/train/590.txt,True,True,True,True,True,True,1,0,0,0.022283004919220417,True,True
375,591,False,/root/autodl-tmp/borescope-new-seg-data/v1/images/train/591.jpg,/root/autodl-tmp/borescope-new-seg-data/v1/labels/train/591.txt,True,True,True,True,True,True,1,0,0,0.41333171212839304,True,True
376,593,True,/root/autodl-tmp/borescope-new-seg-data/v1/images/train/593.jpg,/root/autodl-tmp/borescope-new-seg-data/v1/labels/train/593.txt,True,True,True,True,True,True,2,0,0,0.36973771233282143,True,True
377,594,False,/root/autodl-tmp/borescope-new-seg-data/v1/images/train/594.jpg,/root/autodl-tmp/borescope-new-seg-data/v1/labels/train/594.txt,True,True,True,True,True,True,2,0,0,0.0607708189677465,True,True
378,6,False,/root/autodl-tmp/borescope-new-seg-data/v1/images/train/6.png,/root/autodl-tmp/borescope-new-seg-data/v1/labels/train/6.txt,True,True,True,True,True,True,3,0,0,0.011935401559762582,True,True
379,602,False,/root/autodl-tmp/borescope-new-seg-data/v1/images/train/602.jpg,/root/autodl-tmp/borescope-new-seg-data/v1/labels/train/602.txt,True,True,True,True,True,True,2,0,0,0.022247604307819913,True,True
380,604,False,/root/autodl-tmp/borescope-new-seg-data/v1/images/train/604.jpg,/root/autodl-tmp/borescope-new-seg-data/v1/labels/train/604.txt,True,True,True,True,True,True,1,0,0,0.32576580757301343,True,True
381,606,False,/root/autodl-tmp/borescope-new-seg-data/v1/images/train/606.jpg,/root/autodl-tmp/borescope-new-seg-data/v1/labels/train/606.txt,True,True,True,True,True,True,1,0,0,0.015487659037287216,True,True
382,608,False,/root/autodl-tmp/borescope-new-seg-data/v1/images/train/608.jpg,/root/autodl-tmp/borescope-new-seg-data/v1/labels/train/608.txt,True,True,True,True,True,True,1,0,0,0.16508182270396787,True,True
383,610,False,/root/autodl-tmp/borescope-new-seg-data/v1/images/train/610.jpg,/root/autodl-tmp/borescope-new-seg-data/v1/labels/train/610.txt,True,True,True,True,True,True,1,0,0,0.35551651082752755,True,True
384,612,False,/root/autodl-tmp/borescope-new-seg-data/v1/images/train/612.jpg,/root/autodl-tmp/borescope-new-seg-data/v1/labels/train/612.txt,True,True,True,True,True,True,2,0,0,0.5746805514392213,True,True
385,613,False,/root/autodl-tmp/borescope-new-seg-data/v1/images/train/613.jpg,/root/autodl-tmp/borescope-new-seg-data/v1/labels/train/613.txt,True,True,True,True,True,True,1,0,0,0.007111765629902678,True,True
386,615,False,/root/autodl-tmp/borescope-new-seg-data/v1/images/train/615.jpg,/root/autodl-tmp/borescope-new-seg-data/v1/labels/train/615.txt,True,True,True,True,True,True,1,0,0,0.03708421880947199,True,True
387,616,False,/root/autodl-tmp/borescope-new-seg-data/v1/images/train/616.jpg,/root/autodl-tmp/borescope-new-seg-data/v1/labels/train/616.txt,True,True,True,True,True,True,2,0,0,0.048380574230379114,True,True
388,617,False,/root/autodl-tmp/borescope-new-seg-data/v1/images/train/617.jpg,/root/autodl-tmp/borescope-new-seg-data/v1/labels/train/617.txt,True,True,True,True,True,True,2,0,0,0.2946941847565885,True,True
389,618,False,/root/autodl-tmp/borescope-new-seg-data/v1/images/train/618.jpg,/root/autodl-tmp/borescope-new-seg-data/v1/labels/train/618.txt,True,True,True,True,True,True,2,0,0,0.0801492503561965,True,True
390,619,False,/root/autodl-tmp/borescope-new-seg-data/v1/images/train/619.jpg,/root/autodl-tmp/borescope-new-seg-data/v1/labels/train/619.txt,True,True,True,True,True,True,1,0,0,0.02829141848663852,True,True
391,620,False,/root/autodl-tmp/borescope-new-seg-data/v1/images/train/620.jpg,/root/autodl-tmp/borescope-new-seg-data/v1/labels/train/620.txt,True,True,True,True,True,True,2,0,0,0.4266537241271616,True,True
392,621,False,/root/autodl-tmp/borescope-new-seg-data/v1/images/train/621.jpg,/root/autodl-tmp/borescope-new-seg-data/v1/labels/train/621.txt,True,True,True,True,True,True,1,0,0,0.02133272589357027,True,True
393,622,False,/root/autodl-tmp/borescope-new-seg-data/v1/images/train/622.jpg,/root/autodl-tmp/borescope-new-seg-data/v1/labels/train/622.txt,True,True,True,True,True,True,2,0,0,0.011819256095672692,True,True
394,623,True,/root/autodl-tmp/borescope-new-seg-data/v1/images/train/623.jpg,/root/autodl-tmp/borescope-new-seg-data/v1/labels/train/623.txt,True,True,True,True,True,True,5,0,0,0.2892675347486837,True,True
395,624,True,/root/autodl-tmp/borescope-new-seg-data/v1/images/train/624.jpg,/root/autodl-tmp/borescope-new-seg-data/v1/labels/train/624.txt,True,True,True,True,True,True,8,0,0,0.03360072879420328,True,True
396,626,False,/root/autodl-tmp/borescope-new-seg-data/v1/images/train/626.jpg,/root/autodl-tmp/borescope-new-seg-data/v1/labels/train/626.txt,True,True,True,True,True,True,3,0,0,0.552281833125613,True,True
397,627,False,/root/autodl-tmp/borescope-new-seg-data/v1/images/train/627.jpg,/root/autodl-tmp/borescope-new-seg-data/v1/labels/train/627.txt,True,True,True,True,True,True,2,0,0,0.2971688384691813,True,True
398,628,False,/root/autodl-tmp/borescope-new-seg-data/v1/images/train/628.jpg,/root/autodl-tmp/borescope-new-seg-data/v1/labels/train/628.txt,True,True,True,True,True,True,2,0,0,0.07875247302805288,True,True
399,63,True,/root/autodl-tmp/borescope-new-seg-data/v1/images/train/63.png,/root/autodl-tmp/borescope-new-seg-data/v1/labels/train/63.txt,True,True,True,True,True,True,2,0,0,0.1653257479125987,True,True
400,630,False,/root/autodl-tmp/borescope-new-seg-data/v1/images/train/630.jpg,/root/autodl-tmp/borescope-new-seg-data/v1/labels/train/630.txt,True,True,True,True,True,True,1,0,0,0.03823345323738536,True,True
401,631,False,/root/autodl-tmp/borescope-new-seg-data/v1/images/train/631.jpg,/root/autodl-tmp/borescope-new-seg-data/v1/labels/train/631.txt,True,True,True,True,True,True,2,0,0,0.017462122405439207,True,True
402,632,False,/root/autodl-tmp/borescope-new-seg-data/v1/images/train/632.jpg,/root/autodl-tmp/borescope-new-seg-data/v1/labels/train/632.txt,True,True,True,True,True,True,2,0,0,0.015623536511588654,True,True
403,633,True,/root/autodl-tmp/borescope-new-seg-data/v1/images/train/633.jpg,/root/autodl-tmp/borescope-new-seg-data/v1/labels/train/633.txt,True,True,True,True,True,True,6,0,0,0.02923556456253973,True,True
404,634,False,/root/autodl-tmp/borescope-new-seg-data/v1/images/train/634.jpg,/root/autodl-tmp/borescope-new-seg-data/v1/labels/train/634.txt,True,True,True,True,True,True,1,0,0,0.008000835522174628,True,True
405,636,False,/root/autodl-tmp/borescope-new-seg-data/v1/images/train/636.jpg,/root/autodl-tmp/borescope-new-seg-data/v1/labels/train/636.txt,True,True,True,True,True,True,1,0,0,0.021366278115483972,True,True
406,637,False,/root/autodl-tmp/borescope-new-seg-data/v1/images/train/637.jpg,/root/autodl-tmp/borescope-new-seg-data/v1/labels/train/637.txt,True,True,True,True,True,True,1,0,0,0.05536134378236013,True,True
407,638,False,/root/autodl-tmp/borescope-new-seg-data/v1/images/train/638.jpg,/root/autodl-tmp/borescope-new-seg-data/v1/labels/train/638.txt,True,True,True,True,True,True,1,0,0,0.02275669042677153,True,True
408,639,False,/root/autodl-tmp/borescope-new-seg-data/v1/images/train/639.jpg,/root/autodl-tmp/borescope-new-seg-data/v1/labels/train/639.txt,True,True,True,True,True,True,1,0,0,0.09041972984636626,True,True
409,64,True,/root/autodl-tmp/borescope-new-seg-data/v1/images/train/64.png,/root/autodl-tmp/borescope-new-seg-data/v1/labels/train/64.txt,True,True,True,True,True,True,2,0,0,0.40182390667985324,True,True
410,640,False,/root/autodl-tmp/borescope-new-seg-data/v1/images/train/640.jpg,/root/autodl-tmp/borescope-new-seg-data/v1/labels/train/640.txt,True,True,True,True,True,True,1,0,0,0.011967477422812678,True,True
411,641,False,/root/autodl-tmp/borescope-new-seg-data/v1/images/train/641.jpg,/root/autodl-tmp/borescope-new-seg-data/v1/labels/train/641.txt,True,True,True,True,True,True,1,0,0,0.11069148087424363,True,True
412,642,False,/root/autodl-tmp/borescope-new-seg-data/v1/images/train/642.jpg,/root/autodl-tmp/borescope-new-seg-data/v1/labels/train/642.txt,True,True,True,True,True,True,1,0,0,0.025854109388022906,True,True
413,645,False,/root/autodl-tmp/borescope-new-seg-data/v1/images/train/645.jpg,/root/autodl-tmp/borescope-new-seg-data/v1/labels/train/645.txt,True,True,True,True,True,True,1,0,0,0.02793903033546652,True,True
414,65,False,/root/autodl-tmp/borescope-new-seg-data/v1/images/train/65.png,/root/autodl-tmp/borescope-new-seg-data/v1/labels/train/65.txt,True,True,True,True,True,True,2,0,0,0.018227758183729348,True,True
415,650,False,/root/autodl-tmp/borescope-new-seg-data/v1/images/train/650.jpg,/root/autodl-tmp/borescope-new-seg-data/v1/labels/train/650.txt,True,True,True,True,True,True,1,0,0,0.10444216573897513,True,True
416,652,False,/root/autodl-tmp/borescope-new-seg-data/v1/images/train/652.jpg,/root/autodl-tmp/borescope-new-seg-data/v1/labels/train/652.txt,True,True,True,True,True,True,1,0,0,0.03216342730569666,True,True
417,653,False,/root/autodl-tmp/borescope-new-seg-data/v1/images/train/653.jpg,/root/autodl-tmp/borescope-new-seg-data/v1/labels/train/653.txt,True,True,True,True,True,True,1,0,0,0.11426246251791561,True,True
418,654,False,/root/autodl-tmp/borescope-new-seg-data/v1/images/train/654.jpg,/root/autodl-tmp/borescope-new-seg-data/v1/labels/train/654.txt,True,True,True,True,True,True,1,0,0,0.020820025323933233,True,True
419,655,False,/root/autodl-tmp/borescope-new-seg-data/v1/images/train/655.jpg,/root/autodl-tmp/borescope-new-seg-data/v1/labels/train/655.txt,True,True,True,True,True,True,1,0,0,0.00250666500193171,True,True
420,656,False,/root/autodl-tmp/borescope-new-seg-data/v1/images/train/656.jpg,/root/autodl-tmp/borescope-new-seg-data/v1/labels/train/656.txt,True,True,True,True,True,True,1,0,0,0.011004787141740635,True,True
421,658,False,/root/autodl-tmp/borescope-new-seg-data/v1/images/train/658.jpg,/root/autodl-tmp/borescope-new-seg-data/v1/labels/train/658.txt,True,True,True,True,True,True,1,0,0,0.024640045665614396,True,True
422,659,False,/root/autodl-tmp/borescope-new-seg-data/v1/images/train/659.jpg,/root/autodl-tmp/borescope-new-seg-data/v1/labels/train/659.txt,True,True,True,True,True,True,1,0,0,0.02884685426395528,True,True
423,66,False,/root/autodl-tmp/borescope-new-seg-data/v1/images/train/66.png,/root/autodl-tmp/borescope-new-seg-data/v1/labels/train/66.txt,True,True,True,True,True,True,2,0,0,0.022394139075481823,True,True
424,661,False,/root/autodl-tmp/borescope-new-seg-data/v1/images/train/661.jpg,/root/autodl-tmp/borescope-new-seg-data/v1/labels/train/661.txt,True,True,True,True,True,True,1,0,0,0.0015913641954912738,True,True
425,663,False,/root/autodl-tmp/borescope-new-seg-data/v1/images/train/663.jpg,/root/autodl-tmp/borescope-new-seg-data/v1/labels/train/663.txt,True,True,True,True,True,True,1,0,0,0.028393136863090973,True,True
426,665,False,/root/autodl-tmp/borescope-new-seg-data/v1/images/train/665.jpg,/root/autodl-tmp/borescope-new-seg-data/v1/labels/train/665.txt,True,True,True,True,True,True,1,0,0,0.05512067171332946,True,True
427,666,False,/root/autodl-tmp/borescope-new-seg-data/v1/images/train/666.jpg,/root/autodl-tmp/borescope-new-seg-data/v1/labels/train/666.txt,True,True,True,True,True,True,1,0,0,0.02132406803158826,True,True
428,667,False,/root/autodl-tmp/borescope-new-seg-data/v1/images/train/667.jpg,/root/autodl-tmp/borescope-new-seg-data/v1/labels/train/667.txt,True,True,True,True,True,True,1,0,0,0.05064941512316756,True,True
429,67,False,/root/autodl-tmp/borescope-new-seg-data/v1/images/train/67.png,/root/autodl-tmp/borescope-new-seg-data/v1/labels/train/67.txt,True,True,True,True,True,True,1,0,0,0.12052276234197024,True,True
430,670,False,/root/autodl-tmp/borescope-new-seg-data/v1/images/train/670.jpg,/root/autodl-tmp/borescope-new-seg-data/v1/labels/train/670.txt,True,True,True,True,True,True,1,0,0,0.01776988480949554,True,True
431,672,False,/root/autodl-tmp/borescope-new-seg-data/v1/images/train/672.jpg,/root/autodl-tmp/borescope-new-seg-data/v1/labels/train/672.txt,True,True,True,True,True,True,1,0,0,0.020743757226719062,True,True
432,674,False,/root/autodl-tmp/borescope-new-seg-data/v1/images/train/674.jpg,/root/autodl-tmp/borescope-new-seg-data/v1/labels/train/674.txt,True,True,True,True,True,True,1,0,0,0.020533350753989765,True,True
433,675,False,/root/autodl-tmp/borescope-new-seg-data/v1/images/train/675.jpg,/root/autodl-tmp/borescope-new-seg-data/v1/labels/train/675.txt,True,True,True,True,True,True,1,0,0,0.020206378382583212,True,True
434,676,False,/root/autodl-tmp/borescope-new-seg-data/v1/images/train/676.jpg,/root/autodl-tmp/borescope-new-seg-data/v1/labels/train/676.txt,True,True,True,True,True,True,1,0,0,0.11042765550163747,True,True
435,678,False,/root/autodl-tmp/borescope-new-seg-data/v1/images/train/678.jpg,/root/autodl-tmp/borescope-new-seg-data/v1/labels/train/678.txt,True,True,True,True,True,True,1,0,0,0.021658974479934034,True,True
436,679,False,/root/autodl-tmp/borescope-new-seg-data/v1/images/train/679.jpg,/root/autodl-tmp/borescope-new-seg-data/v1/labels/train/679.txt,True,True,True,True,True,True,1,0,0,0.054859213811560004,True,True
437,68,False,/root/autodl-tmp/borescope-new-seg-data/v1/images/train/68.png,/root/autodl-tmp/borescope-new-seg-data/v1/labels/train/68.txt,True,True,True,True,True,True,2,0,0,0.11995241769894704,True,True
438,682,False,/root/autodl-tmp/borescope-new-seg-data/v1/images/train/682.jpg,/root/autodl-tmp/borescope-new-seg-data/v1/labels/train/682.txt,True,True,True,True,True,True,1,0,0,0.02561518787835837,True,True
439,683,False,/root/autodl-tmp/borescope-new-seg-data/v1/images/train/683.jpg,/root/autodl-tmp/borescope-new-seg-data/v1/labels/train/683.txt,True,True,True,True,True,True,1,0,0,0.003083549137839897,True,True
440,685,False,/root/autodl-tmp/borescope-new-seg-data/v1/images/train/685.jpg,/root/autodl-tmp/borescope-new-seg-data/v1/labels/train/685.txt,True,True,True,True,True,True,1,0,0,0.02081989802874773,True,True
441,688,False,/root/autodl-tmp/borescope-new-seg-data/v1/images/train/688.jpg,/root/autodl-tmp/borescope-new-seg-data/v1/labels/train/688.txt,True,True,True,True,True,True,1,0,0,0.10925639533263354,True,True
442,689,False,/root/autodl-tmp/borescope-new-seg-data/v1/images/train/689.jpg,/root/autodl-tmp/borescope-new-seg-data/v1/labels/train/689.txt,True,True,True,True,True,True,1,0,0,0.04952582252752946,True,True
443,69,False,/root/autodl-tmp/borescope-new-seg-data/v1/images/train/69.png,/root/autodl-tmp/borescope-new-seg-data/v1/labels/train/69.txt,True,True,True,True,True,True,2,0,0,0.04209845923441202,True,True
444,690,False,/root/autodl-tmp/borescope-new-seg-data/v1/images/train/690.jpg,/root/autodl-tmp/borescope-new-seg-data/v1/labels/train/690.txt,True,True,True,True,True,True,1,0,0,0.0546381469429007,True,True
445,694,False,/root/autodl-tmp/borescope-new-seg-data/v1/images/train/694.jpg,/root/autodl-tmp/borescope-new-seg-data/v1/labels/train/694.txt,True,True,True,True,True,True,1,0,0,0.028765916687910176,True,True
446,695,False,/root/autodl-tmp/borescope-new-seg-data/v1/images/train/695.jpg,/root/autodl-tmp/borescope-new-seg-data/v1/labels/train/695.txt,True,True,True,True,True,True,1,0,0,0.14111506149197517,True,True
447,696,True,/root/autodl-tmp/borescope-new-seg-data/v1/images/train/696.jpg,/root/autodl-tmp/borescope-new-seg-data/v1/labels/train/696.txt,True,True,True,True,True,True,1,0,0,0.0021628622850008994,True,True
448,697,False,/root/autodl-tmp/borescope-new-seg-data/v1/images/train/697.jpg,/root/autodl-tmp/borescope-new-seg-data/v1/labels/train/697.txt,True,True,True,True,True,True,1,0,0,0.011274021343446572,True,True
449,698,False,/root/autodl-tmp/borescope-new-seg-data/v1/images/train/698.jpg,/root/autodl-tmp/borescope-new-seg-data/v1/labels/train/698.txt,True,True,True,True,True,True,1,0,0,0.028815335306204837,True,True
450,699,False,/root/autodl-tmp/borescope-new-seg-data/v1/images/train/699.jpg,/root/autodl-tmp/borescope-new-seg-data/v1/labels/train/699.txt,True,True,True,True,True,True,1,0,0,0.029142976856656233,True,True
451,7,True,/root/autodl-tmp/borescope-new-seg-data/v1/images/train/7.png,/root/autodl-tmp/borescope-new-seg-data/v1/labels/train/7.txt,True,True,True,True,True,True,11,0,0,0.0139673353976639,True,True
452,701,False,/root/autodl-tmp/borescope-new-seg-data/v1/images/train/701.jpg,/root/autodl-tmp/borescope-new-seg-data/v1/labels/train/701.txt,True,True,True,True,True,True,1,0,0,0.08851964231259624,True,True
453,702,False,/root/autodl-tmp/borescope-new-seg-data/v1/images/train/702.jpg,/root/autodl-tmp/borescope-new-seg-data/v1/labels/train/702.txt,True,True,True,True,True,True,1,0,0,0.1033658515654734,True,True
454,705,False,/root/autodl-tmp/borescope-new-seg-data/v1/images/train/705.jpg,/root/autodl-tmp/borescope-new-seg-data/v1/labels/train/705.txt,True,True,True,True,True,True,1,0,0,0.0173778433971008,True,True
455,707,False,/root/autodl-tmp/borescope-new-seg-data/v1/images/train/707.jpg,/root/autodl-tmp/borescope-new-seg-data/v1/labels/train/707.txt,True,True,True,True,True,True,1,0,0,0.09975595763131473,True,True
456,708,False,/root/autodl-tmp/borescope-new-seg-data/v1/images/train/708.jpg,/root/autodl-tmp/borescope-new-seg-data/v1/labels/train/708.txt,True,True,True,True,True,True,1,0,0,0.02238817084960143,True,True
457,71,True,/root/autodl-tmp/borescope-new-seg-data/v1/images/train/71.png,/root/autodl-tmp/borescope-new-seg-data/v1/labels/train/71.txt,True,True,True,True,True,True,7,0,0,0.16052373192913238,True,True
458,710,False,/root/autodl-tmp/borescope-new-seg-data/v1/images/train/710.jpg,/root/autodl-tmp/borescope-new-seg-data/v1/labels/train/710.txt,True,True,True,True,True,True,1,0,0,0.023338429282860673,True,True
459,711,False,/root/autodl-tmp/borescope-new-seg-data/v1/images/train/711.jpg,/root/autodl-tmp/borescope-new-seg-data/v1/labels/train/711.txt,True,True,True,True,True,True,1,0,0,0.024049746117430715,True,True
460,712,False,/root/autodl-tmp/borescope-new-seg-data/v1/images/train/712.jpg,/root/autodl-tmp/borescope-new-seg-data/v1/labels/train/712.txt,True,True,True,True,True,True,1,0,0,0.028834402335150777,True,True
461,714,False,/root/autodl-tmp/borescope-new-seg-data/v1/images/train/714.jpg,/root/autodl-tmp/borescope-new-seg-data/v1/labels/train/714.txt,True,True,True,True,True,True,1,0,0,0.02068966912956638,True,True
462,715,False,/root/autodl-tmp/borescope-new-seg-data/v1/images/train/715.jpg,/root/autodl-tmp/borescope-new-seg-data/v1/labels/train/715.txt,True,True,True,True,True,True,1,0,0,0.012103125688554373,True,True
463,716,False,/root/autodl-tmp/borescope-new-seg-data/v1/images/train/716.jpg,/root/autodl-tmp/borescope-new-seg-data/v1/labels/train/716.txt,True,True,True,True,True,True,1,0,0,0.07060208532776091,True,True
464,717,False,/root/autodl-tmp/borescope-new-seg-data/v1/images/train/717.jpg,/root/autodl-tmp/borescope-new-seg-data/v1/labels/train/717.txt,True,True,True,True,True,True,1,0,0,0.002823748766862866,True,True
465,719,False,/root/autodl-tmp/borescope-new-seg-data/v1/images/train/719.jpg,/root/autodl-tmp/borescope-new-seg-data/v1/labels/train/719.txt,True,True,True,True,True,True,1,0,0,0.015910849744356526,True,True
466,72,False,/root/autodl-tmp/borescope-new-seg-data/v1/images/train/72.png,/root/autodl-tmp/borescope-new-seg-data/v1/labels/train/72.txt,True,True,True,True,True,True,2,0,0,0.18267286765367174,True,True
467,721,False,/root/autodl-tmp/borescope-new-seg-data/v1/images/train/721.jpg,/root/autodl-tmp/borescope-new-seg-data/v1/labels/train/721.txt,True,True,True,True,True,True,1,0,0,0.021699443280908115,True,True
468,724,False,/root/autodl-tmp/borescope-new-seg-data/v1/images/train/724.jpg,/root/autodl-tmp/borescope-new-seg-data/v1/labels/train/724.txt,True,True,True,True,True,True,1,0,0,0.014857104697836299,True,True
469,726,False,/root/autodl-tmp/borescope-new-seg-data/v1/images/train/726.jpg,/root/autodl-tmp/borescope-new-seg-data/v1/labels/train/726.txt,True,True,True,True,True,True,1,0,0,0.018728489285227523,True,True
470,727,False,/root/autodl-tmp/borescope-new-seg-data/v1/images/train/727.jpg,/root/autodl-tmp/borescope-new-seg-data/v1/labels/train/727.txt,True,True,True,True,True,True,1,0,0,0.028906390085449374,True,True
471,728,False,/root/autodl-tmp/borescope-new-seg-data/v1/images/train/728.jpg,/root/autodl-tmp/borescope-new-seg-data/v1/labels/train/728.txt,True,True,True,True,True,True,1,0,0,0.10259538805190971,True,True
472,73,False,/root/autodl-tmp/borescope-new-seg-data/v1/images/train/73.png,/root/autodl-tmp/borescope-new-seg-data/v1/labels/train/73.txt,True,True,True,True,True,True,1,0,0,0.006630923796873356,True,True
473,731,False,/root/autodl-tmp/borescope-new-seg-data/v1/images/train/731.jpg,/root/autodl-tmp/borescope-new-seg-data/v1/labels/train/731.txt,True,True,True,True,True,True,1,0,0,0.0870433097004053,True,True
474,732,False,/root/autodl-tmp/borescope-new-seg-data/v1/images/train/732.jpg,/root/autodl-tmp/borescope-new-seg-data/v1/labels/train/732.txt,True,True,True,True,True,True,1,0,0,0.021280835567115464,True,True
475,733,False,/root/autodl-tmp/borescope-new-seg-data/v1/images/train/733.jpg,/root/autodl-tmp/borescope-new-seg-data/v1/labels/train/733.txt,True,True,True,True,True,True,1,0,0,0.02014376899563297,True,True
476,734,False,/root/autodl-tmp/borescope-new-seg-data/v1/images/train/734.jpg,/root/autodl-tmp/borescope-new-seg-data/v1/labels/train/734.txt,True,True,True,True,True,True,1,0,0,0.015457910593713375,True,True
477,735,False,/root/autodl-tmp/borescope-new-seg-data/v1/images/train/735.jpg,/root/autodl-tmp/borescope-new-seg-data/v1/labels/train/735.txt,True,True,True,True,True,True,1,0,0,0.02080642318576853,True,True
478,737,False,/root/autodl-tmp/borescope-new-seg-data/v1/images/train/737.jpg,/root/autodl-tmp/borescope-new-seg-data/v1/labels/train/737.txt,True,True,True,True,True,True,1,0,0,0.022974988415471742,True,True
479,740,False,/root/autodl-tmp/borescope-new-seg-data/v1/images/train/740.jpg,/root/autodl-tmp/borescope-new-seg-data/v1/labels/train/740.txt,True,True,True,True,True,True,1,0,0,0.08452840785940996,True,True
480,741,False,/root/autodl-tmp/borescope-new-seg-data/v1/images/train/741.jpg,/root/autodl-tmp/borescope-new-seg-data/v1/labels/train/741.txt,True,True,True,True,True,True,1,0,0,0.009356851301121516,True,True
481,742,False,/root/autodl-tmp/borescope-new-seg-data/v1/images/train/742.jpg,/root/autodl-tmp/borescope-new-seg-data/v1/labels/train/742.txt,True,True,True,True,True,True,1,0,0,0.07802577364019125,True,True
482,744,False,/root/autodl-tmp/borescope-new-seg-data/v1/images/train/744.jpg,/root/autodl-tmp/borescope-new-seg-data/v1/labels/train/744.txt,True,True,True,True,True,True,1,0,0,0.022218922466117785,True,True
483,745,False,/root/autodl-tmp/borescope-new-seg-data/v1/images/train/745.jpg,/root/autodl-tmp/borescope-new-seg-data/v1/labels/train/745.txt,True,True,True,True,True,True,1,0,0,0.023151261132349443,True,True
484,746,False,/root/autodl-tmp/borescope-new-seg-data/v1/images/train/746.jpg,/root/autodl-tmp/borescope-new-seg-data/v1/labels/train/746.txt,True,True,True,True,True,True,1,0,0,0.028008060766778947,True,True
485,747,False,/root/autodl-tmp/borescope-new-seg-data/v1/images/train/747.jpg,/root/autodl-tmp/borescope-new-seg-data/v1/labels/train/747.txt,True,True,True,True,True,True,1,0,0,0.011267600814650794,True,True
486,748,False,/root/autodl-tmp/borescope-new-seg-data/v1/images/train/748.jpg,/root/autodl-tmp/borescope-new-seg-data/v1/labels/train/748.txt,True,True,True,True,True,True,1,0,0,0.025416735142183233,True,True
487,75,False,/root/autodl-tmp/borescope-new-seg-data/v1/images/train/75.png,/root/autodl-tmp/borescope-new-seg-data/v1/labels/train/75.txt,True,True,True,True,True,True,2,0,0,0.10660565271105327,True,True
488,751,False,/root/autodl-tmp/borescope-new-seg-data/v1/images/train/751.jpg,/root/autodl-tmp/borescope-new-seg-data/v1/labels/train/751.txt,True,True,True,True,True,True,1,0,0,0.011594697601057913,True,True
489,754,False,/root/autodl-tmp/borescope-new-seg-data/v1/images/train/754.jpg,/root/autodl-tmp/borescope-new-seg-data/v1/labels/train/754.txt,True,True,True,True,True,True,1,0,0,0.02154474693052677,True,True
490,755,False,/root/autodl-tmp/borescope-new-seg-data/v1/images/train/755.jpg,/root/autodl-tmp/borescope-new-seg-data/v1/labels/train/755.txt,True,True,True,True,True,True,1,0,0,0.0014762936935246856,True,True
491,756,False,/root/autodl-tmp/borescope-new-seg-data/v1/images/train/756.jpg,/root/autodl-tmp/borescope-new-seg-data/v1/labels/train/756.txt,True,True,True,True,True,True,1,0,0,0.01062340771784509,True,True
492,758,False,/root/autodl-tmp/borescope-new-seg-data/v1/images/train/758.jpg,/root/autodl-tmp/borescope-new-seg-data/v1/labels/train/758.txt,True,True,True,True,True,True,1,0,0,0.0025814807985139465,True,True
493,76,False,/root/autodl-tmp/borescope-new-seg-data/v1/images/train/76.png,/root/autodl-tmp/borescope-new-seg-data/v1/labels/train/76.txt,True,True,True,True,True,True,2,0,0,0.10961276193194158,True,True
494,760,False,/root/autodl-tmp/borescope-new-seg-data/v1/images/train/760.jpg,/root/autodl-tmp/borescope-new-seg-data/v1/labels/train/760.txt,True,True,True,True,True,True,1,0,0,0.0026482543003033543,True,True
495,761,False,/root/autodl-tmp/borescope-new-seg-data/v1/images/train/761.jpg,/root/autodl-tmp/borescope-new-seg-data/v1/labels/train/761.txt,True,True,True,True,True,True,1,0,0,0.00865444540832172,True,True
496,762,False,/root/autodl-tmp/borescope-new-seg-data/v1/images/train/762.jpg,/root/autodl-tmp/borescope-new-seg-data/v1/labels/train/762.txt,True,True,True,True,True,True,1,0,0,0.010530952093914525,True,True
497,763,False,/root/autodl-tmp/borescope-new-seg-data/v1/images/train/763.jpg,/root/autodl-tmp/borescope-new-seg-data/v1/labels/train/763.txt,True,True,True,True,True,True,1,0,0,0.0033356789663905317,True,True
498,764,False,/root/autodl-tmp/borescope-new-seg-data/v1/images/train/764.jpg,/root/autodl-tmp/borescope-new-seg-data/v1/labels/train/764.txt,True,True,True,True,True,True,1,0,0,0.0041134190776468404,True,True
499,765,False,/root/autodl-tmp/borescope-new-seg-data/v1/images/train/765.jpg,/root/autodl-tmp/borescope-new-seg-data/v1/labels/train/765.txt,True,True,True,True,True,True,1,0,0,0.00188763560343011,True,True
500,766,False,/root/autodl-tmp/borescope-new-seg-data/v1/images/train/766.jpg,/root/autodl-tmp/borescope-new-seg-data/v1/labels/train/766.txt,True,True,True,True,True,True,1,0,0,0.0010906339043180169,True,True
501,769,False,/root/autodl-tmp/borescope-new-seg-data/v1/images/train/769.jpg,/root/autodl-tmp/borescope-new-seg-data/v1/labels/train/769.txt,True,True,True,True,True,True,1,0,0,0.0008945937453368469,True,True
502,770,False,/root/autodl-tmp/borescope-new-seg-data/v1/images/train/770.jpg,/root/autodl-tmp/borescope-new-seg-data/v1/labels/train/770.txt,True,True,True,True,True,True,1,0,0,0.003083138146429132,True,True
503,771,False,/root/autodl-tmp/borescope-new-seg-data/v1/images/train/771.jpg,/root/autodl-tmp/borescope-new-seg-data/v1/labels/train/771.txt,True,True,True,True,True,True,1,0,0,0.0005230591153890657,True,True
504,772,False,/root/autodl-tmp/borescope-new-seg-data/v1/images/train/772.jpg,/root/autodl-tmp/borescope-new-seg-data/v1/labels/train/772.txt,True,True,True,True,True,True,1,0,0,0.001321772957740941,True,True
505,774,False,/root/autodl-tmp/borescope-new-seg-data/v1/images/train/774.jpg,/root/autodl-tmp/borescope-new-seg-data/v1/labels/train/774.txt,True,True,True,True,True,True,1,0,0,0.0011261608331607498,True,True
506,777,False,/root/autodl-tmp/borescope-new-seg-data/v1/images/train/777.jpg,/root/autodl-tmp/borescope-new-seg-data/v1/labels/train/777.txt,True,True,True,True,True,True,1,0,0,0.011687503428455426,True,True
507,779,False,/root/autodl-tmp/borescope-new-seg-data/v1/images/train/779.jpg,/root/autodl-tmp/borescope-new-seg-data/v1/labels/train/779.txt,True,True,True,True,True,True,1,0,0,0.005525935511270896,True,True
508,780,False,/root/autodl-tmp/borescope-new-seg-data/v1/images/train/780.jpg,/root/autodl-tmp/borescope-new-seg-data/v1/labels/train/780.txt,True,True,True,True,True,True,1,0,0,0.007052309341360585,True,True
509,782,False,/root/autodl-tmp/borescope-new-seg-data/v1/images/train/782.jpg,/root/autodl-tmp/borescope-new-seg-data/v1/labels/train/782.txt,True,True,True,True,True,True,1,0,0,0.01840808541642014,True,True
510,784,False,/root/autodl-tmp/borescope-new-seg-data/v1/images/train/784.jpg,/root/autodl-tmp/borescope-new-seg-data/v1/labels/train/784.txt,True,True,True,True,True,True,1,0,0,0.007822772846591164,True,True
511,786,False,/root/autodl-tmp/borescope-new-seg-data/v1/images/train/786.jpg,/root/autodl-tmp/borescope-new-seg-data/v1/labels/train/786.txt,True,True,True,True,True,True,1,0,0,0.005034122976106725,True,True
512,787,False,/root/autodl-tmp/borescope-new-seg-data/v1/images/train/787.jpg,/root/autodl-tmp/borescope-new-seg-data/v1/labels/train/787.txt,True,True,True,True,True,True,1,0,0,0.0019869397876195044,True,True
513,788,False,/root/autodl-tmp/borescope-new-seg-data/v1/images/train/788.jpg,/root/autodl-tmp/borescope-new-seg-data/v1/labels/train/788.txt,True,True,True,True,True,True,1,0,0,0.016311996621804048,True,True
514,789,False,/root/autodl-tmp/borescope-new-seg-data/v1/images/train/789.jpg,/root/autodl-tmp/borescope-new-seg-data/v1/labels/train/789.txt,True,True,True,True,True,True,1,0,0,0.007889546350023646,True,True
515,79,False,/root/autodl-tmp/borescope-new-seg-data/v1/images/train/79.png,/root/autodl-tmp/borescope-new-seg-data/v1/labels/train/79.txt,True,True,True,True,True,True,1,0,0,0.012938161379565716,True,True
516,790,False,/root/autodl-tmp/borescope-new-seg-data/v1/images/train/790.jpg,/root/autodl-tmp/borescope-new-seg-data/v1/labels/train/790.txt,True,True,True,True,True,True,1,0,0,0.015873688502179295,True,True
517,791,False,/root/autodl-tmp/borescope-new-seg-data/v1/images/train/791.jpg,/root/autodl-tmp/borescope-new-seg-data/v1/labels/train/791.txt,True,True,True,True,True,True,1,0,0,0.017667584374843726,True,True
518,794,False,/root/autodl-tmp/borescope-new-seg-data/v1/images/train/794.jpg,/root/autodl-tmp/borescope-new-seg-data/v1/labels/train/794.txt,True,True,True,True,True,True,1,0,0,0.007803083222451046,True,True
519,795,False,/root/autodl-tmp/borescope-new-seg-data/v1/images/train/795.jpg,/root/autodl-tmp/borescope-new-seg-data/v1/labels/train/795.txt,True,True,True,True,True,True,1,0,0,0.001547347548886427,True,True
520,796,False,/root/autodl-tmp/borescope-new-seg-data/v1/images/train/796.jpg,/root/autodl-tmp/borescope-new-seg-data/v1/labels/train/796.txt,True,True,True,True,True,True,1,0,0,0.001977523010484511,True,True
521,797,False,/root/autodl-tmp/borescope-new-seg-data/v1/images/train/797.jpg,/root/autodl-tmp/borescope-new-seg-data/v1/labels/train/797.txt,True,True,True,True,True,True,1,0,0,0.01235395435218889,True,True
522,798,False,/root/autodl-tmp/borescope-new-seg-data/v1/images/train/798.jpg,/root/autodl-tmp/borescope-new-seg-data/v1/labels/train/798.txt,True,True,True,True,True,True,1,0,0,0.0077637039770145355,True,True
523,799,False,/root/autodl-tmp/borescope-new-seg-data/v1/images/train/799.jpg,/root/autodl-tmp/borescope-new-seg-data/v1/labels/train/799.txt,True,True,True,True,True,True,1,0,0,0.005885913190983139,True,True
524,8,False,/root/autodl-tmp/borescope-new-seg-data/v1/images/train/8.png,/root/autodl-tmp/borescope-new-seg-data/v1/labels/train/8.txt,True,True,True,True,True,True,1,0,0,0.002319958846523029,True,True
525,80,False,/root/autodl-tmp/borescope-new-seg-data/v1/images/train/80.png,/root/autodl-tmp/borescope-new-seg-data/v1/labels/train/80.txt,True,True,True,True,True,True,1,0,0,0.0012977660208223218,True,True
526,800,False,/root/autodl-tmp/borescope-new-seg-data/v1/images/train/800.jpg,/root/autodl-tmp/borescope-new-seg-data/v1/labels/train/800.txt,True,True,True,True,True,True,1,0,0,0.00931233563595496,True,True
527,802,False,/root/autodl-tmp/borescope-new-seg-data/v1/images/train/802.jpg,/root/autodl-tmp/borescope-new-seg-data/v1/labels/train/802.txt,True,True,True,True,True,True,1,0,0,0.045869545111518306,True,True
528,803,False,/root/autodl-tmp/borescope-new-seg-data/v1/images/train/803.jpg,/root/autodl-tmp/borescope-new-seg-data/v1/labels/train/803.txt,True,True,True,True,True,True,1,0,0,0.003221393547623533,True,True
529,804,False,/root/autodl-tmp/borescope-new-seg-data/v1/images/train/804.jpg,/root/autodl-tmp/borescope-new-seg-data/v1/labels/train/804.txt,True,True,True,True,True,True,1,0,0,0.005836689130338135,True,True
530,805,False,/root/autodl-tmp/borescope-new-seg-data/v1/images/train/805.jpg,/root/autodl-tmp/borescope-new-seg-data/v1/labels/train/805.txt,True,True,True,True,True,True,1,0,0,0.013899589770348886,True,True
531,807,False,/root/autodl-tmp/borescope-new-seg-data/v1/images/train/807.jpg,/root/autodl-tmp/borescope-new-seg-data/v1/labels/train/807.txt,True,True,True,True,True,True,1,0,0,0.005891477651030375,True,True
532,808,False,/root/autodl-tmp/borescope-new-seg-data/v1/images/train/808.jpg,/root/autodl-tmp/borescope-new-seg-data/v1/labels/train/808.txt,True,True,True,True,True,True,1,0,0,0.009778038027597802,True,True
533,809,False,/root/autodl-tmp/borescope-new-seg-data/v1/images/train/809.jpg,/root/autodl-tmp/borescope-new-seg-data/v1/labels/train/809.txt,True,True,True,True,True,True,1,0,0,0.009761344652357229,True,True
534,81,True,/root/autodl-tmp/borescope-new-seg-data/v1/images/train/81.png,/root/autodl-tmp/borescope-new-seg-data/v1/labels/train/81.txt,True,True,True,True,True,True,2,0,0,0.04473816463881547,True,True
535,810,False,/root/autodl-tmp/borescope-new-seg-data/v1/images/train/810.jpg,/root/autodl-tmp/borescope-new-seg-data/v1/labels/train/810.txt,True,True,True,True,True,True,1,0,0,0.00601389573586375,True,True
536,812,False,/root/autodl-tmp/borescope-new-seg-data/v1/images/train/812.jpg,/root/autodl-tmp/borescope-new-seg-data/v1/labels/train/812.txt,True,True,True,True,True,True,1,0,0,0.006849420613119439,True,True
537,813,False,/root/autodl-tmp/borescope-new-seg-data/v1/images/train/813.jpg,/root/autodl-tmp/borescope-new-seg-data/v1/labels/train/813.txt,True,True,True,True,True,True,1,0,0,0.010405965784165083,True,True
538,814,False,/root/autodl-tmp/borescope-new-seg-data/v1/images/train/814.jpg,/root/autodl-tmp/borescope-new-seg-data/v1/labels/train/814.txt,True,True,True,True,True,True,1,0,0,0.0019312952001017125,True,True
539,815,False,/root/autodl-tmp/borescope-new-seg-data/v1/images/train/815.jpg,/root/autodl-tmp/borescope-new-seg-data/v1/labels/train/815.txt,True,True,True,True,True,True,1,0,0,0.00043060349559842503,True,True
540,816,False,/root/autodl-tmp/borescope-new-seg-data/v1/images/train/816.jpg,/root/autodl-tmp/borescope-new-seg-data/v1/labels/train/816.txt,True,True,True,True,True,True,1,0,0,0.00788184171770423,True,True
541,817,False,/root/autodl-tmp/borescope-new-seg-data/v1/images/train/817.jpg,/root/autodl-tmp/borescope-new-seg-data/v1/labels/train/817.txt,True,True,True,True,True,True,1,0,0,0.013750205465740017,True,True
542,818,False,/root/autodl-tmp/borescope-new-seg-data/v1/images/train/818.jpg,/root/autodl-tmp/borescope-new-seg-data/v1/labels/train/818.txt,True,True,True,True,True,True,1,0,0,0.011158023776097536,True,True
543,82,False,/root/autodl-tmp/borescope-new-seg-data/v1/images/train/82.png,/root/autodl-tmp/borescope-new-seg-data/v1/labels/train/82.txt,True,True,True,True,True,True,1,0,0,0.00022699065779951955,True,True
544,821,False,/root/autodl-tmp/borescope-new-seg-data/v1/images/train/821.jpg,/root/autodl-tmp/borescope-new-seg-data/v1/labels/train/821.txt,True,True,True,True,True,True,1,0,0,0.011250907438115298,True,True
545,822,False,/root/autodl-tmp/borescope-new-seg-data/v1/images/train/822.jpg,/root/autodl-tmp/borescope-new-seg-data/v1/labels/train/822.txt,True,True,True,True,True,True,1,0,0,0.0012793974635378902,True,True
546,825,False,/root/autodl-tmp/borescope-new-seg-data/v1/images/train/825.jpg,/root/autodl-tmp/borescope-new-seg-data/v1/labels/train/825.txt,True,True,True,True,True,True,1,0,0,0.031797885160621764,True,True
547,826,False,/root/autodl-tmp/borescope-new-seg-data/v1/images/train/826.jpg,/root/autodl-tmp/borescope-new-seg-data/v1/labels/train/826.txt,True,True,True,True,True,True,1,0,0,0.015147312623227105,True,True
548,828,False,/root/autodl-tmp/borescope-new-seg-data/v1/images/train/828.jpg,/root/autodl-tmp/borescope-new-seg-data/v1/labels/train/828.txt,True,True,True,True,True,True,1,0,0,0.010231327389145228,True,True
549,83,False,/root/autodl-tmp/borescope-new-seg-data/v1/images/train/83.png,/root/autodl-tmp/borescope-new-seg-data/v1/labels/train/83.txt,True,True,True,True,True,True,1,0,0,0.2977962105643641,True,True
550,830,False,/root/autodl-tmp/borescope-new-seg-data/v1/images/train/830.jpg,/root/autodl-tmp/borescope-new-seg-data/v1/labels/train/830.txt,True,True,True,True,True,True,1,0,0,0.0020365918789263526,True,True
551,831,False,/root/autodl-tmp/borescope-new-seg-data/v1/images/train/831.jpg,/root/autodl-tmp/borescope-new-seg-data/v1/labels/train/831.txt,True,True,True,True,True,True,1,0,0,0.006866542019782873,True,True
552,832,False,/root/autodl-tmp/borescope-new-seg-data/v1/images/train/832.jpg,/root/autodl-tmp/borescope-new-seg-data/v1/labels/train/832.txt,True,True,True,True,True,True,1,0,0,0.04005468577876847,True,True
553,833,False,/root/autodl-tmp/borescope-new-seg-data/v1/images/train/833.jpg,/root/autodl-tmp/borescope-new-seg-data/v1/labels/train/833.txt,True,True,True,True,True,True,1,0,0,0.007136632289703182,True,True
554,834,False,/root/autodl-tmp/borescope-new-seg-data/v1/images/train/834.jpg,/root/autodl-tmp/borescope-new-seg-data/v1/labels/train/834.txt,True,True,True,True,True,True,1,0,0,0.013360265301433416,True,True
555,835,False,/root/autodl-tmp/borescope-new-seg-data/v1/images/train/835.jpg,/root/autodl-tmp/borescope-new-seg-data/v1/labels/train/835.txt,True,True,True,True,True,True,1,0,0,0.0031105324076167173,True,True
556,838,False,/root/autodl-tmp/borescope-new-seg-data/v1/images/train/838.jpg,/root/autodl-tmp/borescope-new-seg-data/v1/labels/train/838.txt,True,True,True,True,True,True,1,0,0,0.04994315691083573,True,True
557,84,True,/root/autodl-tmp/borescope-new-seg-data/v1/images/train/84.png,/root/autodl-tmp/borescope-new-seg-data/v1/labels/train/84.txt,True,True,True,True,True,True,2,0,0,0.01868316840415618,True,True
558,844,False,/root/autodl-tmp/borescope-new-seg-data/v1/images/train/844.jpg,/root/autodl-tmp/borescope-new-seg-data/v1/labels/train/844.txt,True,True,True,True,True,True,1,0,0,0.0005932569021624978,True,True
559,847,False,/root/autodl-tmp/borescope-new-seg-data/v1/images/train/847.jpg,/root/autodl-tmp/borescope-new-seg-data/v1/labels/train/847.txt,True,True,True,True,True,True,1,0,0,0.00257634437280041,True,True
560,85,True,/root/autodl-tmp/borescope-new-seg-data/v1/images/train/85.png,/root/autodl-tmp/borescope-new-seg-data/v1/labels/train/85.txt,True,True,True,True,True,True,3,0,0,0.001754605138972798,True,True
561,850,False,/root/autodl-tmp/borescope-new-seg-data/v1/images/train/850.jpg,/root/autodl-tmp/borescope-new-seg-data/v1/labels/train/850.txt,True,True,True,True,True,True,1,0,0,0.029971030574375668,True,True
562,852,False,/root/autodl-tmp/borescope-new-seg-data/v1/images/train/852.jpg,/root/autodl-tmp/borescope-new-seg-data/v1/labels/train/852.txt,True,True,True,True,True,True,1,0,0,0.0009044050406085136,True,True
563,854,False,/root/autodl-tmp/borescope-new-seg-data/v1/images/train/854.jpg,/root/autodl-tmp/borescope-new-seg-data/v1/labels/train/854.txt,True,True,True,True,True,True,1,0,0,0.0024693355566660635,True,True
564,855,False,/root/autodl-tmp/borescope-new-seg-data/v1/images/train/855.jpg,/root/autodl-tmp/borescope-new-seg-data/v1/labels/train/855.txt,True,True,True,True,True,True,1,0,0,0.0015319382797337466,True,True
565,856,False,/root/autodl-tmp/borescope-new-seg-data/v1/images/train/856.jpg,/root/autodl-tmp/borescope-new-seg-data/v1/labels/train/856.txt,True,True,True,True,True,True,1,0,0,0.045079820027872586,True,True
566,859,False,/root/autodl-tmp/borescope-new-seg-data/v1/images/train/859.jpg,/root/autodl-tmp/borescope-new-seg-data/v1/labels/train/859.txt,True,True,True,True,True,True,2,0,0,0.0012491995735621764,True,True
567,86,False,/root/autodl-tmp/borescope-new-seg-data/v1/images/train/86.png,/root/autodl-tmp/borescope-new-seg-data/v1/labels/train/86.txt,True,True,True,True,True,True,1,0,0,0.0014216106533790906,True,True
568,860,False,/root/autodl-tmp/borescope-new-seg-data/v1/images/train/860.jpg,/root/autodl-tmp/borescope-new-seg-data/v1/labels/train/860.txt,True,True,True,True,True,True,1,0,0,0.0004875321871472549,True,True
569,861,False,/root/autodl-tmp/borescope-new-seg-data/v1/images/train/861.jpg,/root/autodl-tmp/borescope-new-seg-data/v1/labels/train/861.txt,True,True,True,True,True,True,1,0,0,0.0021607221158803647,True,True
570,862,False,/root/autodl-tmp/borescope-new-seg-data/v1/images/train/862.jpg,/root/autodl-tmp/borescope-new-seg-data/v1/labels/train/862.txt,True,True,True,True,True,True,1,0,0,0.0006189390207778644,True,True
571,866,False,/root/autodl-tmp/borescope-new-seg-data/v1/images/train/866.jpg,/root/autodl-tmp/borescope-new-seg-data/v1/labels/train/866.txt,True,True,True,True,True,True,1,0,0,0.002565643491380998,True,True
572,868,False,/root/autodl-tmp/borescope-new-seg-data/v1/images/train/868.jpg,/root/autodl-tmp/borescope-new-seg-data/v1/labels/train/868.txt,True,True,True,True,True,True,1,0,0,0.0018666618697296133,True,True
573,871,False,/root/autodl-tmp/borescope-new-seg-data/v1/images/train/871.jpg,/root/autodl-tmp/borescope-new-seg-data/v1/labels/train/871.txt,True,True,True,True,True,True,1,0,0,0.0009523785067427626,True,True
574,872,False,/root/autodl-tmp/borescope-new-seg-data/v1/images/train/872.jpg,/root/autodl-tmp/borescope-new-seg-data/v1/labels/train/872.txt,True,True,True,True,True,True,1,0,0,0.006512556849916473,True,True
575,873,False,/root/autodl-tmp/borescope-new-seg-data/v1/images/train/873.jpg,/root/autodl-tmp/borescope-new-seg-data/v1/labels/train/873.txt,True,True,True,True,True,True,1,0,0,0.053401253977324536,True,True
576,874,False,/root/autodl-tmp/borescope-new-seg-data/v1/images/train/874.jpg,/root/autodl-tmp/borescope-new-seg-data/v1/labels/train/874.txt,True,True,True,True,True,True,1,0,0,0.03503854029707676,True,True
577,875,False,/root/autodl-tmp/borescope-new-seg-data/v1/images/train/875.jpg,/root/autodl-tmp/borescope-new-seg-data/v1/labels/train/875.txt,True,True,True,True,True,True,1,0,0,0.004183188830579443,True,True
578,879,False,/root/autodl-tmp/borescope-new-seg-data/v1/images/train/879.jpg,/root/autodl-tmp/borescope-new-seg-data/v1/labels/train/879.txt,True,True,True,True,True,True,1,0,0,0.0020297433159564005,True,True
579,88,False,/root/autodl-tmp/borescope-new-seg-data/v1/images/train/88.png,/root/autodl-tmp/borescope-new-seg-data/v1/labels/train/88.txt,True,True,True,True,True,True,2,0,0,0.46132499677226235,True,True
580,883,False,/root/autodl-tmp/borescope-new-seg-data/v1/images/train/883.jpg,/root/autodl-tmp/borescope-new-seg-data/v1/labels/train/883.txt,True,True,True,True,True,True,1,0,0,0.007940054511828443,True,True
581,884,False,/root/autodl-tmp/borescope-new-seg-data/v1/images/train/884.jpg,/root/autodl-tmp/borescope-new-seg-data/v1/labels/train/884.txt,True,True,True,True,True,True,1,0,0,0.0012220747943829657,True,True
582,885,False,/root/autodl-tmp/borescope-new-seg-data/v1/images/train/885.jpg,/root/autodl-tmp/borescope-new-seg-data/v1/labels/train/885.txt,True,True,True,True,True,True,1,0,0,0.0005932569018552748,True,True
583,886,False,/root/autodl-tmp/borescope-new-seg-data/v1/images/train/886.jpg,/root/autodl-tmp/borescope-new-seg-data/v1/labels/train/886.txt,True,True,True,True,True,True,2,0,0,0.0021971051142865017,True,True
584,887,False,/root/autodl-tmp/borescope-new-seg-data/v1/images/train/887.jpg,/root/autodl-tmp/borescope-new-seg-data/v1/labels/train/887.txt,True,True,True,True,True,True,1,0,0,0.0020362340690331937,True,True
585,889,False,/root/autodl-tmp/borescope-new-seg-data/v1/images/train/889.jpg,/root/autodl-tmp/borescope-new-seg-data/v1/labels/train/889.txt,True,True,True,True,True,True,1,0,0,0.0010478303761146113,True,True
586,89,False,/root/autodl-tmp/borescope-new-seg-data/v1/images/train/89.png,/root/autodl-tmp/borescope-new-seg-data/v1/labels/train/89.txt,True,True,True,True,True,True,2,0,0,0.04500367431751329,True,True
587,890,False,/root/autodl-tmp/borescope-new-seg-data/v1/images/train/890.jpg,/root/autodl-tmp/borescope-new-seg-data/v1/labels/train/890.txt,True,True,True,True,True,True,1,0,0,0.05465154503628833,True,True
588,891,False,/root/autodl-tmp/borescope-new-seg-data/v1/images/train/891.jpg,/root/autodl-tmp/borescope-new-seg-data/v1/labels/train/891.txt,True,True,True,True,True,True,1,0,0,0.026517213875574708,True,True
589,892,False,/root/autodl-tmp/borescope-new-seg-data/v1/images/train/892.jpg,/root/autodl-tmp/borescope-new-seg-data/v1/labels/train/892.txt,True,True,True,True,True,True,1,0,0,0.0009545186813253448,True,True
590,893,False,/root/autodl-tmp/borescope-new-seg-data/v1/images/train/893.jpg,/root/autodl-tmp/borescope-new-seg-data/v1/labels/train/893.txt,True,True,True,True,True,True,1,0,0,0.0070150702615724425,True,True
591,894,False,/root/autodl-tmp/borescope-new-seg-data/v1/images/train/894.jpg,/root/autodl-tmp/borescope-new-seg-data/v1/labels/train/894.txt,True,True,True,True,True,True,1,0,0,0.011392587113021824,True,True
592,895,False,/root/autodl-tmp/borescope-new-seg-data/v1/images/train/895.jpg,/root/autodl-tmp/borescope-new-seg-data/v1/labels/train/895.txt,True,True,True,True,True,True,1,0,0,0.002299794886343187,True,True
593,898,False,/root/autodl-tmp/borescope-new-seg-data/v1/images/train/898.jpg,/root/autodl-tmp/borescope-new-seg-data/v1/labels/train/898.txt,True,True,True,True,True,True,1,0,0,0.0058615151768530716,True,True
594,899,False,/root/autodl-tmp/borescope-new-seg-data/v1/images/train/899.jpg,/root/autodl-tmp/borescope-new-seg-data/v1/labels/train/899.txt,True,True,True,True,True,True,1,0,0,0.0006869863450911229,True,True
595,9,True,/root/autodl-tmp/borescope-new-seg-data/v1/images/train/9.png,/root/autodl-tmp/borescope-new-seg-data/v1/labels/train/9.txt,True,True,True,True,True,True,9,0,0,0.1972663955818852,True,True
596,900,False,/root/autodl-tmp/borescope-new-seg-data/v1/images/train/900.jpg,/root/autodl-tmp/borescope-new-seg-data/v1/labels/train/900.txt,True,True,True,True,True,True,1,0,0,0.0022574580897374297,True,True
597,901,False,/root/autodl-tmp/borescope-new-seg-data/v1/images/train/901.jpg,/root/autodl-tmp/borescope-new-seg-data/v1/labels/train/901.txt,True,True,True,True,True,True,1,0,0,0.0020207545740104083,True,True
598,902,False,/root/autodl-tmp/borescope-new-seg-data/v1/images/train/902.jpg,/root/autodl-tmp/borescope-new-seg-data/v1/labels/train/902.txt,True,True,True,True,True,True,2,0,0,0.001094486218908411,True,True
599,903,False,/root/autodl-tmp/borescope-new-seg-data/v1/images/train/903.jpg,/root/autodl-tmp/borescope-new-seg-data/v1/labels/train/903.txt,True,True,True,True,True,True,1,0,0,0.000962829722359615,True,True
600,904,False,/root/autodl-tmp/borescope-new-seg-data/v1/images/train/904.jpg,/root/autodl-tmp/borescope-new-seg-data/v1/labels/train/904.txt,True,True,True,True,True,True,1,0,0,0.00199550049448316,True,True
601,908,False,/root/autodl-tmp/borescope-new-seg-data/v1/images/train/908.jpg,/root/autodl-tmp/borescope-new-seg-data/v1/labels/train/908.txt,True,True,True,True,True,True,1,0,0,0.0004905284347787031,True,True
602,909,False,/root/autodl-tmp/borescope-new-seg-data/v1/images/train/909.jpg,/root/autodl-tmp/borescope-new-seg-data/v1/labels/train/909.txt,True,True,True,True,True,True,1,0,0,0.0010486864464257367,True,True
603,91,False,/root/autodl-tmp/borescope-new-seg-data/v1/images/train/91.png,/root/autodl-tmp/borescope-new-seg-data/v1/labels/train/91.txt,True,True,True,True,True,True,1,0,0,0.11803861289827777,True,True
604,911,False,/root/autodl-tmp/borescope-new-seg-data/v1/images/train/911.jpg,/root/autodl-tmp/borescope-new-seg-data/v1/labels/train/911.txt,True,True,True,True,True,True,1,0,0,0.011512008958984854,True,True
605,912,False,/root/autodl-tmp/borescope-new-seg-data/v1/images/train/912.jpg,/root/autodl-tmp/borescope-new-seg-data/v1/labels/train/912.txt,True,True,True,True,True,True,1,0,0,0.009337161679785377,True,True
606,913,False,/root/autodl-tmp/borescope-new-seg-data/v1/images/train/913.jpg,/root/autodl-tmp/borescope-new-seg-data/v1/labels/train/913.txt,True,True,True,True,True,True,1,0,0,0.05876068375836052,True,True
607,914,False,/root/autodl-tmp/borescope-new-seg-data/v1/images/train/914.jpg,/root/autodl-tmp/borescope-new-seg-data/v1/labels/train/914.txt,True,True,True,True,True,True,1,0,0,0.01063967304858826,True,True
608,916,False,/root/autodl-tmp/borescope-new-seg-data/v1/images/train/916.jpg,/root/autodl-tmp/borescope-new-seg-data/v1/labels/train/916.txt,True,True,True,True,True,True,1,0,0,0.02229849810570861,True,True
609,917,False,/root/autodl-tmp/borescope-new-seg-data/v1/images/train/917.jpg,/root/autodl-tmp/borescope-new-seg-data/v1/labels/train/917.txt,True,True,True,True,True,True,1,0,0,0.0007152469592455468,True,True
610,918,False,/root/autodl-tmp/borescope-new-seg-data/v1/images/train/918.jpg,/root/autodl-tmp/borescope-new-seg-data/v1/labels/train/918.txt,True,True,True,True,True,True,1,0,0,0.0010426939515100209,True,True
611,919,False,/root/autodl-tmp/borescope-new-seg-data/v1/images/train/919.jpg,/root/autodl-tmp/borescope-new-seg-data/v1/labels/train/919.txt,True,True,True,True,True,True,1,0,0,0.0008706237678912099,True,True
612,920,False,/root/autodl-tmp/borescope-new-seg-data/v1/images/train/920.jpg,/root/autodl-tmp/borescope-new-seg-data/v1/labels/train/920.txt,True,True,True,True,True,True,1,0,0,0.002031027422044168,True,True
613,921,False,/root/autodl-tmp/borescope-new-seg-data/v1/images/train/921.jpg,/root/autodl-tmp/borescope-new-seg-data/v1/labels/train/921.txt,True,True,True,True,True,True,1,0,0,0.0009592270700062855,True,True
614,923,False,/root/autodl-tmp/borescope-new-seg-data/v1/images/train/923.jpg,/root/autodl-tmp/borescope-new-seg-data/v1/labels/train/923.txt,True,True,True,True,True,True,1,0,0,0.0018949122042062339,True,True
615,927,False,/root/autodl-tmp/borescope-new-seg-data/v1/images/train/927.jpg,/root/autodl-tmp/borescope-new-seg-data/v1/labels/train/927.txt,True,True,True,True,True,True,1,0,0,0.0019629698113621252,True,True
616,929,False,/root/autodl-tmp/borescope-new-seg-data/v1/images/train/929.jpg,/root/autodl-tmp/borescope-new-seg-data/v1/labels/train/929.txt,True,True,True,True,True,True,1,0,0,0.0012288167660634564,True,True
617,93,False,/root/autodl-tmp/borescope-new-seg-data/v1/images/train/93.png,/root/autodl-tmp/borescope-new-seg-data/v1/labels/train/93.txt,True,True,True,True,True,True,1,0,0,0.10432453949541132,True,True
618,930,False,/root/autodl-tmp/borescope-new-seg-data/v1/images/train/930.jpg,/root/autodl-tmp/borescope-new-seg-data/v1/labels/train/930.txt,True,True,True,True,True,True,1,0,0,0.0035330032340774586,True,True
619,931,False,/root/autodl-tmp/borescope-new-seg-data/v1/images/train/931.jpg,/root/autodl-tmp/borescope-new-seg-data/v1/labels/train/931.txt,True,True,True,True,True,True,1,0,0,0.0007413571111134498,True,True
620,934,False,/root/autodl-tmp/borescope-new-seg-data/v1/images/train/934.jpg,/root/autodl-tmp/borescope-new-seg-data/v1/labels/train/934.txt,True,True,True,True,True,True,1,0,0,0.008838671770003081,True,True
621,935,False,/root/autodl-tmp/borescope-new-seg-data/v1/images/train/935.jpg,/root/autodl-tmp/borescope-new-seg-data/v1/labels/train/935.txt,True,True,True,True,True,True,1,0,0,0.0010867815867226516,True,True
622,936,False,/root/autodl-tmp/borescope-new-seg-data/v1/images/train/936.jpg,/root/autodl-tmp/borescope-new-seg-data/v1/labels/train/936.txt,True,True,True,True,True,True,1,0,0,0.0007490617474660288,True,True
623,938,False,/root/autodl-tmp/borescope-new-seg-data/v1/images/train/938.jpg,/root/autodl-tmp/borescope-new-seg-data/v1/labels/train/938.txt,True,True,True,True,True,True,1,0,0,0.0005949690445342659,True,True
624,94,False,/root/autodl-tmp/borescope-new-seg-data/v1/images/train/94.png,/root/autodl-tmp/borescope-new-seg-data/v1/labels/train/94.txt,True,True,True,True,True,True,2,0,0,0.2852723888338362,True,True
625,941,False,/root/autodl-tmp/borescope-new-seg-data/v1/images/train/941.jpg,/root/autodl-tmp/borescope-new-seg-data/v1/labels/train/941.txt,True,True,True,True,True,True,1,0,0,0.0021722790653946333,True,True
626,942,False,/root/autodl-tmp/borescope-new-seg-data/v1/images/train/942.jpg,/root/autodl-tmp/borescope-new-seg-data/v1/labels/train/942.txt,True,True,True,True,True,True,1,0,0,0.0006189390191218835,True,True
627,943,False,/root/autodl-tmp/borescope-new-seg-data/v1/images/train/943.jpg,/root/autodl-tmp/borescope-new-seg-data/v1/labels/train/943.txt,True,True,True,True,True,True,1,0,0,0.008598451757851677,True,True
628,944,False,/root/autodl-tmp/borescope-new-seg-data/v1/images/train/944.jpg,/root/autodl-tmp/borescope-new-seg-data/v1/labels/train/944.txt,True,True,True,True,True,True,1,0,0,0.0016059883843828615,True,True
629,945,False,/root/autodl-tmp/borescope-new-seg-data/v1/images/train/945.jpg,/root/autodl-tmp/borescope-new-seg-data/v1/labels/train/945.txt,True,True,True,True,True,True,1,0,0,0.002922196883185013,True,True
630,947,False,/root/autodl-tmp/borescope-new-seg-data/v1/images/train/947.jpg,/root/autodl-tmp/borescope-new-seg-data/v1/labels/train/947.txt,True,True,True,True,True,True,1,0,0,0.0006237922141432151,True,True
631,949,False,/root/autodl-tmp/borescope-new-seg-data/v1/images/train/949.jpg,/root/autodl-tmp/borescope-new-seg-data/v1/labels/train/949.txt,True,True,True,True,True,True,1,0,0,0.002382872426248822,True,True
632,95,True,/root/autodl-tmp/borescope-new-seg-data/v1/images/train/95.png,/root/autodl-tmp/borescope-new-seg-data/v1/labels/train/95.txt,True,True,True,True,True,True,4,0,0,0.23580481662531283,True,True
633,950,False,/root/autodl-tmp/borescope-new-seg-data/v1/images/train/950.jpg,/root/autodl-tmp/borescope-new-seg-data/v1/labels/train/950.txt,True,True,True,True,True,True,1,0,0,0.006863881224097312,True,True
634,952,False,/root/autodl-tmp/borescope-new-seg-data/v1/images/train/952.jpg,/root/autodl-tmp/borescope-new-seg-data/v1/labels/train/952.txt,True,True,True,True,True,True,1,0,0,0.0036605577522093036,True,True
635,953,False,/root/autodl-tmp/borescope-new-seg-data/v1/images/train/953.jpg,/root/autodl-tmp/borescope-new-seg-data/v1/labels/train/953.txt,True,True,True,True,True,True,1,0,0,0.026651188917040436,True,True
636,954,False,/root/autodl-tmp/borescope-new-seg-data/v1/images/train/954.jpg,/root/autodl-tmp/borescope-new-seg-data/v1/labels/train/954.txt,True,True,True,True,True,True,1,0,0,0.0013812698615052743,True,True
637,958,False,/root/autodl-tmp/borescope-new-seg-data/v1/images/train/958.jpg,/root/autodl-tmp/borescope-new-seg-data/v1/labels/train/958.txt,True,True,True,True,True,True,1,0,0,0.005834548955021557,True,True
638,959,False,/root/autodl-tmp/borescope-new-seg-data/v1/images/train/959.jpg,/root/autodl-tmp/borescope-new-seg-data/v1/labels/train/959.txt,True,True,True,True,True,True,1,0,0,0.001969073151981471,True,True
639,96,True,/root/autodl-tmp/borescope-new-seg-data/v1/images/train/96.png,/root/autodl-tmp/borescope-new-seg-data/v1/labels/train/96.txt,True,True,True,True,True,True,2,0,0,0.32727055980049036,True,True
640,960,False,/root/autodl-tmp/borescope-new-seg-data/v1/images/train/960.jpg,/root/autodl-tmp/borescope-new-seg-data/v1/labels/train/960.txt,True,True,True,True,True,True,1,0,0,0.0009823409762994562,True,True
641,961,False,/root/autodl-tmp/borescope-new-seg-data/v1/images/train/961.jpg,/root/autodl-tmp/borescope-new-seg-data/v1/labels/train/961.txt,True,True,True,True,True,True,1,0,0,0.001649219948736791,True,True
642,963,False,/root/autodl-tmp/borescope-new-seg-data/v1/images/train/963.jpg,/root/autodl-tmp/borescope-new-seg-data/v1/labels/train/963.txt,True,True,True,True,True,True,1,0,0,0.0016894552636296245,True,True
643,964,False,/root/autodl-tmp/borescope-new-seg-data/v1/images/train/964.jpg,/root/autodl-tmp/borescope-new-seg-data/v1/labels/train/964.txt,True,True,True,True,True,True,1,0,0,0.0005735672796911562,True,True
644,966,False,/root/autodl-tmp/borescope-new-seg-data/v1/images/train/966.jpg,/root/autodl-tmp/borescope-new-seg-data/v1/labels/train/966.txt,True,True,True,True,True,True,1,0,0,0.0013016552986919727,True,True
645,968,False,/root/autodl-tmp/borescope-new-seg-data/v1/images/train/968.jpg,/root/autodl-tmp/borescope-new-seg-data/v1/labels/train/968.txt,True,True,True,True,True,True,1,0,0,0.007292082298071989,True,True
646,969,False,/root/autodl-tmp/borescope-new-seg-data/v1/images/train/969.jpg,/root/autodl-tmp/borescope-new-seg-data/v1/labels/train/969.txt,True,True,True,True,True,True,1,0,0,0.0010786489136587751,True,True
647,97,True,/root/autodl-tmp/borescope-new-seg-data/v1/images/train/97.png,/root/autodl-tmp/borescope-new-seg-data/v1/labels/train/97.txt,True,True,True,True,True,True,3,0,0,0.1634467786741861,True,True
648,970,False,/root/autodl-tmp/borescope-new-seg-data/v1/images/train/970.jpg,/root/autodl-tmp/borescope-new-seg-data/v1/labels/train/970.txt,True,True,True,True,True,True,1,0,0,0.0025254081767152325,True,True
649,971,False,/root/autodl-tmp/borescope-new-seg-data/v1/images/train/971.jpg,/root/autodl-tmp/borescope-new-seg-data/v1/labels/train/971.txt,True,True,True,True,True,True,1,0,0,0.0022411927423274802,True,True
650,973,False,/root/autodl-tmp/borescope-new-seg-data/v1/images/train/973.jpg,/root/autodl-tmp/borescope-new-seg-data/v1/labels/train/973.txt,True,True,True,True,True,True,1,0,0,0.0004742630930713032,True,True
651,974,False,/root/autodl-tmp/borescope-new-seg-data/v1/images/train/974.jpg,/root/autodl-tmp/borescope-new-seg-data/v1/labels/train/974.txt,True,True,True,True,True,True,1,0,0,0.0010328491387592287,True,True
652,976,False,/root/autodl-tmp/borescope-new-seg-data/v1/images/train/976.jpg,/root/autodl-tmp/borescope-new-seg-data/v1/labels/train/976.txt,True,True,True,True,True,True,1,0,0,0.0007490617472656891,True,True
653,977,False,/root/autodl-tmp/borescope-new-seg-data/v1/images/train/977.jpg,/root/autodl-tmp/borescope-new-seg-data/v1/labels/train/977.txt,True,True,True,True,True,True,1,0,0,0.00952549720738205,True,True
654,98,True,/root/autodl-tmp/borescope-new-seg-data/v1/images/train/98.png,/root/autodl-tmp/borescope-new-seg-data/v1/labels/train/98.txt,True,True,True,True,True,True,9,0,0,0.3663315053138536,True,True
655,980,False,/root/autodl-tmp/borescope-new-seg-data/v1/images/train/980.jpg,/root/autodl-tmp/borescope-new-seg-data/v1/labels/train/980.txt,True,True,True,True,True,True,1,0,0,0.05989369315585247,True,True
656,981,False,/root/autodl-tmp/borescope-new-seg-data/v1/images/train/981.jpg,/root/autodl-tmp/borescope-new-seg-data/v1/labels/train/981.txt,True,True,True,True,True,True,1,0,0,0.0024436534351393036,True,True
657,984,False,/root/autodl-tmp/borescope-new-seg-data/v1/images/train/984.jpg,/root/autodl-tmp/borescope-new-seg-data/v1/labels/train/984.txt,True,True,True,True,True,True,1,0,0,0.031217897355900748,True,True
658,985,False,/root/autodl-tmp/borescope-new-seg-data/v1/images/train/985.jpg,/root/autodl-tmp/borescope-new-seg-data/v1/labels/train/985.txt,True,True,True,True,True,True,1,0,0,0.0005427487390754493,True,True
659,986,False,/root/autodl-tmp/borescope-new-seg-data/v1/images/train/986.jpg,/root/autodl-tmp/borescope-new-seg-data/v1/labels/train/986.txt,True,True,True,True,True,True,1,0,0,0.0007161030304514426,True,True
660,99,True,/root/autodl-tmp/borescope-new-seg-data/v1/images/train/99.png,/root/autodl-tmp/borescope-new-seg-data/v1/labels/train/99.txt,True,True,True,True,True,True,4,0,0,0.3605512892465236,True,True
661,991,False,/root/autodl-tmp/borescope-new-seg-data/v1/images/train/991.jpg,/root/autodl-tmp/borescope-new-seg-data/v1/labels/train/991.txt,True,True,True,True,True,True,1,0,0,0.0008136950744725979,True,True
662,992,False,/root/autodl-tmp/borescope-new-seg-data/v1/images/train/992.jpg,/root/autodl-tmp/borescope-new-seg-data/v1/labels/train/992.txt,True,True,True,True,True,True,2,0,0,0.001046546265820153,True,True
663,995,False,/root/autodl-tmp/borescope-new-seg-data/v1/images/train/995.jpg,/root/autodl-tmp/borescope-new-seg-data/v1/labels/train/995.txt,True,True,True,True,True,True,1,0,0,0.0016885991954419532,True,True
664,996,False,/root/autodl-tmp/borescope-new-seg-data/v1/images/train/996.jpg,/root/autodl-tmp/borescope-new-seg-data/v1/labels/train/996.txt,True,True,True,True,True,True,1,0,0,0.00759120576384234,True,True
665,997,False,/root/autodl-tmp/borescope-new-seg-data/v1/images/train/997.jpg,/root/autodl-tmp/borescope-new-seg-data/v1/labels/train/997.txt,True,True,True,True,True,True,1,0,0,0.0019432801878762618,True,True
666,998,False,/root/autodl-tmp/borescope-new-seg-data/v1/images/train/998.jpg,/root/autodl-tmp/borescope-new-seg-data/v1/labels/train/998.txt,True,True,True,True,True,True,1,0,0,0.0011967866552966555,True,True
667,999,False,/root/autodl-tmp/borescope-new-seg-data/v1/images/train/999.jpg,/root/autodl-tmp/borescope-new-seg-data/v1/labels/train/999.txt,True,True,True,True,True,True,1,0,0,0.0007378124120185348,True,True
