image_stem,seed,edit_count,families,total_refined_area_ratio,min_visible_change_ratio,mean_gray_difference,status
1,42,3,"A_small_low_contrast,D_boundary_evolution,A_small_low_contrast",0.0078466796875,0.8501362397820164,16.993945258384933,PASS
100,42,2,"D_boundary_evolution,B_diffuse_texture",0.08734619140625,0.9792662523900574,31.989111360238226,PASS
1001,42,2,"C_crack_like_structural_evolution,B_diffuse_texture",0.12858154296875002,0.9622186043900522,36.483430133073945,PASS
1003,42,3,"A_small_low_contrast,B_diffuse_texture,A_small_low_contrast",0.09364501953125,0.8789346246973365,8.011204376537306,PASS
1004,42,1,A_small_low_contrast,0.00138916015625,0.9312602291325696,7.996314586994728,PASS
1005,42,2,"C_crack_like_structural_evolution,A_small_low_contrast",0.0036254882812500003,0.8842544316996872,18.465660214448626,PASS
1008,42,3,"A_small_low_contrast,B_diffuse_texture,C_crack_like_structural_evolution",0.17147216796875,0.9734693877551021,17.121577360262048,PASS
101,42,3,"D_boundary_evolution,C_crack_like_structural_evolution,B_diffuse_texture",0.06627685546875,0.9650191072103473,35.98524727850573,PASS
102,42,3,"A_small_low_contrast,B_diffuse_texture,A_small_low_contrast",0.056186523437500004,0.941944847605225,18.68738295707485,PASS
103,42,2,"C_crack_like_structural_evolution,A_small_low_contrast",0.0062719726562499994,0.967966573816156,20.322992952203123,PASS
104,42,2,"B_diffuse_texture,C_crack_like_structural_evolution",0.03224609375,0.9795328489961722,21.562013180342205,PASS
105,42,3,"D_boundary_evolution,D_boundary_evolution,C_crack_like_structural_evolution",0.02016845703125,1.0,28.761939961413688,PASS
106,42,1,A_small_low_contrast,0.00088623046875,0.9603174603174603,7.225895316804408,PASS
107,42,2,"B_diffuse_texture,A_small_low_contrast",0.06727783203125,0.825563909774436,20.429589165748098,PASS
108,42,1,B_diffuse_texture,0.0663623046875,0.9899843391484867,10.630583879037596,PASS
109,42,2,"C_crack_like_structural_evolution,C_crack_like_structural_evolution",0.00648193359375,1.0,33.625971116519345,PASS
110,42,2,"D_boundary_evolution,A_small_low_contrast",0.008698730468749999,0.9690721649484536,21.288217201242027,PASS
111,42,3,"B_diffuse_texture,D_boundary_evolution,A_small_low_contrast",0.14465576171875,0.8558394160583942,24.690608352583357,PASS
113,42,1,C_crack_like_structural_evolution,0.0036279296875,1.0,32.63287550471063,PASS
114,42,1,A_small_low_contrast,0.00216552734375,0.9662309368191722,7.517474633596391,PASS
115,42,2,"A_small_low_contrast,C_crack_like_structural_evolution",0.004326171875,0.8662613981762918,17.33380323729456,PASS
117,42,2,"B_diffuse_texture,C_crack_like_structural_evolution",0.093994140625,0.9914296327743579,20.266049420675074,PASS
119,42,1,C_crack_like_structural_evolution,0.00353271484375,1.0,33.74770145127851,PASS
12,42,2,"D_boundary_evolution,C_crack_like_structural_evolution",0.0145166015625,0.9986376021798365,37.921286623272856,PASS
120,42,1,A_small_low_contrast,0.00197998046875,0.9001109877913429,8.337854500616523,PASS
123,42,2,"B_diffuse_texture,C_crack_like_structural_evolution",0.09153076171875,0.9387147295180878,33.55760636393971,PASS
124,42,2,"C_crack_like_structural_evolution,A_small_low_contrast",0.0044580078124999995,0.8303030303030303,15.873613301052494,PASS
129,42,3,"C_crack_like_structural_evolution,A_small_low_contrast,C_crack_like_structural_evolution",0.00796875,0.9493670886075949,21.79800767363157,PASS
13,42,1,C_crack_like_structural_evolution,0.004384765625,0.9994435169727324,30.577042873051223,PASS
131,42,1,C_crack_like_structural_evolution,0.003115234375,1.0,33.62222492163009,PASS
132,42,2,"B_diffuse_texture,D_boundary_evolution",0.11114990234375,0.99304092598291,43.74082169849221,PASS
133,42,2,"C_crack_like_structural_evolution,A_small_low_contrast",0.00273681640625,0.8141112618724559,15.863515994881643,PASS
135,42,1,A_small_low_contrast,0.00160400390625,0.876,7.220700152207002,PASS
136,42,3,"B_diffuse_texture,A_small_low_contrast,A_small_low_contrast",0.1655712890625,0.9183673469387755,36.213467744099034,PASS
137,42,1,D_boundary_evolution,0.0091552734375,0.9997334044254865,38.30452906666667,PASS
139,42,3,"C_crack_like_structural_evolution,A_small_low_contrast,B_diffuse_texture",0.156494140625,0.8448139350752177,26.56617812666698,PASS
14,42,1,D_boundary_evolution,0.0128515625,0.9911504424778761,28.66818863981763,PASS
141,42,1,C_crack_like_structural_evolution,0.00288330078125,1.0,33.889375105842504,PASS
143,42,1,C_crack_like_structural_evolution,0.00155517578125,1.0,33.295579277864995,PASS
144,42,2,"B_diffuse_texture,B_diffuse_texture",0.2258154296875,0.9646231471820014,31.238982006016496,PASS
146,42,1,C_crack_like_structural_evolution,0.00399658203125,1.0,37.170690897984116,PASS
147,42,3,"B_diffuse_texture,C_crack_like_structural_evolution,C_crack_like_structural_evolution",0.13316650390625,0.9815052802145611,42.70756279944945,PASS
148,42,1,C_crack_like_structural_evolution,0.0034912109375,1.0,34.72914195804196,PASS
149,42,1,D_boundary_evolution,0.00606689453125,0.9818253654681944,22.939814889336013,PASS
15,42,3,"D_boundary_evolution,C_crack_like_structural_evolution,B_diffuse_texture",0.08951416015625,0.9545052743237669,30.886912592686325,PASS
151,42,1,C_crack_like_structural_evolution,0.0025048828125,1.0,28.671413255360623,PASS
153,42,2,"B_diffuse_texture,B_diffuse_texture",0.303935546875,0.9539563324582101,29.57821793796655,PASS
154,42,2,"D_boundary_evolution,B_diffuse_texture",0.156201171875,0.948807986646931,20.925253001277014,PASS
155,42,1,B_diffuse_texture,0.08967529296875,0.9931592039800995,73.15881005145518,PASS
156,42,2,"A_small_low_contrast,C_crack_like_structural_evolution",0.00440185546875,0.9290780141843972,20.761842634652822,PASS
157,42,1,A_small_low_contrast,0.00180419921875,0.7044804575786463,5.404322056833557,PASS
165,42,2,"A_small_low_contrast,B_diffuse_texture",0.030476074218750003,0.9508928571428571,43.41311673105721,PASS
166,42,3,"A_small_low_contrast,B_diffuse_texture,A_small_low_contrast",0.1098974609375,0.920892494929006,19.930955214111467,PASS
167,42,3,"A_small_low_contrast,D_boundary_evolution,C_crack_like_structural_evolution",0.015532226562500001,0.9547677261613692,22.37151973135597,PASS
168,42,1,B_diffuse_texture,0.0852099609375,0.9451876726425824,35.95180004011232,PASS
169,42,1,B_diffuse_texture,0.14112548828125,0.9851054039775728,85.66801896029754,PASS
17,42,2,"B_diffuse_texture,B_diffuse_texture",0.128173828125,0.7406659939455096,81.5416009674754,PASS
170,42,1,C_crack_like_structural_evolution,0.00166259765625,1.0,32.404509544787075,PASS
171,42,1,A_small_low_contrast,0.0026171875,0.9701357466063348,8.505597014925373,PASS
173,42,3,"A_small_low_contrast,A_small_low_contrast,B_diffuse_texture",0.105517578125,0.8400852878464818,18.868564798324183,PASS
175,42,3,"C_crack_like_structural_evolution,B_diffuse_texture,D_boundary_evolution",0.134951171875,0.9741107518189167,41.733097614693015,PASS
176,42,3,"C_crack_like_structural_evolution,A_small_low_contrast,B_diffuse_texture",0.15310546875,0.936127744510978,17.302068304704584,PASS
177,42,3,"C_crack_like_structural_evolution,B_diffuse_texture,B_diffuse_texture",0.19866455078125,0.9438413487779732,49.814548251573626,PASS
179,42,3,"B_diffuse_texture,B_diffuse_texture,A_small_low_contrast",0.15599121093749999,0.8627450980392157,37.9658450752204,PASS
18,42,2,"C_crack_like_structural_evolution,A_small_low_contrast",0.005400390625,0.9612277867528272,18.673490505293024,PASS
180,42,2,"A_small_low_contrast,B_diffuse_texture",0.1316455078125,0.9334698055271239,46.840627631578954,PASS
182,42,2,"B_diffuse_texture,C_crack_like_structural_evolution",0.14354248046874998,0.9786900974599808,42.15327605280676,PASS
184,42,2,"B_diffuse_texture,B_diffuse_texture",0.29447265624999996,0.9651477512884209,41.10807682683701,PASS
185,42,3,"A_small_low_contrast,A_small_low_contrast,B_diffuse_texture",0.1491162109375,0.941923774954628,19.06159082475335,PASS
188,42,2,"C_crack_like_structural_evolution,A_small_low_contrast",0.00222900390625,0.8690476190476191,20.41493384411559,PASS
189,42,2,"B_diffuse_texture,D_boundary_evolution",0.16405029296874998,0.9679828598156223,43.696467460232,PASS
190,42,3,"B_diffuse_texture,D_boundary_evolution,B_diffuse_texture",0.217392578125,0.9582785125683817,41.10625520876624,PASS
191,42,1,B_diffuse_texture,0.0989013671875,0.9906340938546939,12.954589533448532,PASS
192,42,3,"A_small_low_contrast,A_small_low_contrast,B_diffuse_texture",0.0929248046875,0.7959697732997482,7.540910388459605,PASS
193,42,3,"B_diffuse_texture,A_small_low_contrast,A_small_low_contrast",0.1047265625,0.8667563930013459,31.595625431487743,PASS
195,42,2,"A_small_low_contrast,B_diffuse_texture",0.1619873046875,0.8603351955307262,8.921748979496318,PASS
196,42,2,"A_small_low_contrast,D_boundary_evolution",0.01868408203125,0.9564643799472295,22.86007411453771,PASS
197,42,3,"C_crack_like_structural_evolution,D_boundary_evolution,D_boundary_evolution",0.014467773437500001,0.9699570815450643,23.502212781157727,PASS
198,42,1,B_diffuse_texture,0.02356201171875,0.9820901597639158,77.71961589472593,PASS
199,42,1,C_crack_like_structural_evolution,0.0033251953125,1.0,27.759533039647575,PASS
2,42,3,"C_crack_like_structural_evolution,A_small_low_contrast,A_small_low_contrast",0.005263671875,0.8843537414965986,14.43030094464062,PASS
20,42,1,D_boundary_evolution,0.007509765625,1.0,34.820878413524056,PASS
202,42,3,"A_small_low_contrast,A_small_low_contrast,C_crack_like_structural_evolution",0.0057421875,0.9499596448748991,16.407136611782228,PASS
205,42,3,"D_boundary_evolution,B_diffuse_texture,A_small_low_contrast",0.15911376953125,0.9066059225512528,16.275838083042483,PASS
206,42,1,A_small_low_contrast,0.00240966796875,0.9554695062923524,8.155015197568389,PASS
207,42,1,D_boundary_evolution,0.00625244140625,1.0,34.51506091370558,PASS
208,42,1,B_diffuse_texture,0.13057373046875,0.9613193133818639,35.46685844099994,PASS
209,42,1,C_crack_like_structural_evolution,0.00237548828125,1.0,28.529312435765675,PASS
21,42,3,"C_crack_like_structural_evolution,C_crack_like_structural_evolution,D_boundary_evolution",0.0135693359375,0.9990384615384615,31.37649482937094,PASS
210,42,3,"C_crack_like_structural_evolution,A_small_low_contrast,B_diffuse_texture",0.018759765625,0.8692515779981965,48.93786434057707,PASS
213,42,2,"D_boundary_evolution,C_crack_like_structural_evolution",0.008906250000000001,0.9896339488176222,33.94437817389456,PASS
215,42,1,D_boundary_evolution,0.0128369140625,0.9826200710147636,46.67130905287181,PASS
216,42,1,B_diffuse_texture,0.1166943359375,0.9783845744463094,8.726803590108373,PASS
217,42,1,A_small_low_contrast,0.00119873046875,0.9264150943396227,6.004073319755601,PASS
219,42,1,C_crack_like_structural_evolution,0.00311767578125,1.0,30.12285747846515,PASS
220,42,3,"A_small_low_contrast,A_small_low_contrast,B_diffuse_texture",0.04775146484375,0.8508196721311475,25.85614007366679,PASS
221,42,2,"D_boundary_evolution,A_small_low_contrast",0.010007324218749999,0.8788221970554927,21.397963436653626,PASS
222,42,2,"B_diffuse_texture,B_diffuse_texture",0.11356933593749999,0.9800049235482371,24.199866795618355,PASS
223,42,1,C_crack_like_structural_evolution,0.00450439453125,1.0,37.24067208672086,PASS
224,42,1,C_crack_like_structural_evolution,0.00484130859375,1.0,25.241758951084215,PASS
225,42,3,"B_diffuse_texture,C_crack_like_structural_evolution,A_small_low_contrast",0.041784667968749994,0.9028662420382165,30.270208815383153,PASS
227,42,3,"C_crack_like_structural_evolution,D_boundary_evolution,A_small_low_contrast",0.013144531249999999,0.9363867684478372,24.25203710764602,PASS
228,42,3,"C_crack_like_structural_evolution,A_small_low_contrast,A_small_low_contrast",0.00513671875,0.784037558685446,17.19835628739686,PASS
23,42,1,B_diffuse_texture,0.1278076171875,0.975150882944639,99.31104110792742,PASS
233,42,1,B_diffuse_texture,0.04406494140625,0.9649807527801539,10.041830572330877,PASS
234,42,2,"A_small_low_contrast,D_boundary_evolution",0.01166015625,0.821656050955414,18.82688045749817,PASS
235,42,3,"D_boundary_evolution,A_small_low_contrast,A_small_low_contrast",0.0140625,0.8070175438596491,15.955139866457275,PASS
236,42,1,A_small_low_contrast,0.00323974609375,0.9714494875549048,8.12681989449887,PASS
237,42,2,"A_small_low_contrast,A_small_low_contrast",0.00386474609375,0.9432048681541582,7.631866620501279,PASS
238,42,2,"D_boundary_evolution,A_small_low_contrast",0.010065917968750001,0.9604790419161676,17.537655736637028,PASS
239,42,3,"B_diffuse_texture,B_diffuse_texture,A_small_low_contrast",0.1259716796875,0.8671963677639046,41.34093936934132,PASS
24,42,1,A_small_low_contrast,0.0030078125,0.95429899302866,8.418019480519481,PASS
240,42,3,"A_small_low_contrast,B_diffuse_texture,A_small_low_contrast",0.11007080078125,0.8125,41.14930906584856,PASS
243,42,2,"B_diffuse_texture,D_boundary_evolution",0.0294189453125,0.9437131184748071,20.55753865379056,PASS
249,42,3,"D_boundary_evolution,C_crack_like_structural_evolution,B_diffuse_texture",0.14067626953125,0.9833937740117051,23.72769425087463,PASS
250,42,3,"A_small_low_contrast,B_diffuse_texture,C_crack_like_structural_evolution",0.012072753906249999,0.8860103626943006,15.086944716275887,PASS
252,42,1,A_small_low_contrast,0.00296875,0.9822294022617124,8.5625,PASS
253,42,3,"B_diffuse_texture,B_diffuse_texture,A_small_low_contrast",0.15715087890624999,0.7552631578947369,25.775775169127485,PASS
254,42,3,"A_small_low_contrast,B_diffuse_texture,A_small_low_contrast",0.14981201171875,0.025179856115107913,6.44268287403792,PASS
255,42,3,"D_boundary_evolution,B_diffuse_texture,C_crack_like_structural_evolution",0.08634765625,0.9657500892770184,19.960831030269663,PASS
257,42,2,"A_small_low_contrast,B_diffuse_texture",0.019235839843749998,0.8806089743589743,9.56573142156587,PASS
258,42,2,"B_diffuse_texture,B_diffuse_texture",0.153046875,0.982416933715635,25.46856210043611,PASS
259,42,1,C_crack_like_structural_evolution,0.00330078125,1.0,32.390773668639056,PASS
26,42,2,"D_boundary_evolution,C_crack_like_structural_evolution",0.01716552734375,1.0,28.17956892315982,PASS
260,42,3,"B_diffuse_texture,C_crack_like_structural_evolution,A_small_low_contrast",0.11089111328125,0.8854314002828855,41.97901835670027,PASS
261,42,1,B_diffuse_texture,0.07314697265625,0.9785100754433521,27.377284836954708,PASS
263,42,2,"A_small_low_contrast,C_crack_like_structural_evolution",0.00541259765625,0.9379115710253998,18.248850352697435,PASS
264,42,2,"A_small_low_contrast,A_small_low_contrast",0.0039599609375,0.8407079646017699,7.07355484978398,PASS
265,42,2,"D_boundary_evolution,A_small_low_contrast",0.01051025390625,0.9605988967691096,17.503969902978174,PASS
266,42,1,A_small_low_contrast,0.00199462890625,0.8728632478632479,7.570379436964511,PASS
268,42,2,"A_small_low_contrast,A_small_low_contrast",0.00499755859375,0.8959537572254336,7.485264153213773,PASS
269,42,1,D_boundary_evolution,0.0047802734375,0.9959308240081384,34.261704290091934,PASS
27,42,2,"B_diffuse_texture,B_diffuse_texture",0.04711669921875,0.9547749971944788,47.84412579633631,PASS
270,42,2,"A_small_low_contrast,B_diffuse_texture",0.05998779296875,0.8588912886969042,31.08240442972763,PASS
271,42,2,"C_crack_like_structural_evolution,C_crack_like_structural_evolution",0.0062109374999999994,1.0,31.528675404315322,PASS
272,42,2,"A_small_low_contrast,B_diffuse_texture",0.09304443359375,0.8501259445843828,51.87132640199768,PASS
273,42,3,"B_diffuse_texture,B_diffuse_texture,C_crack_like_structural_evolution",0.1977734375,0.9624499777678969,57.63782965565423,PASS
274,42,1,A_small_low_contrast,0.000927734375,0.8444444444444444,6.3052631578947365,PASS
275,42,1,A_small_low_contrast,0.00145263671875,0.9834710743801653,7.825210084033618,PASS
276,42,2,"D_boundary_evolution,C_crack_like_structural_evolution",0.0109716796875,0.9992381919756221,34.28445003966513,PASS
277,42,1,A_small_low_contrast,0.00265869140625,0.9453125,7.512396694214876,PASS
278,42,2,"A_small_low_contrast,B_diffuse_texture",0.05750244140625,0.9194,18.461922530615496,PASS
279,42,2,"B_diffuse_texture,D_boundary_evolution",0.11881591796874999,0.9551783250407659,43.07506134445574,PASS
28,42,3,"A_small_low_contrast,A_small_low_contrast,B_diffuse_texture",0.1025,0.8491228070175438,18.844689138276056,PASS
281,42,2,"C_crack_like_structural_evolution,A_small_low_contrast",0.00514404296875,0.9132176234979973,8.274716033172648,PASS
282,42,3,"B_diffuse_texture,B_diffuse_texture,C_crack_like_structural_evolution",0.1600146484375,0.9828384636338873,53.316061138372824,PASS
283,42,1,C_crack_like_structural_evolution,0.00271728515625,1.0,42.02359389038634,PASS
284,42,2,"A_small_low_contrast,B_diffuse_texture",0.16877685546875,0.9428571428571428,25.578329163355427,PASS
285,42,2,"A_small_low_contrast,A_small_low_contrast",0.005444335937499999,0.9064039408866995,7.0070679653512435,PASS
286,42,1,B_diffuse_texture,0.13307373046875,0.9940002917791232,130.43409196983873,PASS
287,42,1,A_small_low_contrast,0.00285400390625,0.9535073409461664,6.92492386655261,PASS
288,42,1,C_crack_like_structural_evolution,0.00433349609375,1.0,27.027938591549297,PASS
289,42,3,"C_crack_like_structural_evolution,B_diffuse_texture,B_diffuse_texture",0.13106689453125,0.95562435500516,14.217533571248024,PASS
29,42,1,C_crack_like_structural_evolution,0.0017529296875,1.0,23.789182451253485,PASS
290,42,1,C_crack_like_structural_evolution,0.00348388671875,1.0,33.574479327259986,PASS
291,42,2,"A_small_low_contrast,C_crack_like_structural_evolution",0.00533935546875,0.8704954954954955,15.799578053781168,PASS
292,42,3,"D_boundary_evolution,C_crack_like_structural_evolution,C_crack_like_structural_evolution",0.01302734375,0.9903930131004367,28.11858682934277,PASS
294,42,2,"A_small_low_contrast,D_boundary_evolution",0.007490234375,0.9686221009549796,20.532606888148223,PASS
295,42,2,"B_diffuse_texture,A_small_low_contrast",0.07693115234374999,0.8758680555555556,40.72406329356362,PASS
296,42,2,"B_diffuse_texture,B_diffuse_texture",0.1624560546875,0.9575516251504769,42.663230262721086,PASS
297,42,1,B_diffuse_texture,0.05399169921875,0.9877618473357452,11.482745014695908,PASS
299,42,2,"A_small_low_contrast,A_small_low_contrast",0.00498046875,0.8547105561861521,6.63279499097626,PASS
3,42,2,"A_small_low_contrast,C_crack_like_structural_evolution",0.0051318359375,0.9590488771466315,20.53636800183388,PASS
300,42,3,"B_diffuse_texture,A_small_low_contrast,D_boundary_evolution",0.03401611328125,0.7942998760842627,31.754458175387796,PASS
301,42,1,D_boundary_evolution,0.004892578125,1.0,27.584825349301397,PASS
302,42,3,"C_crack_like_structural_evolution,B_diffuse_texture,D_boundary_evolution",0.036730957031250004,0.9613717964590813,26.94873460247381,PASS
303,42,3,"B_diffuse_texture,D_boundary_evolution,A_small_low_contrast",0.10942871093749999,0.9110169491525424,36.26784406966278,PASS
304,42,1,B_diffuse_texture,0.011962890625,0.9803921568627451,9.92204081632653,PASS
305,42,1,B_diffuse_texture,0.139814453125,0.9853237212023193,57.03353520290563,PASS
306,42,1,A_small_low_contrast,0.003408203125,0.9574759945130316,7.032951289398284,PASS
307,42,2,"B_diffuse_texture,A_small_low_contrast",0.05230712890625,0.9630709426627794,31.29259158043908,PASS
31,42,2,"A_small_low_contrast,D_boundary_evolution",0.015351562499999999,0.8791666666666667,17.549793207058745,PASS
311,42,1,C_crack_like_structural_evolution,0.0025537109375,1.0,27.673579349904397,PASS
312,42,2,"B_diffuse_texture,A_small_low_contrast",0.1568408203125,0.8843537414965986,24.402352960471063,PASS
313,42,1,B_diffuse_texture,0.1107275390625,0.9795680345572354,8.410441769193453,PASS
314,42,3,"A_small_low_contrast,C_crack_like_structural_evolution,B_diffuse_texture",0.077041015625,0.9339887640449438,45.12693947792138,PASS
315,42,2,"A_small_low_contrast,C_crack_like_structural_evolution",0.00456787109375,0.9706896551724138,18.02077265061026,PASS
316,42,1,B_diffuse_texture,0.01591552734375,0.9494611127293912,47.50425939561282,PASS
317,42,3,"B_diffuse_texture,C_crack_like_structural_evolution,B_diffuse_texture",0.13839111328125,0.9657148430832256,15.706856819884079,PASS
318,42,3,"C_crack_like_structural_evolution,D_boundary_evolution,B_diffuse_texture",0.024365234375,0.9720270449423306,32.334709580116304,PASS
319,42,2,"C_crack_like_structural_evolution,B_diffuse_texture",0.04363037109375,0.9729228695017134,42.46712905623881,PASS
321,42,3,"B_diffuse_texture,C_crack_like_structural_evolution,B_diffuse_texture",0.23617431640625,0.9632657108857029,32.91816544772604,PASS
322,42,1,C_crack_like_structural_evolution,0.0018701171875,1.0,40.44746083550913,PASS
325,42,3,"D_boundary_evolution,A_small_low_contrast,A_small_low_contrast",0.017412109375,0.8544117647058823,15.538149058383434,PASS
326,42,2,"B_diffuse_texture,C_crack_like_structural_evolution",0.15511962890625,0.9880205271603565,22.71338875020324,PASS
327,42,1,A_small_low_contrast,0.0023193359375,0.9723643807574207,7.6189473684210585,PASS
329,42,2,"A_small_low_contrast,A_small_low_contrast",0.0033886718749999998,0.8552097428958051,7.3458157524613235,PASS
33,42,2,"C_crack_like_structural_evolution,B_diffuse_texture",0.07163330078125,0.9778957595946978,54.20213731543262,PASS
331,42,2,"A_small_low_contrast,A_small_low_contrast",0.0028808593749999997,0.75,7.355399947789499,PASS
332,42,2,"A_small_low_contrast,A_small_low_contrast",0.003330078125,0.8244541484716157,6.738382768361577,PASS
333,42,3,"A_small_low_contrast,A_small_low_contrast,A_small_low_contrast",0.007197265625,0.8117913832199547,6.641377122678086,PASS
334,42,3,"B_diffuse_texture,A_small_low_contrast,C_crack_like_structural_evolution",0.07348876953125001,0.9447004608294931,36.72682638726531,PASS
335,42,3,"B_diffuse_texture,C_crack_like_structural_evolution,B_diffuse_texture",0.2730126953125,0.9640662875611727,65.2324769279035,PASS
336,42,3,"D_boundary_evolution,C_crack_like_structural_evolution,C_crack_like_structural_evolution",0.01748779296875,0.9988365328679465,30.126277012265863,PASS
337,42,3,"A_small_low_contrast,C_crack_like_structural_evolution,B_diffuse_texture",0.05091064453124999,0.9669703872437357,38.3823514827745,PASS
338,42,1,D_boundary_evolution,0.00420166015625,1.0,25.06589599070308,PASS
339,42,2,"A_small_low_contrast,B_diffuse_texture",0.07177734375,0.941972920696325,34.13744932858477,PASS
34,42,1,B_diffuse_texture,0.06992919921875,0.9694046772938031,42.34766023112104,PASS
341,42,2,"C_crack_like_structural_evolution,D_boundary_evolution",0.0131396484375,1.0,27.027910178389295,PASS
343,42,2,"A_small_low_contrast,C_crack_like_structural_evolution",0.00397705078125,0.8382559774964838,15.208621997570118,PASS
344,42,1,D_boundary_evolution,0.00365478515625,1.0,34.80994589178357,PASS
345,42,2,"A_small_low_contrast,A_small_low_contrast",0.0041479492187500005,0.9040247678018576,6.9989504041900386,PASS
346,42,3,"C_crack_like_structural_evolution,A_small_low_contrast,C_crack_like_structural_evolution",0.00755859375,0.9149952244508118,19.82830254339984,PASS
347,42,3,"A_small_low_contrast,B_diffuse_texture,C_crack_like_structural_evolution",0.15122070312500002,0.9185918591859186,30.095016314306818,PASS
348,42,3,"B_diffuse_texture,D_boundary_evolution,C_crack_like_structural_evolution",0.1017333984375,0.9996179706601467,49.79020685331574,PASS
349,42,2,"B_diffuse_texture,B_diffuse_texture",0.202890625,0.9451697127937336,21.74290490526342,PASS
352,42,2,"C_crack_like_structural_evolution,C_crack_like_structural_evolution",0.00625,1.0,32.81280338103869,PASS
354,42,2,"B_diffuse_texture,D_boundary_evolution",0.11128906250000001,0.9737612081170364,22.680248750521354,PASS
355,42,2,"C_crack_like_structural_evolution,D_boundary_evolution",0.01169189453125,1.0,31.036029198283224,PASS
356,42,1,B_diffuse_texture,0.14617919921875,0.9861161434829869,10.381469912317327,PASS
358,42,2,"A_small_low_contrast,D_boundary_evolution",0.0071997070312500005,0.881021897810219,18.877151928998178,PASS
359,42,3,"A_small_low_contrast,B_diffuse_texture,C_crack_like_structural_evolution",0.07917236328125,0.9824120603015075,33.47919041075637,PASS
360,42,3,"B_diffuse_texture,A_small_low_contrast,B_diffuse_texture",0.094697265625,0.9693251533742331,30.735506651299882,PASS
362,42,3,"D_boundary_evolution,A_small_low_contrast,C_crack_like_structural_evolution",0.01925537109375,0.8791092258748674,27.055627903199312,PASS
363,42,2,"A_small_low_contrast,B_diffuse_texture",0.11863281249999999,0.8578811369509044,34.77658529850499,PASS
365,42,2,"A_small_low_contrast,A_small_low_contrast",0.0052490234375,0.9132530120481928,7.176895679798623,PASS
366,42,3,"C_crack_like_structural_evolution,B_diffuse_texture,A_small_low_contrast",0.0737255859375,0.9139072847682119,24.973962918913063,PASS
367,42,2,"A_small_low_contrast,B_diffuse_texture",0.07428955078125,0.9583333333333334,7.981322803880545,PASS
368,42,2,"B_diffuse_texture,D_boundary_evolution",0.0728466796875,0.97876850249055,33.06098637052628,PASS
369,42,1,C_crack_like_structural_evolution,0.00301513671875,1.0,22.949714979757086,PASS
37,42,2,"A_small_low_contrast,B_diffuse_texture",0.15023193359375,0.9502118644067796,9.763879374466812,PASS
374,42,3,"A_small_low_contrast,C_crack_like_structural_evolution,C_crack_like_structural_evolution",0.00671875,0.96684350132626,20.67267828544242,PASS
376,42,2,"B_diffuse_texture,A_small_low_contrast",0.03890380859375,0.9337539432176656,30.732642435836947,PASS
377,42,1,B_diffuse_texture,0.10291259765625,0.956957025131104,30.984980214931316,PASS
378,42,1,A_small_low_contrast,0.00125,0.9309090909090909,6.487390625,PASS
379,42,1,A_small_low_contrast,0.00112060546875,0.8595505617977528,7.368191721132898,PASS
38,42,2,"D_boundary_evolution,C_crack_like_structural_evolution",0.0102783203125,0.9988134084841294,23.997002256215776,PASS
382,42,3,"B_diffuse_texture,A_small_low_contrast,B_diffuse_texture",0.14166748046875,0.8714285714285714,22.773660229223978,PASS
384,42,3,"A_small_low_contrast,B_diffuse_texture,A_small_low_contrast",0.09241455078125001,0.8746690203000883,32.05758875359802,PASS
385,42,3,"C_crack_like_structural_evolution,A_small_low_contrast,B_diffuse_texture",0.050119628906250005,0.9760765550239234,37.20887846103803,PASS
386,42,1,A_small_low_contrast,0.00109130859375,0.9490445859872612,7.123042505592841,PASS
387,42,1,C_crack_like_structural_evolution,0.00255615234375,1.0,38.72797612225406,PASS
388,42,1,A_small_low_contrast,0.00114013671875,0.43726591760299627,3.591074946466809,PASS
389,42,1,B_diffuse_texture,0.1253564453125,0.990069609147529,10.327602247497369,PASS
391,42,3,"C_crack_like_structural_evolution,D_boundary_evolution,A_small_low_contrast",0.0121484375,0.8924528301886793,13.764882828158044,PASS
393,42,1,D_boundary_evolution,0.01369873046875,0.9996436843042936,41.830018356799144,PASS
394,42,1,C_crack_like_structural_evolution,0.00251708984375,1.0,34.2539806013579,PASS
395,42,2,"C_crack_like_structural_evolution,B_diffuse_texture",0.13559814453125002,0.9717415349484426,40.659454489677884,PASS
396,42,1,D_boundary_evolution,0.00801513671875,1.0,32.375492537313434,PASS
397,42,2,"A_small_low_contrast,C_crack_like_structural_evolution",0.00686279296875,0.8606115107913669,23.748346335805323,PASS
398,42,3,"A_small_low_contrast,B_diffuse_texture,B_diffuse_texture",0.20052978515625,0.8796829971181557,29.203912193616834,PASS
399,42,3,"B_diffuse_texture,A_small_low_contrast,A_small_low_contrast",0.103994140625,0.8703703703703703,29.386791287606737,PASS
401,42,2,"C_crack_like_structural_evolution,B_diffuse_texture",0.13724853515625002,0.9810065629904409,51.960913815341605,PASS
402,42,2,"A_small_low_contrast,A_small_low_contrast",0.0039208984375,0.8314424635332253,6.546086294316655,PASS
404,42,1,B_diffuse_texture,0.08499755859375,0.9476047904191617,27.841469424098804,PASS
405,42,3,"A_small_low_contrast,B_diffuse_texture,A_small_low_contrast",0.14910400390625,0.8769414575866189,35.5464571277595,PASS
407,42,3,"C_crack_like_structural_evolution,A_small_low_contrast,B_diffuse_texture",0.15021240234375,0.9105793450881612,20.416557058701645,PASS
410,42,3,"C_crack_like_structural_evolution,A_small_low_contrast,D_boundary_evolution",0.01744873046875,0.8536009445100354,23.090921732975843,PASS
412,42,1,B_diffuse_texture,0.09574951171875,0.9942200927827212,106.0023181111196,PASS
413,42,2,"A_small_low_contrast,B_diffuse_texture",0.0411669921875,0.8986486486486487,8.73270806218366,PASS
415,42,3,"D_boundary_evolution,B_diffuse_texture,D_boundary_evolution",0.042790527343749996,0.971501616662907,27.4874243693165,PASS
417,42,3,"A_small_low_contrast,B_diffuse_texture,A_small_low_contrast",0.0895703125,0.8220973782771536,7.7163003802088355,PASS
418,42,3,"C_crack_like_structural_evolution,A_small_low_contrast,A_small_low_contrast",0.0059375,0.7814569536423841,14.059130552040331,PASS
419,42,1,D_boundary_evolution,0.00696533203125,1.0,29.722827900455663,PASS
420,42,2,"C_crack_like_structural_evolution,A_small_low_contrast",0.002705078125,0.9379157427937915,22.31629838139117,PASS
421,42,2,"B_diffuse_texture,A_small_low_contrast",0.16130126953124999,0.859704641350211,7.8477233036133835,PASS
423,42,2,"A_small_low_contrast,A_small_low_contrast",0.00238525390625,0.7702020202020202,7.160389832162373,PASS
424,42,2,"B_diffuse_texture,D_boundary_evolution",0.058505859375,0.9860555018638686,18.67486905604401,PASS
426,42,3,"B_diffuse_texture,A_small_low_contrast,A_small_low_contrast",0.108173828125,0.6996587030716723,39.097519745226926,PASS
427,42,3,"D_boundary_evolution,D_boundary_evolution,A_small_low_contrast",0.0282373046875,0.9228456913827655,23.651583832684874,PASS
428,42,1,A_small_low_contrast,0.00132568359375,0.8537735849056604,7.637200736648251,PASS
429,42,1,A_small_low_contrast,0.0026318359375,0.9590747330960854,7.954545454545458,PASS
43,42,3,"B_diffuse_texture,B_diffuse_texture,D_boundary_evolution",0.2819677734375,0.9449658703071673,55.5750313108033,PASS
431,42,1,B_diffuse_texture,0.04872802734375,0.977855078144138,31.784467708803046,PASS
434,42,1,A_small_low_contrast,0.00186767578125,0.9503105590062112,7.492810457516343,PASS
435,42,3,"C_crack_like_structural_evolution,B_diffuse_texture,B_diffuse_texture",0.24901123046874998,0.9530550080630711,26.90300233691356,PASS
436,42,2,"B_diffuse_texture,C_crack_like_structural_evolution",0.10544921875,0.9760816859380828,41.34306360754977,PASS
439,42,2,"C_crack_like_structural_evolution,A_small_low_contrast",0.00249267578125,0.7849898580121704,22.003689325393914,PASS
44,42,2,"C_crack_like_structural_evolution,A_small_low_contrast",0.00326416015625,0.9365994236311239,19.392766356035267,PASS
441,42,1,A_small_low_contrast,0.00191650390625,0.9874213836477987,9.180891719745228,PASS
442,42,2,"D_boundary_evolution,B_diffuse_texture",0.07854003906250001,0.9084935586197967,27.429465272428224,PASS
443,42,3,"A_small_low_contrast,B_diffuse_texture,A_small_low_contrast",0.165390625,0.8463508322663252,17.564372925319137,PASS
444,42,2,"B_diffuse_texture,A_small_low_contrast",0.05212158203125,0.8523809523809524,11.672011297057088,PASS
445,42,2,"B_diffuse_texture,B_diffuse_texture",0.20354248046875,0.9739760699493787,28.670547413805497,PASS
446,42,1,A_small_low_contrast,0.00204345703125,0.9097826086956522,7.666666666666667,PASS
447,42,1,A_small_low_contrast,0.001181640625,0.9184060721062619,8.1590909090909,PASS
448,42,2,"C_crack_like_structural_evolution,C_crack_like_structural_evolution",0.005480957031250001,1.0,32.13229542424764,PASS
449,42,2,"D_boundary_evolution,A_small_low_contrast",0.01416748046875,0.8558375634517766,16.2033808362511,PASS
450,42,1,C_crack_like_structural_evolution,0.00259033203125,0.9990583804143126,24.381994344957587,PASS
451,42,3,"C_crack_like_structural_evolution,C_crack_like_structural_evolution,B_diffuse_texture",0.1419384765625,0.9870311147233952,38.55281243983678,PASS
452,42,3,"A_small_low_contrast,A_small_low_contrast,C_crack_like_structural_evolution",0.0082275390625,0.8230683090705487,18.6642080163707,PASS
455,42,2,"A_small_low_contrast,C_crack_like_structural_evolution",0.005610351562499999,0.9395973154362416,19.68386114479748,PASS
456,42,1,C_crack_like_structural_evolution,0.004267578125,0.997716894977169,25.15966533180778,PASS
457,42,3,"D_boundary_evolution,A_small_low_contrast,C_crack_like_structural_evolution",0.0122412109375,0.8732747804265998,18.414993010027093,PASS
458,42,2,"A_small_low_contrast,D_boundary_evolution",0.008305664062499999,0.8495867768595041,18.96217942184954,PASS
459,42,2,"D_boundary_evolution,B_diffuse_texture",0.1373681640625,0.9781422842263319,41.52965408017336,PASS
461,42,2,"A_small_low_contrast,B_diffuse_texture",0.14298339843750002,0.9034825870646767,28.72847785216275,PASS
462,42,3,"A_small_low_contrast,C_crack_like_structural_evolution,B_diffuse_texture",0.02675048828125,0.8444084278768234,17.110345573140034,PASS
463,42,1,B_diffuse_texture,0.0146142578125,0.9994990816496911,49.78630120280655,PASS
465,42,1,A_small_low_contrast,0.00147216796875,0.8726483357452967,6.912106135986739,PASS
466,42,2,"C_crack_like_structural_evolution,D_boundary_evolution",0.0100830078125,1.0,25.49840301282051,PASS
467,42,1,B_diffuse_texture,0.02091796875,0.949468085106383,66.75309442110176,PASS
468,42,3,"A_small_low_contrast,C_crack_like_structural_evolution,A_small_low_contrast",0.00924072265625,0.8542678695350451,17.304004566551324,PASS
469,42,2,"C_crack_like_structural_evolution,D_boundary_evolution",0.015537109375,1.0,33.39054773472014,PASS
470,42,1,A_small_low_contrast,0.0033935546875,0.9666203059805285,8.074100719424461,PASS
471,42,2,"B_diffuse_texture,A_small_low_contrast",0.061008300781250004,0.9371584699453552,23.722401828255443,PASS
474,42,3,"A_small_low_contrast,C_crack_like_structural_evolution,B_diffuse_texture",0.12278076171875,0.9513274336283186,18.46539796290566,PASS
476,42,3,"C_crack_like_structural_evolution,A_small_low_contrast,A_small_low_contrast",0.00782470703125,0.8286755771567437,13.55684114402038,PASS
478,42,1,B_diffuse_texture,0.0462744140625,0.9971590909090909,73.92504057191094,PASS
48,42,1,C_crack_like_structural_evolution,0.0012841796875,1.0,34.99180228136882,PASS
480,42,1,B_diffuse_texture,0.14517822265625,0.9784289851257075,50.583748843857734,PASS
481,42,1,B_diffuse_texture,0.1119189453125,0.9917144402379665,11.219078901444089,PASS
482,42,1,A_small_low_contrast,0.00148193359375,0.9169184290030211,7.3311367380560135,PASS
483,42,1,A_small_low_contrast,0.00107421875,0.831758034026465,5.793181818181818,PASS
485,42,2,"A_small_low_contrast,B_diffuse_texture",0.04692138671875,0.8994614003590664,8.696705452793157,PASS
486,42,2,"A_small_low_contrast,C_crack_like_structural_evolution",0.00413330078125,0.9227202472952086,19.41617099946203,PASS
487,42,1,B_diffuse_texture,0.10625732421875,0.9971133359298037,53.865865427475136,PASS
488,42,3,"D_boundary_evolution,B_diffuse_texture,B_diffuse_texture",0.19195556640625,0.9705738586372079,25.200740563278234,PASS
489,42,3,"A_small_low_contrast,A_small_low_contrast,A_small_low_contrast",0.00643798828125,0.8978365384615384,8.212303953907005,PASS
49,42,3,"A_small_low_contrast,A_small_low_contrast,B_diffuse_texture",0.14530517578125,0.8229342327150084,9.0080094118273,PASS
492,42,2,"A_small_low_contrast,A_small_low_contrast",0.00354248046875,0.8951965065502183,6.89128592694378,PASS
494,42,1,C_crack_like_structural_evolution,0.00304443359375,1.0,24.653724137931032,PASS
495,42,1,A_small_low_contrast,0.00253173828125,0.9682539682539683,7.424300867888142,PASS
497,42,3,"B_diffuse_texture,A_small_low_contrast,C_crack_like_structural_evolution",0.10366455078125,0.9743303571428571,34.63161729540436,PASS
498,42,1,C_crack_like_structural_evolution,0.00405029296875,1.0,24.97615792646172,PASS
499,42,3,"A_small_low_contrast,D_boundary_evolution,A_small_low_contrast",0.007109374999999999,0.9047619047619048,13.196545514809435,PASS
50,42,3,"D_boundary_evolution,C_crack_like_structural_evolution,D_boundary_evolution",0.0214453125,0.9991991991991992,28.722338467705438,PASS
501,42,1,C_crack_like_structural_evolution,0.00447021484375,1.0,37.997804478427085,PASS
503,42,2,"C_crack_like_structural_evolution,A_small_low_contrast",0.0031665039062499997,0.8692185007974481,19.808756886833887,PASS
505,42,3,"A_small_low_contrast,A_small_low_contrast,B_diffuse_texture",0.0380029296875,0.8372781065088757,14.985823462739086,PASS
508,42,1,B_diffuse_texture,0.07078125,0.9943068797585568,11.023210230408388,PASS
510,42,2,"A_small_low_contrast,B_diffuse_texture",0.125927734375,0.9733079122974261,47.5461623559961,PASS
512,42,2,"B_diffuse_texture,B_diffuse_texture",0.23490966796874999,0.9819987323050919,10.875861824168606,PASS
513,42,3,"C_crack_like_structural_evolution,A_small_low_contrast,C_crack_like_structural_evolution",0.0103173828125,0.9714881780250347,21.97191422937017,PASS
514,42,1,A_small_low_contrast,0.002392578125,0.9790209790209791,8.918367346938776,PASS
518,42,2,"B_diffuse_texture,A_small_low_contrast",0.113115234375,0.8866197183098592,36.696363864968,PASS
52,42,3,"D_boundary_evolution,C_crack_like_structural_evolution,D_boundary_evolution",0.020871582031250002,0.9763481551561022,30.46821494063516,PASS
520,42,2,"C_crack_like_structural_evolution,A_small_low_contrast",0.005725097656250001,0.9047619047619048,17.108386812863017,PASS
524,42,3,"B_diffuse_texture,A_small_low_contrast,B_diffuse_texture",0.31884765625,0.9621928166351607,34.20683680477661,PASS
526,42,2,"C_crack_like_structural_evolution,D_boundary_evolution",0.01006103515625,0.9989384288747346,28.445459155922713,PASS
528,42,1,A_small_low_contrast,0.00328369140625,0.9676258992805755,8.074349442379182,PASS
529,42,1,C_crack_like_structural_evolution,0.0018310546875,1.0,33.33389733333333,PASS
53,42,2,"A_small_low_contrast,B_diffuse_texture",0.16829101562499998,0.8159255429162358,30.13190271414804,PASS
530,42,2,"B_diffuse_texture,B_diffuse_texture",0.14329345703125002,0.9637422627235214,10.937795655973982,PASS
531,42,1,C_crack_like_structural_evolution,0.00228515625,1.0,24.708081196581198,PASS
532,42,1,D_boundary_evolution,0.0089892578125,1.0,32.107868821292776,PASS
533,42,1,A_small_low_contrast,0.00180419921875,0.9672774869109948,7.368064952638706,PASS
534,42,2,"B_diffuse_texture,B_diffuse_texture",0.18869873046875,0.9795800512808667,15.089358344416288,PASS
536,42,3,"C_crack_like_structural_evolution,B_diffuse_texture,B_diffuse_texture",0.146728515625,0.948430007733952,52.257564985137,PASS
537,42,1,A_small_low_contrast,0.00083984375,0.9222520107238605,7.046511627906978,PASS
54,42,3,"A_small_low_contrast,D_boundary_evolution,A_small_low_contrast",0.0095361328125,0.8352941176470589,17.925186272880044,PASS
541,42,1,C_crack_like_structural_evolution,0.00232177734375,1.0,29.954853838065194,PASS
542,42,1,B_diffuse_texture,0.02798583984375,0.9863190500774394,10.875774230131729,PASS
544,42,1,C_crack_like_structural_evolution,0.00179443359375,1.0,28.090089795918367,PASS
546,42,3,"B_diffuse_texture,A_small_low_contrast,A_small_low_contrast",0.07699951171875,0.8367088607594937,21.135422501609156,PASS
547,42,2,"C_crack_like_structural_evolution,B_diffuse_texture",0.17090087890625,0.9742152308061623,18.198057061683038,PASS
55,42,2,"A_small_low_contrast,B_diffuse_texture",0.0955126953125,0.8988326848249028,8.899443575846284,PASS
551,42,1,D_boundary_evolution,0.009794921875,0.9960278053624627,35.050684197407776,PASS
553,42,1,A_small_low_contrast,0.00280517578125,0.8697956093868282,6.037423846823325,PASS
556,42,2,"C_crack_like_structural_evolution,D_boundary_evolution",0.012148437500000001,1.0,41.31118843183895,PASS
557,42,3,"D_boundary_evolution,A_small_low_contrast,A_small_low_contrast",0.0093505859375,0.9371492704826038,15.513105761271895,PASS
558,42,3,"B_diffuse_texture,C_crack_like_structural_evolution,A_small_low_contrast",0.10549560546875,0.9369602763385146,15.027141973390705,PASS
559,42,3,"D_boundary_evolution,A_small_low_contrast,C_crack_like_structural_evolution",0.019526367187499998,0.900679117147708,25.371293092980608,PASS
56,42,3,"C_crack_like_structural_evolution,A_small_low_contrast,C_crack_like_structural_evolution",0.00919189453125,0.9396024464831805,25.099921278559407,PASS
560,42,2,"A_small_low_contrast,A_small_low_contrast",0.005183105468749999,0.8837814397224631,7.377997397277802,PASS
562,42,2,"A_small_low_contrast,D_boundary_evolution",0.016672363281249998,0.8800738007380073,17.969168306168875,PASS
563,42,2,"C_crack_like_structural_evolution,A_small_low_contrast",0.00509033203125,0.8162393162393162,23.514217249687256,PASS
567,42,3,"A_small_low_contrast,B_diffuse_texture,D_boundary_evolution",0.02718505859375,0.9754601226993865,26.607084701251093,PASS
569,42,2,"C_crack_like_structural_evolution,A_small_low_contrast",0.004677734375,0.8552803129074316,20.16618402051877,PASS
57,42,2,"D_boundary_evolution,C_crack_like_structural_evolution",0.01081787109375,0.986096982027806,22.629370972235897,PASS
570,42,2,"A_small_low_contrast,C_crack_like_structural_evolution",0.00452880859375,0.9742647058823529,22.074806603773585,PASS
572,42,2,"B_diffuse_texture,A_small_low_contrast",0.1655517578125,0.9377344336084021,8.760929326923078,PASS
573,42,2,"B_diffuse_texture,D_boundary_evolution",0.17726318359374998,0.9801523627795365,38.09253410296911,PASS
578,42,3,"C_crack_like_structural_evolution,B_diffuse_texture,A_small_low_contrast",0.07259765624999999,0.9508716323296355,33.7015225567323,PASS
579,42,1,C_crack_like_structural_evolution,0.0021533203125,0.8571428571428571,26.841350340136053,PASS
58,42,2,"A_small_low_contrast,C_crack_like_structural_evolution",0.0039208984375000006,0.9517857142857142,16.81113136705315,PASS
580,42,1,C_crack_like_structural_evolution,0.00270263671875,1.0,41.13509756097561,PASS
582,42,2,"B_diffuse_texture,A_small_low_contrast",0.17473144531249998,0.9530685920577617,46.09332535790525,PASS
583,42,1,D_boundary_evolution,0.0114208984375,1.0,35.89546814878153,PASS
584,42,3,"C_crack_like_structural_evolution,C_crack_like_structural_evolution,A_small_low_contrast",0.00593017578125,0.8409810126582279,21.610514089106406,PASS
585,42,1,A_small_low_contrast,0.00198974609375,0.9532163742690059,7.87239263803681,PASS
586,42,2,"A_small_low_contrast,C_crack_like_structural_evolution",0.006562500000000001,0.85331347728965,22.147576250670575,PASS
588,42,1,B_diffuse_texture,0.05887939453125,0.9738733645614602,12.171739105195504,PASS
59,42,2,"D_boundary_evolution,C_crack_like_structural_evolution",0.014296875,1.0,35.841237069987415,PASS
590,42,3,"B_diffuse_texture,B_diffuse_texture,B_diffuse_texture",0.25820312500000003,0.954126255972317,37.826099998643684,PASS
591,42,2,"A_small_low_contrast,A_small_low_contrast",0.0035888671875,0.8721413721413721,7.001516785698764,PASS
593,42,3,"B_diffuse_texture,C_crack_like_structural_evolution,A_small_low_contrast",0.1046875,0.9748359651020261,17.420255353412205,PASS
594,42,2,"B_diffuse_texture,A_small_low_contrast",0.126171875,0.8281718281718282,32.62409955627595,PASS
6,42,3,"C_crack_like_structural_evolution,A_small_low_contrast,B_diffuse_texture",0.0534716796875,0.9663425579655947,44.25626475182136,PASS
602,42,1,B_diffuse_texture,0.013203125,0.9953984907049512,50.34809689349113,PASS
604,42,2,"C_crack_like_structural_evolution,B_diffuse_texture",0.07346435546875,0.9728912660708946,58.65269049640924,PASS
606,42,2,"D_boundary_evolution,D_boundary_evolution",0.023012695312499998,1.0,38.09787218934268,PASS
608,42,2,"B_diffuse_texture,C_crack_like_structural_evolution",0.10438964843750001,0.9940043433103578,54.45074964921385,PASS
610,42,1,A_small_low_contrast,0.0020556640625,0.9503386004514672,7.678147268408551,PASS
612,42,3,"B_diffuse_texture,B_diffuse_texture,C_crack_like_structural_evolution",0.14231689453125,0.9701622563432429,38.20973929288079,PASS
613,42,3,"C_crack_like_structural_evolution,C_crack_like_structural_evolution,C_crack_like_structural_evolution",0.006875,0.9990884229717412,31.62422728392968,PASS
615,42,2,"B_diffuse_texture,A_small_low_contrast",0.1525341796875,0.8795056642636457,45.12344841392508,PASS
616,42,2,"B_diffuse_texture,A_small_low_contrast",0.0658935546875,0.8476953907815631,8.962124108496619,PASS
617,42,2,"A_small_low_contrast,B_diffuse_texture",0.17078125,0.8595360824742269,55.89943867598567,PASS
618,42,3,"A_small_low_contrast,B_diffuse_texture,C_crack_like_structural_evolution",0.05811767578125,0.955067920585162,36.68138951622013,PASS
619,42,1,A_small_low_contrast,0.00064453125,0.8380952380952381,7.132575757575759,PASS
620,42,2,"C_crack_like_structural_evolution,B_diffuse_texture",0.05300537109375,0.8758139730286099,36.92940975461763,PASS
621,42,3,"A_small_low_contrast,A_small_low_contrast,A_small_low_contrast",0.00489990234375,0.9484346224677717,8.429779341824664,PASS
622,42,1,D_boundary_evolution,0.006416015625,1.0,28.727323059360724,PASS
623,42,2,"C_crack_like_structural_evolution,D_boundary_evolution",0.009152832031249999,1.0,34.850557418670334,PASS
624,42,3,"B_diffuse_texture,A_small_low_contrast,A_small_low_contrast",0.11639404296875,0.8788659793814433,8.082796957247844,PASS
626,42,2,"C_crack_like_structural_evolution,C_crack_like_structural_evolution",0.00489013671875,0.9974025974025974,24.72430549299932,PASS
627,42,3,"C_crack_like_structural_evolution,A_small_low_contrast,A_small_low_contrast",0.00592041015625,0.8495013599274706,17.914023512848534,PASS
628,42,3,"C_crack_like_structural_evolution,B_diffuse_texture,A_small_low_contrast",0.04092529296875,0.878323108384458,17.026914290049735,PASS
63,42,1,C_crack_like_structural_evolution,0.003935546875,1.0,38.19965818858561,PASS
630,42,1,A_small_low_contrast,0.00127685546875,0.9289520426287744,9.08221797323135,PASS
631,42,2,"A_small_low_contrast,B_diffuse_texture",0.0474560546875,0.9271457085828343,11.246839506292023,PASS
632,42,1,A_small_low_contrast,0.00313720703125,0.979420731707317,7.890272373540856,PASS
633,42,1,B_diffuse_texture,0.10471435546875,0.9815098743678345,47.9710072276235,PASS
634,42,3,"A_small_low_contrast,B_diffuse_texture,A_small_low_contrast",0.14541748046875,0.8533653846153846,8.650066503338797,PASS
636,42,3,"D_boundary_evolution,A_small_low_contrast,D_boundary_evolution",0.01721923828125,0.9586776859504132,22.490151859094045,PASS
637,42,3,"C_crack_like_structural_evolution,A_small_low_contrast,C_crack_like_structural_evolution",0.004541015625,0.9294117647058824,24.052536034446884,PASS
638,42,1,C_crack_like_structural_evolution,0.003271484375,1.0,33.85862164179104,PASS
639,42,3,"B_diffuse_texture,C_crack_like_structural_evolution,D_boundary_evolution",0.13213134765625,0.9918138647698146,24.585344690944833,PASS
64,42,3,"D_boundary_evolution,B_diffuse_texture,B_diffuse_texture",0.042998046875,0.9803100775193798,24.77930424761986,PASS
640,42,2,"A_small_low_contrast,D_boundary_evolution",0.01630126953125,0.9239940387481371,20.903201540223197,PASS
641,42,1,B_diffuse_texture,0.16535888671875,0.9781356054588779,54.56550355081129,PASS
642,42,2,"A_small_low_contrast,D_boundary_evolution",0.0083447265625,0.9727352682497801,14.486548673248153,PASS
645,42,3,"B_diffuse_texture,D_boundary_evolution,D_boundary_evolution",0.10175537109375,0.9845328115911375,34.22267093863241,PASS
65,42,1,C_crack_like_structural_evolution,0.00161376953125,1.0,37.11895612708018,PASS
650,42,1,B_diffuse_texture,0.14039306640625,0.9962233425151152,58.657807338492304,PASS
652,42,2,"B_diffuse_texture,C_crack_like_structural_evolution",0.12100341796875,0.9873608063074047,24.592508983023208,PASS
653,42,2,"A_small_low_contrast,A_small_low_contrast",0.00586669921875,0.8729198184568835,6.989749165016586,PASS
654,42,1,A_small_low_contrast,0.0031494140625,0.9684684684684685,7.920930232558138,PASS
655,42,1,B_diffuse_texture,0.14083984375,0.9847729600546261,48.43607902856746,PASS
656,42,2,"A_small_low_contrast,A_small_low_contrast",0.0024462890625,0.9559471365638766,7.049178133316024,PASS
658,42,2,"C_crack_like_structural_evolution,A_small_low_contrast",0.00418212890625,0.907185628742515,20.865008706467655,PASS
659,42,2,"A_small_low_contrast,A_small_low_contrast",0.00465087890625,0.8492791612057667,7.4889550222457935,PASS
66,42,1,B_diffuse_texture,0.00723876953125,1.0,104.18257032040472,PASS
661,42,3,"A_small_low_contrast,C_crack_like_structural_evolution,A_small_low_contrast",0.00583251953125,0.8935546875,13.633953597051828,PASS
663,42,2,"B_diffuse_texture,C_crack_like_structural_evolution",0.07783935546875001,0.9597577346945146,16.13104124356672,PASS
665,42,1,B_diffuse_texture,0.01527099609375,0.9788732394366197,11.604636290967226,PASS
666,42,1,C_crack_like_structural_evolution,0.00199462890625,1.0,28.45167564259486,PASS
667,42,1,A_small_low_contrast,0.0013232421875,0.9783393501805054,6.717712177121775,PASS
67,42,1,B_diffuse_texture,0.1607177734375,0.9932256069041476,11.829871775786113,PASS
670,42,2,"B_diffuse_texture,D_boundary_evolution",0.14531494140625,0.9521058712320134,35.444641760959385,PASS
672,42,1,C_crack_like_structural_evolution,0.00363525390625,1.0,38.577840832773674,PASS
674,42,2,"A_small_low_contrast,C_crack_like_structural_evolution",0.0023583984375,0.9593147751605996,18.671419642857142,PASS
675,42,3,"A_small_low_contrast,C_crack_like_structural_evolution,B_diffuse_texture",0.07336669921875,0.9559359905365886,20.900473304581723,PASS
676,42,3,"D_boundary_evolution,D_boundary_evolution,C_crack_like_structural_evolution",0.0225341796875,0.9878048780487805,35.96381156362088,PASS
678,42,1,B_diffuse_texture,0.03009521484375,0.9813709099593981,11.040836781049727,PASS
679,42,2,"B_diffuse_texture,A_small_low_contrast",0.1001953125,0.8545454545454545,8.213193410227165,PASS
68,42,3,"B_diffuse_texture,D_boundary_evolution,B_diffuse_texture",0.28677246093750003,0.9575906120023767,41.96415939485866,PASS
682,42,3,"B_diffuse_texture,C_crack_like_structural_evolution,B_diffuse_texture",0.06124267578125,0.9521000264154266,27.19370649736703,PASS
683,42,3,"B_diffuse_texture,C_crack_like_structural_evolution,D_boundary_evolution",0.04443115234375,0.9840615553723551,30.95478766117978,PASS
685,42,1,B_diffuse_texture,0.1081982421875,0.9984679854008021,52.23408554086375,PASS
688,42,3,"D_boundary_evolution,A_small_low_contrast,A_small_low_contrast",0.013749999999999998,0.9095607235142119,13.359585002841127,PASS
689,42,2,"B_diffuse_texture,B_diffuse_texture",0.18977294921875001,0.9666002598527501,16.85178142988157,PASS
69,42,1,C_crack_like_structural_evolution,0.00214599609375,1.0,27.722844141069395,PASS
690,42,1,C_crack_like_structural_evolution,0.0018994140625,1.0,39.6198264781491,PASS
694,42,3,"A_small_low_contrast,C_crack_like_structural_evolution,C_crack_like_structural_evolution",0.00755615234375,0.9043478260869565,23.07743721872774,PASS
695,42,1,B_diffuse_texture,0.0615087890625,0.953379247710588,54.297094506628554,PASS
696,42,1,A_small_low_contrast,0.00291259765625,0.949085123309467,6.735121542330261,PASS
697,42,2,"B_diffuse_texture,A_small_low_contrast",0.01162353515625,0.9291845493562232,9.058965360102107,PASS
698,42,3,"D_boundary_evolution,C_crack_like_structural_evolution,C_crack_like_structural_evolution",0.014873046874999999,0.9979188345473465,30.99731726794896,PASS
699,42,1,A_small_low_contrast,0.00244140625,0.9551098376313276,7.126000000000001,PASS
7,42,3,"C_crack_like_structural_evolution,C_crack_like_structural_evolution,B_diffuse_texture",0.07539794921875,0.9786359901396877,25.909979332998308,PASS
701,42,3,"B_diffuse_texture,A_small_low_contrast,C_crack_like_structural_evolution",0.15273681640625,0.9125925925925926,34.251054710580156,PASS
702,42,2,"C_crack_like_structural_evolution,B_diffuse_texture",0.05418212890625,0.9858045651763818,52.00694331337403,PASS
705,42,1,A_small_low_contrast,0.00318115234375,0.9048611111111111,6.097467382962394,PASS
707,42,2,"C_crack_like_structural_evolution,A_small_low_contrast",0.00394775390625,0.9692307692307692,21.34355356339567,PASS
708,42,1,A_small_low_contrast,0.0023828125,0.8729874776386404,7.188524590163923,PASS
71,42,3,"A_small_low_contrast,B_diffuse_texture,B_diffuse_texture",0.16298339843749998,0.8449781659388647,25.218994400482135,PASS
710,42,2,"B_diffuse_texture,B_diffuse_texture",0.14240966796875,0.9573732718894009,59.15061409189781,PASS
711,42,1,D_boundary_evolution,0.0072998046875,1.0,33.88819498327759,PASS
712,42,1,C_crack_like_structural_evolution,0.00242919921875,1.0,38.84613869346733,PASS
714,42,3,"C_crack_like_structural_evolution,D_boundary_evolution,C_crack_like_structural_evolution",0.0101904296875,1.0,34.462974970758765,PASS
715,42,1,A_small_low_contrast,0.00264892578125,0.8590657165479019,7.432490322580641,PASS
716,42,3,"A_small_low_contrast,B_diffuse_texture,C_crack_like_structural_evolution",0.05847900390625,0.8239564428312159,24.741571476757155,PASS
717,42,3,"A_small_low_contrast,D_boundary_evolution,B_diffuse_texture",0.06187255859375,0.946898405991934,15.368048158589446,PASS
719,42,3,"A_small_low_contrast,C_crack_like_structural_evolution,C_crack_like_structural_evolution",0.0069482421875,0.8081683168316832,25.696194593305318,PASS
72,42,1,C_crack_like_structural_evolution,0.00247802734375,0.9921798631476051,13.788884729064039,PASS
721,42,1,B_diffuse_texture,0.07989990234375,0.9850705836318213,11.249719742108962,PASS
724,42,1,D_boundary_evolution,0.00676025390625,0.996043165467626,27.989364391477064,PASS
726,42,2,"A_small_low_contrast,B_diffuse_texture",0.10568603515625,0.9492753623188406,19.725751054333596,PASS
727,42,2,"B_diffuse_texture,C_crack_like_structural_evolution",0.06880615234375,0.9840900965319985,30.00248004897454,PASS
728,42,2,"C_crack_like_structural_evolution,D_boundary_evolution",0.0076611328125,0.9776119402985075,25.181000528649008,PASS
73,42,1,C_crack_like_structural_evolution,0.00278564453125,1.0,28.498842243645925,PASS
731,42,2,"C_crack_like_structural_evolution,B_diffuse_texture",0.10845458984375,0.9558268200579608,31.383691163414575,PASS
732,42,1,A_small_low_contrast,0.00079345703125,0.9393063583815029,6.421538461538462,PASS
733,42,2,"A_small_low_contrast,C_crack_like_structural_evolution",0.0055566406249999995,0.8582574772431729,20.959160966096608,PASS
734,42,1,B_diffuse_texture,0.15219970703125,0.9528474918228227,34.284908487191416,PASS
735,42,1,D_boundary_evolution,0.0060205078125,1.0,36.00455312246553,PASS
737,42,2,"D_boundary_evolution,A_small_low_contrast",0.009675292968749999,0.963882618510158,23.34989768073055,PASS
740,42,3,"C_crack_like_structural_evolution,A_small_low_contrast,B_diffuse_texture",0.02182373046875,0.8855989232839838,46.027943772895334,PASS
741,42,1,B_diffuse_texture,0.07704833984375,0.9821978774392331,29.949126968535122,PASS
742,42,2,"C_crack_like_structural_evolution,B_diffuse_texture",0.14560546875,0.9774752059169608,42.85192509905532,PASS
744,42,3,"C_crack_like_structural_evolution,B_diffuse_texture,B_diffuse_texture",0.29274169921875,0.9585830378714192,36.605448745579,PASS
745,42,2,"C_crack_like_structural_evolution,B_diffuse_texture",0.12072509765624999,0.9885884903268027,47.216307003517684,PASS
746,42,1,B_diffuse_texture,0.05000244140625,0.9150656777767849,34.98625911820711,PASS
747,42,3,"B_diffuse_texture,A_small_low_contrast,C_crack_like_structural_evolution",0.038293457031250006,0.977728285077951,29.340600696924934,PASS
748,42,3,"A_small_low_contrast,C_crack_like_structural_evolution,B_diffuse_texture",0.114482421875,0.9078467153284672,33.09675364671674,PASS
75,42,2,"B_diffuse_texture,D_boundary_evolution",0.164853515625,0.9813616400515232,16.055689758840195,PASS
751,42,1,C_crack_like_structural_evolution,0.00376953125,1.0,39.30233873056995,PASS
754,42,3,"A_small_low_contrast,B_diffuse_texture,C_crack_like_structural_evolution",0.17314208984375,0.9581239530988275,35.05574989641736,PASS
755,42,2,"C_crack_like_structural_evolution,A_small_low_contrast",0.00473388671875,0.9623507805325987,19.054525376753112,PASS
756,42,3,"B_diffuse_texture,C_crack_like_structural_evolution,B_diffuse_texture",0.13661865234374998,0.9515232134679548,30.250563044474095,PASS
758,42,1,A_small_low_contrast,0.0029638671875,0.946219797349961,7.542009884678748,PASS
76,42,3,"A_small_low_contrast,B_diffuse_texture,B_diffuse_texture",0.2988134765625,0.7540322580645161,31.142110925169494,PASS
760,42,2,"B_diffuse_texture,A_small_low_contrast",0.05527099609375,0.8164435946462715,7.95889830303493,PASS
761,42,3,"C_crack_like_structural_evolution,B_diffuse_texture,B_diffuse_texture",0.16465087890625,0.9259943265764434,26.109458161625742,PASS
762,42,2,"C_crack_like_structural_evolution,C_crack_like_structural_evolution",0.006074218750000001,1.0,29.977960702584635,PASS
763,42,1,A_small_low_contrast,0.00201904296875,0.9593967517401392,6.824667472793228,PASS
764,42,3,"C_crack_like_structural_evolution,D_boundary_evolution,D_boundary_evolution",0.02322998046875,1.0,33.621806259912375,PASS
765,42,1,B_diffuse_texture,0.0390673828125,0.9923720930232558,11.583427071616049,PASS
766,42,3,"B_diffuse_texture,C_crack_like_structural_evolution,A_small_low_contrast",0.159267578125,0.9080911233307148,16.773622407095136,PASS
769,42,2,"A_small_low_contrast,D_boundary_evolution",0.01712890625,0.9392226148409893,21.6995620062945,PASS
770,42,3,"C_crack_like_structural_evolution,B_diffuse_texture,B_diffuse_texture",0.0777099609375,0.9109635915685738,23.101847081003452,PASS
771,42,2,"B_diffuse_texture,B_diffuse_texture",0.1833203125,0.9746883106016233,32.56774304331579,PASS
772,42,2,"D_boundary_evolution,B_diffuse_texture",0.1081298828125,0.9719593245813861,25.185809520835576,PASS
774,42,2,"B_diffuse_texture,B_diffuse_texture",0.1861962890625,0.9573457886203968,41.08549770038347,PASS
777,42,2,"D_boundary_evolution,A_small_low_contrast",0.01830810546875,0.9877750611246944,27.219816273818388,PASS
779,42,2,"A_small_low_contrast,D_boundary_evolution",0.0081005859375,0.8657314629258517,20.051534245784243,PASS
780,42,3,"A_small_low_contrast,C_crack_like_structural_evolution,A_small_low_contrast",0.00697998046875,0.8688524590163934,17.855623104837992,PASS
782,42,2,"D_boundary_evolution,B_diffuse_texture",0.1030224609375,0.9946224285315679,53.0154171114239,PASS
784,42,1,A_small_low_contrast,0.00235107421875,0.8683498647430117,8.009345794392523,PASS
786,42,3,"A_small_low_contrast,A_small_low_contrast,B_diffuse_texture",0.10713134765625,0.8567335243553008,8.859189950387096,PASS
787,42,2,"B_diffuse_texture,D_boundary_evolution",0.026865234374999998,0.9075694180296691,33.274414078876646,PASS
788,42,2,"D_boundary_evolution,A_small_low_contrast",0.014267578125,0.9692513368983957,23.660778307320257,PASS
789,42,1,B_diffuse_texture,0.0622509765625,0.9939578216972674,48.9856229116009,PASS
79,42,2,"D_boundary_evolution,D_boundary_evolution",0.01713134765625,1.0,35.70516773800894,PASS
790,42,2,"A_small_low_contrast,C_crack_like_structural_evolution",0.00224609375,0.9710610932475884,17.11781365331447,PASS
791,42,2,"C_crack_like_structural_evolution,A_small_low_contrast",0.006196289062500001,0.8747284576393918,21.169902823283373,PASS
794,42,3,"C_crack_like_structural_evolution,A_small_low_contrast,C_crack_like_structural_evolution",0.0053564453125,0.9682151589242054,28.129080884976435,PASS
795,42,3,"A_small_low_contrast,B_diffuse_texture,B_diffuse_texture",0.20405029296875,0.8956641341367566,37.76872744047319,PASS
796,42,1,C_crack_like_structural_evolution,0.0043701171875,0.9983268265476855,24.578805027932958,PASS
797,42,1,A_small_low_contrast,0.00250244140625,0.8671742808798646,6.747317073170719,PASS
798,42,3,"C_crack_like_structural_evolution,C_crack_like_structural_evolution,B_diffuse_texture",0.096591796875,0.9561298230382268,33.06763408667613,PASS
799,42,1,D_boundary_evolution,0.0105859375,1.0,42.171986392988934,PASS
8,42,2,"C_crack_like_structural_evolution,D_boundary_evolution",0.01058349609375,1.0,30.279590734582165,PASS
80,42,2,"B_diffuse_texture,A_small_low_contrast",0.027597656249999998,0.9311520109066121,32.901474724698694,PASS
800,42,3,"A_small_low_contrast,D_boundary_evolution,B_diffuse_texture",0.11606689453124999,0.8589065255731922,30.698727708116706,PASS
802,42,3,"B_diffuse_texture,D_boundary_evolution,A_small_low_contrast",0.0816748046875,0.9131832797427653,16.488762711776825,PASS
803,42,3,"D_boundary_evolution,B_diffuse_texture,A_small_low_contrast",0.13912353515625,0.9099756690997567,17.010555786320868,PASS
804,42,2,"C_crack_like_structural_evolution,C_crack_like_structural_evolution",0.0076904296875,1.0,37.79671963264599,PASS
805,42,2,"C_crack_like_structural_evolution,C_crack_like_structural_evolution",0.00800048828125,1.0,32.27341465427964,PASS
807,42,1,B_diffuse_texture,0.14031982421875,0.988596098937012,9.852805567638104,PASS
808,42,2,"A_small_low_contrast,A_small_low_contrast",0.00360595703125,0.946927374301676,7.504830891121276,PASS
809,42,1,B_diffuse_texture,0.1220068359375,0.9006271626297578,8.225292872293593,PASS
81,42,3,"A_small_low_contrast,A_small_low_contrast,B_diffuse_texture",0.0699755859375,0.9487406567714053,8.541439646218585,PASS
810,42,2,"B_diffuse_texture,D_boundary_evolution",0.0588671875,0.9791308617726492,21.344072486875774,PASS
812,42,3,"D_boundary_evolution,B_diffuse_texture,B_diffuse_texture",0.21822265625,0.9367918781725888,38.231165543824936,PASS
813,42,2,"A_small_low_contrast,B_diffuse_texture",0.06988769531250001,0.9427860696517413,7.826545291754895,PASS
814,42,1,D_boundary_evolution,0.01605224609375,1.0,50.555911026615966,PASS
815,42,2,"C_crack_like_structural_evolution,B_diffuse_texture",0.023359375,0.9826856003986049,24.15376362266169,PASS
816,42,1,A_small_low_contrast,0.00119140625,0.9494163424124513,6.348360655737705,PASS
817,42,3,"C_crack_like_structural_evolution,B_diffuse_texture,C_crack_like_structural_evolution",0.17033935546874998,0.9726666955755027,36.62919775498925,PASS
818,42,3,"C_crack_like_structural_evolution,C_crack_like_structural_evolution,D_boundary_evolution",0.013583984375,1.0,26.559370624970004,PASS
82,42,3,"C_crack_like_structural_evolution,C_crack_like_structural_evolution,D_boundary_evolution",0.01446533203125,0.9958620689655172,22.56335451816075,PASS
821,42,1,D_boundary_evolution,0.01446044921875,1.0,27.046624176937357,PASS
822,42,3,"B_diffuse_texture,A_small_low_contrast,C_crack_like_structural_evolution",0.07587646484375,0.7605337078651685,32.03655177781147,PASS
825,42,3,"B_diffuse_texture,A_small_low_contrast,A_small_low_contrast",0.018483886718750002,0.878323108384458,8.534714098952492,PASS
826,42,2,"B_diffuse_texture,A_small_low_contrast",0.08122070312499999,0.9709794437726723,8.935447370374341,PASS
828,42,2,"D_boundary_evolution,A_small_low_contrast",0.0132080078125,0.8620689655172413,24.0379397089397,PASS
83,42,1,B_diffuse_texture,0.0733544921875,0.9919445361505448,77.77198821806563,PASS
830,42,1,A_small_low_contrast,0.00236328125,0.9593657086223984,8.544061983471073,PASS
831,42,1,C_crack_like_structural_evolution,0.00302978515625,1.0,23.05491861402095,PASS
832,42,3,"C_crack_like_structural_evolution,D_boundary_evolution,C_crack_like_structural_evolution",0.008955078125,1.0,28.639972259678206,PASS
833,42,1,A_small_low_contrast,0.00129638671875,0.855072463768116,6.419962335216573,PASS
834,42,3,"B_diffuse_texture,D_boundary_evolution,A_small_low_contrast",0.1367333984375,0.9698600645855759,15.016251721574875,PASS
835,42,2,"B_diffuse_texture,B_diffuse_texture",0.14346923828125,0.9845648728205902,34.4013762671467,PASS
838,42,3,"D_boundary_evolution,B_diffuse_texture,B_diffuse_texture",0.16359619140625,0.9708010980783629,34.81249390289191,PASS
84,42,2,"B_diffuse_texture,A_small_low_contrast",0.13920654296875,0.868824531516184,39.33298390167331,PASS
844,42,2,"B_diffuse_texture,C_crack_like_structural_evolution",0.016977539062499998,0.9600903614457831,25.264841201852906,PASS
847,42,3,"A_small_low_contrast,B_diffuse_texture,C_crack_like_structural_evolution",0.09716796875,0.9476961394769614,15.151493603617164,PASS
85,42,3,"B_diffuse_texture,B_diffuse_texture,D_boundary_evolution",0.20141357421875,0.9530052537716296,18.59248502738446,PASS
850,42,1,D_boundary_evolution,0.01268798828125,1.0,41.03332749663267,PASS
852,42,3,"C_crack_like_structural_evolution,C_crack_like_structural_evolution,C_crack_like_structural_evolution",0.0078955078125,1.0,35.882240711559255,PASS
854,42,1,A_small_low_contrast,0.0026025390625,0.9655797101449275,7.681050656660413,PASS
855,42,1,C_crack_like_structural_evolution,0.00419189453125,1.0,34.413476412347116,PASS
856,42,1,B_diffuse_texture,0.06967041015625,0.9643484725601514,30.546161895083575,PASS
859,42,1,C_crack_like_structural_evolution,0.0030615234375,0.9960285941223193,30.496960127591702,PASS
86,42,3,"B_diffuse_texture,B_diffuse_texture,C_crack_like_structural_evolution",0.058466796875,0.94756052141527,28.96204099568261,PASS
860,42,2,"B_diffuse_texture,A_small_low_contrast",0.1250048828125,0.9260628465804066,28.399472276409295,PASS
861,42,3,"A_small_low_contrast,B_diffuse_texture,B_diffuse_texture",0.132470703125,0.9378563738586068,24.503101666897393,PASS
862,42,1,A_small_low_contrast,0.001806640625,0.959792477302205,7.881081081081081,PASS
866,42,3,"B_diffuse_texture,B_diffuse_texture,C_crack_like_structural_evolution",0.01157470703125,0.9611510791366906,35.090649859404806,PASS
868,42,2,"C_crack_like_structural_evolution,D_boundary_evolution",0.010344238281250001,1.0,32.98222862023583,PASS
871,42,1,C_crack_like_structural_evolution,0.002744140625,1.0,25.104407473309607,PASS
872,42,3,"A_small_low_contrast,B_diffuse_texture,B_diffuse_texture",0.2880224609375,0.8895705521472392,22.671326783732322,PASS
873,42,2,"B_diffuse_texture,A_small_low_contrast",0.14786376953125,0.9184451219512195,20.951489924338166,PASS
874,42,3,"C_crack_like_structural_evolution,A_small_low_contrast,D_boundary_evolution",0.01634521484375,0.96415770609319,23.66912584214369,PASS
875,42,3,"D_boundary_evolution,C_crack_like_structural_evolution,B_diffuse_texture",0.13200927734375,0.9940628849532502,21.00515503534935,PASS
879,42,1,D_boundary_evolution,0.009306640625,1.0,31.84646353620147,PASS
88,42,3,"B_diffuse_texture,B_diffuse_texture,A_small_low_contrast",0.043559570312500004,0.8495575221238938,14.162243788552955,PASS
883,42,3,"C_crack_like_structural_evolution,A_small_low_contrast,B_diffuse_texture",0.09557373046875,0.9001490312965723,24.183763724312573,PASS
884,42,3,"C_crack_like_structural_evolution,B_diffuse_texture,A_small_low_contrast",0.16072265624999998,0.917963224893918,40.43122794683898,PASS
885,42,1,A_small_low_contrast,0.00141845703125,0.9416531604538088,6.633390705679864,PASS
886,42,1,B_diffuse_texture,0.09477294921875,0.9769472757015226,71.82985254643344,PASS
887,42,2,"B_diffuse_texture,C_crack_like_structural_evolution",0.04708984375,0.9947869081528457,47.60480309052704,PASS
889,42,2,"A_small_low_contrast,C_crack_like_structural_evolution",0.003369140625,0.9707401032702238,19.214037820713397,PASS
89,42,3,"B_diffuse_texture,A_small_low_contrast,B_diffuse_texture",0.08982421875,0.912621359223301,67.90205105009538,PASS
890,42,2,"C_crack_like_structural_evolution,A_small_low_contrast",0.0063232421875,0.9531821506949525,16.880052149394054,PASS
891,42,2,"D_boundary_evolution,B_diffuse_texture",0.06060546875,0.943025149986094,39.110144228910315,PASS
892,42,2,"B_diffuse_texture,B_diffuse_texture",0.193994140625,0.9120651463721694,35.847918416532984,PASS
893,42,2,"D_boundary_evolution,B_diffuse_texture",0.07962646484375,0.951862464183381,16.908310037563506,PASS
894,42,3,"A_small_low_contrast,A_small_low_contrast,A_small_low_contrast",0.00568603515625,0.8233618233618234,6.516408710796756,PASS
895,42,1,B_diffuse_texture,0.02356201171875,0.9707302353651177,22.58993596518496,PASS
898,42,2,"B_diffuse_texture,B_diffuse_texture",0.1017529296875,0.938089806076947,28.502757818110993,PASS
899,42,2,"C_crack_like_structural_evolution,C_crack_like_structural_evolution",0.00610107421875,1.0,29.850574695001715,PASS
9,42,1,D_boundary_evolution,0.00474609375,0.9948822927328557,25.40819187242798,PASS
900,42,1,A_small_low_contrast,0.0029541015625,0.9490196078431372,8.105785123966943,PASS
901,42,3,"C_crack_like_structural_evolution,C_crack_like_structural_evolution,B_diffuse_texture",0.0621337890625,0.9799819878827575,39.28172052853273,PASS
902,42,3,"B_diffuse_texture,D_boundary_evolution,C_crack_like_structural_evolution",0.0921240234375,0.944078947368421,38.04446389438818,PASS
903,42,1,D_boundary_evolution,0.0085595703125,0.9787828029034059,29.790119224187105,PASS
904,42,3,"B_diffuse_texture,B_diffuse_texture,C_crack_like_structural_evolution",0.29483398437499997,0.9735406122751776,27.409942853890886,PASS
908,42,1,D_boundary_evolution,0.01058837890625,1.0,31.42062554761355,PASS
909,42,3,"A_small_low_contrast,A_small_low_contrast,A_small_low_contrast",0.00613037109375,0.9249291784702549,6.791184468719912,PASS
91,42,3,"B_diffuse_texture,C_crack_like_structural_evolution,B_diffuse_texture",0.0950439453125,0.9265864170010403,21.960502035826206,PASS
911,42,2,"A_small_low_contrast,B_diffuse_texture",0.08285400390625,0.9649459005277278,24.80528464504971,PASS
912,42,2,"B_diffuse_texture,C_crack_like_structural_evolution",0.04150390625,0.9817682926829269,22.123824013998394,PASS
913,42,1,C_crack_like_structural_evolution,0.00207763671875,1.0,36.61681551116334,PASS
914,42,3,"B_diffuse_texture,A_small_low_contrast,A_small_low_contrast",0.10675781250000001,0.7878228782287823,19.840650315684904,PASS
916,42,3,"C_crack_like_structural_evolution,C_crack_like_structural_evolution,A_small_low_contrast",0.008264160156249999,0.904,22.56718378741329,PASS
917,42,1,B_diffuse_texture,0.1376171875,0.9696219080056422,11.018113113823446,PASS
918,42,3,"A_small_low_contrast,C_crack_like_structural_evolution,B_diffuse_texture",0.06554443359374999,0.75625,29.913017823151392,PASS
919,42,1,B_diffuse_texture,0.03406005859375,0.8991943280696101,47.989189233746686,PASS
920,42,3,"A_small_low_contrast,B_diffuse_texture,A_small_low_contrast",0.0097998046875,0.8895306859205776,25.78134112374309,PASS
921,42,1,C_crack_like_structural_evolution,0.00228759765625,1.0,34.44702774813234,PASS
923,42,1,D_boundary_evolution,0.00605712890625,0.9920031987205118,30.58617775090689,PASS
927,42,3,"C_crack_like_structural_evolution,A_small_low_contrast,B_diffuse_texture",0.14937744140624998,0.8656036446469249,19.134053448270674,PASS
929,42,1,D_boundary_evolution,0.006162109375,1.0,31.936628367670366,PASS
93,42,1,A_small_low_contrast,0.00253173828125,0.8978354978354979,6.397299903567984,PASS
930,42,2,"C_crack_like_structural_evolution,A_small_low_contrast",0.0046411132812499995,0.9700665188470067,19.16862357282094,PASS
931,42,2,"A_small_low_contrast,D_boundary_evolution",0.0065112304687499995,0.9836829836829837,19.021438781283315,PASS
934,42,1,D_boundary_evolution,0.0045166015625,1.0,31.721406486486487,PASS
935,42,2,"C_crack_like_structural_evolution,C_crack_like_structural_evolution",0.004833984375,1.0,28.87333808645585,PASS
936,42,2,"A_small_low_contrast,C_crack_like_structural_evolution",0.003818359375,0.9107981220657277,20.297919200597033,PASS
938,42,3,"C_crack_like_structural_evolution,A_small_low_contrast,A_small_low_contrast",0.007158203125,0.9601181683899557,14.356739905231954,PASS
94,42,2,"B_diffuse_texture,A_small_low_contrast",0.12214111328124999,0.966497461928934,27.722657276860247,PASS
941,42,2,"A_small_low_contrast,C_crack_like_structural_evolution",0.00343017578125,0.8403361344537815,22.173335143288075,PASS
942,42,1,B_diffuse_texture,0.0235595703125,0.9727822580645161,26.43110549222798,PASS
943,42,1,B_diffuse_texture,0.0309521484375,0.9643998174349612,24.2266945890519,PASS
944,42,3,"B_diffuse_texture,C_crack_like_structural_evolution,B_diffuse_texture",0.13602783203125,0.958848843464228,23.156820060438104,PASS
945,42,3,"C_crack_like_structural_evolution,B_diffuse_texture,C_crack_like_structural_evolution",0.054638671875,0.9733606557377049,21.240564730539962,PASS
947,42,1,A_small_low_contrast,0.00073974609375,0.9805825242718447,7.369636963696367,PASS
949,42,1,A_small_low_contrast,0.00293701171875,0.8234086242299795,6.258520365752287,PASS
95,42,3,"D_boundary_evolution,B_diffuse_texture,D_boundary_evolution",0.031953125,0.9626238690219733,42.35936651577391,PASS
950,42,1,A_small_low_contrast,0.00286865234375,0.8710155670867309,6.4297872340425535,PASS
952,42,3,"B_diffuse_texture,D_boundary_evolution,C_crack_like_structural_evolution",0.177822265625,0.9783149210295822,22.81725012863214,PASS
953,42,1,A_small_low_contrast,0.001865234375,0.9757343550446999,8.193717277486911,PASS
954,42,3,"B_diffuse_texture,D_boundary_evolution,D_boundary_evolution",0.04240966796875,0.9692462311557789,26.000913615336028,PASS
958,42,3,"A_small_low_contrast,C_crack_like_structural_evolution,B_diffuse_texture",0.05314697265625,0.9229340761374187,15.064241966325264,PASS
959,42,2,"B_diffuse_texture,B_diffuse_texture",0.1023095703125,0.9573859945433286,21.608523918698616,PASS
96,42,3,"B_diffuse_texture,C_crack_like_structural_evolution,B_diffuse_texture",0.2448388671875,0.9404173182862053,27.90229286354135,PASS
960,42,2,"A_small_low_contrast,A_small_low_contrast",0.0038330078125,0.9363957597173145,7.827291539866097,PASS
961,42,1,C_crack_like_structural_evolution,0.00462890625,1.0,27.75989556962025,PASS
963,42,1,A_small_low_contrast,0.00275390625,0.9502948609941028,7.48404255319149,PASS
964,42,3,"C_crack_like_structural_evolution,B_diffuse_texture,C_crack_like_structural_evolution",0.15012939453125002,0.9947012420561225,30.61686478507941,PASS
966,42,1,C_crack_like_structural_evolution,0.0035302734375,1.0,28.951793914246192,PASS
968,42,2,"C_crack_like_structural_evolution,B_diffuse_texture",0.07878662109375001,0.9821601524666479,24.309853959037007,PASS
969,42,3,"B_diffuse_texture,B_diffuse_texture,B_diffuse_texture",0.27324951171875,0.966745695033691,35.9596245835364,PASS
97,42,2,"C_crack_like_structural_evolution,B_diffuse_texture",0.1198583984375,0.9861459651160379,19.89614128934342,PASS
970,42,2,"A_small_low_contrast,D_boundary_evolution",0.013623046875000001,0.9752883031301482,17.14695661479443,PASS
971,42,3,"C_crack_like_structural_evolution,D_boundary_evolution,B_diffuse_texture",0.12062500000000001,0.9714880156253317,23.690034658359966,PASS
973,42,3,"A_small_low_contrast,D_boundary_evolution,A_small_low_contrast",0.01232666015625,0.8686224489795918,13.788665343718847,PASS
974,42,3,"C_crack_like_structural_evolution,C_crack_like_structural_evolution,C_crack_like_structural_evolution",0.009421386718749999,1.0,31.298366599403703,PASS
976,42,3,"B_diffuse_texture,B_diffuse_texture,D_boundary_evolution",0.03614501953125,0.929419113054341,15.183046186325894,PASS
977,42,1,C_crack_like_structural_evolution,0.0011865234375,1.0,39.62847942386831,PASS
98,42,3,"A_small_low_contrast,B_diffuse_texture,C_crack_like_structural_evolution",0.10237548828125,0.9594771241830066,41.50592279941089,PASS
980,42,1,A_small_low_contrast,0.00088623046875,0.9603174603174603,7.862258953168044,PASS
981,42,3,"A_small_low_contrast,C_crack_like_structural_evolution,A_small_low_contrast",0.00651611328125,0.8649940262843488,14.345861293225667,PASS
984,42,1,C_crack_like_structural_evolution,0.00364013671875,1.0,35.223512407780014,PASS
985,42,2,"B_diffuse_texture,A_small_low_contrast",0.11375,0.9415730337078652,28.75380303617913,PASS
986,42,3,"A_small_low_contrast,D_boundary_evolution,D_boundary_evolution",0.02431640625,0.9181532004197271,26.63413706147502,PASS
99,42,3,"C_crack_like_structural_evolution,B_diffuse_texture,D_boundary_evolution",0.12740234375,0.994190329846128,49.381519473521024,PASS
991,42,2,"D_boundary_evolution,A_small_low_contrast",0.0056591796875,0.841743119266055,15.883238006770698,PASS
992,42,1,B_diffuse_texture,0.01016357421875,0.9607662127855989,10.77276002882536,PASS
995,42,1,C_crack_like_structural_evolution,0.00393310546875,1.0,37.132959652389815,PASS
996,42,3,"B_diffuse_texture,B_diffuse_texture,D_boundary_evolution",0.187255859375,0.9705171475231356,67.86984353440776,PASS
997,42,2,"A_small_low_contrast,A_small_low_contrast",0.00392822265625,0.9288321167883211,7.619650022106315,PASS
998,42,1,B_diffuse_texture,0.0484912109375,0.9375059001227225,39.20757763568623,PASS
999,42,3,"C_crack_like_structural_evolution,A_small_low_contrast,A_small_low_contrast",0.00578125,0.9304635761589404,16.71842227400393,PASS
1,1,1,A_small_low_contrast,0.00285888671875,0.8610294117647059,7.508966695132366,PASS
100,1,1,C_crack_like_structural_evolution,0.00198974609375,0.9690844233055886,13.001565644171778,PASS
1001,1,1,A_small_low_contrast,0.00186767578125,0.9671302149178256,8.437908496732026,PASS
1003,1,1,B_diffuse_texture,0.08694580078125,0.9590918883981472,38.71301075449976,PASS
1004,1,3,"C_crack_like_structural_evolution,A_small_low_contrast,A_small_low_contrast",0.0043798828124999994,0.9628180039138943,17.436229345806233,PASS
1005,1,2,"C_crack_like_structural_evolution,B_diffuse_texture",0.11990478515625,0.9408311718704292,17.71317844711436,PASS
1008,1,3,"B_diffuse_texture,A_small_low_contrast,B_diffuse_texture",0.16534423828125,0.8149171270718232,30.652771963502545,PASS
101,1,1,C_crack_like_structural_evolution,0.0015625,0.9846153846153847,28.7006171875,PASS
102,1,2,"A_small_low_contrast,B_diffuse_texture",0.0682421875,0.8672566371681416,33.698961085670796,PASS
103,1,3,"B_diffuse_texture,A_small_low_contrast,B_diffuse_texture",0.22618408203124998,0.8506493506493507,26.205989012695294,PASS
104,1,3,"A_small_low_contrast,B_diffuse_texture,B_diffuse_texture",0.28291748046875,0.9407894736842105,29.24637147980414,PASS
105,1,3,"A_small_low_contrast,C_crack_like_structural_evolution,B_diffuse_texture",0.07367919921875,0.8684701492537313,15.605521684843884,PASS
106,1,2,"B_diffuse_texture,A_small_low_contrast",0.066376953125,0.9010989010989011,24.537101503784044,PASS
107,1,1,A_small_low_contrast,0.00161865234375,0.9404255319148936,7.957226244343891,PASS
108,1,1,C_crack_like_structural_evolution,0.002470703125,0.9990128331688055,23.83090513833992,PASS
109,1,2,"A_small_low_contrast,B_diffuse_texture",0.052167968749999995,0.931918008784773,73.17595514966517,PASS
110,1,1,D_boundary_evolution,0.00715576171875,0.9996589358799455,31.35763596042306,PASS
111,1,3,"A_small_low_contrast,D_boundary_evolution,B_diffuse_texture",0.08372802734375001,0.9321078191714742,21.592750137871576,PASS
113,1,3,"C_crack_like_structural_evolution,A_small_low_contrast,B_diffuse_texture",0.0653564453125,0.8502340093603744,28.783457674339243,PASS
114,1,2,"C_crack_like_structural_evolution,A_small_low_contrast",0.0061621093750000005,0.8977973568281938,18.50433050153398,PASS
115,1,2,"B_diffuse_texture,B_diffuse_texture",0.19673583984374998,0.97637466025507,36.80822290172287,PASS
117,1,3,"D_boundary_evolution,D_boundary_evolution,A_small_low_contrast",0.013662109375,0.9758793969849247,23.65251133831254,PASS
119,1,1,B_diffuse_texture,0.16092041015625,0.9975784359723336,93.44014931804043,PASS
12,1,1,C_crack_like_structural_evolution,0.0036279296875,1.0,26.009746971736202,PASS
120,1,2,"B_diffuse_texture,C_crack_like_structural_evolution",0.1543359375,0.9781184032263146,18.720920213946254,PASS
123,1,1,D_boundary_evolution,0.0097802734375,0.9937980649962789,34.73354543185222,PASS
124,1,1,B_diffuse_texture,0.02608154296875,0.9891666666666666,48.42443864083123,PASS
129,1,2,"B_diffuse_texture,A_small_low_contrast",0.04567138671875,0.7728494623655914,29.534849852290925,PASS
13,1,1,A_small_low_contrast,0.00111328125,0.8366972477064221,7.543859649122807,PASS
131,1,1,B_diffuse_texture,0.0586181640625,0.9273850907686365,30.10468663057059,PASS
132,1,3,"A_small_low_contrast,C_crack_like_structural_evolution,B_diffuse_texture",0.0835205078125,0.9043760129659644,38.44370223305696,PASS
133,1,2,"D_boundary_evolution,B_diffuse_texture",0.0988623046875,0.9578451283653596,22.606721495544505,PASS
135,1,3,"C_crack_like_structural_evolution,C_crack_like_structural_evolution,A_small_low_contrast",0.0072265625,0.9587458745874587,23.62831100293299,PASS
136,1,3,"D_boundary_evolution,B_diffuse_texture,B_diffuse_texture",0.1201025390625,0.9647697583278902,10.196923178043189,PASS
137,1,3,"B_diffuse_texture,A_small_low_contrast,B_diffuse_texture",0.216357421875,0.9556886227544911,46.69558515266824,PASS
139,1,2,"A_small_low_contrast,A_small_low_contrast",0.004716796875,0.8434704830053668,8.132946003600576,PASS
14,1,1,C_crack_like_structural_evolution,0.00338134765625,1.0,40.64031335740072,PASS
141,1,3,"B_diffuse_texture,B_diffuse_texture,C_crack_like_structural_evolution",0.2181396484375,0.9698805608447291,33.44174898585637,PASS
143,1,1,A_small_low_contrast,0.0024169921875,0.838272650296359,5.915151515151515,PASS
144,1,1,B_diffuse_texture,0.11958740234375,0.9571852894047759,8.048322703795193,PASS
146,1,1,B_diffuse_texture,0.08074462890625,0.9937501877948379,104.98995957427509,PASS
147,1,2,"B_diffuse_texture,C_crack_like_structural_evolution",0.11689208984375,0.9823157984555655,54.62932125863908,PASS
148,1,2,"B_diffuse_texture,B_diffuse_texture",0.24462646484375,0.9355552695920731,51.2381028052078,PASS
149,1,2,"A_small_low_contrast,C_crack_like_structural_evolution",0.0040966796875,0.9172535211267606,20.349220264865288,PASS
15,1,2,"D_boundary_evolution,B_diffuse_texture",0.170283203125,0.969711809574689,37.90528857058189,PASS
151,1,2,"A_small_low_contrast,A_small_low_contrast",0.005688476562499999,0.9147084421235857,7.951923370199566,PASS
153,1,1,D_boundary_evolution,0.00934814453125,0.980035833120041,30.144168190127967,PASS
154,1,2,"C_crack_like_structural_evolution,C_crack_like_structural_evolution",0.00637451171875,1.0,31.464440117663884,PASS
155,1,3,"B_diffuse_texture,C_crack_like_structural_evolution,D_boundary_evolution",0.13398925781249998,0.9809809243760839,28.163824302544068,PASS
156,1,3,"A_small_low_contrast,C_crack_like_structural_evolution,B_diffuse_texture",0.11870605468749999,0.9331476323119777,21.120667173754,PASS
157,1,3,"B_diffuse_texture,B_diffuse_texture,D_boundary_evolution",0.27365478515625,0.9773135457037527,54.933921222729616,PASS
165,1,2,"B_diffuse_texture,D_boundary_evolution",0.06156982421875,0.9680053847879739,31.132752783334386,PASS
166,1,3,"C_crack_like_structural_evolution,C_crack_like_structural_evolution,A_small_low_contrast",0.00547119140625,0.9125964010282777,21.514044488538442,PASS
167,1,3,"D_boundary_evolution,C_crack_like_structural_evolution,C_crack_like_structural_evolution",0.015534667968749999,1.0,34.58552582922815,PASS
168,1,3,"B_diffuse_texture,D_boundary_evolution,B_diffuse_texture",0.163994140625,0.9782437883047267,29.338459317588857,PASS
169,1,3,"A_small_low_contrast,D_boundary_evolution,B_diffuse_texture",0.1385791015625,0.9447576099210823,37.00723867402093,PASS
17,1,2,"B_diffuse_texture,A_small_low_contrast",0.13833984375,0.9060987415295256,7.003705197911835,PASS
170,1,1,B_diffuse_texture,0.15170166015625,0.9563658191220834,32.271723707291954,PASS
171,1,1,A_small_low_contrast,0.0028515625,0.9419354838709677,8.570205479452055,PASS
173,1,1,D_boundary_evolution,0.0072265625,0.999662276258021,22.27418986486487,PASS
175,1,1,B_diffuse_texture,0.14367431640625,0.922513794833208,8.471942021104862,PASS
176,1,1,A_small_low_contrast,0.0015087890625,0.944954128440367,7.394454692556635,PASS
177,1,3,"A_small_low_contrast,B_diffuse_texture,B_diffuse_texture",0.196318359375,0.8274021352313167,19.69031535155514,PASS
179,1,1,B_diffuse_texture,0.11218505859375,0.9810204953031597,65.8492261757089,PASS
18,1,1,B_diffuse_texture,0.0758740234375,0.9858520492323309,11.373985359418239,PASS
180,1,1,A_small_low_contrast,0.00298583984375,0.9614779874213837,7.384300899427637,PASS
182,1,1,A_small_low_contrast,0.00058349609375,0.746875,5.447698744769875,PASS
184,1,3,"C_crack_like_structural_evolution,C_crack_like_structural_evolution,A_small_low_contrast",0.00818115234375,0.8587075575027382,21.722976026433653,PASS
185,1,2,"D_boundary_evolution,B_diffuse_texture",0.12742919921875,0.9691764805918116,21.5477851643625,PASS
188,1,3,"B_diffuse_texture,B_diffuse_texture,D_boundary_evolution",0.077060546875,0.9795685959271169,40.35513489875672,PASS
189,1,1,A_small_low_contrast,0.001796875,0.9328263624841572,6.46875,PASS
190,1,2,"C_crack_like_structural_evolution,A_small_low_contrast",0.00498046875,0.9670487106017192,21.735904639804637,PASS
191,1,2,"C_crack_like_structural_evolution,B_diffuse_texture",0.14332763671874998,0.9889729210612063,23.3556847579467,PASS
192,1,3,"D_boundary_evolution,A_small_low_contrast,B_diffuse_texture",0.1566357421875,0.9499582985821518,35.98482739763788,PASS
193,1,3,"B_diffuse_texture,A_small_low_contrast,D_boundary_evolution",0.17557861328125,0.9428533855460417,16.888177123283114,PASS
195,1,3,"B_diffuse_texture,A_small_low_contrast,A_small_low_contrast",0.0497900390625,0.9517985611510792,9.814144173907048,PASS
196,1,1,A_small_low_contrast,0.00140380859375,0.9395424836601307,6.979130434782609,PASS
197,1,2,"B_diffuse_texture,B_diffuse_texture",0.2224169921875,0.9335809042303305,80.17721253763295,PASS
198,1,2,"A_small_low_contrast,B_diffuse_texture",0.10037841796875001,0.8916201117318435,37.083065721637226,PASS
199,1,1,B_diffuse_texture,0.11169189453125,0.9842939822285334,80.34033760300771,PASS
2,1,2,"D_boundary_evolution,A_small_low_contrast",0.00586669921875,0.9620253164556962,16.858998298123716,PASS
20,1,3,"A_small_low_contrast,B_diffuse_texture,D_boundary_evolution",0.033090820312500005,0.9000999000999002,20.116058355683148,PASS
202,1,1,C_crack_like_structural_evolution,0.00357177734375,1.0,24.091304169514693,PASS
205,1,2,"A_small_low_contrast,A_small_low_contrast",0.0029345703125,0.8655980271270037,7.497917378917382,PASS
206,1,1,B_diffuse_texture,0.0137646484375,0.9606406542852275,7.853316778999646,PASS
207,1,1,B_diffuse_texture,0.0500341796875,0.9841056422569028,10.505635210305456,PASS
208,1,2,"B_diffuse_texture,C_crack_like_structural_evolution",0.1694677734375,0.9670721357850071,32.03474331969693,PASS
209,1,1,C_crack_like_structural_evolution,0.00183349609375,1.0,32.91620905459387,PASS
21,1,3,"A_small_low_contrast,B_diffuse_texture,B_diffuse_texture",0.07424316406249999,0.8413978494623656,20.107642983097755,PASS
210,1,1,C_crack_like_structural_evolution,0.0044677734375,0.9983633387888707,20.25645245901639,PASS
213,1,1,B_diffuse_texture,0.1595458984375,0.9918496820313567,93.745506503443,PASS
215,1,2,"D_boundary_evolution,A_small_low_contrast",0.008908691406249999,0.96,15.710214326260346,PASS
216,1,2,"B_diffuse_texture,C_crack_like_structural_evolution",0.1121630859375,0.9778725441134876,22.456628836370676,PASS
217,1,2,"A_small_low_contrast,A_small_low_contrast",0.0033251953125000002,0.8513513513513513,6.199108315700244,PASS
219,1,2,"B_diffuse_texture,B_diffuse_texture",0.09275146484375,0.987704280155642,96.27753440827723,PASS
220,1,1,C_crack_like_structural_evolution,0.00254150390625,1.0,37.59562151777137,PASS
221,1,1,C_crack_like_structural_evolution,0.00342041015625,1.0,39.04844896502498,PASS
222,1,1,C_crack_like_structural_evolution,0.00280517578125,0.9991304347826087,24.626979112271535,PASS
223,1,3,"B_diffuse_texture,B_diffuse_texture,D_boundary_evolution",0.08910400390624999,0.9591787439613526,40.66087043476659,PASS
224,1,2,"C_crack_like_structural_evolution,B_diffuse_texture",0.06656982421874999,0.9343682108066438,18.994461166914707,PASS
225,1,3,"D_boundary_evolution,B_diffuse_texture,C_crack_like_structural_evolution",0.17798828125,0.978887685908029,19.06095264950105,PASS
227,1,2,"C_crack_like_structural_evolution,B_diffuse_texture",0.14068603515625,0.9627701208099371,32.89036888824721,PASS
228,1,1,D_boundary_evolution,0.00985107421875,0.9992570579494799,31.002532837670383,PASS
23,1,1,B_diffuse_texture,0.066640625,0.9743699578782038,86.41048732415005,PASS
233,1,2,"A_small_low_contrast,A_small_low_contrast",0.003037109375,0.9085603112840467,6.220049661163151,PASS
234,1,3,"C_crack_like_structural_evolution,B_diffuse_texture,D_boundary_evolution",0.055361328125000005,0.9836425640136408,46.040342644024655,PASS
235,1,1,C_crack_like_structural_evolution,0.00133544921875,1.0,32.91704570383912,PASS
236,1,2,"A_small_low_contrast,B_diffuse_texture",0.0643896484375,0.8583877995642701,40.784365567047494,PASS
237,1,2,"A_small_low_contrast,C_crack_like_structural_evolution",0.007067871093749999,0.958966565349544,20.23549278233308,PASS
238,1,3,"A_small_low_contrast,A_small_low_contrast,A_small_low_contrast",0.007990722656250001,0.9237029501525941,7.368738264220252,PASS
239,1,2,"A_small_low_contrast,A_small_low_contrast",0.0039306640625,0.8558139534883721,7.160042673107883,PASS
24,1,2,"B_diffuse_texture,B_diffuse_texture",0.16231445312499998,0.9398346761536047,10.304322861487375,PASS
240,1,2,"D_boundary_evolution,B_diffuse_texture",0.09850830078125,0.9511966332015008,36.038773926270764,PASS
243,1,3,"C_crack_like_structural_evolution,C_crack_like_structural_evolution,C_crack_like_structural_evolution",0.0056176757812499995,1.0,27.194037041858834,PASS
249,1,2,"A_small_low_contrast,D_boundary_evolution",0.009465332031249999,0.8676844783715013,26.617203984873722,PASS
250,1,2,"A_small_low_contrast,A_small_low_contrast",0.00393310546875,0.8838896952104499,7.340973188433046,PASS
252,1,1,B_diffuse_texture,0.17319580078125,0.9918072895549932,11.191264924373774,PASS
253,1,2,"C_crack_like_structural_evolution,D_boundary_evolution",0.01410400390625,0.9997860962566845,30.050865624579323,PASS
254,1,1,D_boundary_evolution,0.0076171875,0.9961685823754789,39.9155625,PASS
255,1,3,"B_diffuse_texture,C_crack_like_structural_evolution,A_small_low_contrast",0.16447998046875,0.9779705974913456,34.529226567248806,PASS
257,1,3,"D_boundary_evolution,C_crack_like_structural_evolution,B_diffuse_texture",0.11898681640625,0.9494288971584676,34.98816503984622,PASS
258,1,3,"A_small_low_contrast,B_diffuse_texture,C_crack_like_structural_evolution",0.04255859375,0.930576070901034,12.442817701785131,PASS
259,1,1,B_diffuse_texture,0.07812255859375,0.9702546998180716,10.129472796024876,PASS
26,1,1,C_crack_like_structural_evolution,0.00160400390625,1.0,28.90603957382039,PASS
260,1,3,"B_diffuse_texture,C_crack_like_structural_evolution,D_boundary_evolution",0.0942822265625,0.9818687730006284,16.286422313615212,PASS
261,1,1,B_diffuse_texture,0.1407763671875,0.9761969255773008,10.709071554923518,PASS
263,1,2,"B_diffuse_texture,B_diffuse_texture",0.07190673828125,0.9733799237611181,26.12142827227864,PASS
264,1,2,"D_boundary_evolution,A_small_low_contrast",0.01056640625,0.9116214335421016,21.89783226468163,PASS
265,1,1,A_small_low_contrast,0.0006640625,0.7838616714697406,6.702205882352942,PASS
266,1,2,"A_small_low_contrast,A_small_low_contrast",0.0045556640625,0.8856868395773295,8.049633497555053,PASS
268,1,1,B_diffuse_texture,0.1496484375,0.9609029628468412,38.122101066953796,PASS
269,1,2,"A_small_low_contrast,C_crack_like_structural_evolution",0.00421875,0.8893499308437067,20.880620735893814,PASS
27,1,3,"B_diffuse_texture,D_boundary_evolution,A_small_low_contrast",0.1627294921875,0.9285714285714286,37.5904424491865,PASS
270,1,3,"B_diffuse_texture,D_boundary_evolution,D_boundary_evolution",0.15319091796874998,0.9712755598831548,41.1506510503346,PASS
271,1,2,"B_diffuse_texture,A_small_low_contrast",0.027744140624999997,0.8701421800947867,18.95204568718802,PASS
272,1,2,"A_small_low_contrast,D_boundary_evolution",0.01499267578125,0.8342696629213483,17.95035099022394,PASS
273,1,2,"B_diffuse_texture,A_small_low_contrast",0.14718994140625,0.7061909758656874,61.07594527411041,PASS
274,1,2,"A_small_low_contrast,C_crack_like_structural_evolution",0.00489501953125,0.8436080467229072,20.575111893071462,PASS
275,1,3,"B_diffuse_texture,A_small_low_contrast,B_diffuse_texture",0.188173828125,0.9715383640893543,25.597067158678314,PASS
276,1,3,"A_small_low_contrast,C_crack_like_structural_evolution,D_boundary_evolution",0.0127734375,0.9587912087912088,26.270646573419427,PASS
277,1,3,"A_small_low_contrast,C_crack_like_structural_evolution,B_diffuse_texture",0.1233544921875,0.9713506139154161,26.659372112457902,PASS
278,1,3,"A_small_low_contrast,D_boundary_evolution,C_crack_like_structural_evolution",0.013837890625,0.9139344262295082,19.95856654824673,PASS
279,1,2,"A_small_low_contrast,A_small_low_contrast",0.00507568359375,0.8986636971046771,6.902684286666201,PASS
28,1,3,"D_boundary_evolution,D_boundary_evolution,C_crack_like_structural_evolution",0.02364013671875,1.0,31.65800495126956,PASS
281,1,3,"D_boundary_evolution,C_crack_like_structural_evolution,C_crack_like_structural_evolution",0.01466552734375,1.0,31.047670233308565,PASS
282,1,1,D_boundary_evolution,0.00885009765625,1.0,28.534102068965517,PASS
283,1,2,"D_boundary_evolution,B_diffuse_texture",0.049248046875,0.9616828973330788,20.29248918694278,PASS
284,1,3,"D_boundary_evolution,A_small_low_contrast,C_crack_like_structural_evolution",0.01823974609375,0.8652246256239601,21.31669493478159,PASS
285,1,1,A_small_low_contrast,0.0025341796875,0.8466557911908646,5.727360308285164,PASS
286,1,3,"D_boundary_evolution,C_crack_like_structural_evolution,B_diffuse_texture",0.15535644531249998,0.9767364572947823,19.66671514649541,PASS
287,1,3,"C_crack_like_structural_evolution,B_diffuse_texture,A_small_low_contrast",0.12626220703125,0.8571428571428571,15.554323805087884,PASS
288,1,3,"C_crack_like_structural_evolution,B_diffuse_texture,C_crack_like_structural_evolution",0.08613037109375,0.9948770491803278,53.03248520624069,PASS
289,1,3,"B_diffuse_texture,B_diffuse_texture,A_small_low_contrast",0.11257080078125001,0.8855237789203085,36.982206793311576,PASS
29,1,3,"C_crack_like_structural_evolution,C_crack_like_structural_evolution,D_boundary_evolution",0.02015380859375,1.0,30.496297523106907,PASS
290,1,3,"C_crack_like_structural_evolution,C_crack_like_structural_evolution,B_diffuse_texture",0.13556640625,0.9394077608588871,23.47981679225055,PASS
291,1,1,A_small_low_contrast,0.0019482421875,0.8489361702127659,7.333333333333333,PASS
292,1,2,"D_boundary_evolution,C_crack_like_structural_evolution",0.01068115234375,0.9889867841409692,30.226875136685173,PASS
294,1,2,"C_crack_like_structural_evolution,B_diffuse_texture",0.08639892578125001,0.9707090297187839,17.800503250401064,PASS
295,1,1,B_diffuse_texture,0.052216796875,0.9910569482415087,12.033633719842904,PASS
296,1,2,"B_diffuse_texture,A_small_low_contrast",0.04686279296875,0.9230182926829268,10.009419610715534,PASS
297,1,3,"D_boundary_evolution,A_small_low_contrast,B_diffuse_texture",0.1087060546875,0.9285714285714286,42.717283957010785,PASS
299,1,1,B_diffuse_texture,0.1214501953125,0.991114121772394,70.88657395569491,PASS
3,1,2,"A_small_low_contrast,B_diffuse_texture",0.12383544921875,0.8891089108910891,10.314014985187578,PASS
300,1,3,"A_small_low_contrast,C_crack_like_structural_evolution,C_crack_like_structural_evolution",0.00746337890625,0.8526315789473684,21.620118956354684,PASS
301,1,2,"A_small_low_contrast,B_diffuse_texture",0.15052734375,0.9084158415841584,40.08010463215259,PASS
302,1,2,"C_crack_like_structural_evolution,C_crack_like_structural_evolution",0.0079248046875,1.0,35.23797150348734,PASS
303,1,1,D_boundary_evolution,0.00800537109375,0.9802690582959641,17.97636870997255,PASS
304,1,1,D_boundary_evolution,0.00972412109375,1.0,25.252266633191063,PASS
305,1,2,"A_small_low_contrast,D_boundary_evolution",0.009521484375,0.9246353322528363,17.551734393280345,PASS
306,1,1,A_small_low_contrast,0.00081298828125,0.9224376731301939,5.960960960960961,PASS
307,1,3,"B_diffuse_texture,A_small_low_contrast,A_small_low_contrast",0.10712402343750001,0.8999106344950849,8.580362272007994,PASS
31,1,1,B_diffuse_texture,0.15642578125,0.969627264335114,51.59691611000125,PASS
311,1,2,"B_diffuse_texture,C_crack_like_structural_evolution",0.0122900390625,0.9587628865979382,19.511513684663804,PASS
312,1,3,"D_boundary_evolution,A_small_low_contrast,A_small_low_contrast",0.01111328125,0.8227091633466136,13.673379407133872,PASS
313,1,2,"B_diffuse_texture,B_diffuse_texture",0.135107421875,0.974328198973128,64.36847857715193,PASS
314,1,3,"C_crack_like_structural_evolution,D_boundary_evolution,C_crack_like_structural_evolution",0.01432373046875,1.0,32.78458060161838,PASS
315,1,1,B_diffuse_texture,0.1333984375,0.9660195891234398,51.20817562225476,PASS
316,1,2,"C_crack_like_structural_evolution,A_small_low_contrast",0.0041699218750000005,0.878657487091222,19.429448256197723,PASS
317,1,3,"C_crack_like_structural_evolution,A_small_low_contrast,B_diffuse_texture",0.07599853515625,0.7440426128399215,16.165890987130783,PASS
318,1,3,"B_diffuse_texture,A_small_low_contrast,B_diffuse_texture",0.31099853515625003,0.9491525423728814,43.64933314440247,PASS
319,1,3,"A_small_low_contrast,C_crack_like_structural_evolution,C_crack_like_structural_evolution",0.005791015625,0.9578587699316629,19.627190360625672,PASS
321,1,3,"A_small_low_contrast,C_crack_like_structural_evolution,A_small_low_contrast",0.00771728515625,0.861611374407583,18.181109355430227,PASS
322,1,1,A_small_low_contrast,0.00152099609375,0.9842022116903634,7.516853932584272,PASS
325,1,1,A_small_low_contrast,0.00283935546875,0.9748533109807209,9.13499570077386,PASS
326,1,2,"A_small_low_contrast,B_diffuse_texture",0.16596191406250002,0.8817345597897503,48.528729246544465,PASS
327,1,3,"B_diffuse_texture,A_small_low_contrast,D_boundary_evolution",0.1795947265625,0.9049733570159858,35.147888406856005,PASS
329,1,2,"B_diffuse_texture,C_crack_like_structural_evolution",0.160361328125,0.9783814923743974,52.08023834464647,PASS
33,1,1,B_diffuse_texture,0.0752197265625,0.9879116298457691,93.68058565400842,PASS
331,1,2,"B_diffuse_texture,B_diffuse_texture",0.17135986328125002,0.9663377918699687,50.97258892929993,PASS
332,1,3,"C_crack_like_structural_evolution,C_crack_like_structural_evolution,D_boundary_evolution",0.02022216796875,1.0,32.32680359776911,PASS
333,1,1,B_diffuse_texture,0.06019775390625,0.9798132326644149,81.69149272012004,PASS
334,1,3,"B_diffuse_texture,B_diffuse_texture,C_crack_like_structural_evolution",0.311728515625,0.9526206090183519,66.17504542630822,PASS
335,1,2,"A_small_low_contrast,A_small_low_contrast",0.0034643554687500003,0.8734567901234568,7.1640277760677655,PASS
336,1,2,"A_small_low_contrast,C_crack_like_structural_evolution",0.0056982421875,0.9441277080957811,14.70952084897127,PASS
337,1,2,"C_crack_like_structural_evolution,C_crack_like_structural_evolution",0.00583251953125,0.9978858350951374,35.21106558303032,PASS
338,1,3,"C_crack_like_structural_evolution,C_crack_like_structural_evolution,A_small_low_contrast",0.00907958984375,0.9657643312101911,25.72919701401507,PASS
339,1,3,"D_boundary_evolution,C_crack_like_structural_evolution,D_boundary_evolution",0.02144775390625,1.0,29.866321085217777,PASS
34,1,3,"B_diffuse_texture,B_diffuse_texture,D_boundary_evolution",0.1152099609375,0.9628094782701094,48.19828433296191,PASS
341,1,2,"D_boundary_evolution,B_diffuse_texture",0.03808837890625,0.9912717034256218,29.758217632912064,PASS
343,1,1,D_boundary_evolution,0.0127978515625,0.9954424610710216,28.631992750858448,PASS
344,1,1,C_crack_like_structural_evolution,0.0020751953125,1.0,34.860704705882355,PASS
345,1,1,B_diffuse_texture,0.141494140625,0.9889427342843492,92.36346209193182,PASS
346,1,3,"D_boundary_evolution,C_crack_like_structural_evolution,B_diffuse_texture",0.09814941406250001,0.9743547948926922,23.129244131037222,PASS
347,1,1,A_small_low_contrast,0.00114013671875,0.9810924369747899,7.929336188436837,PASS
348,1,1,C_crack_like_structural_evolution,0.0018408203125,0.9666666666666667,7.804197612732096,PASS
349,1,2,"D_boundary_evolution,A_small_low_contrast",0.009404296875,0.86875,19.387071721991333,PASS
352,1,3,"C_crack_like_structural_evolution,B_diffuse_texture,C_crack_like_structural_evolution",0.02286865234375,0.9958594897822893,60.146609321738985,PASS
354,1,1,A_small_low_contrast,0.00260986328125,0.7517580872011251,5.448205799812909,PASS
355,1,2,"C_crack_like_structural_evolution,B_diffuse_texture",0.04316162109375,0.9678128523111612,18.810285793307365,PASS
356,1,1,B_diffuse_texture,0.16323974609375,0.9637354242638262,40.41271932159789,PASS
358,1,2,"D_boundary_evolution,C_crack_like_structural_evolution",0.01642333984375,1.0,32.278449960437875,PASS
359,1,3,"D_boundary_evolution,A_small_low_contrast,C_crack_like_structural_evolution",0.01036865234375,0.8628026412325752,21.068362875328802,PASS
360,1,3,"A_small_low_contrast,A_small_low_contrast,A_small_low_contrast",0.007763671875,0.8063492063492064,6.858045747400792,PASS
362,1,1,B_diffuse_texture,0.07850830078125,0.9768226002430134,43.89330099200796,PASS
363,1,3,"A_small_low_contrast,C_crack_like_structural_evolution,B_diffuse_texture",0.06452148437500001,0.960960960960961,10.827919613676386,PASS
365,1,1,B_diffuse_texture,0.021318359375,0.9598768824887326,11.52676065048099,PASS
366,1,3,"C_crack_like_structural_evolution,D_boundary_evolution,A_small_low_contrast",0.00866943359375,0.8985890652557319,16.647864960630965,PASS
367,1,3,"B_diffuse_texture,B_diffuse_texture,A_small_low_contrast",0.17661621093750002,0.8225039619651348,34.467022584054526,PASS
368,1,1,D_boundary_evolution,0.00964599609375,1.0,32.566421665401165,PASS
369,1,3,"C_crack_like_structural_evolution,B_diffuse_texture,C_crack_like_structural_evolution",0.07136474609375,0.9267248531510305,32.55421798370193,PASS
37,1,3,"C_crack_like_structural_evolution,B_diffuse_texture,C_crack_like_structural_evolution",0.07767089843750001,0.9685102558341091,23.03852943507228,PASS
374,1,2,"A_small_low_contrast,D_boundary_evolution",0.007783203125000001,0.5937172774869109,15.082194886370898,PASS
376,1,1,D_boundary_evolution,0.00799072265625,1.0,24.59606324472961,PASS
377,1,1,B_diffuse_texture,0.11858642578125,0.9797486737801804,11.666885841928643,PASS
378,1,1,B_diffuse_texture,0.170869140625,0.994712905059693,12.302981568268846,PASS
379,1,3,"A_small_low_contrast,A_small_low_contrast,B_diffuse_texture",0.16030517578125,0.9188948306595366,18.504886873773007,PASS
38,1,2,"C_crack_like_structural_evolution,B_diffuse_texture",0.12226562499999999,0.9771290405691976,16.91271889279412,PASS
382,1,2,"D_boundary_evolution,A_small_low_contrast",0.01029296875,0.9409937888198758,20.074641297936868,PASS
384,1,1,B_diffuse_texture,0.01422607421875,0.9839581222559945,93.53414673073623,PASS
385,1,2,"C_crack_like_structural_evolution,B_diffuse_texture",0.09093505859374999,0.9890685058473953,14.962739420752179,PASS
386,1,2,"A_small_low_contrast,C_crack_like_structural_evolution",0.002900390625,0.7830188679245284,23.278363068888975,PASS
387,1,1,A_small_low_contrast,0.00179443359375,0.9595300261096605,7.036734693877551,PASS
388,1,2,"D_boundary_evolution,B_diffuse_texture",0.05020263671875,0.9242693110647182,33.01221711062275,PASS
389,1,2,"B_diffuse_texture,A_small_low_contrast",0.048283691406249996,0.8491228070175438,26.125429810196298,PASS
391,1,1,D_boundary_evolution,0.00622314453125,1.0,28.774462534327185,PASS
393,1,3,"C_crack_like_structural_evolution,A_small_low_contrast,A_small_low_contrast",0.0090771484375,0.8932698844323589,16.45144064176193,PASS
394,1,3,"B_diffuse_texture,C_crack_like_structural_evolution,C_crack_like_structural_evolution",0.13099609375,0.9739187295656235,45.67548701814965,PASS
395,1,3,"B_diffuse_texture,A_small_low_contrast,A_small_low_contrast",0.054155273437500005,0.8269525267993875,22.235679335555304,PASS
396,1,1,D_boundary_evolution,0.01125244140625,0.9989163415691374,32.16062334562811,PASS
397,1,1,A_small_low_contrast,0.00290283203125,0.9000757002271007,7.565180824222035,PASS
398,1,3,"A_small_low_contrast,C_crack_like_structural_evolution,B_diffuse_texture",0.063173828125,0.9246894409937888,16.312906015551786,PASS
399,1,2,"D_boundary_evolution,D_boundary_evolution",0.016179199218750002,1.0,37.37596652352168,PASS
401,1,3,"C_crack_like_structural_evolution,D_boundary_evolution,B_diffuse_texture",0.16315185546875,0.9783783783783784,53.476568349011906,PASS
402,1,3,"B_diffuse_texture,C_crack_like_structural_evolution,C_crack_like_structural_evolution",0.14334960937500002,0.974449308474458,21.015317323733072,PASS
404,1,3,"C_crack_like_structural_evolution,D_boundary_evolution,A_small_low_contrast",0.0121923828125,0.867741935483871,25.356486165640987,PASS
405,1,1,D_boundary_evolution,0.00825927734375,1.0,31.200873780668044,PASS
407,1,3,"A_small_low_contrast,A_small_low_contrast,D_boundary_evolution",0.01143310546875,0.9731663685152058,15.728226629384887,PASS
410,1,1,B_diffuse_texture,0.07234130859375,0.9369486166007905,27.316190071209203,PASS
412,1,1,B_diffuse_texture,0.1124609375,0.9894320817939686,95.10902079715177,PASS
413,1,1,D_boundary_evolution,0.0068359375,1.0,23.583164642857145,PASS
415,1,1,C_crack_like_structural_evolution,0.00425537109375,1.0,40.23015547905909,PASS
417,1,3,"A_small_low_contrast,A_small_low_contrast,D_boundary_evolution",0.016584472656249998,0.912621359223301,14.44045901454173,PASS
418,1,3,"D_boundary_evolution,A_small_low_contrast,C_crack_like_structural_evolution",0.0114892578125,0.8635514018691589,25.845483119954995,PASS
419,1,2,"D_boundary_evolution,B_diffuse_texture",0.14423095703125,0.9858912787546951,30.363536580385457,PASS
420,1,2,"B_diffuse_texture,B_diffuse_texture",0.15725341796875,0.9874069834001145,45.84527105761937,PASS
421,1,3,"A_small_low_contrast,B_diffuse_texture,B_diffuse_texture",0.22526367187500002,0.9420274308482108,9.212405810606725,PASS
423,1,3,"D_boundary_evolution,C_crack_like_structural_evolution,C_crack_like_structural_evolution",0.014228515625,1.0,25.929096890726328,PASS
424,1,3,"D_boundary_evolution,A_small_low_contrast,D_boundary_evolution",0.01666015625,0.8717948717948718,20.27564622203883,PASS
426,1,2,"C_crack_like_structural_evolution,D_boundary_evolution",0.00868896484375,0.9987096774193548,32.99491293079852,PASS
427,1,2,"B_diffuse_texture,D_boundary_evolution",0.1425927734375,0.9769961808331112,54.68994275539423,PASS
428,1,2,"A_small_low_contrast,A_small_low_contrast",0.00374267578125,0.8562037797863599,7.4281285793026886,PASS
429,1,2,"C_crack_like_structural_evolution,B_diffuse_texture",0.1745263671875,0.9832021366319933,68.17346200647408,PASS
43,1,1,B_diffuse_texture,0.05802978515625,0.9923597194388778,67.43624881147713,PASS
431,1,2,"A_small_low_contrast,B_diffuse_texture",0.16101318359375,0.9471910112359551,41.56433312867293,PASS
434,1,3,"D_boundary_evolution,B_diffuse_texture,A_small_low_contrast",0.0674951171875,0.9337899543378996,16.988541823371104,PASS
435,1,1,D_boundary_evolution,0.00760986328125,1.0,38.988047160731476,PASS
436,1,3,"D_boundary_evolution,A_small_low_contrast,D_boundary_evolution",0.01197998046875,0.8820895522388059,22.514440311595667,PASS
439,1,1,D_boundary_evolution,0.00438720703125,1.0,24.16134891485809,PASS
44,1,1,B_diffuse_texture,0.0741455078125,0.9627211056869334,9.73122772472835,PASS
441,1,3,"A_small_low_contrast,A_small_low_contrast,D_boundary_evolution",0.01013916015625,0.7883755588673621,17.800140691297273,PASS
442,1,3,"B_diffuse_texture,B_diffuse_texture,A_small_low_contrast",0.2543359375,0.9129707112970711,23.005562572083715,PASS
443,1,2,"C_crack_like_structural_evolution,B_diffuse_texture",0.12923095703124998,0.9775317054703767,39.083612831684185,PASS
444,1,1,C_crack_like_structural_evolution,0.00165283203125,1.0,35.25614771048745,PASS
445,1,3,"C_crack_like_structural_evolution,A_small_low_contrast,C_crack_like_structural_evolution",0.00567138671875,0.9132653061224489,20.400599004846992,PASS
446,1,1,D_boundary_evolution,0.01229248046875,1.0,38.85399106256206,PASS
447,1,2,"C_crack_like_structural_evolution,A_small_low_contrast",0.00431396484375,0.8498498498498499,16.032039125227396,PASS
448,1,2,"C_crack_like_structural_evolution,B_diffuse_texture",0.02924560546875,0.9907578558225508,25.241806761165588,PASS
449,1,3,"D_boundary_evolution,B_diffuse_texture,A_small_low_contrast",0.1009521484375,0.9126413155190134,27.372310987504743,PASS
450,1,3,"C_crack_like_structural_evolution,B_diffuse_texture,C_crack_like_structural_evolution",0.07896972656250001,0.9942702737897581,34.36124467594941,PASS
451,1,1,C_crack_like_structural_evolution,0.00410888671875,1.0,27.42987462863933,PASS
452,1,1,C_crack_like_structural_evolution,0.00316650390625,1.0,34.084368542791054,PASS
455,1,1,C_crack_like_structural_evolution,0.00152099609375,1.0,43.86731460674157,PASS
456,1,3,"C_crack_like_structural_evolution,B_diffuse_texture,B_diffuse_texture",0.3165380859375,0.9616682134912568,16.359163428659194,PASS
457,1,3,"C_crack_like_structural_evolution,A_small_low_contrast,A_small_low_contrast",0.0070263671875,0.8668639053254438,16.449424908161497,PASS
458,1,1,C_crack_like_structural_evolution,0.00302001953125,1.0,37.986591754244145,PASS
459,1,3,"C_crack_like_structural_evolution,D_boundary_evolution,A_small_low_contrast",0.01232421875,0.8344594594594594,29.587864972170493,PASS
461,1,1,B_diffuse_texture,0.080986328125,0.9825247319471595,9.408202279030506,PASS
462,1,1,B_diffuse_texture,0.13728759765625,0.9553362101185825,40.15756580655487,PASS
463,1,2,"B_diffuse_texture,A_small_low_contrast",0.1174853515625,0.9722222222222222,9.114762589058031,PASS
465,1,2,"B_diffuse_texture,D_boundary_evolution",0.125361328125,0.9954936332065487,22.405020204613834,PASS
466,1,3,"B_diffuse_texture,C_crack_like_structural_evolution,C_crack_like_structural_evolution",0.017575683593750002,0.9737405174090644,26.900717942646022,PASS
467,1,2,"D_boundary_evolution,D_boundary_evolution",0.02293701171875,0.9978696207925011,27.359080244108625,PASS
468,1,1,A_small_low_contrast,0.001962890625,0.9370629370629371,6.254975124378113,PASS
469,1,1,C_crack_like_structural_evolution,0.00378173828125,1.0,27.536379599741768,PASS
470,1,1,C_crack_like_structural_evolution,0.0028564453125,1.0,35.333708547008555,PASS
471,1,3,"A_small_low_contrast,C_crack_like_structural_evolution,B_diffuse_texture",0.1300341796875,0.9411764705882353,37.94159082449004,PASS
474,1,3,"D_boundary_evolution,A_small_low_contrast,A_small_low_contrast",0.0133154296875,0.8790560471976401,16.19762358607807,PASS
476,1,3,"B_diffuse_texture,A_small_low_contrast,C_crack_like_structural_evolution",0.061740722656250004,0.8427601809954751,31.884941799012548,PASS
478,1,2,"B_diffuse_texture,B_diffuse_texture",0.18940185546875,0.9770667315530142,35.63323096514098,PASS
48,1,3,"B_diffuse_texture,C_crack_like_structural_evolution,A_small_low_contrast",0.0526171875,0.8523489932885906,31.312775657029857,PASS
480,1,2,"C_crack_like_structural_evolution,A_small_low_contrast",0.0032714843749999997,0.9113233287858117,16.49532051521956,PASS
481,1,1,B_diffuse_texture,0.13340087890625,0.9828048275986114,11.61095148331839,PASS
482,1,2,"B_diffuse_texture,A_small_low_contrast",0.11727294921875,0.7650063856960408,19.37319319922627,PASS
483,1,3,"B_diffuse_texture,C_crack_like_structural_evolution,B_diffuse_texture",0.055449218749999994,0.9657667281732544,49.631408739639916,PASS
485,1,2,"B_diffuse_texture,A_small_low_contrast",0.14090087890625,0.8607242339832869,35.354983248604846,PASS
486,1,1,A_small_low_contrast,0.00230224609375,0.960285132382892,7.617179215270413,PASS
487,1,2,"A_small_low_contrast,D_boundary_evolution",0.0094091796875,0.8943661971830986,17.273151315944293,PASS
488,1,2,"C_crack_like_structural_evolution,C_crack_like_structural_evolution",0.00808349609375,1.0,33.63335793223942,PASS
489,1,3,"D_boundary_evolution,B_diffuse_texture,C_crack_like_structural_evolution",0.10578857421875,0.9838313386700483,36.343745184485265,PASS
49,1,1,B_diffuse_texture,0.0514501953125,0.9982946470866888,138.91212010059786,PASS
492,1,1,A_small_low_contrast,0.00150634765625,0.955108359133127,6.695299837925446,PASS
494,1,2,"A_small_low_contrast,A_small_low_contrast",0.00294921875,0.8396739130434783,7.429630549585839,PASS
495,1,1,A_small_low_contrast,0.00300537109375,0.9498456790123457,6.9642567018684,PASS
497,1,1,D_boundary_evolution,0.00705810546875,1.0,39.563167416118986,PASS
498,1,3,"B_diffuse_texture,D_boundary_evolution,D_boundary_evolution",0.09540771484374999,0.8999819787349072,26.99785501220481,PASS
499,1,2,"A_small_low_contrast,C_crack_like_structural_evolution",0.00500732421875,0.9649122807017544,16.189480649023647,PASS
50,1,2,"B_diffuse_texture,B_diffuse_texture",0.23847412109375,0.9394864058696472,9.875767074879892,PASS
501,1,2,"A_small_low_contrast,C_crack_like_structural_evolution",0.00299560546875,0.9562937062937062,22.631544757500805,PASS
503,1,1,C_crack_like_structural_evolution,0.00294677734375,1.0,23.617497928748964,PASS
505,1,3,"A_small_low_contrast,B_diffuse_texture,C_crack_like_structural_evolution",0.15617675781249998,0.9331641285956007,21.622723231938167,PASS
508,1,1,C_crack_like_structural_evolution,0.0021337890625,0.9711111111111111,24.689832951945082,PASS
510,1,1,D_boundary_evolution,0.0046337890625,0.9973725696269049,25.049331401475232,PASS
512,1,3,"A_small_low_contrast,D_boundary_evolution,B_diffuse_texture",0.16247802734375,0.8447653429602888,26.778900351567916,PASS
513,1,2,"C_crack_like_structural_evolution,B_diffuse_texture",0.044848632812500004,0.971541057367829,47.00551141562063,PASS
514,1,1,B_diffuse_texture,0.10471435546875,0.9778623865760795,63.02990951481662,PASS
518,1,2,"A_small_low_contrast,A_small_low_contrast",0.0046875,0.9523076923076923,7.5636442012419955,PASS
52,1,2,"A_small_low_contrast,A_small_low_contrast",0.0038574218749999997,0.9309559939301972,7.891756766428628,PASS
520,1,2,"C_crack_like_structural_evolution,C_crack_like_structural_evolution",0.005244140625,0.9733231707317073,23.336699197225126,PASS
524,1,1,C_crack_like_structural_evolution,0.00173828125,1.0,30.530709269662918,PASS
526,1,3,"C_crack_like_structural_evolution,B_diffuse_texture,A_small_low_contrast",0.02329833984375,0.9514450867052023,38.98494678595075,PASS
528,1,3,"B_diffuse_texture,D_boundary_evolution,D_boundary_evolution",0.1729248046875,0.9849153957052887,31.796804850734375,PASS
529,1,3,"B_diffuse_texture,C_crack_like_structural_evolution,C_crack_like_structural_evolution",0.12575439453125,0.984647730879086,27.069992494985815,PASS
53,1,2,"B_diffuse_texture,C_crack_like_structural_evolution",0.07129150390625,0.9688100982551837,25.67284082997695,PASS
530,1,2,"B_diffuse_texture,B_diffuse_texture",0.18707763671875,0.9109447345089153,25.587616682734065,PASS
531,1,1,C_crack_like_structural_evolution,0.0018115234375,1.0,35.79499191374663,PASS
532,1,2,"A_small_low_contrast,D_boundary_evolution",0.00940673828125,0.926775956284153,20.82363592911186,PASS
533,1,3,"C_crack_like_structural_evolution,C_crack_like_structural_evolution,C_crack_like_structural_evolution",0.007587890625,1.0,31.871753344457733,PASS
534,1,3,"D_boundary_evolution,A_small_low_contrast,A_small_low_contrast",0.01472412109375,0.895959595959596,12.94021723848949,PASS
536,1,3,"D_boundary_evolution,C_crack_like_structural_evolution,B_diffuse_texture",0.02041748046875,0.9789141623775527,23.760303073669807,PASS
537,1,3,"C_crack_like_structural_evolution,B_diffuse_texture,A_small_low_contrast",0.1219189453125,0.9526854219948849,17.738563381405577,PASS
54,1,1,B_diffuse_texture,0.093095703125,0.9914974388309629,82.91587831742368,PASS
541,1,2,"B_diffuse_texture,C_crack_like_structural_evolution",0.15509033203125,0.9811831340465702,40.34634022096164,PASS
542,1,1,C_crack_like_structural_evolution,0.00164306640625,1.0,35.020640416047556,PASS
544,1,3,"C_crack_like_structural_evolution,D_boundary_evolution,A_small_low_contrast",0.0122802734375,0.9607843137254902,19.710631509643687,PASS
546,1,2,"B_diffuse_texture,C_crack_like_structural_evolution",0.15754150390625,0.9574563837926223,24.386441953394847,PASS
547,1,3,"A_small_low_contrast,B_diffuse_texture,B_diffuse_texture",0.19650146484375,0.8762254901960784,8.903013048346702,PASS
55,1,2,"B_diffuse_texture,D_boundary_evolution",0.1002197265625,0.9722389105837589,18.6461408658183,PASS
551,1,1,D_boundary_evolution,0.007939453125,1.0,33.36907533825338,PASS
553,1,3,"A_small_low_contrast,A_small_low_contrast,C_crack_like_structural_evolution",0.0051171875,0.8992628992628993,13.29198820679963,PASS
556,1,1,C_crack_like_structural_evolution,0.0022998046875,0.78369384359401,23.274016985138,PASS
557,1,2,"B_diffuse_texture,C_crack_like_structural_evolution",0.020200195312500002,0.8980413946381441,22.80444702614794,PASS
558,1,1,A_small_low_contrast,0.003056640625,0.973561430793157,8.524760383386582,PASS
559,1,2,"A_small_low_contrast,B_diffuse_texture",0.0560791015625,0.9570259208731241,35.949449860354946,PASS
56,1,1,A_small_low_contrast,0.0008935546875,0.8693586698337292,7.368852459016391,PASS
560,1,2,"B_diffuse_texture,C_crack_like_structural_evolution",0.10197021484374999,0.9758790059816175,30.05499015757409,PASS
562,1,3,"D_boundary_evolution,D_boundary_evolution,C_crack_like_structural_evolution",0.02143798828125,1.0,27.501282900070937,PASS
563,1,2,"B_diffuse_texture,B_diffuse_texture",0.16246826171875,0.9104692316474483,15.877116644366172,PASS
567,1,3,"A_small_low_contrast,A_small_low_contrast,C_crack_like_structural_evolution",0.00770751953125,0.9395306859205776,12.670342118252252,PASS
569,1,1,D_boundary_evolution,0.0066259765625,0.9212491513917176,29.405142225497425,PASS
57,1,3,"A_small_low_contrast,C_crack_like_structural_evolution,D_boundary_evolution",0.016220703125,0.8229166666666666,21.766856181138564,PASS
570,1,2,"C_crack_like_structural_evolution,D_boundary_evolution",0.0142724609375,1.0,31.78644654698749,PASS
572,1,1,D_boundary_evolution,0.0071142578125,1.0,32.439499313658196,PASS
573,1,2,"C_crack_like_structural_evolution,B_diffuse_texture",0.1208251953125,0.8780008372313125,25.78750444411277,PASS
578,1,2,"A_small_low_contrast,A_small_low_contrast",0.0037597656249999997,0.7814029363784666,6.612170147121608,PASS
579,1,3,"D_boundary_evolution,A_small_low_contrast,D_boundary_evolution",0.0227880859375,0.7690941385435168,22.69121599511873,PASS
58,1,2,"B_diffuse_texture,C_crack_like_structural_evolution",0.11260498046875,0.9769282187291114,22.86077941594371,PASS
580,1,2,"A_small_low_contrast,A_small_low_contrast",0.00414794921875,0.8240917782026769,7.030044390932979,PASS
582,1,3,"D_boundary_evolution,A_small_low_contrast,C_crack_like_structural_evolution",0.01660888671875,0.8842105263157894,25.972289033861443,PASS
583,1,1,D_boundary_evolution,0.0081640625,1.0,31.525813098086125,PASS
584,1,1,C_crack_like_structural_evolution,0.0043505859375,1.0,31.88084231200898,PASS
585,1,1,D_boundary_evolution,0.00732666015625,0.9990013315579228,37.52712195934688,PASS
586,1,3,"A_small_low_contrast,C_crack_like_structural_evolution,D_boundary_evolution",0.0086181640625,0.7971101745936183,24.274927399541678,PASS
588,1,2,"A_small_low_contrast,C_crack_like_structural_evolution",0.0028564453125,0.8191489361702128,17.89971252378195,PASS
59,1,1,A_small_low_contrast,0.00164306640625,0.9321329639889196,6.118364041604756,PASS
590,1,1,C_crack_like_structural_evolution,0.00197998046875,1.0,29.82559309494451,PASS
591,1,1,C_crack_like_structural_evolution,0.00207763671875,1.0,36.35130199764983,PASS
593,1,3,"B_diffuse_texture,A_small_low_contrast,B_diffuse_texture",0.0605078125,0.8708938120702827,22.893611231106856,PASS
594,1,2,"B_diffuse_texture,A_small_low_contrast",0.026962890625,0.8671875,15.078886551247592,PASS
6,1,2,"B_diffuse_texture,D_boundary_evolution",0.13593017578125002,0.8518530496086928,24.463379141656254,PASS
602,1,3,"A_small_low_contrast,C_crack_like_structural_evolution,D_boundary_evolution",0.0128955078125,0.9155555555555556,25.422223778960838,PASS
604,1,1,C_crack_like_structural_evolution,0.0015234375,1.0,33.484394230769226,PASS
606,1,3,"B_diffuse_texture,A_small_low_contrast,C_crack_like_structural_evolution",0.08433349609375,0.9034090909090909,14.866450362441723,PASS
608,1,1,B_diffuse_texture,0.164970703125,0.9827082212300577,9.24757984076245,PASS
610,1,2,"C_crack_like_structural_evolution,C_crack_like_structural_evolution",0.00851806640625,0.9986631016042781,28.815788243701626,PASS
612,1,3,"B_diffuse_texture,B_diffuse_texture,D_boundary_evolution",0.18481689453125,0.9819884083816317,17.120040507193746,PASS
613,1,3,"C_crack_like_structural_evolution,B_diffuse_texture,D_boundary_evolution",0.0939794921875,0.9487296925936902,30.476220995484017,PASS
615,1,2,"B_diffuse_texture,B_diffuse_texture",0.1529443359375,0.9694604911996216,45.86928945777879,PASS
616,1,1,C_crack_like_structural_evolution,0.00268310546875,1.0,37.91757597816196,PASS
617,1,3,"C_crack_like_structural_evolution,B_diffuse_texture,C_crack_like_structural_evolution",0.10442626953124999,0.9969266510175931,47.009640532548275,PASS
618,1,3,"C_crack_like_structural_evolution,D_boundary_evolution,B_diffuse_texture",0.18380615234375,0.9854611161303773,25.882179330240348,PASS
619,1,2,"D_boundary_evolution,C_crack_like_structural_evolution",0.008085937500000001,1.0,32.34945362266549,PASS
620,1,2,"A_small_low_contrast,B_diffuse_texture",0.14615966796875,0.9788182831661093,8.865472660031479,PASS
621,1,2,"C_crack_like_structural_evolution,B_diffuse_texture",0.036875,0.89735407525595,21.60686364928008,PASS
622,1,3,"B_diffuse_texture,C_crack_like_structural_evolution,C_crack_like_structural_evolution",0.15850341796875,0.9579846050461238,34.6710581319133,PASS
623,1,3,"C_crack_like_structural_evolution,A_small_low_contrast,A_small_low_contrast",0.00720703125,0.9483253588516747,13.242793737175608,PASS
624,1,2,"C_crack_like_structural_evolution,A_small_low_contrast",0.0045703125,0.9714611872146118,21.190020736680125,PASS
626,1,3,"B_diffuse_texture,A_small_low_contrast,C_crack_like_structural_evolution",0.1520556640625,0.9667644183773216,32.35644856078901,PASS
627,1,1,D_boundary_evolution,0.005830078125,1.0,34.08158291457287,PASS
628,1,3,"C_crack_like_structural_evolution,A_small_low_contrast,A_small_low_contrast",0.00551513671875,0.8297258297258298,13.21619741910537,PASS
63,1,3,"A_small_low_contrast,B_diffuse_texture,A_small_low_contrast",0.123779296875,0.8324205914567361,30.297861443274943,PASS
630,1,3,"B_diffuse_texture,A_small_low_contrast,C_crack_like_structural_evolution",0.054257812499999995,0.9188876013904983,17.120761019596966,PASS
631,1,3,"B_diffuse_texture,A_small_low_contrast,B_diffuse_texture",0.05347900390625,0.917420814479638,8.395319365179413,PASS
632,1,3,"A_small_low_contrast,C_crack_like_structural_evolution,D_boundary_evolution",0.015737304687500002,0.9632422243166824,20.79612718165667,PASS
633,1,1,C_crack_like_structural_evolution,0.00152099609375,1.0,32.885656500802575,PASS
634,1,3,"C_crack_like_structural_evolution,C_crack_like_structural_evolution,A_small_low_contrast",0.00635986328125,0.9690140845070423,24.76418779513864,PASS
636,1,2,"C_crack_like_structural_evolution,A_small_low_contrast",0.00517822265625,0.9618573797678275,13.48827799705766,PASS
637,1,3,"C_crack_like_structural_evolution,D_boundary_evolution,B_diffuse_texture",0.10007568359374999,0.9630252564243962,30.064136774885487,PASS
638,1,1,A_small_low_contrast,0.0015087890625,0.8631284916201117,6.993527508090603,PASS
639,1,2,"B_diffuse_texture,D_boundary_evolution",0.04136474609375,0.9889835614080386,22.712439478154227,PASS
64,1,3,"B_diffuse_texture,B_diffuse_texture,C_crack_like_structural_evolution",0.174658203125,0.9767782297830375,60.024652498800656,PASS
640,1,2,"A_small_low_contrast,B_diffuse_texture",0.10815185546875,0.9731463016678753,30.875120076231944,PASS
641,1,3,"C_crack_like_structural_evolution,D_boundary_evolution,C_crack_like_structural_evolution",0.0137548828125,0.9980059820538385,31.180478655839295,PASS
642,1,2,"D_boundary_evolution,B_diffuse_texture",0.06773681640625,0.9857486053992427,40.25145712487914,PASS
645,1,3,"A_small_low_contrast,B_diffuse_texture,D_boundary_evolution",0.103818359375,0.954272863568216,15.725584206494036,PASS
65,1,3,"A_small_low_contrast,A_small_low_contrast,A_small_low_contrast",0.00513916015625,0.8463541666666666,7.222599885350637,PASS
650,1,2,"C_crack_like_structural_evolution,A_small_low_contrast",0.00470703125,0.9537037037037037,15.0829620793019,PASS
652,1,2,"B_diffuse_texture,B_diffuse_texture",0.07699462890625,0.8910971077718532,19.105015186276752,PASS
653,1,2,"A_small_low_contrast,D_boundary_evolution",0.006491699218750001,0.9398148148148148,16.296932803866575,PASS
654,1,3,"D_boundary_evolution,A_small_low_contrast,A_small_low_contrast",0.01107421875,0.7689969604863222,14.86978097719384,PASS
655,1,3,"B_diffuse_texture,B_diffuse_texture,B_diffuse_texture",0.23923828125,0.949004424778761,31.537677665358334,PASS
656,1,3,"B_diffuse_texture,D_boundary_evolution,C_crack_like_structural_evolution",0.03115478515625,0.9618514750762971,35.202685274866894,PASS
658,1,2,"B_diffuse_texture,B_diffuse_texture",0.17758056640624997,0.946931241347485,10.842363321336723,PASS
659,1,2,"A_small_low_contrast,D_boundary_evolution",0.004658203125,0.982620320855615,17.950349470222868,PASS
66,1,2,"A_small_low_contrast,C_crack_like_structural_evolution",0.00356689453125,0.9122203098106713,19.76438357011126,PASS
661,1,3,"D_boundary_evolution,A_small_low_contrast,C_crack_like_structural_evolution",0.0147607421875,0.8761061946902655,22.14552419458701,PASS
663,1,2,"C_crack_like_structural_evolution,C_crack_like_structural_evolution",0.004404296875,0.9823232323232324,25.34415695493147,PASS
665,1,1,B_diffuse_texture,0.1277392578125,0.9481199601340944,33.66678408699972,PASS
666,1,2,"B_diffuse_texture,D_boundary_evolution",0.15693115234375,0.9887587287084775,29.590199673991386,PASS
667,1,2,"D_boundary_evolution,A_small_low_contrast",0.007912597656250001,0.9011461318051576,19.182407987653907,PASS
67,1,2,"C_crack_like_structural_evolution,A_small_low_contrast",0.00437255859375,0.9076517150395779,20.827330121663103,PASS
670,1,3,"B_diffuse_texture,B_diffuse_texture,A_small_low_contrast",0.2963818359375,0.9572425828970331,19.80029739893232,PASS
672,1,1,B_diffuse_texture,0.10739013671875,0.9842473876171937,50.47774567485848,PASS
674,1,2,"D_boundary_evolution,C_crack_like_structural_evolution",0.0137646484375,0.9988584474885844,31.49230734351318,PASS
675,1,1,A_small_low_contrast,0.00110595703125,0.8451492537313433,7.061810154525379,PASS
676,1,2,"D_boundary_evolution,A_small_low_contrast",0.01163330078125,0.8133423180592992,19.191127431536948,PASS
678,1,3,"A_small_low_contrast,B_diffuse_texture,C_crack_like_structural_evolution",0.1443310546875,0.9679752066115702,15.88575224351421,PASS
679,1,3,"A_small_low_contrast,C_crack_like_structural_evolution,D_boundary_evolution",0.015554199218749998,0.941747572815534,28.997625512440262,PASS
68,1,2,"B_diffuse_texture,A_small_low_contrast",0.07169921874999999,0.8624127617148555,7.909989699897729,PASS
682,1,1,A_small_low_contrast,0.0025390625,0.8573784006595219,6.662500000000003,PASS
683,1,3,"C_crack_like_structural_evolution,A_small_low_contrast,B_diffuse_texture",0.040395507812499995,0.9500998003992016,16.912227096366518,PASS
685,1,1,D_boundary_evolution,0.010849609375,1.0,26.05374324932493,PASS
688,1,2,"D_boundary_evolution,C_crack_like_structural_evolution",0.01361083984375,0.9993138151875571,30.442091267834925,PASS
689,1,1,B_diffuse_texture,0.1037939453125,0.982278597999122,11.396833984099356,PASS
69,1,2,"B_diffuse_texture,A_small_low_contrast",0.0952392578125,0.8105413105413105,34.62166537387379,PASS
690,1,2,"A_small_low_contrast,C_crack_like_structural_evolution",0.00451171875,0.9531100478468899,15.361879800893714,PASS
694,1,2,"D_boundary_evolution,A_small_low_contrast",0.0146826171875,0.9783132530120482,22.496429840360758,PASS
695,1,2,"A_small_low_contrast,A_small_low_contrast",0.0022021484375,0.8441558441558441,6.852390366642705,PASS
696,1,2,"A_small_low_contrast,C_crack_like_structural_evolution",0.00535400390625,0.9304635761589404,21.240512783708976,PASS
697,1,2,"C_crack_like_structural_evolution,A_small_low_contrast",0.004609375000000001,0.9676190476190476,17.369883795058875,PASS
698,1,1,C_crack_like_structural_evolution,0.00275634765625,1.0,27.591472984942424,PASS
699,1,3,"B_diffuse_texture,D_boundary_evolution,C_crack_like_structural_evolution",0.05910400390625,0.9547463050434253,19.43741246441905,PASS
7,1,1,A_small_low_contrast,0.00257080078125,0.7899474868717179,7.271604938271601,PASS
701,1,1,B_diffuse_texture,0.14313232421875,0.961255943597311,8.536681051392703,PASS
702,1,2,"B_diffuse_texture,D_boundary_evolution",0.175224609375,0.9626095591727473,21.364367781904686,PASS
705,1,3,"C_crack_like_structural_evolution,B_diffuse_texture,B_diffuse_texture",0.11648193359375,0.9591194968553459,40.70006606698056,PASS
707,1,1,A_small_low_contrast,0.00076416015625,0.855191256830601,7.923322683706059,PASS
708,1,2,"B_diffuse_texture,A_small_low_contrast",0.14302978515624998,0.940552016985138,9.828195494443314,PASS
71,1,2,"C_crack_like_structural_evolution,B_diffuse_texture",0.12321044921875,0.972947355949607,34.99599585820594,PASS
710,1,2,"B_diffuse_texture,A_small_low_contrast",0.018720703125,0.8212877792378449,19.46061404231151,PASS
711,1,3,"B_diffuse_texture,A_small_low_contrast,A_small_low_contrast",0.04415771484375,0.8645598194130926,22.4617326832838,PASS
712,1,2,"A_small_low_contrast,A_small_low_contrast",0.00458984375,0.9321394910461829,7.56421080085202,PASS
714,1,3,"A_small_low_contrast,C_crack_like_structural_evolution,D_boundary_evolution",0.01072509765625,0.9669724770642202,23.103762521171912,PASS
715,1,3,"A_small_low_contrast,A_small_low_contrast,D_boundary_evolution",0.01427490234375,0.8009404388714734,16.988314527578055,PASS
716,1,3,"A_small_low_contrast,D_boundary_evolution,C_crack_like_structural_evolution",0.02166015625,0.9549763033175356,26.051411868439327,PASS
717,1,1,B_diffuse_texture,0.04644775390625,0.973693638364297,11.398791064388963,PASS
719,1,3,"A_small_low_contrast,C_crack_like_structural_evolution,B_diffuse_texture",0.140341796875,0.8866666666666667,28.26973507965219,PASS
72,1,2,"B_diffuse_texture,B_diffuse_texture",0.17426513671875,0.9397264414720774,7.757798179714783,PASS
721,1,2,"C_crack_like_structural_evolution,B_diffuse_texture",0.015566406250000001,0.9998233215547703,31.51912147384734,PASS
724,1,2,"B_diffuse_texture,C_crack_like_structural_evolution",0.12256103515625,0.9838421907262995,20.160129207057295,PASS
726,1,1,C_crack_like_structural_evolution,0.00153564453125,0.9968304278922345,16.88189189189189,PASS
727,1,3,"D_boundary_evolution,A_small_low_contrast,C_crack_like_structural_evolution",0.02066650390625,0.8460236886632826,20.81698587735526,PASS
728,1,1,C_crack_like_structural_evolution,0.00325927734375,1.0,38.24338426966292,PASS
73,1,3,"A_small_low_contrast,A_small_low_contrast,D_boundary_evolution",0.01036865234375,0.9452054794520548,18.572027801065406,PASS
731,1,1,D_boundary_evolution,0.01198486328125,0.9941271769947347,28.00602159299246,PASS
732,1,3,"B_diffuse_texture,C_crack_like_structural_evolution,A_small_low_contrast",0.11838623046875,0.8763250883392226,28.640706668832497,PASS
733,1,2,"B_diffuse_texture,A_small_low_contrast",0.03352783203125,0.9159779614325069,10.67702578300664,PASS
734,1,3,"D_boundary_evolution,B_diffuse_texture,A_small_low_contrast",0.0359619140625,0.9487632508833922,14.075156709218598,PASS
735,1,2,"B_diffuse_texture,C_crack_like_structural_evolution",0.1258544921875,0.9866630109085212,16.107765564954214,PASS
737,1,2,"A_small_low_contrast,D_boundary_evolution",0.0164111328125,0.9651474530831099,24.836618691917515,PASS
740,1,1,B_diffuse_texture,0.03736328125,0.9888860170586715,18.080182109252483,PASS
741,1,3,"A_small_low_contrast,B_diffuse_texture,D_boundary_evolution",0.15419677734375,0.9145220588235294,26.340309557652915,PASS
742,1,1,B_diffuse_texture,0.14137451171875,0.9705354898181513,50.64510530678501,PASS
744,1,2,"A_small_low_contrast,B_diffuse_texture",0.0391845703125,0.9242424242424242,8.439079399599333,PASS
745,1,3,"C_crack_like_structural_evolution,A_small_low_contrast,D_boundary_evolution",0.01310791015625,0.9150943396226415,23.474475329552522,PASS
746,1,1,B_diffuse_texture,0.036103515625,0.9662833246210141,8.187787395185284,PASS
747,1,3,"C_crack_like_structural_evolution,A_small_low_contrast,C_crack_like_structural_evolution",0.00638427734375,0.8874407582938388,23.11545363905221,PASS
748,1,3,"A_small_low_contrast,B_diffuse_texture,B_diffuse_texture",0.14894775390625,0.8434442270058709,41.7063149597032,PASS
75,1,2,"C_crack_like_structural_evolution,A_small_low_contrast",0.007475585937499999,0.8870738636363636,20.679978059447006,PASS
751,1,1,C_crack_like_structural_evolution,0.0023291015625,1.0,33.884317610062894,PASS
754,1,3,"C_crack_like_structural_evolution,C_crack_like_structural_evolution,A_small_low_contrast",0.0054345703125,0.8507042253521127,21.49936437493929,PASS
755,1,3,"B_diffuse_texture,C_crack_like_structural_evolution,A_small_low_contrast",0.03699462890625,0.9471533056073426,18.896679452653096,PASS
756,1,1,B_diffuse_texture,0.158974609375,0.9820677173667144,12.002339363597272,PASS
758,1,2,"B_diffuse_texture,A_small_low_contrast",0.052978515625,0.9300847457627118,12.618454461198649,PASS
76,1,3,"C_crack_like_structural_evolution,D_boundary_evolution,D_boundary_evolution",0.0274609375,0.9980632666236281,39.379701625850075,PASS
760,1,3,"C_crack_like_structural_evolution,D_boundary_evolution,B_diffuse_texture",0.021220703124999997,0.9531208849091388,31.731449189727602,PASS
761,1,2,"B_diffuse_texture,C_crack_like_structural_evolution",0.0225634765625,1.0,66.27736148612539,PASS
762,1,1,D_boundary_evolution,0.0121044921875,1.0,27.92015752319484,PASS
763,1,1,A_small_low_contrast,0.0028515625,0.8600883652430045,7.251712328767111,PASS
764,1,3,"A_small_low_contrast,C_crack_like_structural_evolution,D_boundary_evolution",0.010654296875,0.9382627422828428,24.994193329965118,PASS
765,1,3,"A_small_low_contrast,D_boundary_evolution,B_diffuse_texture",0.09058837890625,0.9699042407660738,28.915388786774116,PASS
766,1,1,A_small_low_contrast,0.00248046875,0.8417564208782105,6.2145669291338566,PASS
769,1,3,"B_diffuse_texture,C_crack_like_structural_evolution,A_small_low_contrast",0.10333251953125,0.8991655076495132,16.807087086143362,PASS
770,1,2,"B_diffuse_texture,C_crack_like_structural_evolution",0.13649658203125,0.9660525626473413,41.121400049257964,PASS
771,1,3,"C_crack_like_structural_evolution,B_diffuse_texture,D_boundary_evolution",0.07763427734375,0.975674862771637,30.472097628051568,PASS
772,1,2,"D_boundary_evolution,C_crack_like_structural_evolution",0.01103759765625,1.0,30.571739925896306,PASS
774,1,2,"C_crack_like_structural_evolution,C_crack_like_structural_evolution",0.003974609375,1.0,35.76966334766773,PASS
777,1,3,"A_small_low_contrast,B_diffuse_texture,D_boundary_evolution",0.08203857421875,0.8925619834710744,14.187793014683123,PASS
779,1,2,"D_boundary_evolution,B_diffuse_texture",0.16415039062499998,0.9696153602433306,34.23739458145017,PASS
780,1,2,"A_small_low_contrast,B_diffuse_texture",0.1561572265625,0.8215712383488681,8.924362902965205,PASS
782,1,1,A_small_low_contrast,0.00114501953125,0.8605504587155963,7.895522388059703,PASS
784,1,3,"D_boundary_evolution,A_small_low_contrast,B_diffuse_texture",0.055888671875,0.8628719275549805,47.661903408225044,PASS
786,1,2,"C_crack_like_structural_evolution,A_small_low_contrast",0.0047998046875,0.9335766423357664,25.42432266098992,PASS
787,1,2,"D_boundary_evolution,B_diffuse_texture",0.01798828125,0.9808092485549132,21.092874118245387,PASS
788,1,2,"B_diffuse_texture,C_crack_like_structural_evolution",0.13721435546875,0.9724691963035564,37.59790177354984,PASS
789,1,1,A_small_low_contrast,0.00228515625,0.8217734855136084,5.803418803418803,PASS
79,1,1,B_diffuse_texture,0.07976318359375,0.9949144284061149,12.455217807841816,PASS
790,1,2,"A_small_low_contrast,D_boundary_evolution",0.01845947265625,0.9551282051282052,23.129522819382743,PASS
791,1,2,"A_small_low_contrast,A_small_low_contrast",0.004345703124999999,0.902948402948403,7.856101292191518,PASS
794,1,3,"D_boundary_evolution,A_small_low_contrast,C_crack_like_structural_evolution",0.01930908203125,0.8314873417721519,22.300568573972537,PASS
795,1,1,A_small_low_contrast,0.0012109375,0.9465648854961832,7.14516129032259,PASS
796,1,1,A_small_low_contrast,0.00211669921875,0.8993775933609959,7.530565167243368,PASS
797,1,3,"C_crack_like_structural_evolution,C_crack_like_structural_evolution,D_boundary_evolution",0.01374755859375,0.9981308411214953,28.673759646815938,PASS
798,1,1,C_crack_like_structural_evolution,0.00376220703125,1.0,29.08747436729396,PASS
799,1,2,"A_small_low_contrast,A_small_low_contrast",0.00362548828125,0.8706697459584296,6.997556952570648,PASS
8,1,3,"B_diffuse_texture,C_crack_like_structural_evolution,B_diffuse_texture",0.13625732421875,0.846301335972291,40.66341613014056,PASS
80,1,3,"A_small_low_contrast,C_crack_like_structural_evolution,B_diffuse_texture",0.05854248046875,0.856396866840731,23.20436965706803,PASS
800,1,2,"B_diffuse_texture,A_small_low_contrast",0.129111328125,0.9675572519083969,21.3097022305739,PASS
802,1,1,B_diffuse_texture,0.02366943359375,0.9508630835621813,9.612996389891697,PASS
803,1,1,B_diffuse_texture,0.04498291015625,0.9818288393903869,44.56802252374491,PASS
804,1,2,"A_small_low_contrast,D_boundary_evolution",0.01525146484375,0.7863674147963424,23.258322128578392,PASS
805,1,1,B_diffuse_texture,0.16883544921875,0.9937776628154279,12.361926108018217,PASS
807,1,1,A_small_low_contrast,0.0008544921875,0.938337801608579,8.074285714285715,PASS
808,1,2,"A_small_low_contrast,A_small_low_contrast",0.0039648437500000005,0.9316303531179564,6.927184139784947,PASS
809,1,2,"A_small_low_contrast,C_crack_like_structural_evolution",0.0045556640625,0.9580272822665268,23.96275622608722,PASS
81,1,2,"A_small_low_contrast,A_small_low_contrast",0.0029150390625000003,0.9181494661921709,6.476190476190476,PASS
810,1,2,"C_crack_like_structural_evolution,B_diffuse_texture",0.03659423828125,0.9331081528578051,28.07517045023304,PASS
812,1,2,"B_diffuse_texture,C_crack_like_structural_evolution",0.022416992187500002,0.8908577019241222,24.891493997130482,PASS
813,1,3,"B_diffuse_texture,C_crack_like_structural_evolution,C_crack_like_structural_evolution",0.10768310546875,0.9589031554017972,24.59170034329559,PASS
814,1,2,"C_crack_like_structural_evolution,A_small_low_contrast",0.00630615234375,0.9188191881918819,19.88192684537773,PASS
815,1,1,A_small_low_contrast,0.00267822265625,0.9547432550043516,8.13947128532361,PASS
816,1,2,"C_crack_like_structural_evolution,B_diffuse_texture",0.12115966796875,0.9878511462705845,18.43623124914187,PASS
817,1,2,"A_small_low_contrast,B_diffuse_texture",0.1414794921875,0.774145616641902,10.061510267088035,PASS
818,1,1,B_diffuse_texture,0.01108642578125,0.9969264544456641,17.292651398370406,PASS
82,1,1,C_crack_like_structural_evolution,0.002294921875,1.0,34.73938936170212,PASS
821,1,2,"A_small_low_contrast,B_diffuse_texture",0.136923828125,0.8817843866171003,9.452318114870339,PASS
822,1,1,C_crack_like_structural_evolution,0.0017626953125,1.0,32.63804016620499,PASS
825,1,2,"A_small_low_contrast,C_crack_like_structural_evolution",0.0043701171875,0.9038167938931297,16.961009466149314,PASS
826,1,3,"C_crack_like_structural_evolution,B_diffuse_texture,A_small_low_contrast",0.15514404296875,0.9762543389081729,33.40153417780952,PASS
828,1,1,C_crack_like_structural_evolution,0.0028369140625,1.0,26.542422547332183,PASS
83,1,2,"C_crack_like_structural_evolution,D_boundary_evolution",0.00728271484375,0.9972122660294703,28.697740454938067,PASS
830,1,1,A_small_low_contrast,0.00122314453125,0.8978494623655914,8.157684630738514,PASS
831,1,3,"B_diffuse_texture,C_crack_like_structural_evolution,D_boundary_evolution",0.0477880859375,0.9481637455874157,28.725512417750025,PASS
832,1,3,"A_small_low_contrast,A_small_low_contrast,A_small_low_contrast",0.00595703125,0.8568464730290456,7.066556461572958,PASS
833,1,1,B_diffuse_texture,0.068896484375,0.9677972495627422,36.687728738483344,PASS
834,1,1,B_diffuse_texture,0.124130859375,0.9667446238092522,29.71119673904492,PASS
835,1,1,B_diffuse_texture,0.01593994140625,0.9333809864188706,11.27420401286568,PASS
838,1,2,"A_small_low_contrast,C_crack_like_structural_evolution",0.00490478515625,0.988997555012225,19.572291167593736,PASS
84,1,3,"B_diffuse_texture,A_small_low_contrast,A_small_low_contrast",0.015546875,0.8871527777777778,8.711640679813698,PASS
844,1,1,C_crack_like_structural_evolution,0.003583984375,1.0,32.8848651226158,PASS
847,1,3,"A_small_low_contrast,C_crack_like_structural_evolution,A_small_low_contrast",0.004296875,0.8829787234042553,17.992799461326523,PASS
85,1,3,"C_crack_like_structural_evolution,B_diffuse_texture,B_diffuse_texture",0.12653076171875,0.9655926409972856,36.52076498582033,PASS
850,1,3,"B_diffuse_texture,C_crack_like_structural_evolution,C_crack_like_structural_evolution",0.1168115234375,0.9629660927432133,37.35827139480635,PASS
852,1,1,B_diffuse_texture,0.0743896484375,0.9800894206954228,11.468362323596981,PASS
854,1,2,"D_boundary_evolution,B_diffuse_texture",0.09623291015624999,0.9837833388212052,19.26629837701948,PASS
855,1,3,"D_boundary_evolution,C_crack_like_structural_evolution,A_small_low_contrast",0.0222119140625,0.8534554537885096,22.22476833569957,PASS
856,1,1,C_crack_like_structural_evolution,0.00230224609375,1.0,38.121412513255564,PASS
859,1,2,"C_crack_like_structural_evolution,C_crack_like_structural_evolution",0.0053662109375,0.9949238578680203,28.25586163856847,PASS
86,1,1,C_crack_like_structural_evolution,0.002080078125,1.0,39.01291197183099,PASS
860,1,1,D_boundary_evolution,0.006728515625,1.0,22.18720791001451,PASS
861,1,3,"B_diffuse_texture,A_small_low_contrast,B_diffuse_texture",0.22294189453125,0.9482036749245818,24.20946104132588,PASS
862,1,3,"B_diffuse_texture,B_diffuse_texture,D_boundary_evolution",0.17446533203125,0.9752063451122002,41.18879573334322,PASS
866,1,1,A_small_low_contrast,0.00108154296875,0.9526881720430107,7.0112866817155775,PASS
868,1,2,"B_diffuse_texture,A_small_low_contrast",0.0851904296875,0.976173285198556,9.309309168893263,PASS
871,1,2,"B_diffuse_texture,C_crack_like_structural_evolution",0.1366162109375,0.9744862308064429,48.742890879607785,PASS
872,1,1,B_diffuse_texture,0.073828125,0.9760821148445822,39.5168898478836,PASS
873,1,3,"D_boundary_evolution,C_crack_like_structural_evolution,B_diffuse_texture",0.08841308593750001,0.9440043703906037,30.49322288208569,PASS
874,1,1,B_diffuse_texture,0.0227734375,0.956423664513483,18.571451758147514,PASS
875,1,1,B_diffuse_texture,0.1442431640625,0.9978213507625272,62.21369877458447,PASS
879,1,1,D_boundary_evolution,0.0089111328125,1.0,28.612726849315067,PASS
88,1,2,"A_small_low_contrast,C_crack_like_structural_evolution",0.0059521484375,0.9297560975609757,18.710132344430658,PASS
883,1,2,"C_crack_like_structural_evolution,A_small_low_contrast",0.0052294921875,0.9728308501314636,17.30385555468259,PASS
884,1,3,"A_small_low_contrast,C_crack_like_structural_evolution,A_small_low_contrast",0.00676025390625,0.866580310880829,17.418473425180434,PASS
885,1,2,"B_diffuse_texture,C_crack_like_structural_evolution",0.029443359375000002,0.9852088919643629,26.332888981562775,PASS
886,1,1,B_diffuse_texture,0.13113525390625,0.9898276974108542,10.054698117774096,PASS
887,1,2,"A_small_low_contrast,B_diffuse_texture",0.10410888671875,0.9430199430199431,20.202783140841536,PASS
889,1,1,A_small_low_contrast,0.00104736328125,0.9428571428571428,8.060606060606059,PASS
89,1,2,"B_diffuse_texture,D_boundary_evolution",0.076513671875,0.9969446682782702,69.2096198931073,PASS
890,1,1,C_crack_like_structural_evolution,0.00239501953125,1.0,32.925017329255866,PASS
891,1,2,"D_boundary_evolution,B_diffuse_texture",0.052951660156250004,0.9921135646687698,60.73867751347042,PASS
892,1,2,"B_diffuse_texture,A_small_low_contrast",0.13658935546874998,0.8937329700272479,8.379087795349747,PASS
893,1,2,"D_boundary_evolution,B_diffuse_texture",0.0374462890625,0.9860319034630961,34.3067156538877,PASS
894,1,1,A_small_low_contrast,0.00061767578125,0.8161290322580645,6.675889328063241,PASS
895,1,2,"A_small_low_contrast,B_diffuse_texture",0.09442871093750001,0.8654618473895582,8.469221006187828,PASS
898,1,2,"C_crack_like_structural_evolution,C_crack_like_structural_evolution",0.0066381835937499994,1.0,33.87051102254064,PASS
899,1,3,"A_small_low_contrast,B_diffuse_texture,D_boundary_evolution",0.02890380859375,0.9484971822166562,19.01162615165518,PASS
9,1,2,"C_crack_like_structural_evolution,C_crack_like_structural_evolution",0.00664306640625,1.0,34.30988886464442,PASS
900,1,1,B_diffuse_texture,0.0355078125,0.9609514370664024,30.33028114686468,PASS
901,1,3,"B_diffuse_texture,A_small_low_contrast,B_diffuse_texture",0.24935302734375,0.8422738190552442,21.445498784738874,PASS
902,1,3,"A_small_low_contrast,C_crack_like_structural_evolution,C_crack_like_structural_evolution",0.007646484375,0.8622047244094488,24.58137629052114,PASS
903,1,2,"D_boundary_evolution,B_diffuse_texture",0.10901611328125001,0.9428985576123375,29.4353839926632,PASS
904,1,2,"B_diffuse_texture,C_crack_like_structural_evolution",0.1228515625,0.9312502362859627,28.99252049401077,PASS
908,1,1,B_diffuse_texture,0.1425634765625,0.9896449453436149,65.76312091995752,PASS
909,1,2,"B_diffuse_texture,C_crack_like_structural_evolution",0.14619384765625,0.9569932868366463,33.10946581756879,PASS
91,1,3,"A_small_low_contrast,D_boundary_evolution,B_diffuse_texture",0.046201171874999995,0.859392575928009,46.448048679030336,PASS
911,1,1,D_boundary_evolution,0.01087158203125,1.0,43.77075679317314,PASS
912,1,1,C_crack_like_structural_evolution,0.001083984375,1.0,28.852770270270273,PASS
913,1,1,B_diffuse_texture,0.0343994140625,0.9835264553957839,12.856139105748758,PASS
914,1,2,"D_boundary_evolution,C_crack_like_structural_evolution",0.012341308593750001,1.0,34.34462317009502,PASS
916,1,2,"A_small_low_contrast,B_diffuse_texture",0.01470458984375,0.8557213930348259,7.791517965003665,PASS
917,1,3,"B_diffuse_texture,D_boundary_evolution,B_diffuse_texture",0.14877685546875,0.9462698340462972,25.459137029154387,PASS
918,1,1,C_crack_like_structural_evolution,0.0014013671875,1.0,27.860682926829266,PASS
919,1,3,"A_small_low_contrast,A_small_low_contrast,C_crack_like_structural_evolution",0.00559326171875,0.8300492610837439,15.709997805856952,PASS
920,1,3,"D_boundary_evolution,D_boundary_evolution,A_small_low_contrast",0.01927001953125,0.9534555712270804,20.901860972982917,PASS
921,1,3,"A_small_low_contrast,D_boundary_evolution,C_crack_like_structural_evolution",0.01775390625,0.983177570093458,25.566300971498666,PASS
923,1,1,B_diffuse_texture,0.1375048828125,0.9958272923370699,13.384049128226982,PASS
927,1,2,"A_small_low_contrast,A_small_low_contrast",0.003779296875,0.8170974155069582,7.421361118065848,PASS
929,1,2,"B_diffuse_texture,B_diffuse_texture",0.1610009765625,0.9345912573454662,22.518503431985245,PASS
93,1,2,"B_diffuse_texture,B_diffuse_texture",0.06317138671875,0.9507385411908025,53.08290304095823,PASS
930,1,1,C_crack_like_structural_evolution,0.0035546875,1.0,32.54838186813187,PASS
931,1,2,"C_crack_like_structural_evolution,C_crack_like_structural_evolution",0.007702636718749999,1.0,30.516642415372303,PASS
934,1,3,"B_diffuse_texture,D_boundary_evolution,B_diffuse_texture",0.2379052734375,0.9891697464376766,31.98566433328965,PASS
935,1,3,"B_diffuse_texture,A_small_low_contrast,B_diffuse_texture",0.293369140625,0.919931856899489,22.8462833333023,PASS
936,1,1,B_diffuse_texture,0.04499755859375,0.9793304994686504,52.198884867885624,PASS
938,1,3,"D_boundary_evolution,C_crack_like_structural_evolution,B_diffuse_texture",0.127509765625,0.9656737028999802,35.75567425177975,PASS
94,1,3,"A_small_low_contrast,B_diffuse_texture,D_boundary_evolution",0.1429150390625,0.9527439024390244,31.349966740077008,PASS
941,1,2,"B_diffuse_texture,B_diffuse_texture",0.13302490234375,0.95517405817835,20.1515135008494,PASS
942,1,2,"D_boundary_evolution,C_crack_like_structural_evolution",0.00890380859375,1.0,32.242019961103004,PASS
943,1,2,"B_diffuse_texture,D_boundary_evolution",0.17747314453125,0.9871631374637386,30.542850702954034,PASS
944,1,1,C_crack_like_structural_evolution,0.00146240234375,1.0,24.454584307178628,PASS
945,1,1,B_diffuse_texture,0.17175537109375,0.9901061164747939,12.4066469986212,PASS
947,1,3,"C_crack_like_structural_evolution,B_diffuse_texture,C_crack_like_structural_evolution",0.02580078125,0.9771809149470466,25.069845954560815,PASS
949,1,2,"B_diffuse_texture,B_diffuse_texture",0.160029296875,0.9756161194509111,46.618744547417634,PASS
95,1,3,"B_diffuse_texture,D_boundary_evolution,A_small_low_contrast",0.12151367187499999,0.9185022026431718,23.3800496582878,PASS
950,1,2,"A_small_low_contrast,C_crack_like_structural_evolution",0.00370361328125,0.8468468468468469,16.199230210528277,PASS
952,1,2,"A_small_low_contrast,A_small_low_contrast",0.0036279296875000003,0.9141104294478528,6.602284025941746,PASS
953,1,2,"C_crack_like_structural_evolution,B_diffuse_texture",0.13703125,0.9790856116754397,44.10276707827887,PASS
954,1,1,D_boundary_evolution,0.0064404296875,0.9996210685865858,36.97503980288097,PASS
958,1,2,"B_diffuse_texture,B_diffuse_texture",0.07712646484374999,0.965418207569439,24.67843241846756,PASS
959,1,1,A_small_low_contrast,0.00240478515625,0.933649289099526,6.358375634517767,PASS
96,1,3,"B_diffuse_texture,A_small_low_contrast,C_crack_like_structural_evolution",0.050664062499999996,0.8571428571428571,16.484389529697452,PASS
960,1,2,"C_crack_like_structural_evolution,A_small_low_contrast",0.005585937500000001,0.8523698523698524,17.9053228126935,PASS
961,1,3,"A_small_low_contrast,A_small_low_contrast,D_boundary_evolution",0.014396972656250001,0.7949579831932773,16.616750491804236,PASS
963,1,2,"A_small_low_contrast,C_crack_like_structural_evolution",0.00286376953125,0.9147286821705426,18.267787297448315,PASS
964,1,1,C_crack_like_structural_evolution,0.00259033203125,1.0,35.07667483506126,PASS
966,1,2,"C_crack_like_structural_evolution,B_diffuse_texture",0.057453613281249996,0.9535905192060664,23.324052281737075,PASS
968,1,1,A_small_low_contrast,0.00072021484375,0.9609120521172638,7.091525423728812,PASS
969,1,2,"C_crack_like_structural_evolution,B_diffuse_texture",0.025244140624999998,0.899923896499239,45.84691938424947,PASS
97,1,3,"B_diffuse_texture,D_boundary_evolution,A_small_low_contrast",0.12385986328125001,0.8897168405365127,45.672839855115114,PASS
970,1,2,"C_crack_like_structural_evolution,D_boundary_evolution",0.01921630859375,1.0,28.17051867335232,PASS
971,1,2,"A_small_low_contrast,C_crack_like_structural_evolution",0.0052783203125,0.8996539792387543,24.77194238190656,PASS
973,1,3,"C_crack_like_structural_evolution,B_diffuse_texture,D_boundary_evolution",0.15090576171875,0.9831201167682665,41.90764808655185,PASS
974,1,3,"B_diffuse_texture,C_crack_like_structural_evolution,B_diffuse_texture",0.04012939453125,0.9695276790248857,22.9149691328525,PASS
976,1,2,"A_small_low_contrast,C_crack_like_structural_evolution",0.0029980468750000003,0.9585635359116023,21.679538157451415,PASS
977,1,1,A_small_low_contrast,0.0021923828125,0.8634615384615385,7.316258351893092,PASS
98,1,3,"A_small_low_contrast,C_crack_like_structural_evolution,B_diffuse_texture",0.17812499999999998,0.8855337078651685,33.74386993812326,PASS
980,1,1,C_crack_like_structural_evolution,0.00364501953125,1.0,28.471182853315472,PASS
981,1,3,"C_crack_like_structural_evolution,A_small_low_contrast,D_boundary_evolution",0.016345214843749997,0.9728471683475562,22.004800634588232,PASS
984,1,1,B_diffuse_texture,0.147666015625,0.9684722911629545,43.674875471198995,PASS
985,1,1,D_boundary_evolution,0.00953125,1.0,34.949575307377046,PASS
986,1,3,"B_diffuse_texture,B_diffuse_texture,B_diffuse_texture",0.23707275390625002,0.9492544670363524,23.767220552180053,PASS
99,1,3,"D_boundary_evolution,C_crack_like_structural_evolution,B_diffuse_texture",0.1535595703125,0.9812797479385935,44.43099647463405,PASS
991,1,3,"C_crack_like_structural_evolution,B_diffuse_texture,A_small_low_contrast",0.06741455078125,0.86875,22.44029928337177,PASS
992,1,1,D_boundary_evolution,0.009677734375,1.0,30.40469172552977,PASS
995,1,1,C_crack_like_structural_evolution,0.00213623046875,0.9977194982896237,37.38119085714286,PASS
996,1,1,C_crack_like_structural_evolution,0.002509765625,1.0,22.9463453307393,PASS
997,1,2,"D_boundary_evolution,B_diffuse_texture",0.14540283203124998,0.9613481860402504,42.21458684766485,PASS
998,1,3,"A_small_low_contrast,A_small_low_contrast,D_boundary_evolution",0.012734375,0.8147058823529412,12.838502443348055,PASS
999,1,1,A_small_low_contrast,0.00103271484375,0.8562753036437247,7.576832151300225,PASS
1,0,3,"B_diffuse_texture,B_diffuse_texture,B_diffuse_texture",0.34350341796875,0.9708591113610798,23.796683619025245,PASS
100,0,2,"B_diffuse_texture,D_boundary_evolution",0.09378173828125,0.9769000272405339,49.583611698086486,PASS
1001,0,3,"D_boundary_evolution,C_crack_like_structural_evolution,C_crack_like_structural_evolution",0.01203125,1.0,34.97503479569606,PASS
1003,0,2,"C_crack_like_structural_evolution,A_small_low_contrast",0.00250244140625,0.8502202643171806,14.855931815417541,PASS
1004,0,3,"C_crack_like_structural_evolution,B_diffuse_texture,C_crack_like_structural_evolution",0.037998046875,0.9556749965098422,26.525174671556442,PASS
1005,0,2,"C_crack_like_structural_evolution,A_small_low_contrast",0.005688476562499999,0.9094269870609981,19.48682418146271,PASS
1008,0,1,A_small_low_contrast,0.00189208984375,0.856353591160221,6.285161290322581,PASS
101,0,3,"D_boundary_evolution,B_diffuse_texture,A_small_low_contrast",0.0415283203125,0.9218106995884774,19.88328811276414,PASS
102,0,3,"B_diffuse_texture,C_crack_like_structural_evolution,C_crack_like_structural_evolution",0.15171630859375,0.9641000962463908,35.81642788133067,PASS
103,0,3,"A_small_low_contrast,D_boundary_evolution,B_diffuse_texture",0.13863037109374998,0.9464949309088285,15.399985062860331,PASS
104,0,2,"C_crack_like_structural_evolution,C_crack_like_structural_evolution",0.004267578125,1.0,34.246224695039864,PASS
105,0,3,"A_small_low_contrast,B_diffuse_texture,A_small_low_contrast",0.1190380859375,0.8623548922056384,39.5507765378371,PASS
106,0,1,D_boundary_evolution,0.010517578125,1.0,31.370796889507886,PASS
107,0,1,C_crack_like_structural_evolution,0.0026318359375,0.9990732159406858,25.413549165120592,PASS
108,0,1,D_boundary_evolution,0.0089794921875,0.9978296256104178,27.430249592169652,PASS
109,0,2,"B_diffuse_texture,A_small_low_contrast",0.15582763671875,0.8853362734288864,24.93861749997115,PASS
110,0,2,"A_small_low_contrast,B_diffuse_texture",0.07080810546875001,0.9427917620137299,48.29422061544746,PASS
111,0,2,"D_boundary_evolution,B_diffuse_texture",0.098955078125,0.984330374372829,18.854456342536338,PASS
113,0,2,"C_crack_like_structural_evolution,A_small_low_contrast",0.0038330078125,0.9597156398104265,20.919626072124757,PASS
114,0,1,D_boundary_evolution,0.00909423828125,1.0,32.035299597315436,PASS
115,0,2,"D_boundary_evolution,B_diffuse_texture",0.14928466796875,0.9572472423241762,42.13442250101323,PASS
117,0,1,B_diffuse_texture,0.04593505859375,0.9734581953642384,10.701355301621048,PASS
119,0,3,"B_diffuse_texture,A_small_low_contrast,C_crack_like_structural_evolution",0.13012939453125,0.9330960854092527,53.66298081607177,PASS
12,0,3,"C_crack_like_structural_evolution,C_crack_like_structural_evolution,B_diffuse_texture",0.03197998046875,0.9762021831055168,29.693563900543552,PASS
120,0,2,"B_diffuse_texture,D_boundary_evolution",0.04550537109375,0.9909425947904303,46.2737718542067,PASS
123,0,2,"B_diffuse_texture,A_small_low_contrast",0.1579541015625,0.8647798742138365,26.024782349048117,PASS
124,0,2,"B_diffuse_texture,B_diffuse_texture",0.0939892578125,0.9385290099935294,26.54753525538296,PASS
129,0,3,"A_small_low_contrast,A_small_low_contrast,A_small_low_contrast",0.00445556640625,0.9759615384615384,7.694351103182751,PASS
13,0,2,"D_boundary_evolution,D_boundary_evolution",0.02802490234375,1.0,32.474825953141526,PASS
131,0,2,"A_small_low_contrast,A_small_low_contrast",0.0053759765625,0.9311827956989247,7.317750173274101,PASS
132,0,2,"A_small_low_contrast,A_small_low_contrast",0.00481201171875,0.9367647058823529,7.350686313044421,PASS
133,0,1,B_diffuse_texture,0.02523193359375,0.9909866717806117,86.68966715045961,PASS
135,0,1,C_crack_like_structural_evolution,0.0034326171875,1.0,35.15738975817923,PASS
136,0,3,"A_small_low_contrast,B_diffuse_texture,B_diffuse_texture",0.06551025390625,0.9536807278742763,30.968908044694313,PASS
137,0,3,"B_diffuse_texture,B_diffuse_texture,C_crack_like_structural_evolution",0.1561376953125,0.9878662002623524,64.7233255295355,PASS
139,0,1,A_small_low_contrast,0.00306396484375,0.95292331055429,7.879681274900398,PASS
14,0,3,"A_small_low_contrast,A_small_low_contrast,D_boundary_evolution",0.013430175781250001,0.8918345705196182,13.270096717798452,PASS
141,0,1,C_crack_like_structural_evolution,0.0024609375,0.998019801980198,29.779084325396823,PASS
143,0,2,"B_diffuse_texture,D_boundary_evolution",0.0570849609375,0.961238730708501,37.5866091115758,PASS
144,0,3,"D_boundary_evolution,D_boundary_evolution,B_diffuse_texture",0.08914306640625,0.9959541469993257,57.94506132568713,PASS
146,0,2,"A_small_low_contrast,A_small_low_contrast",0.004248046875,0.8319882611885546,6.730084516388146,PASS
147,0,2,"B_diffuse_texture,B_diffuse_texture",0.32844726562500004,0.9702831192790747,54.62652266294221,PASS
148,0,1,C_crack_like_structural_evolution,0.001416015625,1.0,28.31604655172414,PASS
149,0,2,"C_crack_like_structural_evolution,A_small_low_contrast",0.004729003906249999,0.9227272727272727,18.360033431855502,PASS
15,0,1,D_boundary_evolution,0.0048095703125,1.0,26.042147208121825,PASS
151,0,1,B_diffuse_texture,0.0605908203125,0.9957071213640922,78.43248859698605,PASS
153,0,3,"D_boundary_evolution,C_crack_like_structural_evolution,A_small_low_contrast",0.018552246093750002,0.8038674033149171,21.704168203019773,PASS
154,0,1,A_small_low_contrast,0.0019384765625,0.9463647199046484,8.151133501259446,PASS
155,0,2,"C_crack_like_structural_evolution,A_small_low_contrast",0.00547607421875,0.9621818181818181,14.336507743846333,PASS
156,0,2,"C_crack_like_structural_evolution,B_diffuse_texture",0.14308593749999998,0.9822626374386281,23.123003260602164,PASS
157,0,1,D_boundary_evolution,0.008681640625,1.0,29.11459983127109,PASS
165,0,1,A_small_low_contrast,0.0010498046875,0.8847736625514403,7.113953488372103,PASS
166,0,2,"A_small_low_contrast,B_diffuse_texture",0.0525927734375,0.9574468085106383,29.876260391651535,PASS
167,0,1,A_small_low_contrast,0.00330322265625,0.9595744680851064,7.0606060606060606,PASS
168,0,2,"A_small_low_contrast,A_small_low_contrast",0.004833984374999999,0.8839360807401178,7.122265534182937,PASS
169,0,3,"A_small_low_contrast,B_diffuse_texture,A_small_low_contrast",0.036181640625,0.8612099644128114,35.01276561087547,PASS
17,0,3,"A_small_low_contrast,B_diffuse_texture,C_crack_like_structural_evolution",0.013134765625,0.8102893890675241,16.34948671309719,PASS
170,0,2,"B_diffuse_texture,D_boundary_evolution",0.10121337890625,0.9922879829523834,23.9783582527348,PASS
171,0,2,"A_small_low_contrast,A_small_low_contrast",0.00325439453125,0.7964601769911505,6.640216698534098,PASS
173,0,1,A_small_low_contrast,0.00208251953125,0.8395669291338582,5.594372801875728,PASS
175,0,3,"B_diffuse_texture,C_crack_like_structural_evolution,C_crack_like_structural_evolution",0.09694091796875001,0.930491374930443,24.230832358287454,PASS
176,0,1,C_crack_like_structural_evolution,0.00346435546875,1.0,38.33140380549683,PASS
177,0,2,"B_diffuse_texture,C_crack_like_structural_evolution",0.02635986328125,0.9670481452249408,40.6777504663698,PASS
179,0,2,"B_diffuse_texture,D_boundary_evolution",0.10332275390625,0.9716306544380537,31.904593302324102,PASS
18,0,1,A_small_low_contrast,0.00291015625,0.8587896253602305,7.1855729865771805,PASS
180,0,2,"C_crack_like_structural_evolution,C_crack_like_structural_evolution",0.0048486328125,0.9824120603015075,26.277451340587575,PASS
182,0,1,B_diffuse_texture,0.06932861328125,0.971335727723619,10.301651582913689,PASS
184,0,2,"C_crack_like_structural_evolution,A_small_low_contrast",0.0040771484375,0.8691437802907916,16.988167819893075,PASS
185,0,1,D_boundary_evolution,0.011337890625,1.0,32.13905684754522,PASS
188,0,1,D_boundary_evolution,0.0154150390625,0.9982608695652174,35.239861102312325,PASS
189,0,3,"C_crack_like_structural_evolution,B_diffuse_texture,B_diffuse_texture",0.2132080078125,0.9398353388220393,26.599642103377903,PASS
190,0,1,C_crack_like_structural_evolution,0.00131103515625,1.0,33.67872625698324,PASS
191,0,1,A_small_low_contrast,0.002919921875,0.8999247554552295,7.19314381270903,PASS
192,0,2,"B_diffuse_texture,D_boundary_evolution",0.05470458984375,0.9896335583413693,65.295286435686,PASS
193,0,3,"A_small_low_contrast,C_crack_like_structural_evolution,B_diffuse_texture",0.0243896484375,0.9505376344086022,33.21532595564818,PASS
195,0,2,"A_small_low_contrast,B_diffuse_texture",0.11543945312500001,0.944403803950256,23.584630758253837,PASS
196,0,3,"C_crack_like_structural_evolution,C_crack_like_structural_evolution,C_crack_like_structural_evolution",0.0068212890624999994,0.9887369267900241,26.593365675001788,PASS
197,0,2,"B_diffuse_texture,C_crack_like_structural_evolution",0.0882763671875,0.9856329778416312,42.516957820984054,PASS
198,0,1,B_diffuse_texture,0.045830078125,0.9695780176643768,10.037262305561473,PASS
199,0,2,"B_diffuse_texture,B_diffuse_texture",0.2576953125,0.9650919732441472,32.3914850824279,PASS
2,0,1,D_boundary_evolution,0.00853271484375,1.0,26.96445665236051,PASS
20,0,2,"A_small_low_contrast,B_diffuse_texture",0.06020263671875,0.9576490924805532,29.685908576241403,PASS
202,0,2,"A_small_low_contrast,A_small_low_contrast",0.0045703125,0.8421733505821475,7.690144061111809,PASS
205,0,1,C_crack_like_structural_evolution,0.00327392578125,1.0,41.33265398956003,PASS
206,0,3,"A_small_low_contrast,A_small_low_contrast,A_small_low_contrast",0.00655517578125,0.8397932816537468,7.3794785509438015,PASS
207,0,3,"B_diffuse_texture,A_small_low_contrast,B_diffuse_texture",0.24006103515625,0.9295102395899462,26.481653281209915,PASS
208,0,2,"D_boundary_evolution,B_diffuse_texture",0.13008300781249998,0.9843981574203885,25.851643434897596,PASS
209,0,3,"B_diffuse_texture,B_diffuse_texture,B_diffuse_texture",0.16072509765624998,0.9284516489659027,11.178763390488458,PASS
21,0,1,C_crack_like_structural_evolution,0.00337646484375,1.0,37.572595083152564,PASS
210,0,1,C_crack_like_structural_evolution,0.00249755859375,1.0,39.096226783968724,PASS
213,0,3,"C_crack_like_structural_evolution,D_boundary_evolution,A_small_low_contrast",0.016337890625,0.859717868338558,21.661003285223686,PASS
215,0,3,"A_small_low_contrast,B_diffuse_texture,D_boundary_evolution",0.15670654296875,0.9444021325209444,32.53983011064897,PASS
216,0,2,"B_diffuse_texture,C_crack_like_structural_evolution",0.1690771484375,0.9886242653171351,62.969372639993495,PASS
217,0,3,"B_diffuse_texture,D_boundary_evolution,A_small_low_contrast",0.119853515625,0.9499150555902024,26.663282116911336,PASS
219,0,2,"B_diffuse_texture,C_crack_like_structural_evolution",0.130556640625,0.9898667667479827,23.983008166385957,PASS
220,0,2,"C_crack_like_structural_evolution,C_crack_like_structural_evolution",0.00766357421875,1.0,31.602840223159976,PASS
221,0,1,B_diffuse_texture,0.071552734375,0.9627488338479732,46.524251194213186,PASS
222,0,1,B_diffuse_texture,0.1119873046875,0.9969355154202256,74.94405857859168,PASS
223,0,3,"A_small_low_contrast,A_small_low_contrast,D_boundary_evolution",0.007041015625,0.8274111675126904,11.20240181586093,PASS
224,0,1,C_crack_like_structural_evolution,0.0040869140625,1.0,31.78197013142174,PASS
225,0,3,"A_small_low_contrast,B_diffuse_texture,A_small_low_contrast",0.1571044921875,0.8938134810710988,8.168740755556994,PASS
227,0,1,A_small_low_contrast,0.00080810546875,0.8897849462365591,7.413897280966765,PASS
228,0,1,C_crack_like_structural_evolution,0.0022607421875,0.9798941798941799,28.76353779697624,PASS
23,0,2,"B_diffuse_texture,D_boundary_evolution",0.06827392578125,0.9471464952198054,18.14991762102977,PASS
233,0,3,"B_diffuse_texture,C_crack_like_structural_evolution,A_small_low_contrast",0.10816650390625,0.9446870451237264,11.401232071177015,PASS
234,0,1,B_diffuse_texture,0.046513671875,0.9844977263331955,11.490447197144658,PASS
235,0,2,"D_boundary_evolution,C_crack_like_structural_evolution",0.013625488281249999,1.0,26.583780048685945,PASS
236,0,2,"C_crack_like_structural_evolution,C_crack_like_structural_evolution",0.005458984375,0.9985865724381625,23.326656040636372,PASS
237,0,3,"D_boundary_evolution,A_small_low_contrast,C_crack_like_structural_evolution",0.017548828125,0.9037735849056604,20.878494751118115,PASS
238,0,2,"A_small_low_contrast,B_diffuse_texture",0.09745849609375,0.9745037603254839,31.800415311737453,PASS
239,0,3,"D_boundary_evolution,C_crack_like_structural_evolution,A_small_low_contrast",0.01600830078125,0.9583911234396671,23.17398665757796,PASS
24,0,1,A_small_low_contrast,0.00269775390625,0.8559256390395042,5.782805429864253,PASS
240,0,3,"D_boundary_evolution,B_diffuse_texture,B_diffuse_texture",0.32485107421875,0.9692716961896266,68.17315456549765,PASS
243,0,1,B_diffuse_texture,0.16368408203125,0.9852748835363793,8.951019837422626,PASS
249,0,3,"C_crack_like_structural_evolution,C_crack_like_structural_evolution,D_boundary_evolution",0.0199755859375,1.0,35.49948065366726,PASS
250,0,3,"A_small_low_contrast,C_crack_like_structural_evolution,D_boundary_evolution",0.01692626953125,0.8779527559055118,22.387677023486987,PASS
252,0,1,D_boundary_evolution,0.004697265625,1.0,27.717191787941783,PASS
253,0,1,C_crack_like_structural_evolution,0.00237060546875,1.0,24.874340885684862,PASS
254,0,2,"B_diffuse_texture,A_small_low_contrast",0.07941162109375,0.9205526770293609,21.3593487808631,PASS
255,0,3,"B_diffuse_texture,B_diffuse_texture,D_boundary_evolution",0.215703125,0.9432358243198952,31.311008406037974,PASS
257,0,1,D_boundary_evolution,0.0065185546875,1.0,33.50643820224719,PASS
258,0,2,"C_crack_like_structural_evolution,D_boundary_evolution",0.01625,0.9797979797979798,31.194951778504134,PASS
259,0,2,"A_small_low_contrast,A_small_low_contrast",0.00432861328125,0.9553415061295972,7.602668863616204,PASS
26,0,1,B_diffuse_texture,0.16775634765625,0.9716204751131222,56.30824577590849,PASS
260,0,2,"A_small_low_contrast,C_crack_like_structural_evolution",0.00366455078125,0.921146953405018,7.699116488840991,PASS
261,0,2,"C_crack_like_structural_evolution,C_crack_like_structural_evolution",0.00434326171875,1.0,24.373424062897158,PASS
263,0,2,"D_boundary_evolution,B_diffuse_texture",0.08325439453125,0.9859181374389786,22.559828894340335,PASS
264,0,1,C_crack_like_structural_evolution,0.00268310546875,0.9856502242152466,18.636253867151954,PASS
265,0,1,B_diffuse_texture,0.13668701171875,0.9651100653324369,36.15291481951167,PASS
266,0,3,"D_boundary_evolution,C_crack_like_structural_evolution,C_crack_like_structural_evolution",0.01637451171875,0.986627043090639,30.72174113933661,PASS
268,0,1,D_boundary_evolution,0.01458251953125,0.9993307679437845,31.321083710028457,PASS
269,0,2,"D_boundary_evolution,B_diffuse_texture",0.022314453125,0.9814151747655584,46.78381362093948,PASS
27,0,2,"A_small_low_contrast,B_diffuse_texture",0.0446240234375,0.8932270916334661,8.436739760319206,PASS
270,0,2,"B_diffuse_texture,A_small_low_contrast",0.022841796875,0.7887970615243343,68.07762475326838,PASS
271,0,1,D_boundary_evolution,0.01217529296875,1.0,29.046260076198113,PASS
272,0,1,A_small_low_contrast,0.0002685546875,0.08613938919342208,5.099999999999996,PASS
273,0,2,"C_crack_like_structural_evolution,C_crack_like_structural_evolution",0.0038305664062500003,0.9358974358974359,13.733556420551578,PASS
274,0,3,"A_small_low_contrast,B_diffuse_texture,B_diffuse_texture",0.284521484375,0.9655933424267038,42.218374482320286,PASS
275,0,3,"A_small_low_contrast,A_small_low_contrast,B_diffuse_texture",0.13540771484375,0.8162790697674419,46.987640861197555,PASS
276,0,3,"C_crack_like_structural_evolution,C_crack_like_structural_evolution,C_crack_like_structural_evolution",0.007624511718749999,0.9970845481049563,25.61882624817387,PASS
277,0,2,"D_boundary_evolution,A_small_low_contrast",0.015126953125,0.8322649572649573,18.57661255406896,PASS
278,0,2,"A_small_low_contrast,C_crack_like_structural_evolution",0.00471435546875,0.9155145929339478,23.996362486489204,PASS
279,0,2,"C_crack_like_structural_evolution,B_diffuse_texture",0.00909423828125,0.9266755142667551,19.1102534685887,PASS
28,0,2,"A_small_low_contrast,C_crack_like_structural_evolution",0.00572998046875,0.8676607642124884,15.561752750141085,PASS
281,0,3,"A_small_low_contrast,B_diffuse_texture,A_small_low_contrast",0.1559814453125,0.8726335585428711,8.568623821724119,PASS
282,0,3,"A_small_low_contrast,B_diffuse_texture,D_boundary_evolution",0.15900634765625,0.5994123408423114,34.95836111644818,PASS
283,0,1,D_boundary_evolution,0.0086181640625,0.9988681380871534,23.429556657223795,PASS
284,0,1,C_crack_like_structural_evolution,0.00279541015625,0.9913419913419913,22.854394759825325,PASS
285,0,2,"C_crack_like_structural_evolution,A_small_low_contrast",0.00274169921875,0.8354632587859425,20.08690093849586,PASS
286,0,1,C_crack_like_structural_evolution,0.00289306640625,0.9595141700404858,15.114765400843881,PASS
287,0,3,"B_diffuse_texture,C_crack_like_structural_evolution,A_small_low_contrast",0.06122314453125,0.9408672798948752,17.565191631366144,PASS
288,0,3,"A_small_low_contrast,C_crack_like_structural_evolution,B_diffuse_texture",0.05341064453125,0.8695652173913043,16.330507196068414,PASS
289,0,3,"B_diffuse_texture,B_diffuse_texture,C_crack_like_structural_evolution",0.083154296875,0.8956861090602257,44.38046028952522,PASS
29,0,2,"D_boundary_evolution,A_small_low_contrast",0.01033447265625,0.9574700109051254,19.60711784098123,PASS
290,0,3,"B_diffuse_texture,B_diffuse_texture,B_diffuse_texture",0.2691845703125,0.9527777211889095,28.342823765008617,PASS
291,0,1,D_boundary_evolution,0.006123046875,1.0,26.38816188197767,PASS
292,0,3,"A_small_low_contrast,D_boundary_evolution,B_diffuse_texture",0.0271826171875,0.9151459854014599,27.574520937465625,PASS
294,0,1,D_boundary_evolution,0.009951171875,1.0,33.78621123650638,PASS
295,0,2,"B_diffuse_texture,C_crack_like_structural_evolution",0.09134033203125,0.9928868934927246,65.94809227269964,PASS
296,0,1,B_diffuse_texture,0.02202880859375,0.9708414030557349,8.75473789205364,PASS
297,0,3,"B_diffuse_texture,C_crack_like_structural_evolution,A_small_low_contrast",0.10354248046875,0.8759342301943199,37.706373424676435,PASS
299,0,3,"C_crack_like_structural_evolution,D_boundary_evolution,B_diffuse_texture",0.16172607421875,0.9831911371450401,47.38541808256679,PASS
3,0,3,"D_boundary_evolution,A_small_low_contrast,D_boundary_evolution",0.02028564453125,0.9296724470134875,23.45945849271689,PASS
300,0,1,C_crack_like_structural_evolution,0.0040087890625,1.0,29.402046285018272,PASS
301,0,1,B_diffuse_texture,0.08259033203125,0.9290108200142803,9.057902302757988,PASS
302,0,3,"B_diffuse_texture,D_boundary_evolution,C_crack_like_structural_evolution",0.15119384765625,0.9691321582187737,38.710566319177936,PASS
303,0,2,"D_boundary_evolution,C_crack_like_structural_evolution",0.00761474609375,1.0,34.93198529390868,PASS
304,0,1,C_crack_like_structural_evolution,0.00117919921875,1.0,33.48153623188406,PASS
305,0,2,"A_small_low_contrast,B_diffuse_texture",0.0964013671875,0.9682539682539683,34.90344196142369,PASS
306,0,2,"A_small_low_contrast,D_boundary_evolution",0.0102294921875,0.8388157894736842,18.699194519927534,PASS
307,0,2,"B_diffuse_texture,A_small_low_contrast",0.039426269531249995,0.8621830209481808,9.54706943358713,PASS
31,0,1,D_boundary_evolution,0.0092236328125,1.0,29.635195076760187,PASS
311,0,3,"C_crack_like_structural_evolution,C_crack_like_structural_evolution,C_crack_like_structural_evolution",0.00930908203125,0.9920466595970308,26.454004145390524,PASS
312,0,2,"B_diffuse_texture,B_diffuse_texture",0.22546875,0.960692119616325,21.11464282045915,PASS
313,0,3,"A_small_low_contrast,A_small_low_contrast,A_small_low_contrast",0.00405517578125,0.9359190556492412,7.669450761103088,PASS
314,0,1,B_diffuse_texture,0.1023388671875,0.991273913968832,10.590679755713536,PASS
315,0,2,"B_diffuse_texture,C_crack_like_structural_evolution",0.09884033203125,0.9647166936712535,43.99971826365841,PASS
316,0,2,"C_crack_like_structural_evolution,C_crack_like_structural_evolution",0.0054296875000000005,0.987001733102253,19.938391173840742,PASS
317,0,3,"C_crack_like_structural_evolution,B_diffuse_texture,A_small_low_contrast",0.07474853515625,0.8606431852986217,14.065932132790598,PASS
318,0,3,"B_diffuse_texture,C_crack_like_structural_evolution,B_diffuse_texture",0.11994384765624999,0.9232392801599645,35.26576504602763,PASS
319,0,3,"D_boundary_evolution,C_crack_like_structural_evolution,B_diffuse_texture",0.12451416015625,0.945996853783739,18.92134296957703,PASS
321,0,2,"B_diffuse_texture,A_small_low_contrast",0.04925537109375,0.9270883865334238,7.798150437314573,PASS
322,0,3,"C_crack_like_structural_evolution,A_small_low_contrast,B_diffuse_texture",0.09176025390625,0.8765849535080305,44.20304961948773,PASS
325,0,1,A_small_low_contrast,0.00166015625,0.8762886597938144,7.0323529411764705,PASS
326,0,3,"C_crack_like_structural_evolution,C_crack_like_structural_evolution,B_diffuse_texture",0.04314453125,0.9705615942028986,25.719273669484448,PASS
327,0,3,"D_boundary_evolution,D_boundary_evolution,A_small_low_contrast",0.014704589843750001,0.8624849215922799,18.37183523439461,PASS
329,0,2,"C_crack_like_structural_evolution,C_crack_like_structural_evolution",0.005786132812500001,0.996962794229309,30.434798577070428,PASS
33,0,1,D_boundary_evolution,0.00999267578125,1.0,29.177075006107987,PASS
331,0,1,A_small_low_contrast,0.0020947265625,0.9565217391304348,7.56638578088578,PASS
332,0,2,"A_small_low_contrast,D_boundary_evolution",0.012585449218750001,0.8745603751465416,23.779895929420505,PASS
333,0,2,"B_diffuse_texture,D_boundary_evolution",0.15651123046875,0.9838895281933256,65.54220975880924,PASS
334,0,2,"B_diffuse_texture,B_diffuse_texture",0.20366455078125,0.951927797288622,9.103238040647602,PASS
335,0,1,C_crack_like_structural_evolution,0.00388427734375,1.0,27.979690760527973,PASS
336,0,1,B_diffuse_texture,0.1573583984375,0.9836701056101581,62.75751095354826,PASS
337,0,2,"A_small_low_contrast,D_boundary_evolution",0.008540039062500001,0.8564476885644768,19.041694926628487,PASS
338,0,2,"B_diffuse_texture,C_crack_like_structural_evolution",0.09185302734375,0.9827522353314639,15.273425605154806,PASS
339,0,3,"B_diffuse_texture,A_small_low_contrast,A_small_low_contrast",0.06064697265625,0.8718626155878467,29.306865797545296,PASS
34,0,2,"C_crack_like_structural_evolution,B_diffuse_texture",0.16408691406249998,0.9684216687640844,36.751757045216486,PASS
341,0,2,"B_diffuse_texture,B_diffuse_texture",0.16672119140625,0.8876578278133876,46.23365988422741,PASS
343,0,3,"C_crack_like_structural_evolution,C_crack_like_structural_evolution,C_crack_like_structural_evolution",0.0067724609375,0.9851485148514851,28.259522878657844,PASS
344,0,1,B_diffuse_texture,0.06885986328125,0.9466353415002517,8.558530579684453,PASS
345,0,3,"C_crack_like_structural_evolution,A_small_low_contrast,B_diffuse_texture",0.120634765625,0.8846153846153846,44.86540859211442,PASS
346,0,2,"B_diffuse_texture,A_small_low_contrast",0.0625537109375,0.9840425531914894,9.061859758499194,PASS
347,0,2,"A_small_low_contrast,C_crack_like_structural_evolution",0.0059716796875,0.9735099337748344,21.469062820718836,PASS
348,0,3,"B_diffuse_texture,A_small_low_contrast,B_diffuse_texture",0.05695556640625,0.4307692307692308,17.894594395401104,PASS
349,0,2,"A_small_low_contrast,A_small_low_contrast",0.0025439453125,0.8765182186234818,7.4513854916817355,PASS
352,0,3,"A_small_low_contrast,C_crack_like_structural_evolution,A_small_low_contrast",0.005788574218749999,0.8397751229796205,14.413649425055022,PASS
354,0,2,"D_boundary_evolution,B_diffuse_texture",0.10232177734374999,0.9647597254004576,34.95327234388866,PASS
355,0,3,"B_diffuse_texture,A_small_low_contrast,C_crack_like_structural_evolution",0.13466552734374998,0.875,16.164793266728726,PASS
356,0,2,"B_diffuse_texture,C_crack_like_structural_evolution",0.01052978515625,0.9846070753443155,19.285343091893438,PASS
358,0,2,"A_small_low_contrast,B_diffuse_texture",0.04331787109375,0.9093381686310064,31.76474791980093,PASS
359,0,1,C_crack_like_structural_evolution,0.0026904296875,1.0,29.754321234119786,PASS
360,0,3,"A_small_low_contrast,B_diffuse_texture,D_boundary_evolution",0.16336669921875,0.8762603116406966,38.29898478982973,PASS
362,0,1,A_small_low_contrast,0.00178466796875,0.8723150357995226,8.211882352941178,PASS
363,0,3,"B_diffuse_texture,B_diffuse_texture,B_diffuse_texture",0.249033203125,0.9750697231480852,48.549524589370655,PASS
365,0,2,"B_diffuse_texture,B_diffuse_texture",0.18245361328124998,0.9662789365115746,35.23691769794903,PASS
366,0,3,"B_diffuse_texture,B_diffuse_texture,D_boundary_evolution",0.22570068359375,0.9750896771622161,28.892604240278445,PASS
367,0,1,B_diffuse_texture,0.01101806640625,0.9380586156724173,7.909594504764015,PASS
368,0,1,A_small_low_contrast,0.0012060546875,0.8853046594982079,7.552631578947368,PASS
369,0,1,B_diffuse_texture,0.148388671875,0.9561564962952476,7.785422836459362,PASS
37,0,1,C_crack_like_structural_evolution,0.00184326171875,1.0,34.68532715231788,PASS
374,0,3,"A_small_low_contrast,B_diffuse_texture,C_crack_like_structural_evolution",0.16731201171875,0.8671128107074569,26.684643571089158,PASS
376,0,2,"A_small_low_contrast,A_small_low_contrast",0.005175781250000001,0.8308580858085809,6.022201730741955,PASS
377,0,2,"B_diffuse_texture,B_diffuse_texture",0.23960449218750002,0.9794638815778445,35.32158067831832,PASS
378,0,3,"C_crack_like_structural_evolution,C_crack_like_structural_evolution,B_diffuse_texture",0.16179443359375,0.9627083301854007,36.26622239475961,PASS
379,0,1,B_diffuse_texture,0.117841796875,0.973204024436962,44.507934242148,PASS
38,0,2,"C_crack_like_structural_evolution,B_diffuse_texture",0.1025439453125,0.9930456962725894,23.18918878823317,PASS
382,0,2,"A_small_low_contrast,B_diffuse_texture",0.096298828125,0.8477064220183487,28.80451421351979,PASS
384,0,3,"C_crack_like_structural_evolution,B_diffuse_texture,A_small_low_contrast",0.09773437500000001,0.9286300246103364,44.363671877844695,PASS
385,0,3,"B_diffuse_texture,C_crack_like_structural_evolution,A_small_low_contrast",0.17233154296875,0.9681020733652312,13.269130113358719,PASS
386,0,3,"D_boundary_evolution,B_diffuse_texture,A_small_low_contrast",0.11976806640625,0.9624342599549212,36.22806978127269,PASS
387,0,1,C_crack_like_structural_evolution,0.0015478515625,1.0,30.012007886435335,PASS
388,0,2,"D_boundary_evolution,B_diffuse_texture",0.06697509765625001,0.9481734602554714,24.041640668512827,PASS
389,0,3,"A_small_low_contrast,B_diffuse_texture,D_boundary_evolution",0.16009033203125,0.819838056680162,26.24514102043382,PASS
391,0,1,A_small_low_contrast,0.00328125,0.9224433768016472,7.953125000000008,PASS
393,0,1,A_small_low_contrast,0.00237548828125,0.9076492537313433,7.969167523124347,PASS
394,0,3,"D_boundary_evolution,A_small_low_contrast,B_diffuse_texture",0.1335205078125,0.8791666666666667,43.481849722627395,PASS
395,0,1,A_small_low_contrast,0.002685546875,0.8778930566640064,6.387272727272728,PASS
396,0,2,"A_small_low_contrast,A_small_low_contrast",0.0038598632812499997,0.9522744220730798,6.990634453694927,PASS
397,0,3,"C_crack_like_structural_evolution,A_small_low_contrast,D_boundary_evolution",0.01509521484375,0.9478458049886621,27.146336578966327,PASS
398,0,2,"B_diffuse_texture,B_diffuse_texture",0.07145263671875,0.9630746043707611,35.819614588688545,PASS
399,0,3,"B_diffuse_texture,C_crack_like_structural_evolution,A_small_low_contrast",0.14269775390625,0.9532846715328467,15.308473467239734,PASS
401,0,2,"C_crack_like_structural_evolution,A_small_low_contrast",0.00558837890625,0.966996699669967,18.879118792574435,PASS
402,0,2,"A_small_low_contrast,B_diffuse_texture",0.11417724609375,0.956089478044739,8.269336707404367,PASS
404,0,2,"A_small_low_contrast,C_crack_like_structural_evolution",0.0043896484375,0.9536290322580645,17.515205014958713,PASS
405,0,2,"B_diffuse_texture,A_small_low_contrast",0.046906738281250006,0.9550561797752809,8.907922870491745,PASS
407,0,3,"A_small_low_contrast,A_small_low_contrast,A_small_low_contrast",0.0068798828125,0.7952069716775599,7.215611493767259,PASS
410,0,1,C_crack_like_structural_evolution,0.001416015625,1.0,35.52881551724138,PASS
412,0,3,"C_crack_like_structural_evolution,C_crack_like_structural_evolution,A_small_low_contrast",0.00529296875,0.8398849472674976,18.589415988741816,PASS
413,0,2,"B_diffuse_texture,B_diffuse_texture",0.2769873046875,0.9642472539306483,35.2953100226305,PASS
415,0,3,"A_small_low_contrast,A_small_low_contrast,D_boundary_evolution",0.0154736328125,0.8384991843393148,14.749781023743827,PASS
417,0,1,A_small_low_contrast,0.00279296875,0.8380952380952381,6.031468531468533,PASS
418,0,3,"A_small_low_contrast,B_diffuse_texture,A_small_low_contrast",0.06868652343750001,0.7868020304568528,22.37784629649553,PASS
419,0,2,"D_boundary_evolution,C_crack_like_structural_evolution",0.0158203125,1.0,29.663563020946583,PASS
420,0,3,"B_diffuse_texture,A_small_low_contrast,C_crack_like_structural_evolution",0.16938476562500002,0.9253604749787956,16.01327760758816,PASS
421,0,2,"A_small_low_contrast,B_diffuse_texture",0.15283935546875002,0.8784165881244109,39.75007321110644,PASS
423,0,3,"A_small_low_contrast,B_diffuse_texture,A_small_low_contrast",0.16398925781249998,0.8788135593220339,19.549451410483524,PASS
424,0,1,B_diffuse_texture,0.0473779296875,0.9856264919498197,79.44441353189734,PASS
426,0,2,"A_small_low_contrast,B_diffuse_texture",0.02622314453125,0.8361303060217177,8.642447248985647,PASS
427,0,3,"D_boundary_evolution,A_small_low_contrast,B_diffuse_texture",0.09665283203125,0.9467227201819095,16.38360500318178,PASS
428,0,3,"B_diffuse_texture,C_crack_like_structural_evolution,A_small_low_contrast",0.0318115234375,0.9370179948586118,23.231306211820538,PASS
429,0,3,"B_diffuse_texture,B_diffuse_texture,B_diffuse_texture",0.180712890625,0.9547346514047866,101.89972695410042,PASS
43,0,1,C_crack_like_structural_evolution,0.0044384765625,1.0,31.18468096809681,PASS
431,0,3,"D_boundary_evolution,A_small_low_contrast,C_crack_like_structural_evolution",0.0113037109375,0.9072727272727272,23.142033456603183,PASS
434,0,3,"C_crack_like_structural_evolution,C_crack_like_structural_evolution,B_diffuse_texture",0.057336425781250006,0.960157487054393,36.24403584314575,PASS
435,0,3,"C_crack_like_structural_evolution,B_diffuse_texture,A_small_low_contrast",0.1114208984375,0.9731343283582089,30.055973274706336,PASS
436,0,3,"A_small_low_contrast,A_small_low_contrast,A_small_low_contrast",0.00574951171875,0.9596774193548387,7.115193646571818,PASS
439,0,2,"A_small_low_contrast,B_diffuse_texture",0.02987548828125,0.9218865143699336,8.54231808436375,PASS
44,0,2,"C_crack_like_structural_evolution,B_diffuse_texture",0.04990966796875,0.9809280377506882,47.91573250740952,PASS
441,0,1,B_diffuse_texture,0.059619140625,0.9663632766125841,50.910387346437346,PASS
442,0,3,"D_boundary_evolution,B_diffuse_texture,B_diffuse_texture",0.16912353515625,0.9672116541185904,26.821009825354306,PASS
443,0,3,"C_crack_like_structural_evolution,D_boundary_evolution,C_crack_like_structural_evolution",0.0157421875,0.9992450931051837,24.677912899168348,PASS
444,0,1,B_diffuse_texture,0.0528564453125,0.9844936564958392,61.93891769053118,PASS
445,0,2,"A_small_low_contrast,B_diffuse_texture",0.1421533203125,0.9115168539325843,31.138080391967566,PASS
446,0,1,A_small_low_contrast,0.00173583984375,0.9582210242587601,8.528832630098453,PASS
447,0,3,"D_boundary_evolution,B_diffuse_texture,B_diffuse_texture",0.21270751953125,0.9372407732864675,27.742185850794698,PASS
448,0,1,C_crack_like_structural_evolution,0.0026708984375,1.0,32.989959780621575,PASS
449,0,3,"B_diffuse_texture,B_diffuse_texture,B_diffuse_texture",0.30016845703125,0.9793246222509007,39.97920055927267,PASS
450,0,3,"B_diffuse_texture,B_diffuse_texture,B_diffuse_texture",0.30594482421875,0.7432404960357797,28.252048853948963,PASS
451,0,3,"A_small_low_contrast,A_small_low_contrast,A_small_low_contrast",0.0051245117187500005,0.8641618497109826,6.831288692962009,PASS
452,0,3,"A_small_low_contrast,A_small_low_contrast,A_small_low_contrast",0.0067333984375000005,0.9428571428571428,7.181539950811806,PASS
455,0,3,"D_boundary_evolution,C_crack_like_structural_evolution,A_small_low_contrast",0.01047119140625,0.9716908951798011,24.089340567220912,PASS
456,0,2,"A_small_low_contrast,D_boundary_evolution",0.0095166015625,0.8280467445742905,14.886399357280816,PASS
457,0,3,"B_diffuse_texture,B_diffuse_texture,A_small_low_contrast",0.2306591796875,0.9208860759493671,26.659008820175515,PASS
458,0,3,"D_boundary_evolution,B_diffuse_texture,B_diffuse_texture",0.21852783203124998,0.9667189693616318,31.1927586174407,PASS
459,0,1,A_small_low_contrast,0.00254638671875,0.95077484047402,7.728667305848514,PASS
461,0,2,"C_crack_like_structural_evolution,D_boundary_evolution",0.01208251953125,1.0,35.63429939644558,PASS
462,0,2,"C_crack_like_structural_evolution,A_small_low_contrast",0.00493896484375,0.9677819083023544,15.879922775416961,PASS
463,0,3,"D_boundary_evolution,A_small_low_contrast,C_crack_like_structural_evolution",0.016005859375,0.9561200923787528,20.494564013274942,PASS
465,0,3,"A_small_low_contrast,A_small_low_contrast,B_diffuse_texture",0.15118408203125,0.8841309823677582,9.179159433086127,PASS
466,0,2,"A_small_low_contrast,B_diffuse_texture",0.0458203125,0.948948948948949,21.851382894036515,PASS
467,0,1,B_diffuse_texture,0.059912109375,0.9657235055684547,10.84596577017115,PASS
468,0,1,A_small_low_contrast,0.002001953125,0.8613445378151261,7.581707317073172,PASS
469,0,2,"A_small_low_contrast,B_diffuse_texture",0.0631396484375,0.9642124368686869,9.17708782519174,PASS
470,0,3,"C_crack_like_structural_evolution,A_small_low_contrast,D_boundary_evolution",0.00885986328125,0.9309967141292442,26.136326950279003,PASS
471,0,3,"D_boundary_evolution,A_small_low_contrast,D_boundary_evolution",0.01724365234375,0.8505906879777624,21.87941142396518,PASS
474,0,3,"A_small_low_contrast,A_small_low_contrast,A_small_low_contrast",0.0027490234375,0.8440366972477065,7.910534517701458,PASS
476,0,3,"A_small_low_contrast,B_diffuse_texture,C_crack_like_structural_evolution",0.13922607421875,0.960967993754879,34.57723256254284,PASS
478,0,3,"D_boundary_evolution,B_diffuse_texture,D_boundary_evolution",0.10979980468749999,0.9794322798231943,43.11547802185262,PASS
48,0,1,C_crack_like_structural_evolution,0.00220947265625,1.0,23.45122983425414,PASS
480,0,3,"A_small_low_contrast,A_small_low_contrast,A_small_low_contrast",0.0047509765625,0.9283819628647215,8.034498199148553,PASS
481,0,1,B_diffuse_texture,0.1672265625,0.9894405362069713,57.22476586953983,PASS
482,0,1,B_diffuse_texture,0.02329833984375,0.9509715994020926,10.326731635753955,PASS
483,0,2,"C_crack_like_structural_evolution,C_crack_like_structural_evolution",0.006074218750000001,0.9958988380041012,33.31596841196751,PASS
485,0,3,"A_small_low_contrast,B_diffuse_texture,B_diffuse_texture",0.09881591796875,0.847165991902834,13.219749007108442,PASS
486,0,2,"B_diffuse_texture,A_small_low_contrast",0.12441162109375,0.8036529680365296,23.063818147868403,PASS
487,0,3,"A_small_low_contrast,D_boundary_evolution,C_crack_like_structural_evolution",0.01587158203125,0.8813760379596679,22.91280681055814,PASS
488,0,1,A_small_low_contrast,0.00236572265625,0.9290508149568553,7.423116615067079,PASS
489,0,2,"C_crack_like_structural_evolution,B_diffuse_texture",0.01664794921875,0.9709821428571429,11.74196904026179,PASS
49,0,2,"C_crack_like_structural_evolution,A_small_low_contrast",0.00485595703125,0.8347031963470319,20.115502247213882,PASS
492,0,1,A_small_low_contrast,0.00321533203125,0.9327195467422096,7.9081245254365955,PASS
494,0,2,"B_diffuse_texture,B_diffuse_texture",0.16516357421875,0.8178488820354665,16.406334752660555,PASS
495,0,3,"A_small_low_contrast,D_boundary_evolution,B_diffuse_texture",0.059809570312500004,0.9794392523364486,35.23604154269716,PASS
497,0,2,"B_diffuse_texture,C_crack_like_structural_evolution",0.13350830078125,0.9696495394358089,49.72866145813565,PASS
498,0,1,B_diffuse_texture,0.0658056640625,0.8636887977441682,25.517811530756102,PASS
499,0,2,"A_small_low_contrast,C_crack_like_structural_evolution",0.00497802734375,0.9099018733273863,15.41550308837961,PASS
50,0,2,"D_boundary_evolution,D_boundary_evolution",0.02086669921875,0.9994387277829747,33.689610071806094,PASS
501,0,1,C_crack_like_structural_evolution,0.0029150390625,1.0,31.713090452261305,PASS
503,0,3,"D_boundary_evolution,B_diffuse_texture,D_boundary_evolution",0.09283935546875,0.9932275413319168,42.379634923561355,PASS
505,0,1,D_boundary_evolution,0.00755615234375,1.0,33.18839612277868,PASS
508,0,2,"C_crack_like_structural_evolution,B_diffuse_texture",0.0318212890625,0.8947368421052632,38.62049618741019,PASS
510,0,3,"A_small_low_contrast,B_diffuse_texture,C_crack_like_structural_evolution",0.13201416015625,0.8524137931034482,28.17100811585613,PASS
512,0,2,"B_diffuse_texture,C_crack_like_structural_evolution",0.08215576171875001,0.9694376895133447,20.12991122275921,PASS
513,0,2,"B_diffuse_texture,C_crack_like_structural_evolution",0.01535888671875,0.9626264357963312,16.72088911055551,PASS
514,0,1,A_small_low_contrast,0.0007080078125,0.9797297297297297,6.637931034482763,PASS
518,0,2,"B_diffuse_texture,D_boundary_evolution",0.16205322265625,0.9733244212189341,17.822290323765372,PASS
52,0,1,C_crack_like_structural_evolution,0.003369140625,1.0,37.264716666666665,PASS
520,0,2,"A_small_low_contrast,B_diffuse_texture",0.0877685546875,0.8346228239845261,7.539395403202521,PASS
524,0,1,B_diffuse_texture,0.0398583984375,0.9914374202951357,11.440488729633712,PASS
526,0,1,B_diffuse_texture,0.08530029296875,0.9873399836098002,11.556713128595552,PASS
528,0,1,C_crack_like_structural_evolution,0.0036669921875,1.0,29.426290945406123,PASS
529,0,2,"C_crack_like_structural_evolution,A_small_low_contrast",0.0052587890625,0.8886138613861386,15.08240900649954,PASS
53,0,1,C_crack_like_structural_evolution,0.00240966796875,1.0,35.276309017223916,PASS
530,0,1,B_diffuse_texture,0.01787353515625,0.9579952891913112,10.426854254883212,PASS
531,0,3,"A_small_low_contrast,C_crack_like_structural_evolution,A_small_low_contrast",0.00822998046875,0.8610335195530726,15.261641590026143,PASS
532,0,2,"B_diffuse_texture,B_diffuse_texture",0.2199560546875,0.9884375926474949,27.54556459631439,PASS
533,0,3,"A_small_low_contrast,B_diffuse_texture,A_small_low_contrast",0.11455322265625001,0.976103500761035,23.529336792397828,PASS
534,0,3,"A_small_low_contrast,B_diffuse_texture,C_crack_like_structural_evolution",0.06643310546875,0.9484848484848485,28.052185333833744,PASS
536,0,1,C_crack_like_structural_evolution,0.00178466796875,1.0,32.65451573187415,PASS
537,0,3,"C_crack_like_structural_evolution,C_crack_like_structural_evolution,A_small_low_contrast",0.00934814453125,0.893595041322314,23.374886295638465,PASS
54,0,3,"B_diffuse_texture,D_boundary_evolution,C_crack_like_structural_evolution",0.07617431640625,0.9705035971223022,39.750655445461895,PASS
541,0,3,"C_crack_like_structural_evolution,B_diffuse_texture,C_crack_like_structural_evolution",0.14623779296875,0.9501838629355408,35.873949189319525,PASS
542,0,3,"C_crack_like_structural_evolution,C_crack_like_structural_evolution,A_small_low_contrast",0.00804931640625,0.9138276553106213,23.283343867977994,PASS
544,0,3,"A_small_low_contrast,D_boundary_evolution,D_boundary_evolution",0.01895263671875,0.9393673110720563,24.35604872474211,PASS
546,0,2,"C_crack_like_structural_evolution,A_small_low_contrast",0.0037109375,0.9621212121212122,17.693895499492832,PASS
547,0,3,"D_boundary_evolution,A_small_low_contrast,B_diffuse_texture",0.09299072265625,0.9526515151515151,29.123533805503495,PASS
55,0,1,A_small_low_contrast,0.00126220703125,0.8659966499162479,7.044487427466139,PASS
551,0,2,"C_crack_like_structural_evolution,C_crack_like_structural_evolution",0.005908203125000001,1.0,33.648026729606165,PASS
553,0,1,C_crack_like_structural_evolution,0.00204345703125,1.0,37.996571087216246,PASS
556,0,1,B_diffuse_texture,0.06655029296875,0.952545689625048,9.625261381562053,PASS
557,0,1,C_crack_like_structural_evolution,0.00295166015625,1.0,38.852539288668325,PASS
558,0,1,A_small_low_contrast,0.0013525390625,0.7093469910371318,6.263537906137184,PASS
559,0,2,"B_diffuse_texture,A_small_low_contrast",0.09871337890625,0.9672727272727273,8.930079768291183,PASS
56,0,3,"D_boundary_evolution,D_boundary_evolution,C_crack_like_structural_evolution",0.02318115234375,0.9728132387706856,27.861342126862798,PASS
560,0,3,"D_boundary_evolution,A_small_low_contrast,A_small_low_contrast",0.0124658203125,0.7344444444444445,15.668567047965462,PASS
562,0,1,B_diffuse_texture,0.02446533203125,0.9783266621107097,9.133220237501247,PASS
563,0,1,A_small_low_contrast,0.00266357421875,0.8920686835650041,6.197983501374885,PASS
567,0,3,"B_diffuse_texture,A_small_low_contrast,B_diffuse_texture",0.14408935546874999,0.9070121951219512,8.786422147473063,PASS
569,0,1,D_boundary_evolution,0.00599609375,0.7599009900990099,26.61838477198697,PASS
57,0,3,"A_small_low_contrast,D_boundary_evolution,D_boundary_evolution",0.01876953125,0.8997975708502024,23.367335402282027,PASS
570,0,1,A_small_low_contrast,0.00236328125,0.8681614349775785,7.928719008264451,PASS
572,0,2,"B_diffuse_texture,A_small_low_contrast",0.0121240234375,0.8871866295264624,8.922174136459851,PASS
573,0,3,"B_diffuse_texture,D_boundary_evolution,D_boundary_evolution",0.02765380859375,0.825923942153187,38.72491215562413,PASS
578,0,3,"B_diffuse_texture,C_crack_like_structural_evolution,B_diffuse_texture",0.14562011718749998,0.9926132632961261,39.440701677977145,PASS
579,0,3,"A_small_low_contrast,D_boundary_evolution,D_boundary_evolution",0.027033691406249998,0.8507347254447022,20.01993758272798,PASS
58,0,1,A_small_low_contrast,0.00156005859375,0.8600269179004038,7.17527386541471,PASS
580,0,1,A_small_low_contrast,0.00290283203125,0.9318181818181818,6.304457527333895,PASS
582,0,2,"D_boundary_evolution,A_small_low_contrast",0.01337646484375,0.9457202505219207,17.382474421320268,PASS
583,0,1,C_crack_like_structural_evolution,0.0028662109375,1.0,26.69724446337308,PASS
584,0,1,A_small_low_contrast,0.00313232421875,0.951780415430267,7.271239282930631,PASS
585,0,3,"C_crack_like_structural_evolution,A_small_low_contrast,D_boundary_evolution",0.0108935546875,0.8497536945812808,27.71508128406444,PASS
586,0,2,"D_boundary_evolution,D_boundary_evolution",0.01740966796875,1.0,32.61166062920908,PASS
588,0,1,B_diffuse_texture,0.05188232421875,0.9803026109419688,10.889060232459643,PASS
59,0,3,"B_diffuse_texture,C_crack_like_structural_evolution,D_boundary_evolution",0.05844482421875,0.9786087153881071,27.276976316801186,PASS
590,0,3,"B_diffuse_texture,A_small_low_contrast,A_small_low_contrast",0.025146484375,0.786833855799373,9.239138906406785,PASS
591,0,2,"C_crack_like_structural_evolution,C_crack_like_structural_evolution",0.006669921875,1.0,34.13185041780537,PASS
593,0,3,"C_crack_like_structural_evolution,A_small_low_contrast,A_small_low_contrast",0.00980712890625,0.9644079397672827,16.741686186717367,PASS
594,0,2,"A_small_low_contrast,A_small_low_contrast",0.004345703125,0.8770270270270271,8.699880778971657,PASS
6,0,1,B_diffuse_texture,0.1677392578125,0.9962444718335387,117.3494002707187,PASS
602,0,2,"B_diffuse_texture,A_small_low_contrast",0.13046630859375,0.9833926453143536,31.5660232830907,PASS
604,0,2,"C_crack_like_structural_evolution,A_small_low_contrast",0.0048828125,0.96,14.34816509271978,PASS
606,0,2,"B_diffuse_texture,A_small_low_contrast",0.09578369140625,0.9166062364031907,15.210995214783807,PASS
608,0,3,"A_small_low_contrast,B_diffuse_texture,B_diffuse_texture",0.31396728515625,0.8925686591276252,39.35293511426804,PASS
610,0,1,B_diffuse_texture,0.02549072265625,0.9692721871518752,40.66071937553873,PASS
612,0,3,"D_boundary_evolution,B_diffuse_texture,C_crack_like_structural_evolution",0.133125,0.9713020853559086,39.8176330696275,PASS
613,0,1,B_diffuse_texture,0.02408447265625,0.9891707610548481,11.706362189559048,PASS
615,0,1,A_small_low_contrast,0.0018408203125,0.9882044560943644,8.713527851458887,PASS
616,0,1,C_crack_like_structural_evolution,0.00136962890625,1.0,31.04622994652406,PASS
617,0,2,"B_diffuse_texture,C_crack_like_structural_evolution",0.062548828125,0.9870407799310427,47.56494385949995,PASS
618,0,2,"C_crack_like_structural_evolution,C_crack_like_structural_evolution",0.0075097656249999995,1.0,31.39250212282754,PASS
619,0,3,"D_boundary_evolution,A_small_low_contrast,C_crack_like_structural_evolution",0.0109619140625,0.8545918367346939,26.25968972648316,PASS
620,0,2,"A_small_low_contrast,B_diffuse_texture",0.0925,0.8975155279503105,28.84885749044703,PASS
621,0,1,B_diffuse_texture,0.10861328125,0.9819883453999647,52.074015577234306,PASS
622,0,3,"A_small_low_contrast,A_small_low_contrast,C_crack_like_structural_evolution",0.0061010742187500005,0.8972602739726028,13.132867965766119,PASS
623,0,2,"D_boundary_evolution,D_boundary_evolution",0.01560546875,1.0,34.085855374377175,PASS
624,0,1,B_diffuse_texture,0.10435546875,0.9876155268022181,12.423337474265393,PASS
626,0,3,"B_diffuse_texture,B_diffuse_texture,A_small_low_contrast",0.2758203125,0.9530201342281879,24.599567364382285,PASS
627,0,2,"C_crack_like_structural_evolution,B_diffuse_texture",0.0141064453125,0.9376181474480151,31.446000233220403,PASS
628,0,3,"A_small_low_contrast,D_boundary_evolution,A_small_low_contrast",0.00920166015625,0.970679012345679,19.89516300628236,PASS
63,0,2,"D_boundary_evolution,C_crack_like_structural_evolution",0.012585449218750001,0.997926267281106,27.715116575047134,PASS
630,0,3,"B_diffuse_texture,B_diffuse_texture,A_small_low_contrast",0.20574951171875,0.9628623188405797,27.075690755996476,PASS
631,0,3,"C_crack_like_structural_evolution,A_small_low_contrast,C_crack_like_structural_evolution",0.0066015625,0.8360413589364845,24.890794048571646,PASS
632,0,2,"C_crack_like_structural_evolution,D_boundary_evolution",0.008056640625,1.0,32.628250497904205,PASS
633,0,2,"C_crack_like_structural_evolution,B_diffuse_texture",0.0112548828125,0.9219201850780798,38.34161717154872,PASS
634,0,1,A_small_low_contrast,0.0011865234375,0.8601769911504424,7.530864197530853,PASS
636,0,3,"C_crack_like_structural_evolution,C_crack_like_structural_evolution,C_crack_like_structural_evolution",0.0079931640625,1.0,28.783832125281975,PASS
637,0,3,"B_diffuse_texture,A_small_low_contrast,C_crack_like_structural_evolution",0.08756103515625,0.9186046511627907,16.21826413443915,PASS
638,0,3,"A_small_low_contrast,C_crack_like_structural_evolution,A_small_low_contrast",0.008984375,0.8681010289990645,13.587137227548785,PASS
639,0,3,"B_diffuse_texture,C_crack_like_structural_evolution,C_crack_like_structural_evolution",0.1371435546875,0.9920795760899879,28.10419196086175,PASS
64,0,3,"D_boundary_evolution,C_crack_like_structural_evolution,C_crack_like_structural_evolution",0.01276611328125,0.9993304318714429,28.812684951733274,PASS
640,0,3,"C_crack_like_structural_evolution,C_crack_like_structural_evolution,C_crack_like_structural_evolution",0.0095654296875,1.0,29.50297378550975,PASS
641,0,1,A_small_low_contrast,0.00226318359375,0.9344758064516129,6.5652642934196335,PASS
642,0,3,"A_small_low_contrast,D_boundary_evolution,D_boundary_evolution",0.023291015625,0.9532237673830595,21.53052018425744,PASS
645,0,3,"A_small_low_contrast,C_crack_like_structural_evolution,C_crack_like_structural_evolution",0.0067724609375000005,0.8964194373401535,23.375175657399552,PASS
65,0,3,"A_small_low_contrast,D_boundary_evolution,A_small_low_contrast",0.0189794921875,0.945480631276901,17.098184118802948,PASS
650,0,1,C_crack_like_structural_evolution,0.003173828125,1.0,36.67794769230769,PASS
652,0,1,C_crack_like_structural_evolution,0.0025537109375,1.0,26.864543021032503,PASS
653,0,3,"B_diffuse_texture,B_diffuse_texture,B_diffuse_texture",0.4227197265625,0.9756170649002445,43.130502273469496,PASS
654,0,3,"C_crack_like_structural_evolution,A_small_low_contrast,C_crack_like_structural_evolution",0.0077978515625,0.8995726495726496,22.508514261052103,PASS
655,0,1,A_small_low_contrast,0.0026025390625,0.9126712328767124,8.318011257035637,PASS
656,0,1,B_diffuse_texture,0.07642333984375,0.9644749815134336,9.410248219020536,PASS
658,0,3,"D_boundary_evolution,A_small_low_contrast,B_diffuse_texture",0.0507958984375,0.8242990654205608,16.234742063809836,PASS
659,0,3,"C_crack_like_structural_evolution,A_small_low_contrast,B_diffuse_texture",0.07327636718750001,0.9380434423248587,13.45303997220257,PASS
66,0,3,"C_crack_like_structural_evolution,B_diffuse_texture,A_small_low_contrast",0.1580419921875,0.8824721377912867,17.988868596133216,PASS
661,0,2,"D_boundary_evolution,C_crack_like_structural_evolution",0.0117041015625,1.0,28.213573480526033,PASS
663,0,1,D_boundary_evolution,0.0123193359375,0.998812351543943,27.19458838684106,PASS
665,0,2,"D_boundary_evolution,B_diffuse_texture",0.034045410156250004,0.9742650266073454,24.618760487291745,PASS
666,0,3,"D_boundary_evolution,D_boundary_evolution,B_diffuse_texture",0.03787109375,0.9880004752287038,42.80687397611172,PASS
667,0,2,"A_small_low_contrast,A_small_low_contrast",0.00331298828125,0.9536862003780718,7.94311113769181,PASS
67,0,1,B_diffuse_texture,0.11212890625,0.9983913742880745,91.31812894095106,PASS
670,0,1,C_crack_like_structural_evolution,0.00240966796875,1.0,29.83685410334346,PASS
672,0,2,"C_crack_like_structural_evolution,D_boundary_evolution",0.015437011718750001,1.0,31.723136215946557,PASS
674,0,1,B_diffuse_texture,0.07433349609375,0.9368884239030094,47.82364272342103,PASS
675,0,3,"A_small_low_contrast,B_diffuse_texture,A_small_low_contrast",0.14608642578125,0.9440905874026894,8.477431373441195,PASS
676,0,2,"A_small_low_contrast,A_small_low_contrast",0.0046240234374999994,0.8785769528228925,7.494167843472449,PASS
678,0,2,"C_crack_like_structural_evolution,B_diffuse_texture",0.011350097656249999,0.9620841487279843,27.45526487076833,PASS
679,0,3,"B_diffuse_texture,C_crack_like_structural_evolution,C_crack_like_structural_evolution",0.16999023437500002,0.9553531137184116,29.479404010941565,PASS
68,0,3,"D_boundary_evolution,A_small_low_contrast,B_diffuse_texture",0.112294921875,0.8578982154659617,36.21756156327074,PASS
682,0,1,A_small_low_contrast,0.0029150390625,0.9461172741679873,6.375209380234506,PASS
683,0,1,A_small_low_contrast,0.0009765625,0.8968609865470852,8.040000000000001,PASS
685,0,3,"D_boundary_evolution,D_boundary_evolution,D_boundary_evolution",0.02923095703125,0.9833409056489475,32.655628146162066,PASS
688,0,3,"D_boundary_evolution,A_small_low_contrast,C_crack_like_structural_evolution",0.016259765625,0.9740791268758526,20.65500018839398,PASS
689,0,2,"B_diffuse_texture,B_diffuse_texture",0.19336181640625,0.9653195876288659,24.300404827485593,PASS
69,0,2,"D_boundary_evolution,D_boundary_evolution",0.01915771484375,0.9998233215547703,35.927248078201615,PASS
690,0,2,"C_crack_like_structural_evolution,D_boundary_evolution",0.00838623046875,1.0,36.13660289210233,PASS
694,0,2,"B_diffuse_texture,D_boundary_evolution",0.1033447265625,0.9937625074719962,45.43231526530359,PASS
695,0,2,"C_crack_like_structural_evolution,C_crack_like_structural_evolution",0.00447509765625,0.9990900818926297,21.321046033604695,PASS
696,0,3,"C_crack_like_structural_evolution,C_crack_like_structural_evolution,B_diffuse_texture",0.03840576171875,0.95647143890094,36.81360630265408,PASS
697,0,2,"B_diffuse_texture,D_boundary_evolution",0.0495166015625,0.9488352745424293,47.73635090026397,PASS
698,0,3,"A_small_low_contrast,A_small_low_contrast,A_small_low_contrast",0.00644287109375,0.9249706916764361,8.074632574139462,PASS
699,0,1,D_boundary_evolution,0.0076318359375,0.9968112244897959,26.479563659628916,PASS
7,0,2,"A_small_low_contrast,A_small_low_contrast",0.0022021484375,0.7945670628183361,6.1414539761313955,PASS
701,0,2,"B_diffuse_texture,C_crack_like_structural_evolution",0.09356689453125,0.9725352854434379,35.1745079460932,PASS
702,0,3,"A_small_low_contrast,C_crack_like_structural_evolution,B_diffuse_texture",0.12904296875,0.9710144927536232,37.86642307468097,PASS
705,0,3,"B_diffuse_texture,C_crack_like_structural_evolution,A_small_low_contrast",0.102001953125,0.9130794701986755,25.182066364261328,PASS
707,0,2,"B_diffuse_texture,D_boundary_evolution",0.08869384765625,0.9112163361941403,18.95292250969092,PASS
708,0,3,"B_diffuse_texture,D_boundary_evolution,B_diffuse_texture",0.19731689453124998,0.9762956770957726,26.536452504126107,PASS
71,0,1,C_crack_like_structural_evolution,0.00380859375,1.0,38.26249423076923,PASS
710,0,3,"A_small_low_contrast,C_crack_like_structural_evolution,A_small_low_contrast",0.005517578125,0.8217821782178217,12.169745169225196,PASS
711,0,1,A_small_low_contrast,0.0022705078125,0.9432048681541582,8.373302150537635,PASS
712,0,2,"B_diffuse_texture,C_crack_like_structural_evolution",0.099443359375,0.9749969418960245,37.97316123296059,PASS
714,0,3,"B_diffuse_texture,C_crack_like_structural_evolution,B_diffuse_texture",0.24087890625,0.9826913120741041,36.4663462015698,PASS
715,0,1,C_crack_like_structural_evolution,0.00323974609375,1.0,36.565142426526,PASS
716,0,2,"B_diffuse_texture,D_boundary_evolution",0.1691259765625,0.9857908362935758,19.39607799323337,PASS
717,0,3,"A_small_low_contrast,A_small_low_contrast,B_diffuse_texture",0.15806884765624998,0.8780487804878049,8.938723426176892,PASS
719,0,2,"C_crack_like_structural_evolution,A_small_low_contrast",0.00535888671875,0.9293532338308458,22.743538330783323,PASS
72,0,1,C_crack_like_structural_evolution,0.0028125,1.0,41.145020833333334,PASS
721,0,3,"C_crack_like_structural_evolution,B_diffuse_texture,A_small_low_contrast",0.1562158203125,0.8814390842191333,19.610947553642934,PASS
724,0,1,A_small_low_contrast,0.002275390625,0.8480436760691538,6.231759656652358,PASS
726,0,1,B_diffuse_texture,0.16449462890625,0.9918884701448593,56.3836359440165,PASS
727,0,1,D_boundary_evolution,0.0091943359375,0.9962962962962963,22.854705788635155,PASS
728,0,2,"B_diffuse_texture,C_crack_like_structural_evolution",0.14629150390624998,0.9568424995521392,21.244590385620647,PASS
73,0,1,C_crack_like_structural_evolution,0.0047900390625,0.999490575649516,26.237850152905196,PASS
731,0,3,"C_crack_like_structural_evolution,B_diffuse_texture,A_small_low_contrast",0.14156494140624998,0.9205526770293609,16.108278544960747,PASS
732,0,3,"A_small_low_contrast,A_small_low_contrast,B_diffuse_texture",0.041662597656249994,0.9618959107806692,9.008178500289626,PASS
733,0,2,"D_boundary_evolution,A_small_low_contrast",0.010170898437500001,0.9442970822281167,20.71807744846501,PASS
734,0,3,"B_diffuse_texture,B_diffuse_texture,B_diffuse_texture",0.0805322265625,0.9311770590196732,38.827741811172935,PASS
735,0,3,"A_small_low_contrast,C_crack_like_structural_evolution,B_diffuse_texture",0.124638671875,0.7678244972577697,26.857197859775912,PASS
737,0,2,"B_diffuse_texture,A_small_low_contrast",0.107705078125,0.9608435062359526,18.711150416398233,PASS
740,0,3,"A_small_low_contrast,C_crack_like_structural_evolution,B_diffuse_texture",0.16368408203124998,0.9516837481698389,23.592988251772827,PASS
741,0,1,A_small_low_contrast,0.00213623046875,0.9521218715995647,6.84,PASS
742,0,2,"D_boundary_evolution,A_small_low_contrast",0.010344238281250001,0.9557109557109557,15.321480548097798,PASS
744,0,2,"A_small_low_contrast,B_diffuse_texture",0.0465966796875,0.8505203405865658,7.081397388507344,PASS
745,0,1,B_diffuse_texture,0.02186767578125,0.985043440008798,9.170927765993078,PASS
746,0,3,"C_crack_like_structural_evolution,B_diffuse_texture,B_diffuse_texture",0.28989013671875,0.9501350631938009,20.841700893345692,PASS
747,0,2,"A_small_low_contrast,B_diffuse_texture",0.125595703125,0.9051896207584831,26.016105946816964,PASS
748,0,2,"B_diffuse_texture,A_small_low_contrast",0.13496826171874998,0.9558941459502807,27.075428293285025,PASS
75,0,1,B_diffuse_texture,0.0445947265625,0.9551848559326466,10.00547465235958,PASS
751,0,2,"A_small_low_contrast,B_diffuse_texture",0.15586181640625002,0.955585464333782,26.805802415154165,PASS
754,0,2,"B_diffuse_texture,A_small_low_contrast",0.12427490234375,0.8136792452830188,23.380174835057723,PASS
755,0,3,"A_small_low_contrast,B_diffuse_texture,B_diffuse_texture",0.19499267578125,0.8604651162790697,9.133364251251093,PASS
756,0,2,"B_diffuse_texture,C_crack_like_structural_evolution",0.01453857421875,0.9049474094273471,23.166908006328583,PASS
758,0,2,"D_boundary_evolution,C_crack_like_structural_evolution",0.0141357421875,1.0,32.85474915399074,PASS
76,0,2,"A_small_low_contrast,C_crack_like_structural_evolution",0.00322265625,0.8360433604336044,15.600448786285218,PASS
760,0,3,"D_boundary_evolution,B_diffuse_texture,C_crack_like_structural_evolution",0.034990234375,0.9700832908380078,26.282201832191433,PASS
761,0,2,"B_diffuse_texture,C_crack_like_structural_evolution",0.09283203125,0.9859158751696065,37.264366054111676,PASS
762,0,2,"A_small_low_contrast,C_crack_like_structural_evolution",0.003623046875,0.8673469387755102,16.548493736789297,PASS
763,0,2,"C_crack_like_structural_evolution,C_crack_like_structural_evolution",0.0048974609375,1.0,33.09476048717216,PASS
764,0,3,"D_boundary_evolution,B_diffuse_texture,A_small_low_contrast",0.10124755859375,0.870561282932417,27.524476139626497,PASS
765,0,3,"B_diffuse_texture,A_small_low_contrast,A_small_low_contrast",0.13687744140625002,0.8646329837940896,7.894797696682223,PASS
766,0,1,B_diffuse_texture,0.07918212890625,0.9887205438526964,79.46561150679862,PASS
769,0,3,"C_crack_like_structural_evolution,A_small_low_contrast,D_boundary_evolution",0.01360595703125,0.8820861678004536,25.759666040072435,PASS
770,0,2,"B_diffuse_texture,C_crack_like_structural_evolution",0.06310791015625,0.9756107491856677,23.676803950774705,PASS
771,0,3,"A_small_low_contrast,B_diffuse_texture,B_diffuse_texture",0.1006298828125,0.9590163934426229,35.69649251325516,PASS
772,0,3,"A_small_low_contrast,C_crack_like_structural_evolution,D_boundary_evolution",0.013081054687500001,0.9713261648745519,22.209793513074306,PASS
774,0,3,"A_small_low_contrast,C_crack_like_structural_evolution,A_small_low_contrast",0.00530029296875,0.8798479087452471,15.253329385520843,PASS
777,0,3,"A_small_low_contrast,A_small_low_contrast,D_boundary_evolution",0.0125537109375,0.8851894374282434,16.16224700557395,PASS
779,0,1,A_small_low_contrast,0.0029541015625,0.8825674690007294,7.246280991735539,PASS
780,0,3,"B_diffuse_texture,A_small_low_contrast,C_crack_like_structural_evolution",0.0432958984375,0.9152892561983471,24.864429311190985,PASS
782,0,1,A_small_low_contrast,0.00099853515625,0.9951338199513382,7.633251833740837,PASS
784,0,3,"A_small_low_contrast,B_diffuse_texture,A_small_low_contrast",0.0207958984375,0.8732142857142857,7.9743756040142975,PASS
786,0,2,"A_small_low_contrast,C_crack_like_structural_evolution",0.005708007812500001,0.9539951573849879,18.258197164503308,PASS
787,0,2,"D_boundary_evolution,A_small_low_contrast",0.012324218750000001,0.8787878787878788,14.719473579576551,PASS
788,0,3,"C_crack_like_structural_evolution,D_boundary_evolution,A_small_low_contrast",0.01382080078125,0.8410596026490066,24.236749964616724,PASS
789,0,3,"A_small_low_contrast,C_crack_like_structural_evolution,A_small_low_contrast",0.00410400390625,0.9561752988047809,15.415042119815668,PASS
79,0,1,A_small_low_contrast,0.0015966796875,0.8755020080321285,7.967889908256881,PASS
790,0,3,"D_boundary_evolution,B_diffuse_texture,A_small_low_contrast",0.05198974609375,0.861266294227188,34.739542544444994,PASS
791,0,1,A_small_low_contrast,0.00201171875,0.8477366255144033,7.351941747572815,PASS
794,0,2,"C_crack_like_structural_evolution,B_diffuse_texture",0.05142578125,0.9517560246590697,38.47448902541367,PASS
795,0,2,"B_diffuse_texture,B_diffuse_texture",0.07736328125,0.9453436807095343,96.12029468242105,PASS
796,0,2,"A_small_low_contrast,A_small_low_contrast",0.0039892578125,0.9044272663387211,6.994452393587842,PASS
797,0,2,"A_small_low_contrast,B_diffuse_texture",0.14247314453125,0.9452247191011236,8.03197740764021,PASS
798,0,1,C_crack_like_structural_evolution,0.001337890625,1.0,27.42153284671533,PASS
799,0,2,"B_diffuse_texture,C_crack_like_structural_evolution",0.024960937500000002,0.926930693069307,22.194985265260016,PASS
8,0,3,"A_small_low_contrast,A_small_low_contrast,A_small_low_contrast",0.0073681640625,0.907624633431085,8.046238928809181,PASS
80,0,2,"B_diffuse_texture,A_small_low_contrast",0.10714355468749999,0.8653846153846154,7.75959326909603,PASS
800,0,3,"B_diffuse_texture,B_diffuse_texture,D_boundary_evolution",0.09612548828125,0.9671615837346175,64.44111010312076,PASS
802,0,2,"B_diffuse_texture,A_small_low_contrast",0.14408935546875,0.7827868852459017,27.185661191527224,PASS
803,0,2,"D_boundary_evolution,A_small_low_contrast",0.0074951171875,0.9701149425287356,19.474763488674274,PASS
804,0,1,D_boundary_evolution,0.0084912109375,1.0,37.95362794709603,PASS
805,0,1,C_crack_like_structural_evolution,0.00177001953125,1.0,34.254884137931036,PASS
807,0,2,"D_boundary_evolution,A_small_low_contrast",0.00923583984375,0.9762174405436014,16.050335735068327,PASS
808,0,3,"C_crack_like_structural_evolution,B_diffuse_texture,C_crack_like_structural_evolution",0.166845703125,0.9847572672273868,23.8489625975747,PASS
809,0,1,B_diffuse_texture,0.01238525390625,0.9686843612755395,8.64715158683225,PASS
81,0,1,A_small_low_contrast,0.0009375,0.8930232558139535,8.335638020833327,PASS
810,0,3,"A_small_low_contrast,B_diffuse_texture,B_diffuse_texture",0.13720458984375,0.9537110933758979,10.02797973384667,PASS
812,0,1,A_small_low_contrast,0.0007958984375,0.9760479041916168,7.4263803680981635,PASS
813,0,2,"B_diffuse_texture,C_crack_like_structural_evolution",0.15558349609375,0.9893580339790609,35.16983148991151,PASS
814,0,1,C_crack_like_structural_evolution,0.0042333984375,1.0,26.520826989619376,PASS
815,0,3,"D_boundary_evolution,C_crack_like_structural_evolution,A_small_low_contrast",0.013330078124999999,0.8475609756097561,19.1336997795539,PASS
816,0,2,"C_crack_like_structural_evolution,A_small_low_contrast",0.00520263671875,0.9804469273743017,22.270090074544584,PASS
817,0,2,"B_diffuse_texture,B_diffuse_texture",0.07959960937499999,0.9403810325139732,36.28596914141292,PASS
818,0,1,A_small_low_contrast,0.002041015625,0.831013916500994,6.639952153110042,PASS
82,0,1,C_crack_like_structural_evolution,0.0026904296875,1.0,30.25823049001815,PASS
821,0,1,C_crack_like_structural_evolution,0.00245849609375,1.0,30.987724925521352,PASS
822,0,2,"B_diffuse_texture,B_diffuse_texture",0.15158203125,0.91004330213717,27.85418536154748,PASS
825,0,2,"A_small_low_contrast,B_diffuse_texture",0.06294921875000001,0.9343980252085126,16.740986813679992,PASS
826,0,1,C_crack_like_structural_evolution,0.0018115234375,1.0,26.351125336927222,PASS
828,0,2,"C_crack_like_structural_evolution,A_small_low_contrast",0.004404296875,0.864406779661017,22.517709152756524,PASS
83,0,3,"A_small_low_contrast,B_diffuse_texture,A_small_low_contrast",0.02772216796875,0.8915032679738563,27.847608195797154,PASS
830,0,1,D_boundary_evolution,0.01542236328125,1.0,38.99954361247427,PASS
831,0,3,"A_small_low_contrast,B_diffuse_texture,A_small_low_contrast",0.039746093749999996,0.8927396913736403,12.40093839543251,PASS
832,0,3,"D_boundary_evolution,A_small_low_contrast,D_boundary_evolution",0.02452880859375,0.8875739644970414,25.29356755399478,PASS
833,0,3,"D_boundary_evolution,B_diffuse_texture,B_diffuse_texture",0.248720703125,0.957452341941692,34.96699651255587,PASS
834,0,2,"B_diffuse_texture,A_small_low_contrast",0.049169921875,0.92,7.708463853261985,PASS
835,0,1,D_boundary_evolution,0.00919189453125,1.0,26.257168658698536,PASS
838,0,2,"B_diffuse_texture,D_boundary_evolution",0.13663330078125002,0.9500009150637799,19.6791118520836,PASS
84,0,2,"A_small_low_contrast,C_crack_like_structural_evolution",0.0046923828125,0.9541634835752483,20.75697225596227,PASS
844,0,2,"B_diffuse_texture,A_small_low_contrast",0.011796875,0.8997613365155132,33.390161489043095,PASS
847,0,2,"C_crack_like_structural_evolution,B_diffuse_texture",0.13907958984375002,0.9824864374553003,35.054380948980715,PASS
85,0,3,"D_boundary_evolution,D_boundary_evolution,C_crack_like_structural_evolution",0.01833251953125,0.9973297730307076,31.5249386087107,PASS
850,0,2,"A_small_low_contrast,B_diffuse_texture",0.07795410156249999,0.9648399383046365,27.294229048384437,PASS
852,0,1,B_diffuse_texture,0.1179248046875,0.9703678405689374,11.193325328143766,PASS
854,0,2,"C_crack_like_structural_evolution,B_diffuse_texture",0.1515576171875,0.9681815280525946,39.96408183632024,PASS
855,0,3,"C_crack_like_structural_evolution,B_diffuse_texture,C_crack_like_structural_evolution",0.15537841796875002,0.9593926165538684,32.82007287482676,PASS
856,0,3,"A_small_low_contrast,C_crack_like_structural_evolution,D_boundary_evolution",0.01289794921875,0.9417562724014337,27.305588913006716,PASS
859,0,3,"C_crack_like_structural_evolution,B_diffuse_texture,D_boundary_evolution",0.0612255859375,0.9909289184098344,23.76426473016707,PASS
86,0,2,"B_diffuse_texture,D_boundary_evolution",0.052590332031250006,0.9924128605769231,57.92601789160748,PASS
860,0,1,A_small_low_contrast,0.00115966796875,0.9047619047619048,8.884210526315778,PASS
861,0,2,"C_crack_like_structural_evolution,C_crack_like_structural_evolution",0.00636474609375,1.0,30.724384145448763,PASS
862,0,2,"C_crack_like_structural_evolution,A_small_low_contrast",0.00453369140625,0.8863636363636364,22.640310685152706,PASS
866,0,1,C_crack_like_structural_evolution,0.0019677734375,1.0,26.808084367245655,PASS
868,0,2,"B_diffuse_texture,A_small_low_contrast",0.0302001953125,0.8801261829652997,28.323501328485982,PASS
871,0,1,A_small_low_contrast,0.00297119140625,0.8546348314606742,7.3640098603122315,PASS
872,0,2,"C_crack_like_structural_evolution,B_diffuse_texture",0.15569580078125,0.9464453397146578,18.461453295473497,PASS
873,0,3,"C_crack_like_structural_evolution,A_small_low_contrast,C_crack_like_structural_evolution",0.008349609375,0.9439918533604889,24.332503933183556,PASS
874,0,3,"A_small_low_contrast,C_crack_like_structural_evolution,A_small_low_contrast",0.00612060546875,0.8997252747252747,12.607529205594462,PASS
875,0,1,C_crack_like_structural_evolution,0.0023388671875,1.0,32.56633089770355,PASS
879,0,2,"D_boundary_evolution,B_diffuse_texture",0.09722900390625,0.9556396055653114,43.63446742677745,PASS
88,0,3,"B_diffuse_texture,A_small_low_contrast,A_small_low_contrast",0.139228515625,0.8767985611510791,24.30323809962127,PASS
883,0,2,"C_crack_like_structural_evolution,A_small_low_contrast",0.0056005859374999994,0.8440702781844802,20.65678493629772,PASS
884,0,1,B_diffuse_texture,0.1020166015625,0.983454541175363,8.941008950366152,PASS
885,0,2,"D_boundary_evolution,B_diffuse_texture",0.1608154296875,0.9502277113083751,44.84336247462838,PASS
886,0,2,"B_diffuse_texture,A_small_low_contrast",0.046298828125,0.9546827794561934,36.866375992592324,PASS
887,0,3,"B_diffuse_texture,B_diffuse_texture,D_boundary_evolution",0.16650146484375,0.9716182828906732,26.53880301667303,PASS
889,0,2,"B_diffuse_texture,B_diffuse_texture",0.12373046875,0.9865392965696917,32.784265042464014,PASS
89,0,3,"B_diffuse_texture,B_diffuse_texture,C_crack_like_structural_evolution",0.24204589843750002,0.9543813080650637,74.29116593863488,PASS
890,0,3,"A_small_low_contrast,B_diffuse_texture,C_crack_like_structural_evolution",0.024091796874999998,0.910031847133758,25.271084101494996,PASS
891,0,3,"D_boundary_evolution,B_diffuse_texture,A_small_low_contrast",0.08682861328125001,0.8673780487804879,31.20386169374154,PASS
892,0,3,"A_small_low_contrast,D_boundary_evolution,B_diffuse_texture",0.10435791015625,0.9605561653860227,27.648671126341096,PASS
893,0,2,"B_diffuse_texture,C_crack_like_structural_evolution",0.120478515625,0.9891328909796833,21.807685815923733,PASS
894,0,3,"B_diffuse_texture,C_crack_like_structural_evolution,B_diffuse_texture",0.0687158203125,0.9540515367898168,39.675193007313375,PASS
895,0,2,"D_boundary_evolution,B_diffuse_texture",0.1172021484375,0.9628303850156087,20.864199178061195,PASS
898,0,2,"B_diffuse_texture,C_crack_like_structural_evolution",0.16031005859375,0.9563160292108086,36.37648200226751,PASS
899,0,2,"A_small_low_contrast,D_boundary_evolution",0.0124755859375,0.9315878378378378,22.166795921054742,PASS
9,0,3,"A_small_low_contrast,B_diffuse_texture,B_diffuse_texture",0.24555908203125,0.9540540540540541,46.20871684974065,PASS
900,0,1,A_small_low_contrast,0.001083984375,0.9367088607594937,7.186936936936934,PASS
901,0,3,"A_small_low_contrast,A_small_low_contrast,B_diffuse_texture",0.03028076171875,0.9374079528718704,32.56013841886935,PASS
902,0,3,"D_boundary_evolution,B_diffuse_texture,A_small_low_contrast",0.0137353515625,0.9029590948651001,15.582254576518814,PASS
903,0,3,"A_small_low_contrast,A_small_low_contrast,C_crack_like_structural_evolution",0.007822265625,0.8860759493670886,18.482278058007566,PASS
904,0,2,"B_diffuse_texture,B_diffuse_texture",0.311591796875,0.9674906708817442,30.01598755315303,PASS
908,0,2,"A_small_low_contrast,A_small_low_contrast",0.00383544921875,0.8557457212713936,7.896684216684211,PASS
909,0,3,"C_crack_like_structural_evolution,C_crack_like_structural_evolution,A_small_low_contrast",0.00693115234375,0.8504875406283857,23.15469231405018,PASS
91,0,3,"A_small_low_contrast,D_boundary_evolution,B_diffuse_texture",0.13455078125,0.906886517943744,25.829190191594993,PASS
911,0,3,"A_small_low_contrast,A_small_low_contrast,C_crack_like_structural_evolution",0.005908203125,0.9170812603648425,17.900496445416536,PASS
912,0,1,C_crack_like_structural_evolution,0.002568359375,1.0,29.237960076045628,PASS
913,0,2,"C_crack_like_structural_evolution,B_diffuse_texture",0.03798095703125,0.9582612168819066,40.779860737167894,PASS
914,0,1,B_diffuse_texture,0.11419189453125,0.9855454181504035,12.846512175827932,PASS
916,0,3,"A_small_low_contrast,A_small_low_contrast,B_diffuse_texture",0.058432617187499994,0.8603305785123967,14.4060352060647,PASS
917,0,1,D_boundary_evolution,0.00476806640625,1.0,37.166595494111625,PASS
918,0,2,"C_crack_like_structural_evolution,D_boundary_evolution",0.01685302734375,1.0,35.64565072383533,PASS
919,0,3,"D_boundary_evolution,B_diffuse_texture,B_diffuse_texture",0.19742431640625,0.9695813384211095,43.32804776859167,PASS
920,0,2,"A_small_low_contrast,A_small_low_contrast",0.00403076171875,0.8032786885245902,7.382552429255719,PASS
921,0,1,B_diffuse_texture,0.16959716796875,0.9887977908731176,11.225243640865447,PASS
923,0,3,"C_crack_like_structural_evolution,B_diffuse_texture,B_diffuse_texture",0.20916748046875,0.9636767976278725,18.385369675086604,PASS
927,0,3,"A_small_low_contrast,B_diffuse_texture,C_crack_like_structural_evolution",0.0499169921875,0.8425,23.08920394076941,PASS
929,0,1,B_diffuse_texture,0.0919384765625,0.898458748866727,33.96393446279675,PASS
93,0,3,"A_small_low_contrast,C_crack_like_structural_evolution,C_crack_like_structural_evolution",0.0065380859375,0.8571428571428571,22.105674761363918,PASS
930,0,3,"C_crack_like_structural_evolution,D_boundary_evolution,A_small_low_contrast",0.00858154296875,0.7713498622589532,22.72376371294553,PASS
931,0,1,A_small_low_contrast,0.0017626953125,0.926829268292683,6.808864265927978,PASS
934,0,3,"B_diffuse_texture,A_small_low_contrast,D_boundary_evolution",0.01597900390625,0.8492501973164956,17.098840409622426,PASS
935,0,1,C_crack_like_structural_evolution,0.0031591796875,1.0,37.16710200927357,PASS
936,0,1,A_small_low_contrast,0.00159423828125,0.8776881720430108,6.989280245022971,PASS
938,0,2,"B_diffuse_texture,D_boundary_evolution",0.1260107421875,0.9881541265295496,18.560755832994733,PASS
94,0,2,"A_small_low_contrast,C_crack_like_structural_evolution",0.0079443359375,0.9564896755162242,20.060836065618982,PASS
941,0,2,"C_crack_like_structural_evolution,A_small_low_contrast",0.00402099609375,0.8839506172839506,20.791074923941935,PASS
942,0,3,"C_crack_like_structural_evolution,B_diffuse_texture,D_boundary_evolution",0.13060546875,0.9829531314807134,23.512686007848277,PASS
943,0,1,B_diffuse_texture,0.08985107421875,0.9074389131346007,29.468608455832403,PASS
944,0,2,"A_small_low_contrast,A_small_low_contrast",0.00388427734375,0.8165137614678899,6.235228542855467,PASS
945,0,1,B_diffuse_texture,0.05882080078125,0.9953317359332396,61.73399904536588,PASS
947,0,2,"C_crack_like_structural_evolution,C_crack_like_structural_evolution",0.00518798828125,1.0,31.366077879501574,PASS
949,0,1,A_small_low_contrast,0.0013671875,0.8175182481751825,6.0196428571428555,PASS
95,0,2,"A_small_low_contrast,B_diffuse_texture",0.11033935546875,0.9173090399439383,7.0936275377012485,PASS
950,0,3,"A_small_low_contrast,A_small_low_contrast,A_small_low_contrast",0.00401611328125,0.8869309838472834,7.853055647106672,PASS
952,0,1,C_crack_like_structural_evolution,0.0015087890625,1.0,27.170058252427186,PASS
953,0,1,C_crack_like_structural_evolution,0.00176025390625,1.0,40.984332871012484,PASS
954,0,3,"A_small_low_contrast,C_crack_like_structural_evolution,D_boundary_evolution",0.01353759765625,0.9102468212415856,24.5150527243338,PASS
958,0,2,"B_diffuse_texture,B_diffuse_texture",0.19378173828125,0.8188357065582877,28.015477060016455,PASS
959,0,3,"A_small_low_contrast,C_crack_like_structural_evolution,C_crack_like_structural_evolution",0.005654296875,0.8558558558558559,23.778200387705244,PASS
96,0,3,"A_small_low_contrast,C_crack_like_structural_evolution,B_diffuse_texture",0.01002685546875,0.9155216284987278,18.40463973839111,PASS
960,0,3,"C_crack_like_structural_evolution,C_crack_like_structural_evolution,C_crack_like_structural_evolution",0.00722900390625,1.0,31.038349135368914,PASS
961,0,3,"A_small_low_contrast,B_diffuse_texture,A_small_low_contrast",0.055869140624999994,0.9193037974683544,8.479237509479256,PASS
963,0,2,"B_diffuse_texture,A_small_low_contrast",0.09114013671875,0.9491740787801779,19.81581915340859,PASS
964,0,2,"A_small_low_contrast,A_small_low_contrast",0.00434326171875,0.5373665480427047,7.026715801144705,PASS
966,0,1,C_crack_like_structural_evolution,0.00185302734375,1.0,38.99882345191041,PASS
968,0,1,B_diffuse_texture,0.11266357421875,0.9507788033624526,8.752727457906255,PASS
969,0,3,"A_small_low_contrast,B_diffuse_texture,C_crack_like_structural_evolution",0.17226318359374998,0.8968481375358166,17.14399500241448,PASS
97,0,2,"A_small_low_contrast,A_small_low_contrast",0.00419189453125,0.9402597402597402,7.409404446392531,PASS
970,0,2,"B_diffuse_texture,A_small_low_contrast",0.039326171874999996,0.886685552407932,22.121791523988968,PASS
971,0,1,B_diffuse_texture,0.1473193359375,0.9683538209712104,11.358286467137315,PASS
973,0,3,"B_diffuse_texture,A_small_low_contrast,D_boundary_evolution",0.01794677734375,0.9116492146596858,15.481352816933779,PASS
974,0,3,"B_diffuse_texture,A_small_low_contrast,D_boundary_evolution",0.14403076171874998,0.8149509803921569,26.63289107383713,PASS
976,0,1,B_diffuse_texture,0.142265625,0.9890188224511618,10.249759747391543,PASS
977,0,3,"A_small_low_contrast,A_small_low_contrast,B_diffuse_texture",0.137919921875,0.7888198757763976,16.762122890545665,PASS
98,0,1,B_diffuse_texture,0.1078857421875,0.9688239936858721,8.858156098664857,PASS
980,0,1,C_crack_like_structural_evolution,0.00208251953125,1.0,28.42197655334115,PASS
981,0,2,"A_small_low_contrast,A_small_low_contrast",0.0031762695312499995,0.895187165775401,8.648880700778637,PASS
984,0,1,C_crack_like_structural_evolution,0.00245361328125,1.0,28.333523383084575,PASS
985,0,1,D_boundary_evolution,0.00854248046875,1.0,33.74860474421263,PASS
986,0,3,"B_diffuse_texture,A_small_low_contrast,B_diffuse_texture",0.09811279296875,0.9113237639553429,8.646807514169979,PASS
99,0,2,"A_small_low_contrast,A_small_low_contrast",0.002265625,0.9486486486486486,7.2813600161953715,PASS
991,0,1,C_crack_like_structural_evolution,0.00153564453125,1.0,42.080317965023845,PASS
992,0,1,B_diffuse_texture,0.0098681640625,0.9928764431343651,12.33646709549728,PASS
995,0,1,B_diffuse_texture,0.08614013671875,0.9773684210526316,8.91437802907916,PASS
996,0,2,"A_small_low_contrast,B_diffuse_texture",0.06594482421875,0.9028901734104047,7.9917725986459764,PASS
997,0,1,C_crack_like_structural_evolution,0.00307373046875,1.0,28.019872915011913,PASS
998,0,2,"D_boundary_evolution,A_small_low_contrast",0.01411865234375,0.9021842355175689,21.787703660143524,PASS
999,0,1,C_crack_like_structural_evolution,0.0031103515625,1.0,36.95684772370487,PASS
