image_stem,seed,edit_index,family,attempt,reasons,mask_area_ratio,bbox_xyxy,bbox_aspect_ratio,relative_bbox_width,relative_bbox_height,perimeter,compactness,connected_components,largest_component_ratio,largest_component_ratio_lower_bound,skeleton_length,elongation_score,boundary_score
103,42,0,C_crack_like_structural_evolution,1,C_COMPONENT_COUNT,0.0033251953125,"[363, 245, 536, 364]",1.45,0.271875,0.1875,609.0,0.046147947122546565,2,0.5286343612334802,0.5286343612334802,290,5.558564545702412,0.44713656387665196
105,42,0,D_boundary_evolution,1,D_COMPONENT_COUNT|D_LARGEST_COMPONENT_RATIO,0.0037890625,"[220, 401, 450, 493]",2.4838709677419355,0.3609375,0.1453125,961.0,0.02111809822785344,37,0.32538659793814434,0.32538659793814434,593,2.1078419193918214,0.6192010309278351
105,42,0,D_boundary_evolution,2,D_COMPONENT_COUNT|D_LARGEST_COMPONENT_RATIO,0.003623046875,"[282, 100, 440, 212]",1.407079646017699,0.2484375,0.1765625,1087.0,0.01578282266351691,11,0.6819407008086253,0.6819407008086253,587,1.396070242565614,0.7324797843665768
12,42,0,D_boundary_evolution,1,D_COMPONENT_COUNT|D_LARGEST_COMPONENT_RATIO,0.00658203125,"[342, 438, 568, 592]",1.4645161290322581,0.3546875,0.2421875,1664.0,0.012235539065502036,13,0.3642433234421365,0.3642433234421365,852,1.3866913028631163,0.6172106824925816
12,42,0,D_boundary_evolution,2,D_COMPONENT_COUNT|D_LARGEST_COMPONENT_RATIO,0.00723876953125,"[102, 150, 312, 271]",1.7295081967213115,0.3296875,0.190625,1478.0,0.017056334068628994,5,0.7416526138279933,0.7416526138279933,710,1.7446787163683515,0.4984822934232715
132,42,1,D_boundary_evolution,1,D_COMPONENT_COUNT|D_LARGEST_COMPONENT_RATIO,0.00387451171875,"[397, 33, 582, 157]",1.488,0.290625,0.1953125,996.0,0.020103335193170275,23,0.34593572778827975,0.34593572778827975,508,1.3747188430227335,0.6275992438563327
14,42,0,D_boundary_evolution,1,D_COMPONENT_COUNT|D_LARGEST_COMPONENT_RATIO,0.0040576171875,"[148, 85, 320, 164]",2.1625,0.2703125,0.125,1053.0,0.018835803065329507,6,0.9049338146811071,0.9049338146811071,555,2.236996709515434,0.6335740072202166
14,42,0,D_boundary_evolution,2,D_COMPONENT_COUNT|D_LARGEST_COMPONENT_RATIO,0.0025927734375,"[393, 44, 535, 100]",2.508771929824561,0.2234375,0.0890625,781.0,0.021879244070439653,7,0.512241054613936,0.512241054613936,442,2.302928454673734,0.7354048964218456
143,42,0,C_crack_like_structural_evolution,1,C_COMPONENT_COUNT,0.00292236328125,"[122, 289, 326, 411]",1.6666666666666667,0.3203125,0.1921875,672.0,0.03330929710837392,2,0.6825396825396826,0.6825396825396826,290,4.0174838842313365,0.5614035087719298
147,42,2,C_crack_like_structural_evolution,1,C_COMPONENT_COUNT,0.00197509765625,"[391, 68, 543, 156]",1.7191011235955056,0.2390625,0.1390625,503.0,0.04018115492736057,2,0.7725587144622992,0.7725587144622992,206,4.334399636307914,0.6217552533992583
149,42,0,D_boundary_evolution,1,D_COMPONENT_COUNT|D_LARGEST_COMPONENT_RATIO,0.00638916015625,"[84, 112, 404, 234]",2.6097560975609757,0.5015625,0.1921875,1744.0,0.010812363193392403,30,0.5414596866641193,0.5414596866641193,933,2.2950664402521754,0.6664119220481467
149,42,0,D_boundary_evolution,2,D_COMPONENT_COUNT|D_LARGEST_COMPONENT_RATIO,0.00405029296875,"[356, 374, 567, 472]",2.1414141414141414,0.33125,0.1546875,1140.0,0.016041558055726275,18,0.34960819770946355,0.34960819770946355,586,2.167970538008626,0.6871609403254972
167,42,2,C_crack_like_structural_evolution,1,C_COMPONENT_COUNT,0.0013916015625,"[337, 53, 364, 179]",4.535714285714286,0.04375,0.1984375,344.0,0.060529604264000204,2,0.787719298245614,0.787719298245614,149,5.163880841435694,0.6035087719298246
175,42,2,D_boundary_evolution,1,D_COMPONENT_COUNT,0.00428466796875,"[32, 326, 216, 400]",2.466666666666667,0.2890625,0.1171875,1079.0,0.01894279657579517,6,0.996011396011396,0.996011396011396,558,2.3170161435591146,0.6148148148148148
196,42,1,D_boundary_evolution,1,D_COMPONENT_COUNT|D_LARGEST_COMPONENT_RATIO,0.00219482421875,"[460, 73, 573, 148]",1.5,0.178125,0.11875,637.0,0.02784137571452944,10,0.2803114571746385,0.2803114571746385,358,1.704700579484799,0.7085650723025584
215,42,0,D_boundary_evolution,1,D_COMPONENT_COUNT|D_LARGEST_COMPONENT_RATIO,0.009267578125,"[88, 138, 297, 250]",1.8584070796460177,0.328125,0.1765625,1462.0,0.02231728309705771,10,0.7766069546891464,0.7766069546891464,751,1.6181305299280324,0.3851422550052687
215,42,0,D_boundary_evolution,2,D_COMPONENT_COUNT|D_LARGEST_COMPONENT_RATIO,0.0064111328125,"[382, 72, 569, 143]",2.611111111111111,0.29375,0.1125,1065.0,0.02909412967736312,2,0.92003046458492,0.92003046458492,561,2.5574652759974708,0.40555978674790555
215,42,0,D_boundary_evolution,3,D_COMPONENT_COUNT,0.00917724609375,"[110, 328, 266, 449]",1.2868852459016393,0.2453125,0.190625,1251.0,0.03018335907732719,12,0.9553072625698324,0.9553072625698324,606,1.2818320746685676,0.33280127693535516
215,42,0,D_boundary_evolution,4,D_COMPONENT_COUNT|D_LARGEST_COMPONENT_RATIO,0.00500732421875,"[274, 471, 531, 567]",2.6597938144329896,0.403125,0.1515625,1256.0,0.016337900453650925,17,0.3983422720624086,0.3983422720624086,696,2.4275345680109948,0.6123842028278889
225,42,1,C_crack_like_structural_evolution,1,C_COMPONENT_COUNT,0.0018017578125,"[417, 75, 466, 210]",2.72,0.078125,0.2125,378.0,0.0649056683281338,3,0.9065040650406504,0.9065040650406504,163,8.525729965687763,0.5121951219512195
243,42,1,D_boundary_evolution,1,D_COMPONENT_COUNT,0.00361083984375,"[141, 118, 275, 191]",1.8243243243243243,0.2109375,0.115625,792.0,0.02962972869260346,3,0.9925625422582827,0.9925625422582827,444,2.0330454768608504,0.5354969574036511
255,42,0,D_boundary_evolution,1,D_COMPONENT_COUNT|D_LARGEST_COMPONENT_RATIO,0.0048193359375,"[181, 418, 465, 526]",2.614678899082569,0.4453125,0.1703125,1498.0,0.011054354445332988,13,0.8662613981762918,0.8662613981762918,926,2.5334477292870257,0.7588652482269503
26,42,0,D_boundary_evolution,1,D_COMPONENT_COUNT,0.01082763671875,"[0, 289, 278, 422]",2.082089552238806,0.4359375,0.209375,1929.0,0.014977489813921139,4,0.9981961668545659,0.9981961668545659,968,1.967807355576302,0.43494926719278465
265,42,0,D_boundary_evolution,1,D_COMPONENT_COUNT|D_LARGEST_COMPONENT_RATIO,0.00568115234375,"[326, 310, 579, 408]",2.5656565656565657,0.396875,0.1546875,1379.0,0.015377216004289871,9,0.39363987967339925,0.39363987967339925,776,2.440686428229429,0.5926085088096261
279,42,1,D_boundary_evolution,1,D_COMPONENT_COUNT|D_LARGEST_COMPONENT_RATIO,0.00470703125,"[284, 296, 534, 415]",2.091666666666667,0.3921875,0.1875,1322.0,0.013862896578834896,25,0.4336099585062241,0.4336099585062241,728,1.9254487905439746,0.6856846473029046
279,42,1,D_boundary_evolution,2,D_COMPONENT_COUNT|D_LARGEST_COMPONENT_RATIO,0.00494384765625,"[48, 230, 292, 333]",2.355769230769231,0.3828125,0.1625,1282.0,0.015483132886454547,12,0.2958024691358025,0.2958024691358025,708,2.4042644762587986,0.6330864197530864
279,42,1,D_boundary_evolution,3,D_COMPONENT_COUNT|D_LARGEST_COMPONENT_RATIO,0.0148974609375,"[222, 75, 543, 204]",2.476923076923077,0.503125,0.203125,1981.0,0.01953948515154943,50,0.8761061946902655,0.8761061946902655,1105,1.9281009945040883,0.3246476565060636
279,42,1,D_boundary_evolution,4,D_COMPONENT_COUNT|D_LARGEST_COMPONENT_RATIO,0.008193359375,"[182, 67, 415, 196]",1.8,0.365625,0.203125,1688.0,0.01480085934930615,5,0.7809892729439809,0.7809892729439809,821,1.6714394617289061,0.5029797377830751
279,42,1,D_boundary_evolution,5,D_COMPONENT_COUNT|D_LARGEST_COMPONENT_RATIO,0.00802490234375,"[343, 324, 606, 478]",1.7032258064516128,0.4125,0.2421875,1271.0,0.025569278116253456,50,0.6154548220261636,0.6154548220261636,689,1.7183626454781615,0.3866747794341345
283,42,0,C_crack_like_structural_evolution,1,C_COMPONENT_COUNT,0.00298095703125,"[335, 37, 402, 224]",2.764705882352941,0.10625,0.29375,567.0,0.04772648059539378,2,0.7018837018837019,0.7018837018837019,263,5.041415180401924,0.4643734643734644
283,42,0,C_crack_like_structural_evolution,2,C_COMPONENT_COUNT,0.002099609375,"[281, 187, 404, 295]",1.1376146788990826,0.19375,0.1703125,453.0,0.05266376585992275,2,0.7034883720930233,0.7034883720930233,187,5.8953486340853445,0.5267441860465116
294,42,1,D_boundary_evolution,1,D_COMPONENT_COUNT|D_LARGEST_COMPONENT_RATIO,0.0047314453125,"[318, 263, 495, 428]",1.072289156626506,0.278125,0.259375,1392.0,0.012568549681796264,21,0.5242518059855521,0.5242518059855521,657,1.0440750923263096,0.718266253869969
300,42,2,D_boundary_evolution,1,D_COMPONENT_COUNT,0.00653564453125,"[108, 340, 331, 459]",1.8666666666666667,0.35,0.1875,1598.0,0.013173606453717767,4,0.981322375793799,0.981322375793799,776,1.8542199115635847,0.596936869630183
300,42,2,D_boundary_evolution,2,D_COMPONENT_COUNT|D_LARGEST_COMPONENT_RATIO,0.00510986328125,"[389, 274, 615, 418]",1.5655172413793104,0.3546875,0.2265625,1449.0,0.012526862816246397,12,0.5289058767319637,0.5289058767319637,790,1.6183721192357468,0.6923076923076923
300,42,2,D_boundary_evolution,3,D_COMPONENT_COUNT|D_LARGEST_COMPONENT_RATIO,0.006162109375,"[271, 139, 522, 274]",1.8529411764705883,0.39375,0.2125,1513.0,0.013855473069328892,19,0.2622820919175911,0.2622820919175911,764,1.760710789127495,0.599445324881141
300,42,2,D_boundary_evolution,4,D_COMPONENT_COUNT,0.005263671875,"[274, 203, 520, 310]",2.287037037037037,0.3859375,0.16875,1423.0,0.01337977531289165,4,0.9948979591836735,0.9948979591836735,713,2.348178851058568,0.6600185528756958
300,42,2,D_boundary_evolution,5,D_COMPONENT_COUNT|D_LARGEST_COMPONENT_RATIO,0.00501708984375,"[357, 82, 635, 196]",2.4260869565217393,0.4359375,0.1796875,1395.0,0.01327007187086913,8,0.2900243309002433,0.2900243309002433,815,2.2681879965162497,0.6788321167883211
302,42,2,D_boundary_evolution,1,D_COMPONENT_COUNT,0.00753173828125,"[42, 301, 332, 408]",2.6944444444444446,0.4546875,0.16875,1790.0,0.012099264487780672,4,0.9828200972447326,0.9828200972447326,992,2.4974669921730484,0.580226904376013
303,42,1,D_boundary_evolution,1,D_COMPONENT_COUNT|D_LARGEST_COMPONENT_RATIO,0.01130859375,"[370, 52, 610, 227]",1.3693181818181819,0.3765625,0.275,1907.0,0.016005786834448883,2,0.8577288428324698,0.8577288428324698,868,1.3476816515914913,0.4117012089810017
303,42,1,D_boundary_evolution,2,D_COMPONENT_COUNT|D_LARGEST_COMPONENT_RATIO,0.00240966796875,"[69, 68, 246, 141]",2.4054054054054053,0.278125,0.115625,735.0,0.022958966720111995,13,0.7396149949341438,0.7396149949341438,406,1.8859454929722181,0.7446808510638298
31,42,1,D_boundary_evolution,1,D_COMPONENT_COUNT|D_LARGEST_COMPONENT_RATIO,0.00675537109375,"[384, 17, 579, 124]",1.8148148148148149,0.30625,0.16875,1379.0,0.018284811638964362,2,0.5131911817853271,0.5131911817853271,723,1.8296204316473488,0.49837368991687747
338,42,0,D_boundary_evolution,1,D_COMPONENT_COUNT|D_LARGEST_COMPONENT_RATIO,0.0066796875,"[87, 286, 365, 417]",2.1136363636363638,0.4359375,0.20625,1616.0,0.013165678457108485,9,0.6864035087719298,0.6864035087719298,789,2.0744373345372455,0.5906432748538012
338,42,0,D_boundary_evolution,2,D_COMPONENT_COUNT|D_LARGEST_COMPONENT_RATIO,0.0065478515625,"[161, 476, 390, 600]",1.84,0.359375,0.1953125,1562.0,0.013813590535997917,4,0.7170022371364653,0.7170022371364653,789,1.8527889777927924,0.5824011931394482
348,42,1,D_boundary_evolution,1,D_COMPONENT_COUNT,0.0068505859375,"[208, 404, 349, 514]",1.2792792792792793,0.221875,0.1734375,1086.0,0.029897706914294976,15,0.9704205274411974,0.9704205274411974,544,1.552469173383364,0.38702779757662154
348,42,1,D_boundary_evolution,2,D_COMPONENT_COUNT|D_LARGEST_COMPONENT_RATIO,0.0110205078125,"[75, 336, 374, 439]",2.8846153846153846,0.46875,0.1625,1821.0,0.01710612050732102,2,0.9348692955250333,0.9348692955250333,958,2.719835400025679,0.4034116083296411
348,42,1,D_boundary_evolution,3,D_COMPONENT_COUNT|D_LARGEST_COMPONENT_RATIO,0.00279541015625,"[309, 180, 451, 238]",2.4237288135593222,0.2234375,0.0921875,774.0,0.024017811351883987,6,0.9362445414847161,0.9362445414847161,407,2.291827902610233,0.6759825327510917
354,42,1,D_boundary_evolution,1,D_COMPONENT_COUNT|D_LARGEST_COMPONENT_RATIO,0.00531494140625,"[130, 393, 281, 545]",1.006578947368421,0.2375,0.2390625,1223.0,0.01829007047898377,24,0.6568672485071199,0.6568672485071199,654,1.0824731739381832,0.5617822691777675
354,42,1,D_boundary_evolution,2,D_COMPONENT_COUNT|D_LARGEST_COMPONENT_RATIO,0.00390380859375,"[484, 470, 584, 546]",1.3116883116883118,0.1578125,0.1203125,749.0,0.03581745239734032,2,0.8930581613508443,0.8930581613508443,358,1.2768204215087269,0.46841776110068795
355,42,1,D_boundary_evolution,1,D_COMPONENT_COUNT|D_LARGEST_COMPONENT_RATIO,0.00660400390625,"[391, 53, 621, 150]",2.357142857142857,0.3609375,0.153125,1311.0,0.01977751625298205,4,0.9463955637707948,0.9463955637707948,678,1.8954930281204108,0.4846580406654344
358,42,1,D_boundary_evolution,1,D_COMPONENT_COUNT|D_LARGEST_COMPONENT_RATIO,0.0045703125,"[191, 359, 357, 472]",1.4649122807017543,0.2609375,0.178125,1039.0,0.021791373942776814,15,0.5283119658119658,0.5283119658119658,543,1.3103218571603752,0.5550213675213675
362,42,0,D_boundary_evolution,1,D_COMPONENT_COUNT|D_LARGEST_COMPONENT_RATIO,0.0058984375,"[366, 91, 563, 216]",1.5714285714285714,0.309375,0.196875,1452.0,0.014400367026904923,4,0.6158940397350994,0.6158940397350994,721,1.6586474246306073,0.6009933774834437
393,42,0,D_boundary_evolution,1,D_COMPONENT_COUNT|D_LARGEST_COMPONENT_RATIO,0.00392822265625,"[114, 94, 316, 184]",2.230769230769231,0.3171875,0.1421875,1187.0,0.014350415316805342,17,0.3735239279055314,0.3735239279055314,630,2.2306073397890884,0.7377252952144189
393,42,0,D_boundary_evolution,2,D_COMPONENT_COUNT|D_LARGEST_COMPONENT_RATIO,0.004140625,"[224, 9, 447, 180]",1.302325581395349,0.35,0.26875,1321.0,0.012213217088855309,31,0.2623820754716981,0.2623820754716981,697,1.3555372682311257,0.7788915094339622
396,42,0,D_boundary_evolution,1,D_COMPONENT_COUNT,0.0065283203125,"[88, 332, 283, 465]",1.462686567164179,0.30625,0.209375,1585.0,0.01337558340626195,2,0.9996260284218399,0.9996260284218399,738,1.4427422251749122,0.5927449513836949
396,42,0,D_boundary_evolution,2,D_COMPONENT_COUNT|D_LARGEST_COMPONENT_RATIO,0.006650390625,"[30, 22, 238, 201]",1.1611111111111112,0.3265625,0.28125,1796.0,0.010612172544256473,6,0.6762114537444934,0.6762114537444934,866,1.0800314144746734,0.6593245227606461
410,42,2,D_boundary_evolution,1,D_COMPONENT_COUNT,0.00375244140625,"[96, 82, 252, 173]",1.7065217391304348,0.2453125,0.14375,938.0,0.021952200201706268,4,0.9882888744307091,0.9882888744307091,500,1.5605632409845935,0.6102797657774887
415,42,0,D_boundary_evolution,1,D_COMPONENT_COUNT,0.0080078125,"[1, 328, 189, 444]",1.6153846153846154,0.2953125,0.1828125,1266.0,0.025716762635796142,2,0.9975609756097561,0.9975609756097561,600,1.4168421095815278,0.38597560975609757
419,42,0,D_boundary_evolution,1,D_COMPONENT_COUNT|D_LARGEST_COMPONENT_RATIO,0.001796875,"[57, 93, 193, 163]",1.9295774647887325,0.2140625,0.1109375,588.0,0.026750569126776893,22,0.49728260869565216,0.49728260869565216,347,2.1889713289843193,0.7989130434782609
427,42,0,D_boundary_evolution,1,D_COMPONENT_COUNT|D_LARGEST_COMPONENT_RATIO,0.00502197265625,"[262, 479, 534, 610]",2.0681818181818183,0.4265625,0.20625,1535.0,0.010970524611926628,20,0.4467671366067088,0.4467671366067088,826,2.073999494271891,0.7462323772484201
457,42,0,D_boundary_evolution,1,D_COMPONENT_COUNT|D_LARGEST_COMPONENT_RATIO,0.004931640625,"[253, 385, 495, 470]",2.8255813953488373,0.3796875,0.134375,1359.0,0.01374429031486356,10,0.4376237623762376,0.4376237623762376,726,2.6359104312125314,0.6727722772277228
50,42,0,D_boundary_evolution,1,D_COMPONENT_COUNT|D_LARGEST_COMPONENT_RATIO,0.00529296875,"[288, 244, 509, 356]",1.9646017699115044,0.346875,0.1765625,1303.0,0.01604649963095418,14,0.45295202952029523,0.45295202952029523,675,2.0383072070421,0.6010147601476015
52,42,1,C_crack_like_structural_evolution,1,C_COMPONENT_COUNT,0.0027880859375,"[128, 255, 377, 361]",2.336448598130841,0.390625,0.1671875,733.0,0.02670963902406,5,0.6033274956217163,0.6033274956217163,313,5.205559696353527,0.6418563922942206
54,42,1,D_boundary_evolution,1,D_COMPONENT_COUNT|D_LARGEST_COMPONENT_RATIO,0.002353515625,"[176, 95, 318, 210]",1.2327586206896552,0.2234375,0.18125,770.0,0.02043174442948599,24,0.2354771784232365,0.2354771784232365,450,1.1845311763184454,0.7987551867219918
556,42,1,D_boundary_evolution,1,D_COMPONENT_COUNT|D_LARGEST_COMPONENT_RATIO,0.007177734375,"[117, 98, 396, 220]",2.2764227642276422,0.4375,0.1921875,1662.0,0.013375042033294657,10,0.576530612244898,0.576530612244898,887,2.0342772099607926,0.5653061224489796
563,42,0,C_crack_like_structural_evolution,1,C_COMPONENT_COUNT,0.002626953125,"[146, 455, 336, 511]",3.3508771929824563,0.2984375,0.0890625,569.0,0.041763568746854836,2,0.8317843866171004,0.8317843866171004,262,3.9976069091604858,0.5288104089219331
563,42,0,C_crack_like_structural_evolution,2,C_COMPONENT_COUNT,0.0029833984375,"[228, 396, 428, 534]",1.4460431654676258,0.3140625,0.2171875,678.0,0.03340578504091269,2,0.6620294599018003,0.6620294599018003,260,7.130153194424074,0.5548281505728314
573,42,1,D_boundary_evolution,1,D_COMPONENT_COUNT|D_LARGEST_COMPONENT_RATIO,0.00469970703125,"[249, 13, 526, 119]",2.5981308411214954,0.434375,0.1671875,1558.0,0.009965651394945879,11,0.5293506493506493,0.5293506493506493,869,2.2799774230366294,0.8093506493506494
573,42,1,D_boundary_evolution,2,D_COMPONENT_COUNT|D_LARGEST_COMPONENT_RATIO,0.00712158203125,"[205, 70, 440, 185]",2.0344827586206895,0.36875,0.18125,1571.0,0.014852307186989886,2,0.939664038395612,0.939664038395612,782,2.1540082814929593,0.5385670209118958
573,42,1,D_boundary_evolution,3,D_COMPONENT_COUNT,0.00435302734375,"[102, 193, 290, 260]",2.7794117647058822,0.2953125,0.10625,887.0,0.02847829388982332,9,0.9803701626472238,0.9803701626472238,470,2.68942603784975,0.4974761637689288
578,42,0,C_crack_like_structural_evolution,1,C_COMPONENT_COUNT,0.00377685546875,"[285, 72, 337, 301]",4.339622641509434,0.0828125,0.359375,683.0,0.041673384239314624,2,0.5888817065287654,0.5888817065287654,277,5.354183295562603,0.4414996767937944
59,42,0,D_boundary_evolution,1,D_COMPONENT_COUNT|D_LARGEST_COMPONENT_RATIO,0.003896484375,"[27, 183, 239, 270]",2.4204545454545454,0.3328125,0.1375,1110.0,0.016277840678936156,15,0.6234335839598998,0.6234335839598998,631,2.5312126850015013,0.6954887218045113
59,42,0,D_boundary_evolution,2,D_COMPONENT_COUNT|D_LARGEST_COMPONENT_RATIO,0.00871826171875,"[6, 159, 264, 298]",1.85,0.4046875,0.21875,1860.0,0.012971010944582207,18,0.8420610473256791,0.8420610473256791,980,2.11101498817813,0.5208625035004201
623,42,1,D_boundary_evolution,1,D_COMPONENT_COUNT,0.00410400390625,"[330, 53, 482, 123]",2.1549295774647885,0.2390625,0.1109375,842.0,0.02979568638568075,4,0.9964306960142773,0.9964306960142773,414,2.234331438039018,0.5008923259964307
623,42,1,D_boundary_evolution,2,D_COMPONENT_COUNT|D_LARGEST_COMPONENT_RATIO,0.00316650390625,"[420, 15, 580, 99]",1.8941176470588235,0.2515625,0.1328125,878.0,0.021142717564281845,12,0.4425597532767926,0.4425597532767926,514,1.819210785760835,0.676946800308404
628,42,2,A_small_low_contrast,1,EXCEPTION:RuntimeError:EMPTY_REFINED_MASK,,,,,,,,,,,,,
636,42,0,D_boundary_evolution,1,D_COMPONENT_COUNT,0.00414794921875,"[277, 538, 452, 604]",2.626865671641791,0.275,0.1046875,958.0,0.02326334839217515,2,0.9782224838140082,0.9782224838140082,540,2.458556001583588,0.5638610947616245
636,42,2,D_boundary_evolution,1,D_COMPONENT_COUNT|D_LARGEST_COMPONENT_RATIO,0.0071923828125,"[39, 15, 291, 138]",2.0403225806451615,0.3953125,0.19375,1507.0,0.016301069606997527,3,0.7145281737949762,0.7145281737949762,771,1.9537186960392883,0.511541072640869
636,42,2,D_boundary_evolution,2,D_COMPONENT_COUNT|D_LARGEST_COMPONENT_RATIO,0.004580078125,"[150, 91, 393, 221]",1.8625954198473282,0.38125,0.2046875,1334.0,0.013247411867082467,33,0.5501066098081023,0.5501066098081023,707,1.7798731986593572,0.7110874200426439
64,42,0,D_boundary_evolution,1,D_COMPONENT_COUNT|D_LARGEST_COMPONENT_RATIO,0.00558349609375,"[102, 414, 389, 524]",2.5945945945945947,0.45,0.1734375,1404.0,0.014579472566699656,24,0.2772190642763446,0.2772190642763446,822,2.6414046000581504,0.6139046786182772
64,42,0,D_boundary_evolution,2,D_COMPONENT_COUNT|D_LARGEST_COMPONENT_RATIO,0.00580078125,"[262, 55, 487, 182]",1.765625,0.353125,0.2,1456.0,0.014084244326110502,11,0.49074074074074076,0.49074074074074076,711,1.7813213676575448,0.6127946127946128
645,42,1,D_boundary_evolution,1,D_COMPONENT_COUNT|D_LARGEST_COMPONENT_RATIO,0.00353271484375,"[16, 240, 145, 342]",1.2621359223300972,0.203125,0.1609375,920.0,0.02148338643546517,9,0.5010366275051832,0.5010366275051832,459,1.3350711883999864,0.635798203178991
645,42,2,D_boundary_evolution,1,D_COMPONENT_COUNT|D_LARGEST_COMPONENT_RATIO,0.002607421875,"[228, 191, 425, 290]",1.98,0.309375,0.15625,861.0,0.018104011374472862,27,0.36797752808988765,0.36797752808988765,541,1.7286581549269096,0.8061797752808989
68,42,1,D_boundary_evolution,1,D_COMPONENT_COUNT,0.0070947265625,"[329, 440, 542, 610]",1.2514619883040936,0.334375,0.2671875,1793.0,0.01135912542247793,2,0.9989676531314522,0.9989676531314522,898,1.1542511096324175,0.6169993117687543
68,42,1,D_boundary_evolution,2,D_COMPONENT_COUNT|D_LARGEST_COMPONENT_RATIO,0.0056396484375,"[127, 378, 381, 523]",1.7465753424657535,0.3984375,0.228125,1562.0,0.01189761153547919,16,0.37445887445887444,0.37445887445887444,760,1.6120749982707168,0.6761904761904762
68,42,1,D_boundary_evolution,3,D_COMPONENT_COUNT,0.00534423828125,"[333, 366, 564, 464]",2.3434343434343434,0.3625,0.1546875,1438.0,0.013302640467478316,4,0.9867519415258109,0.9867519415258109,790,1.9164636184497568,0.6569209684787575
688,42,0,D_boundary_evolution,1,D_COMPONENT_COUNT,0.00627685546875,"[177, 127, 355, 197]",2.5211267605633805,0.2796875,0.1109375,1015.0,0.03136027455120719,2,0.999611046285492,0.999611046285492,530,2.3042415633337137,0.3947880202255932
711,42,0,D_boundary_evolution,1,D_COMPONENT_COUNT|D_LARGEST_COMPONENT_RATIO,0.0026611328125,"[7, 30, 149, 86]",2.508771929824561,0.2234375,0.0890625,783.0,0.022341526221562446,9,0.634862385321101,0.634862385321101,429,2.322000999592997,0.718348623853211
714,42,1,D_boundary_evolution,1,D_COMPONENT_COUNT|D_LARGEST_COMPONENT_RATIO,0.00792724609375,"[208, 297, 511, 409]",2.690265486725664,0.475,0.1765625,1620.0,0.015547555778396675,12,0.6171850939328611,0.6171850939328611,778,2.19418887445159,0.49892208192177395
717,42,1,D_boundary_evolution,1,D_COMPONENT_COUNT|D_LARGEST_COMPONENT_RATIO,0.0124560546875,"[75, 500, 359, 600]",2.8217821782178216,0.4453125,0.1578125,1600.0,0.02504438393533613,2,0.5448843590748726,0.5448843590748726,887,2.721612900382357,0.31360250882007057
735,42,0,D_boundary_evolution,1,D_COMPONENT_COUNT|D_LARGEST_COMPONENT_RATIO,0.0054052734375,"[325, 126, 537, 296]",1.2456140350877194,0.3328125,0.2671875,1624.0,0.010549100522713186,15,0.43947606142728096,0.43947606142728096,801,1.17113004972878,0.7335140018066847
737,42,0,D_boundary_evolution,1,D_COMPONENT_COUNT|D_LARGEST_COMPONENT_RATIO,0.01204833984375,"[136, 234, 444, 369]",2.2720588235294117,0.4828125,0.2125,1965.0,0.016060975203947586,6,0.580952380952381,0.580952380952381,961,2.2350476746906223,0.3981762917933131
737,42,0,D_boundary_evolution,2,D_COMPONENT_COUNT,0.00702880859375,"[311, 467, 534, 566]",2.24,0.35,0.15625,1430.0,0.017692102791696442,2,0.9996526571726294,0.9996526571726294,748,2.2885848796057884,0.4967002431399792
756,42,1,C_crack_like_structural_evolution,1,C_COMPONENT_COUNT,0.0026123046875,"[233, 427, 326, 576]",1.5957446808510638,0.146875,0.234375,488.0,0.05646170618350374,2,0.9037383177570093,0.9037383177570093,215,6.38670941126321,0.45607476635514016
764,42,1,D_boundary_evolution,1,D_COMPONENT_COUNT|D_LARGEST_COMPONENT_RATIO,0.004501953125,"[178, 180, 407, 283]",2.2115384615384617,0.359375,0.1625,1161.0,0.017191205873992848,20,0.5108459869848156,0.5108459869848156,595,2.224884539004655,0.6296095444685467
769,42,1,D_boundary_evolution,1,D_COMPONENT_COUNT|D_LARGEST_COMPONENT_RATIO,0.00512939453125,"[17, 457, 272, 574]",2.169491525423729,0.4,0.184375,1366.0,0.01414928576063349,20,0.2746311280342694,0.2746311280342694,780,1.823810194287338,0.6501665873393622
769,42,1,D_boundary_evolution,2,D_COMPONENT_COUNT,0.00584716796875,"[46, 256, 248, 349]",2.1595744680851063,0.3171875,0.146875,1242.0,0.01951067030048038,2,0.9979123173277662,0.9979123173277662,656,2.2026729511625276,0.518580375782881
769,42,1,D_boundary_evolution,3,D_COMPONENT_COUNT|D_LARGEST_COMPONENT_RATIO,0.0090625,"[134, 54, 354, 178]",1.768,0.3453125,0.1953125,1530.0,0.019926681071596928,2,0.8227370689655172,0.8227370689655172,773,1.7584137748190316,0.41217672413793105
772,42,0,D_boundary_evolution,1,D_COMPONENT_COUNT|D_LARGEST_COMPONENT_RATIO,0.00474853515625,"[271, 154, 469, 266]",1.761061946902655,0.3109375,0.1765625,1363.0,0.013156420870909456,7,0.5768637532133676,0.5768637532133676,708,1.6359818112778135,0.7007712082262211
777,42,0,D_boundary_evolution,1,D_COMPONENT_COUNT|D_LARGEST_COMPONENT_RATIO,0.0036279296875,"[427, 112, 577, 254]",1.055944055944056,0.2359375,0.2234375,1105.0,0.015293402455263184,16,0.3876177658142665,0.3876177658142665,546,1.0771934327147852,0.743606998654105
777,42,0,D_boundary_evolution,2,D_COMPONENT_COUNT|D_LARGEST_COMPONENT_RATIO,0.0053271484375,"[99, 440, 323, 526]",2.586206896551724,0.3515625,0.1359375,1352.0,0.015000689686401317,7,0.922089825847846,0.922089825847846,736,2.642850316570421,0.6196150320806599
787,42,1,D_boundary_evolution,1,D_COMPONENT_COUNT|D_LARGEST_COMPONENT_RATIO,0.015126953125,"[5, 479, 327, 606]",2.5234375,0.5046875,0.2,1997.0,0.0195238356599921,3,0.5008069722401549,0.5008069722401549,1042,2.398685273313829,0.3223047127178825
788,42,0,D_boundary_evolution,1,D_COMPONENT_COUNT,0.006455078125,"[299, 31, 478, 105]",2.4,0.28125,0.1171875,1088.0,0.028068132893907513,2,0.9996217851739788,0.9996217851739788,534,2.3043243362401085,0.4114977307110439
79,42,1,D_boundary_evolution,1,D_COMPONENT_COUNT,0.005830078125,"[213, 76, 433, 184]",2.0275229357798166,0.3453125,0.1703125,1453.0,0.014213890252973392,2,0.9979061976549414,0.9979061976549414,706,1.9682720056242742,0.6084589614740369
79,42,1,D_boundary_evolution,2,D_COMPONENT_COUNT,0.004375,"[340, 115, 527, 189]",2.506666666666667,0.29375,0.1171875,1072.0,0.01959558794843266,2,0.9810267857142857,0.9810267857142857,561,2.270556892021089,0.5982142857142857
799,42,0,D_boundary_evolution,1,D_COMPONENT_COUNT|D_LARGEST_COMPONENT_RATIO,0.01015380859375,"[123, 488, 427, 614]",2.4015748031496065,0.4765625,0.1984375,1828.0,0.01564034762708937,2,0.5638374609281077,0.5638374609281077,921,2.3380857769432004,0.439528732868478
802,42,1,D_boundary_evolution,1,D_COMPONENT_COUNT|D_LARGEST_COMPONENT_RATIO,0.00439697265625,"[407, 113, 606, 231]",1.680672268907563,0.3125,0.1859375,1270.0,0.014031888819183378,2,0.7212659633536924,0.7212659633536924,681,1.7237332289232539,0.7051637978900611
812,42,0,D_boundary_evolution,1,D_COMPONENT_COUNT|D_LARGEST_COMPONENT_RATIO,0.00753173828125,"[363, 61, 570, 232]",1.2093023255813953,0.325,0.26875,1616.0,0.014845072383106608,6,0.5714748784440843,0.5714748784440843,743,1.20565186928133,0.5238249594813614
814,42,0,D_boundary_evolution,1,D_COMPONENT_COUNT|D_LARGEST_COMPONENT_RATIO,0.00413818359375,"[472, 120, 624, 228]",1.4036697247706422,0.2390625,0.1703125,1042.0,0.019617521110792766,14,0.6212389380530974,0.6212389380530974,521,1.5149970904810128,0.6147492625368731
814,42,0,D_boundary_evolution,2,D_COMPONENT_COUNT|D_LARGEST_COMPONENT_RATIO,0.00957275390625,"[280, 453, 526, 575]",2.008130081300813,0.3859375,0.1921875,1677.0,0.01752026138439077,4,0.6732976281560826,0.6732976281560826,838,1.8691265655386766,0.42769701606732974
814,42,0,D_boundary_evolution,3,D_COMPONENT_COUNT,0.0079638671875,"[220, 539, 371, 608]",2.1714285714285713,0.2375,0.109375,902.0,0.05038261973151511,2,0.9993868792152054,0.9993868792152054,479,2.0533536298882065,0.27651747394236664
817,42,2,C_crack_like_structural_evolution,1,C_COMPONENT_COUNT,0.0028662109375,"[258, 310, 318, 574]",4.344262295081967,0.0953125,0.4140625,744.0,0.02665214024247324,2,0.9437819420783645,0.9437819420783645,333,4.376135547586694,0.6337308347529813
818,42,2,D_boundary_evolution,1,D_COMPONENT_COUNT|D_LARGEST_COMPONENT_RATIO,0.00598876953125,"[376, 441, 592, 592]",1.4276315789473684,0.3390625,0.2375,1434.0,0.014990258066707831,9,0.39135752140236446,0.39135752140236446,713,1.492424359439564,0.5845902975947819
82,42,2,D_boundary_evolution,1,D_COMPONENT_COUNT|D_LARGEST_COMPONENT_RATIO,0.00627197265625,"[272, 108, 500, 235]",1.7890625,0.3578125,0.2,1391.0,0.016684750177550306,11,0.632541845075905,0.632541845075905,753,1.5942258007101826,0.5414558193849747
82,42,2,D_boundary_evolution,2,D_COMPONENT_COUNT|D_LARGEST_COMPONENT_RATIO,0.0048388671875,"[146, 142, 331, 232]",2.043956043956044,0.290625,0.1421875,1154.0,0.01870259616739596,9,0.7795156407669022,0.7795156407669022,590,1.9678635731514273,0.5822401614530777
82,42,2,D_boundary_evolution,3,D_COMPONENT_COUNT|D_LARGEST_COMPONENT_RATIO,0.00646484375,"[32, 265, 274, 390]",1.9285714285714286,0.3796875,0.196875,1533.0,0.014159357108102327,12,0.7069486404833837,0.7069486404833837,772,1.8676937381552707,0.5789274924471299
82,42,2,D_boundary_evolution,4,D_COMPONENT_COUNT|D_LARGEST_COMPONENT_RATIO,0.00357421875,"[43, 292, 210, 388]",1.731958762886598,0.2625,0.1515625,971.0,0.019512480449430845,17,0.453551912568306,0.453551912568306,537,1.8919109530712532,0.6632513661202186
82,42,2,D_boundary_evolution,5,D_COMPONENT_COUNT|D_LARGEST_COMPONENT_RATIO,0.0060107421875,"[218, 444, 384, 579]",1.2279411764705883,0.2609375,0.2125,1246.0,0.019927913433776066,10,0.3874898456539399,0.3874898456539399,643,1.3187321927483238,0.5060926076360682
832,42,1,D_boundary_evolution,1,D_COMPONENT_COUNT|D_LARGEST_COMPONENT_RATIO,0.00439697265625,"[140, 158, 350, 322]",1.2787878787878788,0.3296875,0.2578125,1292.0,0.013558091156618048,28,0.36590782898389784,0.36590782898389784,650,1.298376862229791,0.7173792337590228
85,42,2,D_boundary_evolution,1,D_COMPONENT_COUNT,0.00543212890625,"[143, 464, 361, 543]",2.7375,0.3421875,0.125,1266.0,0.017445060019709274,2,0.9595505617977528,0.9595505617977528,662,2.40131937267569,0.5689887640449438
85,42,2,D_boundary_evolution,2,D_COMPONENT_COUNT,0.01008056640625,"[193, 28, 390, 160]",1.4887218045112782,0.309375,0.2078125,1447.0,0.02478093477804758,3,0.9985468636473722,0.9985468636473722,713,1.4587571640101418,0.35044805037539356
85,42,2,D_boundary_evolution,3,D_COMPONENT_COUNT|D_LARGEST_COMPONENT_RATIO,0.004736328125,"[376, 52, 618, 164]",2.150442477876106,0.3796875,0.1765625,1471.0,0.011266428074824718,21,0.39484536082474225,0.39484536082474225,849,2.2808039561851965,0.7582474226804123
85,42,2,D_boundary_evolution,4,D_COMPONENT_COUNT|D_LARGEST_COMPONENT_RATIO,0.00510986328125,"[124, 457, 309, 573]",1.5897435897435896,0.290625,0.1828125,1227.0,0.01746988181287358,5,0.48972766364070713,0.48972766364070713,606,1.414852491453179,0.5862398471094123
850,42,0,D_boundary_evolution,1,D_COMPONENT_COUNT|D_LARGEST_COMPONENT_RATIO,0.00562744140625,"[115, 417, 402, 520]",2.769230769230769,0.45,0.1625,1471.0,0.013386142635294319,23,0.2685466377440347,0.2685466377440347,793,2.6631241091260653,0.638177874186551
850,42,0,D_boundary_evolution,2,D_COMPONENT_COUNT|D_LARGEST_COMPONENT_RATIO,0.004736328125,"[265, 400, 449, 492]",1.989247311827957,0.2890625,0.1453125,1112.0,0.019715237785195506,4,0.811340206185567,0.811340206185567,546,2.031272905594902,0.5731958762886598
868,42,1,D_boundary_evolution,1,D_COMPONENT_COUNT|D_LARGEST_COMPONENT_RATIO,0.0023193359375,"[462, 23, 580, 117]",1.2526315789473683,0.1859375,0.1484375,809.0,0.01824048686461672,3,0.7305263157894737,0.7305263157894737,436,1.2741038240607487,0.8515789473684211
891,42,0,D_boundary_evolution,1,D_COMPONENT_COUNT|D_LARGEST_COMPONENT_RATIO,0.00438232421875,"[46, 246, 230, 400]",1.1935483870967742,0.2890625,0.2421875,1290.0,0.013554855629334003,18,0.32701949860724233,0.32701949860724233,675,1.2148859663133187,0.7186629526462396
902,42,1,D_boundary_evolution,1,D_COMPONENT_COUNT|D_LARGEST_COMPONENT_RATIO,0.00595947265625,"[176, 167, 481, 281]",2.6608695652173915,0.478125,0.1796875,1533.0,0.013052488935376805,20,0.42687423187218354,0.42687423187218354,800,2.6619787338697836,0.6280213027447767
908,42,0,D_boundary_evolution,1,D_COMPONENT_COUNT,0.00468017578125,"[304, 370, 457, 484]",1.3391304347826087,0.240625,0.1796875,1135.0,0.018699941755304032,2,0.9979134063641106,0.9979134063641106,536,1.1920694621502983,0.5920709441836203
931,42,1,D_boundary_evolution,1,D_COMPONENT_COUNT|D_LARGEST_COMPONENT_RATIO,0.00387939453125,"[60, 107, 343, 238]",2.1515151515151514,0.44375,0.20625,1313.0,0.011582553344182364,32,0.2146003775959723,0.2146003775959723,806,2.277373238403061,0.8263058527375708
954,42,1,D_boundary_evolution,1,D_COMPONENT_COUNT|D_LARGEST_COMPONENT_RATIO,0.006552734375,"[105, 3, 354, 155]",1.6339869281045751,0.390625,0.2390625,1726.0,0.011321677838678844,11,0.8453800298062594,0.8453800298062594,888,1.4843370460134198,0.643070044709389
954,42,1,D_boundary_evolution,2,D_COMPONENT_COUNT,0.00420166015625,"[368, 29, 478, 131]",1.0776699029126213,0.1734375,0.1609375,898.0,0.026818720923150352,3,0.9947704822777454,0.9947704822777454,463,1.1263148906400284,0.5217896571760604
117,1,0,D_boundary_evolution,1,D_COMPONENT_COUNT|D_LARGEST_COMPONENT_RATIO,0.00338134765625,"[300, 98, 445, 186]",1.6404494382022472,0.228125,0.1390625,930.0,0.020123046942869066,9,0.38483754512635376,0.38483754512635376,443,1.5057288737318566,0.6714801444043321
120,1,1,C_crack_like_structural_evolution,1,C_COMPONENT_COUNT,0.00426025390625,"[221, 65, 323, 321]",2.495145631067961,0.1609375,0.4015625,814.0,0.03309455040787562,3,0.8928366762177651,0.8928366762177651,383,6.896942376215397,0.4664756446991404
15,1,0,D_boundary_evolution,1,D_COMPONENT_COUNT,0.0140283203125,"[0, 168, 265, 292]",2.128,0.415625,0.1953125,1725.0,0.02426594935521371,4,0.9991298294465716,0.9991298294465716,872,2.2321091230924806,0.30020884093282285
155,1,2,D_boundary_evolution,1,D_COMPONENT_COUNT|D_LARGEST_COMPONENT_RATIO,0.00697509765625,"[210, 452, 438, 589]",1.6594202898550725,0.3578125,0.215625,1583.0,0.014327099422689575,6,0.8820441022051102,0.8820441022051102,776,1.623854103287264,0.5540777038851943
155,1,2,D_boundary_evolution,2,D_COMPONENT_COUNT|D_LARGEST_COMPONENT_RATIO,0.00551513671875,"[9, 358, 297, 478]",2.3884297520661155,0.4515625,0.1890625,1628.0,0.010710686156359747,17,0.3767153607791058,0.3767153607791058,923,2.310829265322176,0.7206728640991589
155,1,2,D_boundary_evolution,3,D_COMPONENT_COUNT,0.00413330078125,"[24, 249, 189, 308]",2.7666666666666666,0.259375,0.09375,910.0,0.025691179145163723,4,0.9952746603662138,0.9952746603662138,523,2.307825648704865,0.5375073833431778
169,1,1,D_boundary_evolution,1,D_COMPONENT_COUNT|D_LARGEST_COMPONENT_RATIO,0.007060546875,"[222, 389, 480, 505]",2.213675213675214,0.4046875,0.1828125,1807.0,0.011129914997823055,2,0.6656293222683264,0.6656293222683264,911,2.0873788577325754,0.6248271092669433
188,1,2,D_boundary_evolution,1,D_COMPONENT_COUNT|D_LARGEST_COMPONENT_RATIO,0.0054150390625,"[294, 380, 585, 487]",2.7037037037037037,0.45625,0.16875,1589.0,0.011038844392616104,7,0.6911632100991885,0.6911632100991885,824,2.5584893280441774,0.7164111812443643
188,1,2,D_boundary_evolution,2,D_COMPONENT_COUNT|D_LARGEST_COMPONENT_RATIO,0.0052685546875,"[108, 324, 407, 458]",2.2222222222222223,0.46875,0.2109375,1661.0,0.00982928753153392,21,0.36051899907321594,0.36051899907321594,891,2.311099870761529,0.7696941612604263
191,1,0,C_crack_like_structural_evolution,1,C_COMPONENT_COUNT,0.0041796875,"[71, 204, 252, 415]",1.164835164835165,0.284375,0.33125,823.0,0.03176244704092532,2,0.9988317757009346,0.9988317757009346,334,8.009678972383814,0.4807242990654206
2,1,0,D_boundary_evolution,1,D_COMPONENT_COUNT,0.0080078125,"[301, 530, 476, 601]",2.4444444444444446,0.275,0.1125,1025.0,0.03923159606434083,3,0.999390243902439,0.999390243902439,531,2.2508852130538295,0.3125
20,1,2,D_boundary_evolution,1,D_COMPONENT_COUNT|D_LARGEST_COMPONENT_RATIO,0.0035498046875,"[28, 32, 133, 121]",1.1777777777777778,0.165625,0.140625,824.0,0.026910381034496413,3,0.5887207702888583,0.5887207702888583,400,1.0753616092719456,0.5667125171939478
215,1,0,D_boundary_evolution,1,D_COMPONENT_COUNT|D_LARGEST_COMPONENT_RATIO,0.004150390625,"[356, 169, 549, 246]",2.4871794871794872,0.303125,0.121875,1076.0,0.018451608985166897,13,0.44882352941176473,0.44882352941176473,530,2.210573293211174,0.6329411764705882
220,1,0,C_crack_like_structural_evolution,1,C_COMPONENT_COUNT,0.00450439453125,"[249, 77, 447, 257]",1.0994475138121547,0.3109375,0.2828125,762.0,0.03992972248657124,2,0.9897018970189702,0.9897018970189702,324,7.271335775601328,0.41300813008130083
228,1,0,D_boundary_evolution,1,D_COMPONENT_COUNT,0.00580322265625,"[425, 320, 573, 463]",1.0347222222222223,0.2328125,0.225,1359.0,0.016173355484371627,2,0.9991586032814472,0.9991586032814472,645,1.0344611178985064,0.571729070256626
234,1,2,D_boundary_evolution,1,D_COMPONENT_COUNT|D_LARGEST_COMPONENT_RATIO,0.0019970703125,"[248, 314, 342, 380]",1.4179104477611941,0.1484375,0.1046875,582.0,0.030347100183470328,8,0.39486552567237165,0.39486552567237165,297,1.4343275721105195,0.7114914425427873
234,1,2,D_boundary_evolution,2,D_COMPONENT_COUNT|D_LARGEST_COMPONENT_RATIO,0.006865234375,"[68, 368, 341, 492]",2.192,0.428125,0.1953125,1743.0,0.011631357548077068,5,0.9025604551920341,0.9025604551920341,973,2.2912432602140855,0.6198435277382646
249,1,1,D_boundary_evolution,1,D_COMPONENT_COUNT|D_LARGEST_COMPONENT_RATIO,0.00215576171875,"[426, 242, 526, 318]",1.3116883116883118,0.1578125,0.1203125,673.0,0.02449855331073777,9,0.7270668176670442,0.7270668176670442,321,1.1485544411205884,0.7621744054360136
249,1,1,D_boundary_evolution,2,D_COMPONENT_COUNT,0.00400146484375,"[250, 523, 466, 592]",3.1,0.3390625,0.109375,1123.0,0.01633162145738833,7,0.9743746186699207,0.9743746186699207,600,2.805820274646875,0.6851738865161684
254,1,0,D_boundary_evolution,1,D_COMPONENT_COUNT|D_LARGEST_COMPONENT_RATIO,0.00279541015625,"[73, 166, 212, 293]",1.09375,0.21875,0.2,950.0,0.01594293003151385,15,0.26375545851528387,0.26375545851528387,510,1.0282932076094606,0.8296943231441049
254,1,0,D_boundary_evolution,2,D_COMPONENT_COUNT,0.01427001953125,"[38, 302, 314, 441]",1.9785714285714286,0.4328125,0.21875,1821.0,0.02215003862766756,3,0.9715996578272027,0.9715996578272027,900,1.9331159480133682,0.31154833190761333
254,1,0,D_boundary_evolution,3,D_COMPONENT_COUNT,0.006884765625,"[402, 507, 557, 564]",2.689655172413793,0.24375,0.090625,941.0,0.04002024338466084,4,0.9528368794326241,0.9528368794326241,526,2.5803084593520635,0.33368794326241136
254,1,0,D_boundary_evolution,4,D_COMPONENT_COUNT|D_LARGEST_COMPONENT_RATIO,0.00953369140625,"[182, 88, 433, 225]",1.826086956521739,0.39375,0.215625,1833.0,0.014605148339445907,3,0.5516005121638925,0.5516005121638925,946,1.6835228015166723,0.46939820742637645
254,1,0,D_boundary_evolution,5,D_COMPONENT_COUNT|D_LARGEST_COMPONENT_RATIO,0.00496337890625,"[394, 278, 615, 411]",1.6567164179104477,0.346875,0.209375,1299.0,0.015140106861968315,12,0.23708804722085589,0.23708804722085589,681,1.5991627458375532,0.6389572060993606
254,1,0,D_boundary_evolution,6,D_COMPONENT_COUNT,0.00499267578125,"[110, 370, 217, 460]",1.1868131868131868,0.16875,0.1421875,814.0,0.03878415792785424,2,0.9814180929095354,0.9814180929095354,383,1.174182538263423,0.3980440097799511
264,1,0,D_boundary_evolution,1,D_COMPONENT_COUNT|D_LARGEST_COMPONENT_RATIO,0.00604736328125,"[127, 365, 343, 462]",2.2142857142857144,0.3390625,0.153125,1414.0,0.01556815158766331,9,0.5393621316108196,0.5393621316108196,753,2.319834814526977,0.5708518368994752
264,1,0,D_boundary_evolution,2,D_COMPONENT_COUNT|D_LARGEST_COMPONENT_RATIO,0.00667724609375,"[268, 96, 547, 228]",2.1052631578947367,0.4375,0.2078125,1792.0,0.010702646568538848,14,0.35319926873857405,0.35319926873857405,906,1.9474264110948918,0.6552102376599634
264,1,0,D_boundary_evolution,3,D_COMPONENT_COUNT|D_LARGEST_COMPONENT_RATIO,0.0046484375,"[426, 123, 564, 229]",1.2990654205607477,0.2171875,0.1671875,967.0,0.02558726458095418,9,0.8650210084033614,0.8650210084033614,472,1.2068182920795036,0.5078781512605042
27,1,1,D_boundary_evolution,1,D_COMPONENT_COUNT|D_LARGEST_COMPONENT_RATIO,0.00671875,"[187, 327, 465, 452]",2.2142857142857144,0.4359375,0.196875,1619.0,0.01319363897552132,15,0.3695494186046512,0.3695494186046512,868,2.1843891873386405,0.5882994186046512
270,1,2,D_boundary_evolution,1,D_COMPONENT_COUNT,0.00963134765625,"[264, 451, 560, 577]",2.338582677165354,0.4640625,0.1984375,1748.0,0.016224600613727533,2,0.9997465145754119,0.9997465145754119,847,2.3735805313250853,0.44309252217997463
276,1,2,D_boundary_evolution,1,D_COMPONENT_COUNT,0.01421875,"[1, 86, 319, 222]",2.3284671532846715,0.4984375,0.2140625,2116.0,0.016345563743792865,2,0.9993131868131868,0.9993131868131868,1056,2.325701436481989,0.3633241758241758
282,1,0,D_boundary_evolution,1,D_COMPONENT_COUNT|D_LARGEST_COMPONENT_RATIO,0.00552001953125,"[120, 180, 400, 320]",1.9929078014184398,0.4390625,0.2203125,1603.0,0.01105715459397367,21,0.6815568332596197,0.6815568332596197,946,2.173374451491229,0.7089783281733746
282,1,0,D_boundary_evolution,2,D_COMPONENT_COUNT|D_LARGEST_COMPONENT_RATIO,0.00566650390625,"[138, 221, 436, 336]",2.5775862068965516,0.4671875,0.18125,1739.0,0.009644635977174075,6,0.5950021542438604,0.5950021542438604,995,2.5549212813536464,0.7492460146488582
292,1,0,D_boundary_evolution,1,D_COMPONENT_COUNT,0.00849853515625,"[40, 164, 272, 307]",1.6180555555555556,0.3640625,0.225,1598.0,0.01713011731990719,5,0.9913817868428613,0.9913817868428613,775,1.6498081963849272,0.45906348750359094
292,1,1,C_crack_like_structural_evolution,1,C_COMPONENT_COUNT,0.004697265625,"[182, 214, 294, 450]",2.0973451327433628,0.1765625,0.3703125,742.0,0.04391441696519759,2,0.5774428274428275,0.5774428274428275,338,4.086548687522299,0.38565488565488565
292,1,1,C_crack_like_structural_evolution,2,C_COMPONENT_COUNT,0.00374267578125,"[215, 194, 303, 454]",2.932584269662921,0.1390625,0.4078125,743.0,0.034895899008625345,2,0.5355512067840835,0.5355512067840835,333,5.882303878471116,0.4846705805609915
297,1,0,D_boundary_evolution,1,D_COMPONENT_COUNT|D_LARGEST_COMPONENT_RATIO,0.01062744140625,"[424, 484, 628, 609]",1.626984126984127,0.3203125,0.196875,1534.0,0.02324597743808973,2,0.50723638869745,0.50723638869745,721,1.5693552835528852,0.3524006432345509
302,1,0,C_crack_like_structural_evolution,1,C_COMPONENT_COUNT,0.0037060546875,"[241, 49, 288, 321]",5.6875,0.075,0.4265625,709.0,0.03794802388114376,2,0.8596837944664032,0.8596837944664032,343,7.796454089152902,0.4670619235836627
303,1,0,D_boundary_evolution,1,D_COMPONENT_COUNT|D_LARGEST_COMPONENT_RATIO,0.0043310546875,"[200, 344, 453, 443]",2.54,0.396875,0.15625,1316.0,0.01287216804969534,22,0.3410372040586246,0.3410372040586246,781,2.623007779723563,0.741826381059752
329,1,1,C_crack_like_structural_evolution,1,C_COMPONENT_COUNT,0.0014990234375,"[382, 343, 464, 441]",1.1927710843373494,0.1296875,0.1546875,360.0,0.05953512004025102,2,0.5390879478827362,0.5390879478827362,165,4.3172326184744065,0.5863192182410424
329,1,1,C_crack_like_structural_evolution,2,C_COMPONENT_COUNT,0.00310791015625,"[365, 97, 408, 314]",4.954545454545454,0.06875,0.340625,617.0,0.04202115057718827,2,0.7077769049489395,0.7077769049489395,273,6.500295423075903,0.4846818538884525
334,1,2,C_crack_like_structural_evolution,1,C_COMPONENT_COUNT,0.0007080078125,"[166, 339, 353, 385]",4.0,0.29375,0.0734375,183.0,0.10881923850112454,8,0.4482758620689655,0.4482758620689655,117,6.5817220804576815,0.6310344827586207
334,1,2,C_crack_like_structural_evolution,2,C_COMPONENT_COUNT,0.0029052734375,"[53, 295, 299, 353]",4.186440677966102,0.3859375,0.0921875,617.0,0.039281358355737664,5,0.6579831932773109,0.6579831932773109,296,12.245878492969377,0.5184873949579832
337,1,0,C_crack_like_structural_evolution,1,C_COMPONENT_COUNT,0.0030517578125,"[380, 288, 500, 517]",1.9008264462809918,0.1890625,0.359375,704.0,0.03169381793152151,2,0.9992,0.9992,304,10.324258073831873,0.5632
339,1,2,D_boundary_evolution,1,D_COMPONENT_COUNT|D_LARGEST_COMPONENT_RATIO,0.00353271484375,"[242, 220, 431, 293]",2.5675675675675675,0.296875,0.115625,1001.0,0.01814722568039126,12,0.7733241188666206,0.7733241188666206,562,2.693502682345197,0.6917760884588804
34,1,2,D_boundary_evolution,1,D_COMPONENT_COUNT|D_LARGEST_COMPONENT_RATIO,0.00549072265625,"[132, 11, 354, 129]",1.8739495798319328,0.3484375,0.1859375,1445.0,0.013535167209058214,12,0.36727434415295684,0.36727434415295684,785,1.648781149245034,0.642507781236105
34,1,2,D_boundary_evolution,2,D_COMPONENT_COUNT|D_LARGEST_COMPONENT_RATIO,0.00337158203125,"[474, 379, 629, 456]",2.0,0.24375,0.121875,827.0,0.02537420963057571,19,0.5691527878349022,0.5691527878349022,429,2.1272383873310545,0.5988414192614048
341,1,0,D_boundary_evolution,1,D_COMPONENT_COUNT,0.0089404296875,"[166, 381, 406, 480]",2.41,0.3765625,0.15625,1421.0,0.02278977555912508,2,0.9989077007099946,0.9989077007099946,667,2.0659414293202527,0.3880393227744402
346,1,0,D_boundary_evolution,1,D_COMPONENT_COUNT|D_LARGEST_COMPONENT_RATIO,0.00625732421875,"[243, 280, 472, 387]",2.1296296296296298,0.359375,0.16875,1502.0,0.014276396621904287,3,0.5294576667967226,0.5294576667967226,803,1.946538257825781,0.5860319937573156
394,1,1,C_crack_like_structural_evolution,1,C_COMPONENT_COUNT,0.00196044921875,"[57, 485, 206, 558]",2.027027027027027,0.234375,0.115625,431.0,0.05432138933000154,2,0.6376089663760897,0.6376089663760897,179,13.668455420003722,0.5367372353673724
394,1,1,C_crack_like_structural_evolution,2,C_COMPONENT_COUNT,0.00390380859375,"[217, 70, 381, 244]",1.0606060606060606,0.2578125,0.2734375,683.0,0.04307417026416554,2,0.9355847404627893,0.9355847404627893,280,13.305060265774467,0.4271419637273296
394,1,2,C_crack_like_structural_evolution,1,C_COMPONENT_COUNT,0.00203369140625,"[226, 73, 255, 201]",4.3,0.046875,0.2015625,351.0,0.08496511166111631,2,0.9267707082833133,0.9267707082833133,154,7.981535628296987,0.42136854741896757
394,1,2,C_crack_like_structural_evolution,2,C_COMPONENT_COUNT,0.0022216796875,"[334, 69, 417, 159]",1.0833333333333333,0.13125,0.1421875,360.0,0.08823608996193555,2,0.878021978021978,0.878021978021978,157,6.624530824606174,0.3956043956043956
396,1,0,D_boundary_evolution,1,D_COMPONENT_COUNT|D_LARGEST_COMPONENT_RATIO,0.00370849609375,"[31, 174, 269, 269]",2.4895833333333335,0.3734375,0.15,1108.0,0.015548486363705039,14,0.5055957867017775,0.5055957867017775,681,2.3426063263077546,0.7294272547728768
399,1,1,D_boundary_evolution,1,D_COMPONENT_COUNT|D_LARGEST_COMPONENT_RATIO,0.00757080078125,"[119, 11, 414, 140]",2.276923076923077,0.4625,0.203125,1814.0,0.011842327430996632,13,0.6752660432118671,0.6752660432118671,947,2.0911272908788976,0.5849725894872622
404,1,1,D_boundary_evolution,1,D_COMPONENT_COUNT|D_LARGEST_COMPONENT_RATIO,0.0052978515625,"[18, 415, 250, 582]",1.3869047619047619,0.3640625,0.2625,1364.0,0.014656857221493303,42,0.4078341013824885,0.4078341013824885,770,1.2943426030656024,0.6285714285714286
407,1,2,D_boundary_evolution,1,D_COMPONENT_COUNT|D_LARGEST_COMPONENT_RATIO,0.00640869140625,"[274, 209, 503, 311]",2.233009708737864,0.359375,0.1609375,1388.0,0.017122226568763978,6,0.8377142857142857,0.8377142857142857,726,2.066942012935189,0.5287619047619048
407,1,2,D_boundary_evolution,2,D_COMPONENT_COUNT|D_LARGEST_COMPONENT_RATIO,0.00333251953125,"[50, 383, 195, 470]",1.6590909090909092,0.228125,0.1375,942.0,0.01933039416586685,10,0.5758241758241758,0.5758241758241758,472,1.3749773841301451,0.6901098901098901
413,1,0,D_boundary_evolution,1,D_COMPONENT_COUNT,0.01103271484375,"[337, 247, 611, 350]",2.644230769230769,0.4296875,0.1625,1637.0,0.021191165658789656,2,0.9997787121044479,0.9997787121044479,835,2.519689273999081,0.36224828501880946
417,1,2,D_boundary_evolution,1,D_COMPONENT_COUNT|D_LARGEST_COMPONENT_RATIO,0.00268798828125,"[255, 71, 380, 172]",1.2352941176470589,0.196875,0.159375,798.0,0.021726581564200993,15,0.4032697547683924,0.4032697547683924,449,1.4097178079744135,0.7247956403269755
419,1,0,D_boundary_evolution,1,D_COMPONENT_COUNT|D_LARGEST_COMPONENT_RATIO,0.00382080078125,"[99, 78, 223, 171]",1.3297872340425532,0.1953125,0.146875,876.0,0.025628075430391493,16,0.5865814696485623,0.5865814696485623,419,1.5163805911829469,0.5597444089456869
419,1,0,D_boundary_evolution,2,D_COMPONENT_COUNT|D_LARGEST_COMPONENT_RATIO,0.00559326171875,"[31, 215, 228, 356]",1.3943661971830985,0.309375,0.221875,1368.0,0.01538376929947295,9,0.42645133129637713,0.42645133129637713,706,1.3750285724512004,0.5971191619380183
419,1,0,D_boundary_evolution,3,D_COMPONENT_COUNT,0.00611083984375,"[361, 437, 548, 513]",2.4415584415584415,0.29375,0.1203125,1025.0,0.029938013703977164,4,0.9964043148222134,0.9964043148222134,572,2.0192188162008775,0.40950858969236914
419,1,0,D_boundary_evolution,4,D_COMPONENT_COUNT,0.00853759765625,"[441, 186, 639, 281]",2.0729166666666665,0.3109375,0.15,1205.0,0.03026435360163498,2,0.9982842436374035,0.9982842436374035,586,2.020719266791729,0.34458106948813266
424,1,0,D_boundary_evolution,1,D_COMPONENT_COUNT,0.0095263671875,"[124, 405, 372, 527]",2.024390243902439,0.3890625,0.1921875,1822.0,0.014770676406919902,2,0.9997437211686314,0.9997437211686314,937,2.0735312509770107,0.46694003075345974
434,1,0,D_boundary_evolution,1,D_COMPONENT_COUNT|D_LARGEST_COMPONENT_RATIO,0.00687255859375,"[28, 269, 280, 405]",1.8467153284671534,0.3953125,0.2140625,1794.0,0.010991156350295943,2,0.5698046181172292,0.5698046181172292,899,1.9317234278504978,0.6373001776198934
434,1,0,D_boundary_evolution,2,D_COMPONENT_COUNT|D_LARGEST_COMPONENT_RATIO,0.00666015625,"[160, 426, 317, 564]",1.1366906474820144,0.246875,0.2171875,1250.0,0.021939877783021963,9,0.8401759530791789,0.8401759530791789,633,1.0937261184173328,0.45821114369501464
434,1,0,D_boundary_evolution,3,D_COMPONENT_COUNT|D_LARGEST_COMPONENT_RATIO,0.00275146484375,"[297, 325, 419, 432]",1.1388888888888888,0.1921875,0.16875,831.0,0.02050839778438514,14,0.35048802129547474,0.35048802129547474,416,1.063886032362701,0.7373558118899733
436,1,0,D_boundary_evolution,1,D_COMPONENT_COUNT|D_LARGEST_COMPONENT_RATIO,0.00796875,"[62, 221, 347, 345]",2.288,0.446875,0.1953125,1669.0,0.0147247300221637,12,0.42340686274509803,0.42340686274509803,852,2.298864521665915,0.5113357843137255
441,1,2,D_boundary_evolution,1,D_COMPONENT_COUNT|D_LARGEST_COMPONENT_RATIO,0.005693359375,"[270, 285, 502, 377]",2.5053763440860215,0.3640625,0.1453125,1386.0,0.015254990782222134,4,0.6299313893653516,0.6299313893653516,763,2.4674518855239937,0.5943396226415094
455,1,0,C_crack_like_structural_evolution,1,C_COMPONENT_COUNT,0.00271240234375,"[97, 201, 359, 264]",4.109375,0.4109375,0.1,671.0,0.03100836608072797,3,0.5112511251125113,0.5112511251125113,323,10.229379552928703,0.6039603960396039
459,1,1,D_boundary_evolution,1,D_COMPONENT_COUNT|D_LARGEST_COMPONENT_RATIO,0.00358154296875,"[455, 266, 580, 371]",1.1886792452830188,0.196875,0.165625,878.0,0.023913929581188487,8,0.6475800954328562,0.6475800954328562,440,1.231329012265514,0.5985003408316292
459,1,1,D_boundary_evolution,2,D_COMPONENT_COUNT,0.002841796875,"[136, 241, 253, 338]",1.2040816326530612,0.184375,0.153125,845.0,0.020485634809865306,2,0.9965635738831615,0.9965635738831615,411,1.1922143843565747,0.7259450171821306
459,1,1,D_boundary_evolution,3,D_COMPONENT_COUNT|D_LARGEST_COMPONENT_RATIO,0.0038427734375,"[280, 130, 429, 188]",2.542372881355932,0.234375,0.0921875,778.0,0.03267799470496715,4,0.7223634053367217,0.7223634053367217,401,2.2979732216103965,0.49428208386277
467,1,0,D_boundary_evolution,1,D_COMPONENT_COUNT|D_LARGEST_COMPONENT_RATIO,0.00967529296875,"[276, 255, 540, 387]",1.9924812030075187,0.4140625,0.2078125,1675.0,0.017750243437631687,2,0.8117587686096391,0.8117587686096391,789,1.9159807879172672,0.42265960131213726
48,1,1,C_crack_like_structural_evolution,1,C_COMPONENT_COUNT,0.0022998046875,"[369, 157, 516, 256]",1.48,0.23125,0.15625,485.0,0.050324247502290746,2,0.9978768577494692,0.9978768577494692,181,14.452497040006849,0.5148619957537155
48,1,1,C_crack_like_structural_evolution,2,C_COMPONENT_COUNT,0.00254150390625,"[364, 205, 516, 399]",1.2745098039215685,0.2390625,0.3046875,651.0,0.030867298117625723,5,0.664745437079731,0.664745437079731,286,6.635168272429586,0.6253602305475504
497,1,0,D_boundary_evolution,1,D_COMPONENT_COUNT,0.0098388671875,"[66, 519, 285, 600]",2.682926829268293,0.34375,0.128125,1271.0,0.03134900846014647,2,0.9997518610421836,0.9997518610421836,667,2.4626895915890707,0.3153846153846154
498,1,2,D_boundary_evolution,1,D_COMPONENT_COUNT|D_LARGEST_COMPONENT_RATIO,0.0022802734375,"[188, 392, 346, 449]",2.7413793103448274,0.2484375,0.090625,653.0,0.02752519330926755,24,0.37901498929336186,0.37901498929336186,340,2.6177276705758774,0.6991434689507494
498,1,2,D_boundary_evolution,2,D_COMPONENT_COUNT|D_LARGEST_COMPONENT_RATIO,0.0060205078125,"[325, 232, 609, 358]",2.2440944881889764,0.4453125,0.1984375,1756.0,0.010049718873076144,8,0.8142741281427412,0.8142741281427412,976,2.203146998763475,0.7120843471208435
510,1,0,D_boundary_evolution,1,D_COMPONENT_COUNT,0.00705810546875,"[283, 140, 481, 207]",2.926470588235294,0.3109375,0.10625,1046.0,0.03320431969380977,2,0.9996540989277066,0.9996540989277066,553,2.568963495160511,0.361812521618817
512,1,1,D_boundary_evolution,1,D_COMPONENT_COUNT|D_LARGEST_COMPONENT_RATIO,0.011240234375,"[229, 86, 528, 227]",2.112676056338028,0.46875,0.221875,2031.0,0.014025725408921353,3,0.6857080799304952,0.6857080799304952,1019,1.963871563763104,0.4411381407471764
528,1,1,D_boundary_evolution,1,D_COMPONENT_COUNT|D_LARGEST_COMPONENT_RATIO,0.0042431640625,"[186, 176, 430, 298]",1.991869918699187,0.3828125,0.1921875,1274.0,0.013456148774152438,41,0.34810126582278483,0.34810126582278483,660,2.0409548140126157,0.7330264672036824
532,1,1,D_boundary_evolution,1,D_COMPONENT_COUNT|D_LARGEST_COMPONENT_RATIO,0.00383056640625,"[232, 272, 379, 392]",1.2231404958677685,0.23125,0.1890625,995.0,0.01991529051683497,15,0.40535372848948376,0.40535372848948376,504,1.3818836054099966,0.6341618865519439
569,1,0,D_boundary_evolution,1,D_COMPONENT_COUNT|D_LARGEST_COMPONENT_RATIO,0.0140087890625,"[341, 421, 564, 596]",1.2727272727272727,0.35,0.275,1835.0,0.02141402329371899,2,0.6090972464273265,0.6090972464273265,921,1.141952829551749,0.3197978389682816
569,1,0,D_boundary_evolution,2,D_COMPONENT_COUNT|D_LARGEST_COMPONENT_RATIO,0.0153955078125,"[197, 356, 391, 536]",1.0773480662983426,0.3046875,0.2828125,1701.0,0.027387677371421705,2,0.6528702822708532,0.6528702822708532,785,1.0325670013674138,0.2697431018078021
57,1,2,D_boundary_evolution,1,D_COMPONENT_COUNT|D_LARGEST_COMPONENT_RATIO,0.00304931640625,"[414, 391, 621, 544]",1.3506493506493507,0.325,0.240625,1053.0,0.01415518533609901,35,0.3602882305844676,0.3602882305844676,604,1.1472954066161845,0.8430744595676541
57,1,2,D_boundary_evolution,2,D_COMPONENT_COUNT|D_LARGEST_COMPONENT_RATIO,0.00376953125,"[445, 367, 602, 499]",1.1879699248120301,0.246875,0.2078125,1078.0,0.016696276885810803,22,0.6211139896373057,0.6211139896373057,553,1.3790634170436806,0.6981865284974094
570,1,1,D_boundary_evolution,1,D_COMPONENT_COUNT|D_LARGEST_COMPONENT_RATIO,0.00401611328125,"[109, 102, 354, 220]",2.0672268907563027,0.384375,0.1859375,1207.0,0.014189308336430775,32,0.3148936170212766,0.3148936170212766,700,1.9998673753135632,0.7337386018237082
572,1,0,D_boundary_evolution,1,D_COMPONENT_COUNT|D_LARGEST_COMPONENT_RATIO,0.0076123046875,"[193, 128, 426, 270]",1.6363636363636365,0.365625,0.2234375,1707.0,0.013446799602715139,9,0.5711994868505452,0.5711994868505452,845,1.6075125082042254,0.5474663245670301
585,1,0,D_boundary_evolution,1,D_COMPONENT_COUNT|D_LARGEST_COMPONENT_RATIO,0.00437255859375,"[247, 34, 531, 154]",2.355371900826446,0.4453125,0.1890625,1325.0,0.012819576942864949,32,0.35790061418202124,0.35790061418202124,711,2.7160686371519356,0.7398101619207147
602,1,2,D_boundary_evolution,1,D_COMPONENT_COUNT|D_LARGEST_COMPONENT_RATIO,0.0047607421875,"[286, 460, 456, 619]",1.06875,0.2671875,0.25,1357.0,0.013307141657466695,9,0.6117948717948718,0.6117948717948718,672,1.1442407748261236,0.6958974358974359
602,1,2,D_boundary_evolution,2,D_COMPONENT_COUNT|D_LARGEST_COMPONENT_RATIO,0.00560546875,"[363, 164, 559, 296]",1.481203007518797,0.3078125,0.2078125,1455.0,0.013628741715647506,3,0.8053135888501742,0.8053135888501742,699,1.4124230079027136,0.6337108013937283
612,1,2,D_boundary_evolution,1,D_COMPONENT_COUNT,0.0098291015625,"[273, 383, 461, 507]",1.512,0.2953125,0.1953125,1419.0,0.025125738973594557,2,0.9990064580228515,0.9990064580228515,714,1.4063701314462231,0.3524590163934426
619,1,0,D_boundary_evolution,1,D_COMPONENT_COUNT|D_LARGEST_COMPONENT_RATIO,0.0047607421875,"[272, 249, 552, 362]",2.4649122807017543,0.4390625,0.178125,1444.0,0.011751954164141038,23,0.19641025641025642,0.19641025641025642,821,2.511341223369407,0.7405128205128205
619,1,1,C_crack_like_structural_evolution,1,C_COMPONENT_COUNT,0.00232177734375,"[403, 377, 518, 526]",1.293103448275862,0.18125,0.234375,530.0,0.042544031521023755,3,0.7308096740273397,0.7308096740273397,240,5.307035135481385,0.5573080967402734
654,1,0,D_boundary_evolution,1,D_COMPONENT_COUNT|D_LARGEST_COMPONENT_RATIO,0.0055078125,"[378, 261, 583, 359]",2.080808080808081,0.321875,0.1546875,1212.0,0.019299396100868577,11,0.5159574468085106,0.5159574468085106,620,2.1188446257509344,0.5372340425531915
654,1,0,D_boundary_evolution,2,D_COMPONENT_COUNT|D_LARGEST_COMPONENT_RATIO,0.0071337890625,"[94, 332, 345, 436]",2.4,0.39375,0.1640625,1567.0,0.01495381772639075,6,0.5359342915811088,0.5359342915811088,807,2.1726440473450404,0.5362765229295003
666,1,1,D_boundary_evolution,1,D_COMPONENT_COUNT|D_LARGEST_COMPONENT_RATIO,0.0044384765625,"[55, 112, 227, 260]",1.1610738255033557,0.2703125,0.2328125,1368.0,0.012207635349821834,12,0.32838283828382836,0.32838283828382836,696,1.2565667474675304,0.7524752475247525
666,1,1,D_boundary_evolution,2,D_COMPONENT_COUNT|D_LARGEST_COMPONENT_RATIO,0.00432373046875,"[36, 53, 211, 122]",2.5142857142857142,0.275,0.109375,956.0,0.02435076674737629,6,0.8362507058159232,0.8362507058159232,543,2.502976670479043,0.5398080180688877
67,1,0,C_crack_like_structural_evolution,1,C_COMPONENT_COUNT,0.00310302734375,"[138, 244, 234, 438]",2.0103092783505154,0.1515625,0.3046875,641.0,0.038872221034437,3,0.6852871754523997,0.6852871754523997,297,4.290803435240221,0.5043273013375295
67,1,0,C_crack_like_structural_evolution,2,C_COMPONENT_COUNT,0.002841796875,"[356, 189, 491, 382]",1.4264705882352942,0.2125,0.303125,666.0,0.032977246154068655,2,0.8513745704467354,0.8513745704467354,309,9.730752432675475,0.5721649484536082
67,1,0,C_crack_like_structural_evolution,3,C_COMPONENT_COUNT,0.00209228515625,"[94, 193, 283, 249]",3.3333333333333335,0.296875,0.0890625,472.0,0.04834000474228764,2,0.7024504084014003,0.7024504084014003,224,6.755794751823213,0.5507584597432905
67,1,0,C_crack_like_structural_evolution,4,C_COMPONENT_COUNT,0.00116455078125,"[382, 79, 521, 143]",2.1538461538461537,0.21875,0.1015625,274.0,0.07984121134649323,13,0.7044025157232704,0.7044025157232704,151,4.592746816822447,0.5744234800838575
67,1,0,C_crack_like_structural_evolution,5,C_COMPONENT_COUNT,0.0003173828125,"[137, 72, 277, 140]",2.0434782608695654,0.2203125,0.1078125,87.0,0.2158314413881216,7,0.6461538461538462,0.6461538461538462,48,26.991014618745353,0.6692307692307692
67,1,0,C_crack_like_structural_evolution,6,C_COMPONENT_COUNT,0.00089599609375,"[198, 113, 311, 207]",1.2,0.178125,0.1484375,270.0,0.06326279856611546,11,0.45231607629427795,0.45231607629427795,132,6.838964982285341,0.7356948228882834
674,1,0,D_boundary_evolution,1,D_COMPONENT_COUNT,0.00284912109375,"[448, 243, 605, 304]",2.5483870967741935,0.246875,0.096875,767.0,0.02492814672203144,6,0.9897172236503856,0.9897172236503856,416,2.0593773928109527,0.6572407883461868
685,1,0,D_boundary_evolution,1,D_COMPONENT_COUNT,0.01058837890625,"[335, 453, 635, 578]",2.388888888888889,0.4703125,0.196875,2019.0,0.013369853492974672,2,0.9997694258704174,0.9997694258704174,979,2.2667688681990543,0.4655291676273922
699,1,2,C_crack_like_structural_evolution,1,C_COMPONENT_COUNT,0.0043408203125,"[95, 424, 357, 526]",2.5533980582524274,0.4109375,0.1609375,814.0,0.03372040723507327,2,0.546119235095613,0.546119235095613,327,3.728849355417188,0.4578177727784027
702,1,1,D_boundary_evolution,1,D_COMPONENT_COUNT|D_LARGEST_COMPONENT_RATIO,0.00630615234375,"[283, 423, 484, 540]",1.7118644067796611,0.315625,0.184375,1412.0,0.01628039271686322,6,0.5083236546651181,0.5083236546651181,714,1.8004393909420962,0.5466511807975223
714,1,2,D_boundary_evolution,1,D_COMPONENT_COUNT|D_LARGEST_COMPONENT_RATIO,0.00277587890625,"[65, 245, 227, 302]",2.810344827586207,0.2546875,0.090625,749.0,0.025468695044262628,9,0.3834652594547054,0.3834652594547054,423,2.923544626540698,0.6587510993843447
716,1,1,D_boundary_evolution,1,D_COMPONENT_COUNT|D_LARGEST_COMPONENT_RATIO,0.0077880859375,"[371, 415, 625, 513]",2.5757575757575757,0.3984375,0.1546875,1573.0,0.01620104774256203,4,0.8752351097178683,0.8752351097178683,835,2.516277213095148,0.49310344827586206
716,1,1,D_boundary_evolution,2,D_COMPONENT_COUNT,0.00446044921875,"[185, 65, 374, 164]",1.9,0.296875,0.15625,1188.0,0.016267302027311702,7,0.9786535303776683,0.9786535303776683,570,1.8107851255626546,0.6502463054187192
716,1,1,D_boundary_evolution,3,D_COMPONENT_COUNT|D_LARGEST_COMPONENT_RATIO,0.00344482421875,"[427, 82, 635, 201]",1.7416666666666667,0.3265625,0.1875,1125.0,0.01400979669085297,23,0.3175053153791637,0.3175053153791637,578,1.668411153268549,0.7973068745570517
716,1,1,D_boundary_evolution,4,D_COMPONENT_COUNT|D_LARGEST_COMPONENT_RATIO,0.00615966796875,"[377, 275, 639, 378]",2.5288461538461537,0.4109375,0.1625,1482.0,0.014435462645779124,5,0.6492271105826397,0.6492271105826397,807,2.7944882295348537,0.5873959571938169
727,1,0,D_boundary_evolution,1,D_COMPONENT_COUNT|D_LARGEST_COMPONENT_RATIO,0.006328125,"[201, 204, 407, 314]",1.864864864864865,0.3234375,0.1734375,1360.0,0.017610311760607143,5,0.7172067901234568,0.7172067901234568,707,1.9108030852192932,0.5246913580246914
727,1,0,D_boundary_evolution,2,D_COMPONENT_COUNT,0.01060302734375,"[150, 343, 424, 458]",2.3706896551724137,0.4296875,0.18125,1563.0,0.02233992636753143,2,0.9988487220815104,0.9988487220815104,768,2.0501080836410326,0.359889477319825
734,1,0,D_boundary_evolution,1,D_COMPONENT_COUNT|D_LARGEST_COMPONENT_RATIO,0.00491943359375,"[118, 139, 375, 250]",2.3035714285714284,0.403125,0.175,1391.0,0.013086715300803374,5,0.5012406947890818,0.5012406947890818,736,1.9422813989575676,0.6903225806451613
734,1,0,D_boundary_evolution,2,D_COMPONENT_COUNT|D_LARGEST_COMPONENT_RATIO,0.00916015625,"[227, 466, 473, 595]",1.9,0.3859375,0.203125,1706.0,0.016199986031328505,2,0.798773987206823,0.798773987206823,816,1.9003627196969055,0.4546908315565032
737,1,1,D_boundary_evolution,1,D_COMPONENT_COUNT,0.0054638671875,"[323, 44, 529, 146]",2.0097087378640777,0.3234375,0.1609375,1364.0,0.01511615044318065,2,0.9995531724754245,0.9995531724754245,688,1.8417168689336494,0.6094727435210009
745,1,2,D_boundary_evolution,1,D_COMPONENT_COUNT,0.00471435546875,"[263, 102, 520, 206]",2.4571428571428573,0.403125,0.1640625,1568.0,0.009869610666912698,8,0.9787674779906784,0.9787674779906784,900,2.473521028699684,0.8120145002589332
76,1,1,D_boundary_evolution,1,D_COMPONENT_COUNT|D_LARGEST_COMPONENT_RATIO,0.00773193359375,"[287, 10, 585, 136]",2.354330708661417,0.4671875,0.1984375,1893.0,0.011105975203128466,7,0.46763498579096935,0.46763498579096935,984,2.030115362247311,0.5977265550994633
76,1,1,D_boundary_evolution,2,D_COMPONENT_COUNT|D_LARGEST_COMPONENT_RATIO,0.008642578125,"[189, 252, 491, 372]",2.5041322314049586,0.4734375,0.1890625,1931.0,0.011930223464263725,9,0.4214689265536723,0.4214689265536723,1008,2.5759973650863555,0.5454802259887006
76,1,2,D_boundary_evolution,1,D_COMPONENT_COUNT|D_LARGEST_COMPONENT_RATIO,0.00402099609375,"[229, 404, 416, 509]",1.7735849056603774,0.29375,0.165625,1167.0,0.015197136038142284,7,0.5185185185185185,0.5185185185185185,613,1.695551849841837,0.7085610200364298
771,1,2,D_boundary_evolution,1,D_COMPONENT_COUNT|D_LARGEST_COMPONENT_RATIO,0.0138720703125,"[289, 5, 565, 131]",2.1811023622047245,0.4328125,0.1984375,1800.0,0.022037690688515067,2,0.53220696937698,0.53220696937698,922,2.0565758872072886,0.3167898627243928
772,1,0,D_boundary_evolution,1,D_COMPONENT_COUNT|D_LARGEST_COMPONENT_RATIO,0.0037841796875,"[158, 71, 313, 156]",1.813953488372093,0.24375,0.134375,1002.0,0.019400196067203633,9,0.8180645161290323,0.8180645161290323,554,1.6830384540916346,0.6464516129032258
786,1,0,C_crack_like_structural_evolution,1,C_COMPONENT_COUNT,0.00371826171875,"[157, 360, 310, 575]",1.4025974025974026,0.240625,0.3375,738.0,0.035139618623667976,2,0.9284307288246881,0.9284307288246881,328,3.804844698709642,0.48456992777413
787,1,0,D_boundary_evolution,1,D_COMPONENT_COUNT|D_LARGEST_COMPONENT_RATIO,0.0037353515625,"[167, 11, 329, 129]",1.3697478991596639,0.2546875,0.1859375,1059.0,0.017143890123835832,13,0.48366013071895425,0.48366013071895425,523,1.5556298343184867,0.692156862745098
790,1,1,D_boundary_evolution,1,D_COMPONENT_COUNT|D_LARGEST_COMPONENT_RATIO,0.0084765625,"[178, 343, 464, 456]",2.517543859649123,0.4484375,0.178125,1770.0,0.013926534129099251,18,0.4706221198156682,0.4706221198156682,972,2.6467180900445775,0.5097926267281107
790,1,1,D_boundary_evolution,2,D_COMPONENT_COUNT,0.0068505859375,"[330, 161, 506, 283]",1.4390243902439024,0.2765625,0.1921875,1252.0,0.022495148939901802,4,0.9989308624376336,0.9989308624376336,544,1.603501085494946,0.44618674269422665
8,1,1,C_crack_like_structural_evolution,1,C_COMPONENT_COUNT,0.001171875,"[126, 45, 153, 142]",3.5,0.04375,0.153125,287.0,0.07322970893045203,2,0.5979166666666667,0.5979166666666667,138,3.835101055859116,0.5979166666666667
804,1,1,D_boundary_evolution,1,D_COMPONENT_COUNT,0.0028662109375,"[202, 27, 344, 80]",2.6481481481481484,0.2234375,0.084375,688.0,0.031167436581550984,8,0.9770017035775128,0.9770017035775128,377,2.807490922771802,0.58603066439523
828,1,0,C_crack_like_structural_evolution,1,C_COMPONENT_COUNT,0.001689453125,"[291, 519, 385, 585]",1.4179104477611941,0.1484375,0.1046875,326.0,0.08182400979653494,2,0.7514450867052023,0.7514450867052023,150,3.4998372065549224,0.47109826589595377
832,1,0,A_small_low_contrast,1,VISIBLE_CHANGE_TOO_SMALL,4.8828125e-06,"[141, 494, 145, 496]",1.6666666666666667,0.0078125,0.0046875,2.0,6.283185307179586,2,0.5,0.5,2,0.0,1.0
855,1,0,D_boundary_evolution,1,D_COMPONENT_COUNT|D_LARGEST_COMPONENT_RATIO,0.0033251953125,"[391, 551, 559, 612]",2.725806451612903,0.2640625,0.096875,865.0,0.022874665744605154,8,0.4434654919236417,0.4434654919236417,455,2.4653505691583644,0.6350954478707783
855,1,0,D_boundary_evolution,2,D_COMPONENT_COUNT|D_LARGEST_COMPONENT_RATIO,0.0043994140625,"[40, 239, 276, 393]",1.5290322580645161,0.3703125,0.2421875,1319.0,0.013015925662821058,42,0.3346281908990011,0.3346281908990011,664,1.6557647474765615,0.7319644839067703
862,1,2,D_boundary_evolution,1,D_COMPONENT_COUNT|D_LARGEST_COMPONENT_RATIO,0.00462646484375,"[156, 285, 353, 443]",1.2452830188679245,0.309375,0.2484375,1441.0,0.011468090637097394,10,0.41055408970976254,0.41055408970976254,721,1.1400353429304537,0.7604221635883905
89,1,1,D_boundary_evolution,1,D_COMPONENT_COUNT,0.0077587890625,"[272, 400, 462, 514]",1.6608695652173913,0.2984375,0.1796875,1205.0,0.027503607591076912,2,0.999685336689742,0.999685336689742,561,1.6866800654951584,0.37916928886091883
893,1,0,D_boundary_evolution,1,D_COMPONENT_COUNT|D_LARGEST_COMPONENT_RATIO,0.00388427734375,"[459, 162, 634, 269]",1.6296296296296295,0.275,0.16875,1071.0,0.017430149094448625,21,0.33626649905719674,0.33626649905719674,549,1.8085691396886399,0.6731615336266499
893,1,0,D_boundary_evolution,2,D_COMPONENT_COUNT|D_LARGEST_COMPONENT_RATIO,0.00365234375,"[109, 428, 267, 509]",1.9390243902439024,0.2484375,0.128125,919.0,0.022259245263611893,7,0.9398395721925134,0.9398395721925134,461,1.591073428034632,0.6143048128342246
893,1,0,D_boundary_evolution,3,D_COMPONENT_COUNT|D_LARGEST_COMPONENT_RATIO,0.0031787109375,"[243, 520, 357, 590]",1.619718309859155,0.1796875,0.1109375,790.0,0.02621601432446025,3,0.521505376344086,0.521505376344086,403,1.4071525699893268,0.6067588325652842
9,1,1,C_crack_like_structural_evolution,1,C_COMPONENT_COUNT,0.0038427734375,"[136, 78, 227, 308]",2.510869565217391,0.14375,0.3609375,642.0,0.04798931334857323,7,0.9847522236340533,0.9847522236340533,298,4.673513604436585,0.4078780177890724
911,1,0,D_boundary_evolution,1,D_COMPONENT_COUNT|D_LARGEST_COMPONENT_RATIO,0.003388671875,"[454, 462, 621, 579]",1.423728813559322,0.2625,0.184375,1047.0,0.01591131108459293,13,0.5972622478386167,0.5972622478386167,527,1.4708753774414494,0.7543227665706052
911,1,0,D_boundary_evolution,2,D_COMPONENT_COUNT|D_LARGEST_COMPONENT_RATIO,0.0069775390625,"[37, 168, 333, 288]",2.4545454545454546,0.4640625,0.1890625,1496.0,0.016047556056721004,17,0.3932820153953814,0.3932820153953814,791,2.100612871178973,0.523442967109867
914,1,0,D_boundary_evolution,1,D_COMPONENT_COUNT|D_LARGEST_COMPONENT_RATIO,0.00591064453125,"[24, 200, 305, 296]",2.9072164948453607,0.440625,0.1515625,1404.0,0.015433713635321322,13,0.43040066088393225,0.43040066088393225,825,2.968234504741087,0.5799256505576208
917,1,1,D_boundary_evolution,1,D_COMPONENT_COUNT|D_LARGEST_COMPONENT_RATIO,0.0041748046875,"[37, 157, 281, 292]",1.8014705882352942,0.3828125,0.2125,1410.0,0.0108085577941523,17,0.4865497076023392,0.4865497076023392,748,1.7810098852737526,0.8245614035087719
917,1,1,D_boundary_evolution,2,D_COMPONENT_COUNT|D_LARGEST_COMPONENT_RATIO,0.00609619140625,"[227, 182, 412, 331]",1.24,0.290625,0.234375,1452.0,0.01488316078898245,3,0.5678814577492992,0.5678814577492992,715,1.2538490125173944,0.5814977973568282
917,1,1,D_boundary_evolution,3,D_COMPONENT_COUNT,0.0109912109375,"[299, 405, 568, 511]",2.5233644859813085,0.421875,0.1671875,1695.0,0.019691370769779237,3,0.9995557529986673,0.9995557529986673,890,2.5443523655810436,0.376499333629498
920,1,0,D_boundary_evolution,1,D_COMPONENT_COUNT|D_LARGEST_COMPONENT_RATIO,0.00424560546875,"[245, 51, 449, 208]",1.2974683544303798,0.3203125,0.246875,1317.0,0.012599052803661828,18,0.4456584243818286,0.4456584243818286,715,1.130867423919285,0.7573317998849913
934,1,1,D_boundary_evolution,1,D_COMPONENT_COUNT|D_LARGEST_COMPONENT_RATIO,0.00696533203125,"[166, 488, 363, 584]",2.0412371134020617,0.309375,0.1515625,1231.0,0.02365895345252169,4,0.5927094286715738,0.5927094286715738,636,1.709902533475199,0.43147563967753244
934,1,1,D_boundary_evolution,2,D_COMPONENT_COUNT|D_LARGEST_COMPONENT_RATIO,0.003251953125,"[66, 245, 220, 378]",1.1567164179104477,0.2421875,0.209375,954.0,0.018391507959783608,21,0.28603603603603606,0.28603603603603606,470,1.1552794010673215,0.7162162162162162
94,1,2,D_boundary_evolution,1,D_COMPONENT_COUNT,0.00468505859375,"[333, 319, 562, 419]",2.277227722772277,0.359375,0.1578125,1269.0,0.014974819440457917,9,0.9947889525794684,0.9947889525794684,725,2.121969871501524,0.6612819176654507
942,1,0,D_boundary_evolution,1,D_COMPONENT_COUNT|D_LARGEST_COMPONENT_RATIO,0.00266845703125,"[341, 205, 494, 285]",1.9012345679012346,0.240625,0.1265625,845.0,0.019236081483834006,13,0.6221408966148216,0.6221408966148216,433,1.649101755764564,0.7731015553522416
95,1,1,D_boundary_evolution,1,D_COMPONENT_COUNT,0.00690673828125,"[464, 38, 602, 106]",2.0144927536231885,0.2171875,0.1078125,1001.0,0.03547926845184995,2,0.9985860728172499,0.9985860728172499,496,1.9034677369001551,0.3538352774832096
95,1,1,D_boundary_evolution,2,D_COMPONENT_COUNT|D_LARGEST_COMPONENT_RATIO,0.00370849609375,"[33, 15, 234, 101]",2.32183908045977,0.315625,0.1359375,1126.0,0.015055350020989105,6,0.6076366030283081,0.6076366030283081,559,2.022247539858494,0.7412771560236998
961,1,2,D_boundary_evolution,1,D_COMPONENT_COUNT|D_LARGEST_COMPONENT_RATIO,0.00515625,"[310, 24, 561, 159]",1.8529411764705883,0.39375,0.2125,1468.0,0.012315489172058675,26,0.2831439393939394,0.2831439393939394,772,1.729766087315387,0.6950757575757576
970,1,1,D_boundary_evolution,1,D_COMPONENT_COUNT|D_LARGEST_COMPONENT_RATIO,0.01193115234375,"[114, 444, 298, 581]",1.3405797101449275,0.2890625,0.215625,1465.0,0.028613893320771716,3,0.7014528340495191,0.7014528340495191,742,1.319367551112202,0.29977491303458154
981,1,2,D_boundary_evolution,1,D_COMPONENT_COUNT,0.00678955078125,"[291, 204, 538, 297]",2.6382978723404253,0.3875,0.146875,1392.0,0.01803567423378504,2,0.9823804386911184,0.9823804386911184,664,2.4652162573432337,0.5005393743257821
981,1,2,D_boundary_evolution,2,D_COMPONENT_COUNT,0.00772216796875,"[215, 76, 501, 202]",2.2598425196850394,0.4484375,0.1984375,1890.0,0.01112718855945188,2,0.9996838444514701,0.9996838444514701,962,2.146090366625806,0.597533986721467
985,1,0,D_boundary_evolution,1,D_COMPONENT_COUNT,0.00446533203125,"[50, 76, 215, 161]",1.930232558139535,0.259375,0.134375,989.0,0.023498004698460546,2,0.9688354291962821,0.9688354291962821,472,2.0778192654592127,0.5407326407873154
99,1,0,D_boundary_evolution,1,D_COMPONENT_COUNT|D_LARGEST_COMPONENT_RATIO,0.0036181640625,"[184, 310, 346, 457]",1.1013513513513513,0.2546875,0.23125,1090.0,0.01567491057190497,23,0.611336032388664,0.611336032388664,571,1.3335609718628358,0.7354925775978407
99,1,0,D_boundary_evolution,2,D_COMPONENT_COUNT|D_LARGEST_COMPONENT_RATIO,0.00734130859375,"[330, 310, 594, 447]",1.9202898550724639,0.4140625,0.215625,1761.0,0.012184973252374878,8,0.5483870967741935,0.5483870967741935,924,1.9645305830219553,0.5856335217825075
1001,0,0,D_boundary_evolution,1,D_COMPONENT_COUNT|D_LARGEST_COMPONENT_RATIO,0.006357421875,"[408, 120, 639, 229]",2.109090909090909,0.3625,0.171875,1340.0,0.018223896792042373,3,0.5353302611367128,0.5353302611367128,722,2.0967864325665433,0.5145929339477726
101,0,0,D_boundary_evolution,1,D_COMPONENT_COUNT|D_LARGEST_COMPONENT_RATIO,0.005439453125,"[203, 494, 338, 612]",1.1428571428571428,0.2125,0.1859375,1055.0,0.02515475728648704,2,0.5161579892280072,0.5161579892280072,500,1.2158920253662215,0.4735188509874327
107,0,0,C_crack_like_structural_evolution,1,C_COMPONENT_COUNT,0.00156982421875,"[463, 439, 565, 535]",1.0618556701030928,0.1609375,0.1515625,418.0,0.04624537158623285,5,0.4214618973561431,0.4214618973561431,194,6.306023630289552,0.6500777604976672
111,0,0,D_boundary_evolution,1,D_COMPONENT_COUNT,0.01357177734375,"[0, 240, 320, 356]",2.7435897435897436,0.5015625,0.1828125,1741.0,0.02304671311826462,2,0.9996402230617017,0.9996402230617017,894,2.4047988203517483,0.31318582478863105
114,0,0,D_boundary_evolution,1,D_COMPONENT_COUNT|D_LARGEST_COMPONENT_RATIO,0.007578125,"[151, 29, 292, 155]",1.1181102362204725,0.221875,0.1984375,1161.0,0.028937908369237417,3,0.6427190721649485,0.6427190721649485,544,1.0802961141078284,0.3740335051546392
115,0,0,D_boundary_evolution,1,D_COMPONENT_COUNT,0.0073291015625,"[41, 308, 231, 439]",1.446969696969697,0.2984375,0.20625,1495.0,0.016878667837856954,2,0.9906728847435043,0.9906728847435043,709,1.3896946965896324,0.49800133244503664
115,0,0,D_boundary_evolution,2,D_COMPONENT_COUNT|D_LARGEST_COMPONENT_RATIO,0.005361328125,"[363, 240, 607, 332]",2.6344086021505375,0.3828125,0.1453125,1420.0,0.013685652583382633,2,0.7021857923497268,0.7021857923497268,713,2.1958211931555587,0.6466302367941712
115,0,0,D_boundary_evolution,3,D_COMPONENT_COUNT|D_LARGEST_COMPONENT_RATIO,0.00984130859375,"[304, 492, 473, 574]",2.0481927710843375,0.265625,0.1296875,1101.0,0.041787657283306835,2,0.6494666335896799,0.6494666335896799,556,1.851505624204118,0.2731332175638799
119,0,2,C_crack_like_structural_evolution,1,C_COMPONENT_COUNT,0.00285888671875,"[177, 59, 325, 276]",1.4630872483221478,0.2328125,0.340625,734.0,0.027313329205455886,3,0.4252775405636208,0.4252775405636208,341,6.318213778396797,0.6268146883005978
13,0,1,D_boundary_evolution,1,D_COMPONENT_COUNT|D_LARGEST_COMPONENT_RATIO,0.0035498046875,"[288, 304, 509, 426]",1.8048780487804879,0.346875,0.1921875,999.0,0.018308100766710893,31,0.3108665749656121,0.3108665749656121,565,2.0998898809691613,0.68707015130674
13,0,1,D_boundary_evolution,2,D_COMPONENT_COUNT|D_LARGEST_COMPONENT_RATIO,0.0058935546875,"[146, 321, 392, 423]",2.3980582524271843,0.3859375,0.1609375,1463.0,0.014172891993419378,3,0.5426677713338857,0.5426677713338857,745,2.211450086696624,0.6060480530240265
13,0,1,D_boundary_evolution,3,D_COMPONENT_COUNT,0.00802001953125,"[223, 429, 502, 543]",2.4347826086956523,0.4375,0.1796875,1697.0,0.014334467135900291,2,0.9996955859969558,0.9996955859969558,833,2.3765580195983964,0.5165905631659057
14,0,2,D_boundary_evolution,1,D_COMPONENT_COUNT|D_LARGEST_COMPONENT_RATIO,0.0070263671875,"[213, 266, 539, 393]",2.5546875,0.5109375,0.2,1847.0,0.010601488894508309,10,0.8912439193884643,0.8912439193884643,969,2.315996513842803,0.6417651146629604
143,0,1,D_boundary_evolution,1,D_COMPONENT_COUNT|D_LARGEST_COMPONENT_RATIO,0.0038671875,"[90, 78, 234, 172]",1.5263157894736843,0.2265625,0.1484375,925.0,0.02326384929512921,7,0.4375,0.4375,458,1.6199853629090262,0.5839646464646465
143,0,1,D_boundary_evolution,2,D_COMPONENT_COUNT|D_LARGEST_COMPONENT_RATIO,0.0063330078125,"[285, 248, 588, 361]",2.6666666666666665,0.475,0.178125,1570.0,0.013224538672419853,27,0.2266769468003084,0.2266769468003084,877,2.7184551315909924,0.605242868157286
143,0,1,D_boundary_evolution,3,D_COMPONENT_COUNT|D_LARGEST_COMPONENT_RATIO,0.003720703125,"[62, 265, 203, 372]",1.3148148148148149,0.221875,0.16875,1024.0,0.018263958755763414,10,0.39041994750656167,0.39041994750656167,532,1.2953641965666767,0.6719160104986877
143,0,1,D_boundary_evolution,4,D_COMPONENT_COUNT,0.0144384765625,"[336, 348, 601, 464]",2.2735042735042734,0.415625,0.1828125,1657.0,0.02706737671614986,2,0.9998309097057829,0.9998309097057829,838,2.2297636055888908,0.2801826175177545
144,0,0,D_boundary_evolution,1,D_COMPONENT_COUNT,0.0125341796875,"[189, 417, 446, 511]",2.7157894736842105,0.403125,0.1484375,1527.0,0.027668629902583015,2,0.9998052201012856,0.9998052201012856,826,2.485073106920346,0.29742890533696925
144,0,1,D_boundary_evolution,1,D_COMPONENT_COUNT|D_LARGEST_COMPONENT_RATIO,0.00562255859375,"[263, 281, 458, 459]",1.094972067039106,0.30625,0.2796875,1469.0,0.01341097059903732,10,0.8679982631350412,0.8679982631350412,698,1.1192924177854484,0.6378636561007381
15,0,0,D_boundary_evolution,1,D_COMPONENT_COUNT|D_LARGEST_COMPONENT_RATIO,0.00813232421875,"[53, 129, 377, 253]",2.6,0.5078125,0.1953125,2008.0,0.010381427605422534,17,0.19843890723506455,0.19843890723506455,1186,2.483455837004571,0.6028219753827679
157,0,0,D_boundary_evolution,1,D_COMPONENT_COUNT,0.0072998046875,"[289, 22, 444, 101]",1.95,0.24375,0.125,1038.0,0.03487276195972498,2,0.9872909698996656,0.9872909698996656,547,1.8294024195427006,0.34715719063545153
170,0,1,D_boundary_evolution,1,D_COMPONENT_COUNT,0.00719482421875,"[51, 88, 355, 212]",2.44,0.4765625,0.1953125,1768.0,0.01184746620427653,10,0.9826942653545979,0.9826942653545979,921,2.4897708479044365,0.5999321343739396
170,0,1,D_boundary_evolution,2,D_COMPONENT_COUNT|D_LARGEST_COMPONENT_RATIO,0.00602294921875,"[296, 452, 601, 576]",2.448,0.478125,0.1953125,1734.0,0.01031052613036245,12,0.5018240778273206,0.5018240778273206,929,2.472620070717401,0.7028779894608836
170,0,1,D_boundary_evolution,3,D_COMPONENT_COUNT,0.00273681640625,"[349, 383, 511, 442]",2.716666666666667,0.2546875,0.09375,792.0,0.02245769159189214,6,0.9901873327386262,0.9901873327386262,469,2.5350202824596995,0.7065120428189117
188,0,0,D_boundary_evolution,1,D_COMPONENT_COUNT|D_LARGEST_COMPONENT_RATIO,0.0047412109375,"[439, 285, 619, 385]",1.7920792079207921,0.2828125,0.1578125,1098.0,0.020242046089002288,3,0.48918640576725025,0.48918640576725025,579,1.7143635541022386,0.5653964984552008
215,0,2,D_boundary_evolution,1,D_COMPONENT_COUNT,0.00484375,"[44, 114, 247, 195]",2.4878048780487805,0.31875,0.128125,1226.0,0.01658710490945807,4,0.9979838709677419,0.9979838709677419,662,2.536791157654729,0.6179435483870968
217,0,1,D_boundary_evolution,1,D_COMPONENT_COUNT,0.00910400390625,"[343, 334, 588, 436]",2.3883495145631066,0.384375,0.1609375,1556.0,0.019354549278084898,2,0.9997318315902387,0.9997318315902387,794,2.3126468158219513,0.4172700455886297
217,0,1,D_boundary_evolution,2,D_COMPONENT_COUNT,0.00244873046875,"[284, 236, 409, 298]",2.0,0.196875,0.0984375,724.0,0.02404549183137391,3,0.9700897308075773,0.9700897308075773,383,1.944054079850379,0.7218344965104686
235,0,0,D_boundary_evolution,1,D_COMPONENT_COUNT|D_LARGEST_COMPONENT_RATIO,0.00385986328125,"[144, 466, 289, 533]",2.1470588235294117,0.228125,0.10625,858.0,0.026987779817135654,2,0.9209361163820367,0.9209361163820367,434,2.07068432589364,0.5426944971537002
235,0,0,D_boundary_evolution,2,D_COMPONENT_COUNT,0.0101953125,"[341, 347, 522, 438]",1.9782608695652173,0.284375,0.14375,1121.0,0.04175986911581263,2,0.9997605363984674,0.9997605363984674,532,1.957866678168276,0.2684386973180077
235,0,0,D_boundary_evolution,3,D_COMPONENT_COUNT|D_LARGEST_COMPONENT_RATIO,0.00443359375,"[54, 304, 264, 412]",1.9357798165137614,0.3296875,0.1703125,1134.0,0.017745964119827005,28,0.44823788546255505,0.44823788546255505,600,2.229657164136045,0.6244493392070485
240,0,0,D_boundary_evolution,1,D_COMPONENT_COUNT,0.009638671875,"[277, 51, 476, 137]",2.2988505747126435,0.3125,0.1359375,1198.0,0.03456792984515791,2,0.9997467071935157,0.9997467071935157,658,2.095011870214892,0.30344478216818643
240,0,0,D_boundary_evolution,2,D_COMPONENT_COUNT,0.0081689453125,"[172, 423, 401, 561]",1.6546762589928057,0.359375,0.2171875,1648.0,0.015481797617163857,2,0.9934249850567842,0.9934249850567842,803,1.4889638018740048,0.49252839210998206
249,0,2,D_boundary_evolution,1,D_COMPONENT_COUNT,0.018291015625,"[253, 429, 577, 560]",2.462121212121212,0.5078125,0.20625,2101.0,0.02132826498901589,3,0.9985317672183662,0.9985317672183662,1098,2.439033163609207,0.28043246129204485
249,0,2,D_boundary_evolution,2,D_COMPONENT_COUNT|D_LARGEST_COMPONENT_RATIO,0.004716796875,"[19, 20, 274, 109]",2.8444444444444446,0.4,0.140625,1330.0,0.013725042697123591,19,0.41252587991718426,0.41252587991718426,755,2.5772668248595187,0.6884057971014492
249,0,2,D_boundary_evolution,3,D_COMPONENT_COUNT|D_LARGEST_COMPONENT_RATIO,0.00502197265625,"[370, 180, 584, 328]",1.4429530201342282,0.3359375,0.2328125,1439.0,0.012483103399123697,18,0.3398152649489548,0.3398152649489548,729,1.251204075416753,0.6995624696159456
252,0,0,D_boundary_evolution,1,D_COMPONENT_COUNT,0.00348388671875,"[431, 483, 546, 556]",1.5675675675675675,0.18125,0.115625,775.0,0.02985591819636302,3,0.9978976874562018,0.9978976874562018,397,1.6033286988388586,0.5430974071478627
258,0,1,D_boundary_evolution,1,D_COMPONENT_COUNT|D_LARGEST_COMPONENT_RATIO,0.004951171875,"[48, 183, 211, 321]",1.1798561151079137,0.25625,0.2171875,1380.0,0.013381957365007562,6,0.8905325443786982,0.8905325443786982,689,1.1969902298031183,0.6804733727810651
258,0,1,D_boundary_evolution,2,D_COMPONENT_COUNT|D_LARGEST_COMPONENT_RATIO,0.0103759765625,"[18, 18, 258, 128]",2.171171171171171,0.3765625,0.1734375,1479.0,0.024415321423995655,2,0.5317647058823529,0.5317647058823529,741,2.1062808470325893,0.348
263,0,0,D_boundary_evolution,1,D_COMPONENT_COUNT|D_LARGEST_COMPONENT_RATIO,0.00504638671875,"[6, 298, 268, 419]",2.1557377049180326,0.4109375,0.190625,1462.0,0.012152219220658136,18,0.3594581519109821,0.3594581519109821,798,1.9112132060058091,0.7073052733430092
268,0,0,D_boundary_evolution,1,D_COMPONENT_COUNT,0.00768310546875,"[225, 490, 434, 602]",1.8584070796460177,0.328125,0.1765625,1483.0,0.017981433237463703,2,0.9996822370511599,0.9996822370511599,694,1.5278558830398443,0.47124245312996504
268,0,0,D_boundary_evolution,2,D_COMPONENT_COUNT,0.00563232421875,"[165, 288, 338, 372]",2.0470588235294116,0.271875,0.1328125,1046.0,0.02649684037828403,3,0.9787602947550932,0.9787602947550932,532,2.0473472293805868,0.4534026874729085
268,0,0,D_boundary_evolution,3,D_COMPONENT_COUNT,0.00966796875,"[45, 78, 304, 180]",2.5242718446601944,0.40625,0.1609375,1608.0,0.01924566673506779,2,0.9974747474747475,0.9974747474747475,877,2.577794027255692,0.40606060606060607
3,0,2,D_boundary_evolution,1,D_COMPONENT_COUNT,0.0105810546875,"[288, 399, 485, 525]",1.5590551181102361,0.309375,0.1984375,1436.0,0.026411306865748566,2,0.997692662667282,0.997692662667282,676,1.484088553264378,0.33133364097831103
303,0,0,D_boundary_evolution,1,D_COMPONENT_COUNT|D_LARGEST_COMPONENT_RATIO,0.00306884765625,"[113, 107, 227, 197]",1.2637362637362637,0.1796875,0.1421875,757.0,0.027564707140662458,6,0.9363564041368337,0.9363564041368337,363,1.2612203921748144,0.6022275258552108
306,0,1,D_boundary_evolution,1,D_COMPONENT_COUNT|D_LARGEST_COMPONENT_RATIO,0.00609375,"[97, 402, 311, 497]",2.2395833333333335,0.3359375,0.15,1164.0,0.02314986615462773,10,0.328125,0.328125,639,1.9287077334590956,0.46634615384615385
332,0,1,D_boundary_evolution,1,D_COMPONENT_COUNT|D_LARGEST_COMPONENT_RATIO,0.00362548828125,"[381, 186, 598, 259]",2.945945945945946,0.340625,0.115625,1008.0,0.018366028480807678,20,0.20202020202020202,0.20202020202020202,577,3.0403259445042834,0.6787878787878788
333,0,1,D_boundary_evolution,1,D_COMPONENT_COUNT|D_LARGEST_COMPONENT_RATIO,0.01367431640625,"[235, 395, 524, 532]",2.101449275362319,0.453125,0.215625,2123.0,0.01561620308871251,2,0.6331012319228709,0.6331012319228709,965,2.0721408839135553,0.3790394572397786
354,0,0,D_boundary_evolution,1,D_COMPONENT_COUNT|D_LARGEST_COMPONENT_RATIO,0.01080322265625,"[353, 169, 638, 297]",2.2170542635658914,0.446875,0.2015625,1926.0,0.014990308595752969,3,0.8583050847457627,0.8583050847457627,1048,2.122773691023412,0.4352542372881356
354,0,0,D_boundary_evolution,2,D_COMPONENT_COUNT|D_LARGEST_COMPONENT_RATIO,0.012451171875,"[130, 49, 377, 187]",1.7841726618705036,0.3875,0.2171875,1741.0,0.021143773502995063,2,0.8119607843137255,0.8119607843137255,853,1.7312776184074214,0.34137254901960784
360,0,2,D_boundary_evolution,1,D_COMPONENT_COUNT|D_LARGEST_COMPONENT_RATIO,0.00531005859375,"[280, 499, 565, 614]",2.4655172413793105,0.446875,0.18125,1473.0,0.01259689854642271,17,0.8147126436781609,0.8147126436781609,826,2.642796497062475,0.6772413793103448
360,0,2,D_boundary_evolution,2,D_COMPONENT_COUNT|D_LARGEST_COMPONENT_RATIO,0.0166455078125,"[16, 36, 238, 228]",1.1554404145077721,0.3484375,0.3015625,1930.0,0.02300129261153342,2,0.589615723085949,0.589615723085949,852,1.1156479420861491,0.28307421531240834
366,0,2,D_boundary_evolution,1,D_COMPONENT_COUNT|D_LARGEST_COMPONENT_RATIO,0.0063671875,"[222, 297, 414, 390]",2.0531914893617023,0.3015625,0.146875,1099.0,0.027134515174477188,24,0.682898773006135,0.682898773006135,582,2.4236617462426073,0.4213957055214724
366,0,2,D_boundary_evolution,2,D_COMPONENT_COUNT,0.014765625,"[78, 366, 370, 504]",2.1079136690647484,0.4578125,0.2171875,1961.0,0.019763618369434018,2,0.9990079365079365,0.9990079365079365,968,2.120271419096863,0.32423941798941797
394,0,0,D_boundary_evolution,1,D_COMPONENT_COUNT|D_LARGEST_COMPONENT_RATIO,0.00320068359375,"[158, 93, 291, 195]",1.3009708737864079,0.209375,0.1609375,880.0,0.02127390479781105,12,0.6834477498093059,0.6834477498093059,472,1.3348899234515252,0.6712433257055682
394,0,0,D_boundary_evolution,2,D_COMPONENT_COUNT|D_LARGEST_COMPONENT_RATIO,0.00446044921875,"[217, 47, 448, 173]",1.8267716535433072,0.3625,0.1984375,1384.0,0.011986054032269187,21,0.331143951833607,0.331143951833607,767,1.6296676774143095,0.7575259989053093
394,0,0,D_boundary_evolution,3,D_COMPONENT_COUNT,0.00510498046875,"[316, 80, 523, 262]",1.1366120218579234,0.325,0.2859375,1641.0,0.009757683668392709,4,0.9966523194643712,0.9966523194643712,764,1.0540617771146128,0.7847919655667145
394,0,0,D_boundary_evolution,4,D_COMPONENT_COUNT,0.00296142578125,"[411, 364, 547, 418]",2.4909090909090907,0.2140625,0.0859375,648.0,0.03630117254233748,11,0.9752679307502061,0.9752679307502061,378,2.8882773265931814,0.5342126957955482
415,0,2,D_boundary_evolution,1,D_COMPONENT_COUNT|D_LARGEST_COMPONENT_RATIO,0.008037109375,"[298, 435, 559, 567]",1.9699248120300752,0.409375,0.2078125,1826.0,0.012407038908137897,9,0.5413122721749696,0.5413122721749696,968,1.8519673738449076,0.554678007290401
415,0,2,D_boundary_evolution,2,D_COMPONENT_COUNT|D_LARGEST_COMPONENT_RATIO,0.00510009765625,"[57, 23, 248, 168]",1.3150684931506849,0.3,0.228125,1323.0,0.014997836528673359,8,0.3575873623743418,0.3575873623743418,705,1.2604426025692517,0.63331737673528
415,0,2,D_boundary_evolution,3,D_COMPONENT_COUNT|D_LARGEST_COMPONENT_RATIO,0.01632080078125,"[243, 62, 494, 205]",1.75,0.39375,0.225,1864.0,0.024177949134778415,2,0.8963350785340314,0.8963350785340314,947,1.757133872321288,0.2788332086761406
415,0,2,D_boundary_evolution,4,D_COMPONENT_COUNT|D_LARGEST_COMPONENT_RATIO,0.0093603515625,"[238, 66, 484, 165]",2.47,0.3859375,0.15625,1517.0,0.020935860265900143,2,0.8513302034428795,0.8513302034428795,749,2.3490719951712933,0.39567031820552945
428,0,1,C_crack_like_structural_evolution,1,C_COMPONENT_COUNT,0.00246826171875,"[400, 58, 459, 314]",4.283333333333333,0.09375,0.4015625,658.0,0.029343318823544504,2,0.7467853610286844,0.7467853610286844,319,8.394233231562366,0.6508407517309595
435,0,0,C_crack_like_structural_evolution,1,C_COMPONENT_COUNT,0.0025634765625,"[221, 135, 458, 217]",2.8674698795180724,0.371875,0.1296875,660.0,0.030290838257752827,3,0.5961904761904762,0.5961904761904762,287,6.399506252633668,0.6285714285714286
442,0,0,D_boundary_evolution,1,D_COMPONENT_COUNT,0.00739990234375,"[264, 261, 462, 415]",1.2838709677419355,0.3109375,0.2421875,1602.0,0.014841260118096234,2,0.999340151765094,0.999340151765094,727,1.2843314671038306,0.5285384361596833
456,0,1,D_boundary_evolution,1,D_COMPONENT_COUNT,0.00763671875,"[334, 343, 565, 465]",1.886178861788618,0.3625,0.1921875,1417.0,0.01957658380603484,2,0.9968030690537084,0.9968030690537084,745,1.7741432778690955,0.4530051150895141
458,0,0,D_boundary_evolution,1,D_COMPONENT_COUNT,0.0044091796875,"[361, 240, 492, 332]",1.4193548387096775,0.20625,0.1453125,997.0,0.02283164974314384,2,0.9706533776301218,0.9706533776301218,446,1.378821005472161,0.5520487264673312
458,0,0,D_boundary_evolution,2,D_COMPONENT_COUNT|D_LARGEST_COMPONENT_RATIO,0.0041943359375,"[428, 550, 609, 616]",2.716417910447761,0.284375,0.1046875,995.0,0.02180654500186264,8,0.48661233993015135,0.48661233993015135,511,2.2865300906897357,0.5791618160651921
461,0,1,D_boundary_evolution,1,D_COMPONENT_COUNT|D_LARGEST_COMPONENT_RATIO,0.00381591796875,"[362, 133, 600, 234]",2.343137254901961,0.3734375,0.159375,1239.0,0.012794585749425215,15,0.3934740882917466,0.3934740882917466,711,2.2366607257548643,0.7927063339731286
470,0,2,D_boundary_evolution,1,D_COMPONENT_COUNT|D_LARGEST_COMPONENT_RATIO,0.0059375,"[42, 380, 309, 505]",2.126984126984127,0.41875,0.196875,1580.0,0.012242194093142728,7,0.5509868421052632,0.5509868421052632,825,1.8262978733313868,0.649671052631579
478,0,0,D_boundary_evolution,1,D_COMPONENT_COUNT|D_LARGEST_COMPONENT_RATIO,0.00629638671875,"[407, 162, 600, 322]",1.204968944099379,0.303125,0.2515625,1608.0,0.012533983462055512,2,0.7530050407134549,0.7530050407134549,802,1.20194453337558,0.6234974796432726
478,0,2,D_boundary_evolution,1,D_COMPONENT_COUNT|D_LARGEST_COMPONENT_RATIO,0.00668212890625,"[335, 401, 568, 499]",2.3636363636363638,0.365625,0.1546875,1374.0,0.018218440390947846,3,0.9159663865546218,0.9159663865546218,731,2.10450725575706,0.5020094994519547
49,0,0,C_crack_like_structural_evolution,1,C_COMPONENT_COUNT,0.00226318359375,"[378, 313, 406, 562]",8.620689655172415,0.0453125,0.390625,587.0,0.03380752638661909,6,0.9730312837108953,0.9730312837108953,301,10.44629652687056,0.6332254584681769
50,0,0,D_boundary_evolution,1,D_COMPONENT_COUNT|D_LARGEST_COMPONENT_RATIO,0.00370849609375,"[419, 211, 596, 343]",1.3383458646616542,0.278125,0.2078125,1081.0,0.016334891343465666,18,0.3416721527320606,0.3416721527320606,594,1.1991699363288266,0.7116524028966426
50,0,1,D_boundary_evolution,1,D_COMPONENT_COUNT,0.00789306640625,"[236, 322, 457, 472]",1.4701986754966887,0.346875,0.2359375,1462.0,0.019007317242567854,3,0.9993813795236622,0.9993813795236622,687,1.4040786639848133,0.45221156820290753
50,0,1,D_boundary_evolution,2,D_COMPONENT_COUNT|D_LARGEST_COMPONENT_RATIO,0.00508544921875,"[34, 301, 263, 433]",1.7293233082706767,0.359375,0.2078125,1440.0,0.012623336221889542,18,0.457513202112338,0.457513202112338,780,1.6032449042299244,0.6913106096975516
503,0,0,D_boundary_evolution,1,D_COMPONENT_COUNT|D_LARGEST_COMPONENT_RATIO,0.0023681640625,"[110, 538, 271, 597]",2.7,0.253125,0.09375,732.0,0.022748849428036812,10,0.3247422680412371,0.3247422680412371,409,2.8388096878497087,0.7546391752577319
503,0,2,D_boundary_evolution,1,D_COMPONENT_COUNT|D_LARGEST_COMPONENT_RATIO,0.00587646484375,"[44, 355, 268, 440]",2.616279069767442,0.3515625,0.134375,1219.0,0.020355348537924298,9,0.6506024096385542,0.6506024096385542,643,2.3980180136607117,0.506439551308683
503,0,2,D_boundary_evolution,2,D_COMPONENT_COUNT|D_LARGEST_COMPONENT_RATIO,0.00450439453125,"[61, 27, 299, 122]",2.4895833333333335,0.3734375,0.15,1211.0,0.015809493204320072,23,0.43794037940379404,0.43794037940379404,642,2.4489673420568367,0.6563685636856369
505,0,0,D_boundary_evolution,1,D_COMPONENT_COUNT|D_LARGEST_COMPONENT_RATIO,0.00424072265625,"[129, 397, 307, 539]",1.2517482517482517,0.2796875,0.2234375,1182.0,0.015623370407452654,9,0.47783534830166957,0.47783534830166957,568,1.3820423545419946,0.6804835924006909
54,0,1,D_boundary_evolution,1,D_COMPONENT_COUNT|D_LARGEST_COMPONENT_RATIO,0.00439697265625,"[6, 269, 252, 358]",2.7444444444444445,0.3859375,0.140625,1259.0,0.014278155801792381,6,0.7523598001110494,0.7523598001110494,749,2.687381856217715,0.6990560799555803
54,0,1,D_boundary_evolution,2,D_COMPONENT_COUNT|D_LARGEST_COMPONENT_RATIO,0.004453125,"[477, 465, 622, 569]",1.3904761904761904,0.228125,0.1640625,1083.0,0.01954239489038701,6,0.4161184210526316,0.4161184210526316,548,1.266494909541876,0.59375
547,0,0,D_boundary_evolution,1,D_COMPONENT_COUNT|D_LARGEST_COMPONENT_RATIO,0.00349853515625,"[168, 284, 273, 362]",1.3417721518987342,0.165625,0.1234375,746.0,0.032357756273632195,2,0.933705512909979,0.933705512909979,380,1.2131829603741602,0.520586182833217
573,0,1,D_boundary_evolution,1,D_COMPONENT_COUNT,0.00647705078125,"[393, 372, 560, 498]",1.3228346456692914,0.2625,0.1984375,1258.0,0.021066181993205257,2,0.9920844327176781,0.9920844327176781,625,1.2532932960722845,0.4741801733886167
573,0,2,D_boundary_evolution,1,D_COMPONENT_COUNT|D_LARGEST_COMPONENT_RATIO,0.0062060546875,"[134, 323, 384, 434]",2.2410714285714284,0.3921875,0.175,1444.0,0.015319726915511036,20,0.2797010228166798,0.2797010228166798,754,2.0581095822703452,0.5680566483084186
582,0,0,D_boundary_evolution,1,D_COMPONENT_COUNT|D_LARGEST_COMPONENT_RATIO,0.005458984375,"[238, 73, 404, 211]",1.2014388489208634,0.2609375,0.2171875,1366.0,0.015058449767147302,6,0.5491949910554562,0.5491949910554562,708,1.3761176240746504,0.610912343470483
59,0,2,D_boundary_evolution,1,D_COMPONENT_COUNT|D_LARGEST_COMPONENT_RATIO,0.0050634765625,"[299, 131, 520, 316]",1.1935483870967742,0.346875,0.290625,1517.0,0.011325241051506754,24,0.4643201542912247,0.4643201542912247,844,1.093153767914292,0.7314368370298939
628,0,1,D_boundary_evolution,1,D_COMPONENT_COUNT|D_LARGEST_COMPONENT_RATIO,0.01185302734375,"[216, 443, 400, 604]",1.1419753086419753,0.2890625,0.253125,1494.0,0.02733366725837477,2,0.7023686920700309,0.7023686920700309,702,1.1841441904616155,0.3077239958805355
628,0,1,D_boundary_evolution,2,D_COMPONENT_COUNT|D_LARGEST_COMPONENT_RATIO,0.00646728515625,"[80, 224, 260, 370]",1.2312925170068028,0.2828125,0.2296875,1357.0,0.018077240128527832,2,0.5115137787844469,0.5115137787844469,680,1.2853622238964106,0.5122687806719517
628,0,1,D_boundary_evolution,3,D_COMPONENT_COUNT,0.00449462890625,"[132, 144, 299, 271]",1.3125,0.2625,0.2,1203.0,0.015985727217724073,3,0.9923954372623575,0.9923954372623575,603,1.3516525714002938,0.6534492123845737
628,0,1,D_boundary_evolution,4,D_COMPONENT_COUNT|D_LARGEST_COMPONENT_RATIO,0.00430419921875,"[431, 437, 630, 525]",2.247191011235955,0.3125,0.1390625,925.0,0.02589278175966717,7,0.4027226318774816,0.4027226318774816,474,1.8861068226678182,0.5246738513896767
63,0,1,C_crack_like_structural_evolution,1,C_COMPONENT_COUNT,0.00246826171875,"[431, 276, 475, 441]",3.688888888888889,0.0703125,0.259375,476.0,0.056072137786513675,2,0.552917903066271,0.552917903066271,210,4.6908101135730655,0.4708209693372898
631,0,2,C_crack_like_structural_evolution,1,C_COMPONENT_COUNT,0.0029833984375,"[233, 141, 281, 336]",4.0,0.0765625,0.30625,554.0,0.05003357560618185,2,0.9828150572831423,0.9828150572831423,262,6.078940525683765,0.4533551554828151
64,0,0,D_boundary_evolution,1,D_COMPONENT_COUNT|D_LARGEST_COMPONENT_RATIO,0.00310791015625,"[450, 490, 623, 614]",1.392,0.271875,0.1953125,1022.0,0.015315686781299883,17,0.23016496465043204,0.23016496465043204,578,1.3040206338027232,0.802827965435978
64,0,0,D_boundary_evolution,2,D_COMPONENT_COUNT,0.00921142578125,"[356, 48, 576, 158]",1.990990990990991,0.3453125,0.1734375,1608.0,0.01833684358368959,2,0.9994699178372648,0.9994699178372648,770,1.9006620019583818,0.4261860588391201
642,0,1,D_boundary_evolution,1,D_COMPONENT_COUNT|D_LARGEST_COMPONENT_RATIO,0.00577880859375,"[312, 261, 562, 400]",1.792857142857143,0.3921875,0.21875,1465.0,0.013859031203246705,18,0.3240388677651035,0.3240388677651035,775,1.7485747340768274,0.6189269117025771
661,0,0,D_boundary_evolution,1,D_COMPONENT_COUNT|D_LARGEST_COMPONENT_RATIO,0.00505859375,"[340, 184, 531, 325]",1.352112676056338,0.3,0.221875,1370.0,0.013872619698946244,14,0.5072393822393823,0.5072393822393823,691,1.2458456912074936,0.6611969111969112
666,0,0,D_boundary_evolution,1,D_COMPONENT_COUNT,0.0073193359375,"[116, 239, 327, 402]",1.2926829268292683,0.33125,0.25625,1579.0,0.015110444237780782,2,0.9979986657771848,0.9979986657771848,753,1.2263626275206445,0.5266844563042028
666,0,0,D_boundary_evolution,2,D_COMPONENT_COUNT|D_LARGEST_COMPONENT_RATIO,0.004453125,"[216, 173, 464, 328]",1.5961538461538463,0.3890625,0.24375,1291.0,0.01375251772870221,26,0.6644736842105263,0.6644736842105263,716,1.2093551935172575,0.7077850877192983
666,0,1,D_boundary_evolution,1,D_COMPONENT_COUNT|D_LARGEST_COMPONENT_RATIO,0.00449462890625,"[230, 279, 450, 388]",2.0090909090909093,0.3453125,0.171875,1338.0,0.012922645349480425,3,0.5046170559478544,0.5046170559478544,736,2.0903184632067915,0.7267789244975557
666,0,1,D_boundary_evolution,2,D_COMPONENT_COUNT|D_LARGEST_COMPONENT_RATIO,0.004453125,"[82, 504, 322, 604]",2.386138613861386,0.3765625,0.1578125,1367.0,0.012265850551157058,9,0.5158991228070176,0.5158991228070176,753,2.1034634479653804,0.7494517543859649
672,0,1,D_boundary_evolution,1,D_COMPONENT_COUNT|D_LARGEST_COMPONENT_RATIO,0.002578125,"[142, 115, 269, 184]",1.8285714285714285,0.2,0.109375,690.0,0.02787247924545954,11,0.759469696969697,0.759469696969697,365,1.7445433450193135,0.6534090909090909
685,0,2,D_boundary_evolution,1,D_COMPONENT_COUNT|D_LARGEST_COMPONENT_RATIO,0.00768310546875,"[10, 114, 283, 248]",2.0296296296296297,0.428125,0.2109375,1931.0,0.01060576645255309,5,0.8903717826501429,0.8903717826501429,1020,1.943153378191614,0.613600254210359
69,0,1,D_boundary_evolution,1,D_COMPONENT_COUNT,0.0093017578125,"[351, 255, 631, 374]",2.341666666666667,0.4390625,0.1875,1845.0,0.014065076502290214,3,0.9992125984251968,0.9992125984251968,952,2.2017452972861657,0.484251968503937
69,0,1,D_boundary_evolution,2,D_COMPONENT_COUNT|D_LARGEST_COMPONENT_RATIO,0.00355224609375,"[54, 96, 217, 236]",1.1631205673758864,0.25625,0.2203125,1112.0,0.01478642833889663,22,0.5065292096219931,0.5065292096219931,595,1.2337844682444088,0.7642611683848797
69,0,1,D_boundary_evolution,3,D_COMPONENT_COUNT|D_LARGEST_COMPONENT_RATIO,0.00221435546875,"[25, 509, 160, 575]",2.029850746268657,0.2125,0.1046875,678.0,0.02479463750581654,12,0.46085997794928335,0.46085997794928335,374,2.3692795026451376,0.7475192943770672
697,0,1,D_boundary_evolution,1,D_COMPONENT_COUNT|D_LARGEST_COMPONENT_RATIO,0.0054833984375,"[343, 28, 549, 112]",2.4352941176470586,0.3234375,0.1328125,1124.0,0.022340196742577586,9,0.7146037399821905,0.7146037399821905,617,2.2764970435823204,0.5004452359750667
72,0,0,C_crack_like_structural_evolution,1,C_COMPONENT_COUNT,0.00175537109375,"[471, 393, 593, 451]",2.0847457627118646,0.1921875,0.0921875,366.0,0.06744916593302462,3,0.6175243393602226,0.6175243393602226,149,5.0703701468505376,0.5090403337969402
733,0,0,D_boundary_evolution,1,D_COMPONENT_COUNT|D_LARGEST_COMPONENT_RATIO,0.005166015625,"[193, 97, 357, 192]",1.71875,0.2578125,0.15,1166.0,0.019558179449749778,4,0.9418714555765595,0.9418714555765595,584,1.5547293313794575,0.5510396975425331
733,0,0,D_boundary_evolution,2,D_COMPONENT_COUNT,0.009794921875,"[255, 30, 543, 140]",2.6036036036036037,0.4515625,0.1734375,1761.0,0.01625743687679681,2,0.9997507477567298,0.9997507477567298,927,2.41641087072046,0.43893320039880357
769,0,0,C_crack_like_structural_evolution,1,C_COMPONENT_COUNT,0.00408447265625,"[266, 76, 408, 261]",1.3006993006993006,0.2234375,0.290625,667.0,0.047255693078100146,3,0.9719067543335326,0.9719067543335326,299,7.8820894815246545,0.39868499701135685
769,0,0,C_crack_like_structural_evolution,2,C_COMPONENT_COUNT,0.00149658203125,"[130, 44, 150, 147]",4.9523809523809526,0.0328125,0.1625,259.0,0.11483408396717658,3,0.7079934747145188,0.7079934747145188,129,8.67227858273514,0.42251223491027734
769,0,2,D_boundary_evolution,1,D_COMPONENT_COUNT|D_LARGEST_COMPONENT_RATIO,0.0055419921875,"[221, 216, 533, 324]",2.871559633027523,0.4890625,0.1703125,1718.0,0.009664722798999879,13,0.40308370044052866,0.40308370044052866,970,2.4720577052835018,0.7568281938325991
769,0,2,D_boundary_evolution,2,D_COMPONENT_COUNT|D_LARGEST_COMPONENT_RATIO,0.00437744140625,"[148, 342, 339, 495]",1.2467532467532467,0.3,0.240625,1311.0,0.013109459017226181,9,0.48633575013943114,0.48633575013943114,662,1.2832177375262035,0.7311767986614612
772,0,2,D_boundary_evolution,1,D_COMPONENT_COUNT,0.014638671875,"[118, 378, 425, 495]",2.610169491525424,0.48125,0.184375,1880.0,0.021318458070308282,2,0.9998332221480988,0.9998332221480988,945,2.3882517640246133,0.3135423615743829
786,0,1,C_crack_like_structural_evolution,1,C_COMPONENT_COUNT,0.002265625,"[160, 457, 210, 597]",2.764705882352941,0.0796875,0.2203125,432.0,0.0624870966763402,2,0.7704741379310345,0.7704741379310345,195,5.725249655704491,0.46551724137931033
788,0,1,D_boundary_evolution,1,D_COMPONENT_COUNT|D_LARGEST_COMPONENT_RATIO,0.0048193359375,"[232, 210, 365, 290]",1.654320987654321,0.209375,0.1265625,873.0,0.032548316089198816,2,0.8900709219858156,0.8900709219858156,398,1.810078271512777,0.44224924012158057
790,0,0,D_boundary_evolution,1,D_COMPONENT_COUNT|D_LARGEST_COMPONENT_RATIO,0.003251953125,"[308, 319, 491, 464]",1.2602739726027397,0.2875,0.228125,1053.0,0.015095842167881408,36,0.30405405405405406,0.30405405405405406,600,1.4156726487283742,0.7905405405405406
790,0,0,D_boundary_evolution,2,D_COMPONENT_COUNT|D_LARGEST_COMPONENT_RATIO,0.00678466796875,"[251, 446, 524, 594]",1.8389261744966443,0.428125,0.2328125,1703.0,0.012041181838034478,9,0.45376034544800287,0.45376034544800287,873,1.5459294850980727,0.6128103634400863
790,0,0,D_boundary_evolution,3,D_COMPONENT_COUNT|D_LARGEST_COMPONENT_RATIO,0.009013671875,"[453, 463, 634, 595]",1.368421052631579,0.284375,0.2078125,1375.0,0.024539525452278513,2,0.5468580715059588,0.5468580715059588,691,1.380326268526888,0.37242686890574217
800,0,2,D_boundary_evolution,1,D_COMPONENT_COUNT|D_LARGEST_COMPONENT_RATIO,0.00909423828125,"[163, 465, 454, 577]",2.584070796460177,0.45625,0.1765625,1664.0,0.016905557499627258,5,0.42953020134228187,0.42953020134228187,848,2.2741456721764024,0.44671140939597315
804,0,0,D_boundary_evolution,1,D_COMPONENT_COUNT|D_LARGEST_COMPONENT_RATIO,0.00600341796875,"[129, 210, 377, 323]",2.1842105263157894,0.3890625,0.178125,1467.0,0.014358469998549877,16,0.47458316388775923,0.47458316388775923,805,2.191788655081641,0.5965839772265148
830,0,0,D_boundary_evolution,1,D_COMPONENT_COUNT|D_LARGEST_COMPONENT_RATIO,0.00482421875,"[4, 425, 185, 526]",1.7843137254901962,0.284375,0.159375,1016.0,0.024055223058983163,17,0.42864372469635625,0.42864372469635625,547,1.9221605868635885,0.5141700404858299
832,0,0,D_boundary_evolution,1,D_COMPONENT_COUNT|D_LARGEST_COMPONENT_RATIO,0.00463134765625,"[129, 441, 363, 547]",2.196261682242991,0.3671875,0.1671875,1314.0,0.013806591151282263,13,0.5983131259884027,0.5983131259884027,747,1.9765416666278486,0.6926726410121244
832,0,0,D_boundary_evolution,2,D_COMPONENT_COUNT|D_LARGEST_COMPONENT_RATIO,0.00480712890625,"[413, 225, 599, 348]",1.5080645161290323,0.2921875,0.19375,1290.0,0.014868808208444932,17,0.4814626714068055,0.4814626714068055,633,1.2750051755326197,0.6551549009649569
832,0,0,D_boundary_evolution,3,D_COMPONENT_COUNT|D_LARGEST_COMPONENT_RATIO,0.0050146484375,"[302, 478, 429, 569]",1.391304347826087,0.2,0.14375,890.0,0.032585942736894004,3,0.9323271665043817,0.9323271665043817,459,1.5768765780806366,0.433300876338851
835,0,0,D_boundary_evolution,1,D_COMPONENT_COUNT,0.00709228515625,"[231, 409, 567, 524]",2.9051724137931036,0.5265625,0.18125,1927.0,0.009830883995119579,3,0.9810671256454389,0.9810671256454389,1002,2.6272286701732424,0.6633390705679862
85,0,0,D_boundary_evolution,1,D_COMPONENT_COUNT|D_LARGEST_COMPONENT_RATIO,0.00451904296875,"[72, 311, 289, 425]",1.8956521739130434,0.340625,0.1796875,1160.0,0.017286230683099604,21,0.29983792544570503,0.29983792544570503,621,2.1903438910075,0.6266882766072394
85,0,1,D_boundary_evolution,1,D_COMPONENT_COUNT,0.00486083984375,"[392, 382, 560, 464]",2.036144578313253,0.2640625,0.1296875,951.0,0.027664325772737,4,0.9688598694123556,0.9688598694123556,479,2.0223179120345915,0.4776494224008036
85,0,1,D_boundary_evolution,2,D_COMPONENT_COUNT,0.00385986328125,"[47, 140, 197, 228]",1.696629213483146,0.2359375,0.1390625,1055.0,0.0178499422216948,2,0.9987349778621126,0.9987349778621126,509,1.5061834542366817,0.6672991777356104
85,0,1,D_boundary_evolution,3,D_COMPONENT_COUNT,0.00517822265625,"[44, 368, 177, 472]",1.276190476190476,0.209375,0.1640625,980.0,0.027752261633752398,3,0.9811409712399811,0.9811409712399811,480,1.338599529897417,0.46204620462046203
85,0,2,C_crack_like_structural_evolution,1,C_COMPONENT_COUNT,0.00480712890625,"[139, 60, 261, 312]",2.0569105691056913,0.1921875,0.3953125,785.0,0.04015283985504193,2,0.9136617572371762,0.9136617572371762,361,4.885312960286054,0.39867953275774504
85,0,2,C_crack_like_structural_evolution,2,C_COMPONENT_COUNT,0.003623046875,"[263, 85, 440, 292]",1.1685393258426966,0.278125,0.325,750.0,0.03315287820748269,2,0.7311320754716981,0.7311320754716981,330,4.5722174302164085,0.5053908355795148
86,0,1,D_boundary_evolution,1,D_COMPONENT_COUNT|D_LARGEST_COMPONENT_RATIO,0.0039404296875,"[187, 373, 384, 444]",2.75,0.309375,0.1125,1079.0,0.017420896679962057,5,0.7527881040892194,0.7527881040892194,608,2.94317569661373,0.6685254027261462
86,0,1,D_boundary_evolution,2,D_COMPONENT_COUNT|D_LARGEST_COMPONENT_RATIO,0.00535400390625,"[138, 218, 338, 400]",1.098360655737705,0.3140625,0.2859375,1660.0,0.010000744214432306,14,0.27450980392156865,0.27450980392156865,877,1.1589876092356728,0.7569539443684451
885,0,0,D_boundary_evolution,1,D_COMPONENT_COUNT|D_LARGEST_COMPONENT_RATIO,0.00462158203125,"[95, 399, 280, 566]",1.1071428571428572,0.290625,0.2625,1368.0,0.012711250669533955,17,0.49498151082937136,0.49498151082937136,649,1.355645496319191,0.722662440570523
885,0,0,D_boundary_evolution,2,D_COMPONENT_COUNT|D_LARGEST_COMPONENT_RATIO,0.0062451171875,"[265, 122, 526, 246]",2.096,0.409375,0.1953125,1448.0,0.015331098729973694,13,0.924941360437842,0.924941360437842,721,2.475133842302502,0.5660672400312744
891,0,0,D_boundary_evolution,1,D_COMPONENT_COUNT|D_LARGEST_COMPONENT_RATIO,0.00293701171875,"[129, 471, 214, 555]",1.011764705882353,0.134375,0.1328125,693.0,0.031478137068633325,3,0.6292601828761429,0.6292601828761429,310,1.184332455664123,0.5760598503740648
91,0,1,D_boundary_evolution,1,D_COMPONENT_COUNT|D_LARGEST_COMPONENT_RATIO,0.00445556640625,"[256, 46, 427, 191]",1.178082191780822,0.26875,0.228125,1174.0,0.016639356972917973,21,0.4383561643835616,0.4383561643835616,567,1.2215613817550253,0.6432876712328767
917,0,0,D_boundary_evolution,1,D_COMPONENT_COUNT,0.00514892578125,"[400, 39, 557, 179]",1.1205673758865249,0.246875,0.2203125,1329.0,0.015005016657230523,2,0.9938359412043622,0.9938359412043622,698,1.1500134074070756,0.6301564722617354
918,0,1,D_boundary_evolution,1,D_COMPONENT_COUNT|D_LARGEST_COMPONENT_RATIO,0.01363525390625,"[182, 478, 479, 614]",2.1751824817518246,0.465625,0.2140625,1876.0,0.019941938537171355,2,0.5024171888988361,0.5024171888988361,970,1.9948780697452158,0.3358997314234557
919,0,0,D_boundary_evolution,1,D_COMPONENT_COUNT|D_LARGEST_COMPONENT_RATIO,0.00716796875,"[64, 486, 372, 603]",2.6186440677966103,0.4828125,0.184375,1808.0,0.011286754090643884,4,0.534400544959128,0.534400544959128,944,2.4330078185010366,0.6158038147138964
919,0,0,D_boundary_evolution,2,D_COMPONENT_COUNT|D_LARGEST_COMPONENT_RATIO,0.00406005859375,"[266, 79, 390, 187]",1.146788990825688,0.1953125,0.1703125,993.0,0.02119354548473687,5,0.9098015634395671,0.9098015634395671,480,1.1076010423835116,0.5971136500300661
954,0,2,D_boundary_evolution,1,D_COMPONENT_COUNT|D_LARGEST_COMPONENT_RATIO,0.00347412109375,"[428, 489, 590, 548]",2.716666666666667,0.2546875,0.09375,811.0,0.027187736721547742,11,0.9016163035839775,0.9016163035839775,447,2.1640192714768136,0.5699226985242446
954,0,2,D_boundary_evolution,2,D_COMPONENT_COUNT,0.00371337890625,"[479, 348, 625, 407]",2.45,0.2296875,0.09375,821.0,0.028356509032002947,4,0.9953977646285339,0.9953977646285339,423,2.283354689522973,0.539776462853386
973,0,2,D_boundary_evolution,1,D_COMPONENT_COUNT|D_LARGEST_COMPONENT_RATIO,0.0056298828125,"[20, 82, 203, 224]",1.2867132867132867,0.2875,0.2234375,1426.0,0.014250500441958622,12,0.37163920208152645,0.37163920208152645,745,1.4245926048074369,0.6183868169991327
973,0,2,D_boundary_evolution,2,D_COMPONENT_COUNT|D_LARGEST_COMPONENT_RATIO,0.00393798828125,"[12, 220, 251, 348]",1.8604651162790697,0.375,0.2015625,1255.0,0.01286935496323001,15,0.35523868567885925,0.35523868567885925,727,1.8008366537307674,0.778053316800992
974,0,2,D_boundary_evolution,1,D_COMPONENT_COUNT|D_LARGEST_COMPONENT_RATIO,0.00423095703125,"[340, 417, 563, 579]",1.3742331288343559,0.35,0.2546875,1255.0,0.013826777527140486,28,0.32487016733987306,0.32487016733987306,678,1.3526548639108051,0.7241777264858626
991,0,0,C_crack_like_structural_evolution,1,C_COMPONENT_COUNT,0.003193359375,"[338, 79, 473, 243]",1.213235294117647,0.2125,0.2578125,598.0,0.0459637273732447,3,0.9908256880733946,0.9908256880733946,241,8.125228865174028,0.45718654434250766
