patch_path,source_image,split,class_id,class_name,source_type,bbox,crop_coordinates,source_index
results/fast_repro/exp06_roi/patches/train/corrosion/1__gt0.jpg,/root/autodl-tmp/borescope-new-seg-data/v1/images/train/1.png,train,6,corrosion,gt_positive,"[409.0, 382.0, 570.0, 409.0]","[393, 379, 586, 412]",0
results/fast_repro/exp06_roi/patches/train/corrosion/1__gt1.jpg,/root/autodl-tmp/borescope-new-seg-data/v1/images/train/1.png,train,6,corrosion,gt_positive,"[380.0396728515625, 259.3650817871094, 432.0079650878906, 283.3650817871094]","[375, 257, 437, 286]",1
results/fast_repro/exp06_roi/patches/train/corrosion/1__gt2.jpg,/root/autodl-tmp/borescope-new-seg-data/v1/images/train/1.png,train,6,corrosion,gt_positive,"[84.0079345703125, 346.5873107910156, 107.00794219970703, 370.36505126953125]","[82, 344, 109, 373]",2
results/fast_repro/exp06_roi/patches/train/corrosion/2__gt0.jpg,/root/autodl-tmp/borescope-new-seg-data/v1/images/train/2.png,train,6,corrosion,gt_positive,"[40.0, 64.0, 159.0, 112.0]","[28, 59, 171, 117]",0
results/fast_repro/exp06_roi/patches/train/Burn/3__gt0.jpg,/root/autodl-tmp/borescope-new-seg-data/v1/images/train/3.png,train,0,Burn,gt_positive,"[2.007936477661133, 46.36507797241211, 318.0079345703125, 227.53968811035156]","[0, 28, 350, 246]",0
results/fast_repro/exp06_roi/patches/train/Burn/3__gt1.jpg,/root/autodl-tmp/borescope-new-seg-data/v1/images/train/3.png,train,0,Burn,gt_positive,"[11.0, 194.0, 396.0, 358.0]","[0, 178, 434, 374]",1
results/fast_repro/exp06_roi/patches/train/Burn/3__gt2.jpg,/root/autodl-tmp/borescope-new-seg-data/v1/images/train/3.png,train,0,Burn,gt_positive,"[341.1507873535156, 3.365079402923584, 508.0079345703125, 101.36508178710938]","[324, 0, 525, 111]",2
results/fast_repro/exp06_roi/patches/train/Burn/3__gt3.jpg,/root/autodl-tmp/borescope-new-seg-data/v1/images/train/3.png,train,0,Burn,gt_positive,"[396.0079345703125, 3.365079402923584, 716.0079345703125, 249.36508178710938]","[364, 0, 720, 274]",3
results/fast_repro/exp06_roi/patches/train/corrosion/6__gt0.jpg,/root/autodl-tmp/borescope-new-seg-data/v1/images/train/6.png,train,6,corrosion,gt_positive,"[114.0, 322.0, 141.0, 343.0]","[111, 320, 144, 345]",0
results/fast_repro/exp06_roi/patches/train/corrosion/6__gt1.jpg,/root/autodl-tmp/borescope-new-seg-data/v1/images/train/6.png,train,6,corrosion,gt_positive,"[364.9999694824219, 370.0, 432.0000305175781, 388.0]","[358, 368, 439, 390]",1
results/fast_repro/exp06_roi/patches/train/corrosion/6__gt2.jpg,/root/autodl-tmp/borescope-new-seg-data/v1/images/train/6.png,train,6,corrosion,gt_positive,"[522.8967895507812, 343.3650817871094, 711.0079345703125, 381.3650817871094]","[504, 340, 720, 385]",2
results/fast_repro/exp06_roi/patches/train/corrosion/7__gt0.jpg,/root/autodl-tmp/borescope-new-seg-data/v1/images/train/7.png,train,6,corrosion,gt_positive,"[309.0, 161.0, 344.0, 193.0]","[306, 158, 348, 196]",0
results/fast_repro/exp06_roi/patches/train/corrosion/7__gt1.jpg,/root/autodl-tmp/borescope-new-seg-data/v1/images/train/7.png,train,6,corrosion,gt_positive,"[392.0, 152.0, 435.0, 191.0]","[388, 148, 439, 195]",1
results/fast_repro/exp06_roi/patches/train/corrosion/7__gt2.jpg,/root/autodl-tmp/borescope-new-seg-data/v1/images/train/7.png,train,6,corrosion,gt_positive,"[483.9999694824219, 253.0, 530.0, 286.0]","[479, 250, 535, 289]",2
results/fast_repro/exp06_roi/patches/train/corrosion/7__gt3.jpg,/root/autodl-tmp/borescope-new-seg-data/v1/images/train/7.png,train,6,corrosion,gt_positive,"[300.0, 316.0, 329.0, 330.0]","[297, 315, 332, 331]",3
results/fast_repro/exp06_roi/patches/train/corrosion/7__gt4.jpg,/root/autodl-tmp/borescope-new-seg-data/v1/images/train/7.png,train,6,corrosion,gt_positive,"[200.00001525878906, 312.0, 228.0, 330.0]","[197, 310, 231, 332]",4
results/fast_repro/exp06_roi/patches/train/corrosion/7__gt5.jpg,/root/autodl-tmp/borescope-new-seg-data/v1/images/train/7.png,train,6,corrosion,gt_positive,"[395.0, 319.0, 424.0, 334.0]","[392, 318, 427, 336]",5
results/fast_repro/exp06_roi/patches/train/corrosion/7__gt6.jpg,/root/autodl-tmp/borescope-new-seg-data/v1/images/train/7.png,train,6,corrosion,gt_positive,"[353.0, 341.0, 377.9999694824219, 352.0]","[351, 340, 380, 353]",6
results/fast_repro/exp06_roi/patches/train/corrosion/7__gt7.jpg,/root/autodl-tmp/borescope-new-seg-data/v1/images/train/7.png,train,6,corrosion,gt_positive,"[393.0, 370.0, 409.0, 378.0]","[391, 369, 411, 379]",7
results/fast_repro/exp06_roi/patches/train/corrosion/7__gt8.jpg,/root/autodl-tmp/borescope-new-seg-data/v1/images/train/7.png,train,6,corrosion,gt_positive,"[431.0, 353.0, 445.0000305175781, 361.0]","[430, 352, 446, 362]",8
results/fast_repro/exp06_roi/patches/train/corrosion/7__gt9.jpg,/root/autodl-tmp/borescope-new-seg-data/v1/images/train/7.png,train,6,corrosion,gt_positive,"[7.000000476837158, 168.0, 31.0, 197.0]","[5, 165, 33, 200]",9
results/fast_repro/exp06_roi/patches/train/corrosion/7__gt10.jpg,/root/autodl-tmp/borescope-new-seg-data/v1/images/train/7.png,train,6,corrosion,gt_positive,"[182.0, 316.0, 206.0, 336.0]","[180, 314, 208, 338]",10
results/fast_repro/exp06_roi/patches/train/corrosion/8__gt0.jpg,/root/autodl-tmp/borescope-new-seg-data/v1/images/train/8.png,train,6,corrosion,gt_positive,"[328.0, 140.0, 366.0, 180.0]","[324, 136, 370, 184]",0
results/fast_repro/exp06_roi/patches/train/corrosion/9__gt0.jpg,/root/autodl-tmp/borescope-new-seg-data/v1/images/train/9.png,train,6,corrosion,gt_positive,"[233.0, 174.99998474121094, 307.0, 228.0]","[226, 170, 314, 233]",0
results/fast_repro/exp06_roi/patches/train/corrosion/9__gt1.jpg,/root/autodl-tmp/borescope-new-seg-data/v1/images/train/9.png,train,6,corrosion,gt_positive,"[136.0, 164.0, 220.0, 299.0]","[128, 150, 228, 312]",1
results/fast_repro/exp06_roi/patches/train/corrosion/9__gt2.jpg,/root/autodl-tmp/borescope-new-seg-data/v1/images/train/9.png,train,6,corrosion,gt_positive,"[278.0, 130.0, 660.0, 374.0]","[240, 106, 698, 398]",2
results/fast_repro/exp06_roi/patches/train/corrosion/9__gt3.jpg,/root/autodl-tmp/borescope-new-seg-data/v1/images/train/9.png,train,6,corrosion,gt_positive,"[670.0, 357.0, 714.0, 425.0]","[666, 350, 718, 432]",3
results/fast_repro/exp06_roi/patches/train/corrosion/9__gt4.jpg,/root/autodl-tmp/borescope-new-seg-data/v1/images/train/9.png,train,6,corrosion,gt_positive,"[662.0, 444.0, 699.0, 488.0]","[658, 440, 703, 492]",4
results/fast_repro/exp06_roi/patches/train/corrosion/9__gt5.jpg,/root/autodl-tmp/borescope-new-seg-data/v1/images/train/9.png,train,6,corrosion,gt_positive,"[603.0, 149.0, 653.0, 192.0]","[598, 145, 658, 196]",5
results/fast_repro/exp06_roi/patches/train/corrosion/9__gt6.jpg,/root/autodl-tmp/borescope-new-seg-data/v1/images/train/9.png,train,6,corrosion,gt_positive,"[72.0079345703125, 111.36507415771484, 258.0079345703125, 263.3650817871094]","[53, 96, 277, 279]",6
results/fast_repro/exp06_roi/patches/train/corrosion/9__gt7.jpg,/root/autodl-tmp/borescope-new-seg-data/v1/images/train/9.png,train,6,corrosion,gt_positive,"[324.0079345703125, 55.36507797241211, 561.0079345703125, 138.36508178710938]","[300, 47, 585, 147]",7
results/fast_repro/exp06_roi/patches/train/corrosion/9__gt8.jpg,/root/autodl-tmp/borescope-new-seg-data/v1/images/train/9.png,train,6,corrosion,gt_positive,"[282.0079345703125, 78.36508178710938, 392.0079345703125, 126.36507415771484]","[271, 74, 403, 131]",8
results/fast_repro/exp06_roi/patches/train/corrosion/12__gt0.jpg,/root/autodl-tmp/borescope-new-seg-data/v1/images/train/12.png,train,6,corrosion,gt_positive,"[67.0079345703125, 267.3650817871094, 453.0079345703125, 395.36505126953125]","[28, 255, 492, 408]",0
results/fast_repro/exp06_roi/patches/train/corrosion/12__gt1.jpg,/root/autodl-tmp/borescope-new-seg-data/v1/images/train/12.png,train,6,corrosion,gt_positive,"[195.0, 209.0, 232.0, 235.0]","[191, 206, 236, 238]",1
results/fast_repro/exp06_roi/patches/train/corrosion/12__gt2.jpg,/root/autodl-tmp/borescope-new-seg-data/v1/images/train/12.png,train,6,corrosion,gt_positive,"[243.0, 202.0, 273.0, 223.99998474121094]","[240, 200, 276, 226]",2
results/fast_repro/exp06_roi/patches/train/corrosion/12__gt3.jpg,/root/autodl-tmp/borescope-new-seg-data/v1/images/train/12.png,train,6,corrosion,gt_positive,"[216.00791931152344, 172.36508178710938, 419.0079650878906, 210.36508178710938]","[196, 169, 439, 214]",3
results/fast_repro/exp06_roi/patches/train/corrosion/12__gt4.jpg,/root/autodl-tmp/borescope-new-seg-data/v1/images/train/12.png,train,6,corrosion,gt_positive,"[434.05584716796875, 329.3645935058594, 561.0558471679688, 387.3645935058594]","[421, 324, 574, 393]",4
results/fast_repro/exp06_roi/patches/train/corrosion/13__gt0.jpg,/root/autodl-tmp/borescope-new-seg-data/v1/images/train/13.png,train,6,corrosion,gt_positive,"[466.0, 198.0, 511.0, 211.0]","[462, 197, 516, 212]",0
results/fast_repro/exp06_roi/patches/train/corrosion/13__gt1.jpg,/root/autodl-tmp/borescope-new-seg-data/v1/images/train/13.png,train,6,corrosion,gt_positive,"[557.0, 225.0, 584.0, 238.0]","[554, 224, 587, 239]",1
results/fast_repro/exp06_roi/patches/train/corrosion/13__gt2.jpg,/root/autodl-tmp/borescope-new-seg-data/v1/images/train/13.png,train,6,corrosion,gt_positive,"[597.0079345703125, 434.3650817871094, 676.0079345703125, 539.9990234375]","[589, 424, 684, 540]",2
results/fast_repro/exp06_roi/patches/train/Burn/14__gt0.jpg,/root/autodl-tmp/borescope-new-seg-data/v1/images/train/14.png,train,0,Burn,gt_positive,"[157.0079345703125, 5.365079402923584, 406.0079650878906, 393.3650817871094]","[132, 0, 431, 432]",0
results/fast_repro/exp06_roi/patches/train/Burn/14__gt1.jpg,/root/autodl-tmp/borescope-new-seg-data/v1/images/train/14.png,train,0,Burn,gt_positive,"[471.0079345703125, 328.73016357421875, 584.0079345703125, 445.3650817871094]","[460, 317, 595, 457]",1
results/fast_repro/exp06_roi/patches/train/corrosion/14__gt2.jpg,/root/autodl-tmp/borescope-new-seg-data/v1/images/train/14.png,train,6,corrosion,gt_positive,"[285.0079345703125, 5.365079402923584, 445.0079040527344, 280.3650817871094]","[269, 0, 461, 308]",2
results/fast_repro/exp06_roi/patches/train/corrosion/14__gt3.jpg,/root/autodl-tmp/borescope-new-seg-data/v1/images/train/14.png,train,6,corrosion,gt_positive,"[588.0079345703125, 457.69842529296875, 646.0079345703125, 534.3650512695312]","[582, 450, 652, 540]",3
results/fast_repro/exp06_roi/patches/train/Material missing/15__gt0.jpg,/root/autodl-tmp/borescope-new-seg-data/v1/images/train/15.png,train,3,Material missing,gt_positive,"[408.84259033203125, 244.1666717529297, 547.25, 410.16668701171875]","[395, 228, 561, 427]",0
results/fast_repro/exp06_roi/patches/train/Crack/17__gt0.jpg,/root/autodl-tmp/borescope-new-seg-data/v1/images/train/17.png,train,1,Crack,gt_positive,"[158.0079345703125, 362.3650817871094, 238.0079345703125, 463.3650817871094]","[150, 352, 246, 473]",0
results/fast_repro/exp06_roi/patches/train/corrosion/17__gt1.jpg,/root/autodl-tmp/borescope-new-seg-data/v1/images/train/17.png,train,6,corrosion,gt_positive,"[435.0079650878906, 79.36508178710938, 718.0079345703125, 442.3650817871094]","[407, 43, 720, 479]",1
results/fast_repro/exp06_roi/patches/train/Material missing/18__gt0.jpg,/root/autodl-tmp/borescope-new-seg-data/v1/images/train/18.png,train,3,Material missing,gt_positive,"[503.0079040527344, 366.4285583496094, 509.0079650878906, 386.3650817871094]","[502, 364, 510, 388]",0
results/fast_repro/exp06_roi/patches/train/Dent/18__gt1.jpg,/root/autodl-tmp/borescope-new-seg-data/v1/images/train/18.png,train,2,Dent,gt_positive,"[227.00794982910156, 374.3650817871094, 255.0079345703125, 386.3650817871094]","[224, 373, 258, 388]",1
results/fast_repro/exp06_roi/patches/train/Material missing/18__gt2.jpg,/root/autodl-tmp/borescope-new-seg-data/v1/images/train/18.png,train,3,Material missing,gt_positive,"[480.0396728515625, 29.920635223388672, 493.0079650878906, 45.365081787109375]","[479, 28, 494, 47]",2
results/fast_repro/exp06_roi/patches/train/Dent/18__gt3.jpg,/root/autodl-tmp/borescope-new-seg-data/v1/images/train/18.png,train,2,Dent,gt_positive,"[489.9603271484375, 131.11111450195312, 498.0079345703125, 153.36508178710938]","[489, 129, 499, 156]",3
results/fast_repro/exp06_roi/patches/train/Burn/20__gt0.jpg,/root/autodl-tmp/borescope-new-seg-data/v1/images/train/20.png,train,0,Burn,gt_positive,"[254.0, 6.0, 483.0, 310.0]","[231, 0, 506, 340]",0
results/fast_repro/exp06_roi/patches/train/Burn/20__gt1.jpg,/root/autodl-tmp/borescope-new-seg-data/v1/images/train/20.png,train,0,Burn,gt_positive,"[272.0079345703125, 289.3650817871094, 498.0079345703125, 537.3651123046875]","[249, 265, 521, 540]",1
results/fast_repro/exp06_roi/patches/train/Burn/20__gt2.jpg,/root/autodl-tmp/borescope-new-seg-data/v1/images/train/20.png,train,0,Burn,gt_positive,"[550.0079345703125, 9.365078926086426, 719.0079345703125, 486.3650817871094]","[533, 0, 720, 534]",2
results/fast_repro/exp06_roi/patches/train/corrosion/20__gt3.jpg,/root/autodl-tmp/borescope-new-seg-data/v1/images/train/20.png,train,6,corrosion,gt_positive,"[4.007936477661133, 42.619049072265625, 101.0079345703125, 192.36508178710938]","[0, 28, 111, 207]",3
results/fast_repro/exp06_roi/patches/train/corrosion/20__gt4.jpg,/root/autodl-tmp/borescope-new-seg-data/v1/images/train/20.png,train,6,corrosion,gt_positive,"[2.007936477661133, 285.36505126953125, 210.0079345703125, 386.3650817871094]","[0, 275, 231, 396]",4
results/fast_repro/exp06_roi/patches/train/corrosion/20__gt5.jpg,/root/autodl-tmp/borescope-new-seg-data/v1/images/train/20.png,train,6,corrosion,gt_positive,"[100.0079345703125, 428.3650817871094, 285.0079345703125, 514.3651123046875]","[82, 420, 304, 523]",5
results/fast_repro/exp06_roi/patches/train/Dent/21__gt0.jpg,/root/autodl-tmp/borescope-new-seg-data/v1/images/train/21.png,train,2,Dent,gt_positive,"[504.0079345703125, 342.6190490722656, 520.0079345703125, 402.3650817871094]","[502, 337, 522, 408]",0
results/fast_repro/exp06_roi/patches/train/corrosion/21__gt1.jpg,/root/autodl-tmp/borescope-new-seg-data/v1/images/train/21.png,train,6,corrosion,gt_positive,"[637.0, 382.0, 696.0, 423.0]","[631, 378, 702, 427]",1
results/fast_repro/exp06_roi/patches/train/corrosion/23__gt0.jpg,/root/autodl-tmp/borescope-new-seg-data/v1/images/train/23.png,train,6,corrosion,gt_positive,"[0.0, 130.0, 432.0, 285.0]","[0, 114, 475, 300]",0
results/fast_repro/exp06_roi/patches/train/corrosion/23__gt1.jpg,/root/autodl-tmp/borescope-new-seg-data/v1/images/train/23.png,train,6,corrosion,gt_positive,"[154.37322998046875, 37.859153747558594, 453.37322998046875, 169.85916137695312]","[124, 25, 483, 183]",1
results/fast_repro/exp06_roi/patches/train/Burn/24__gt0.jpg,/root/autodl-tmp/borescope-new-seg-data/v1/images/train/24.png,train,0,Burn,gt_positive,"[292.0079345703125, 3.365079402923584, 562.0079345703125, 396.3650817871094]","[265, 0, 589, 436]",0
results/fast_repro/exp06_roi/patches/train/corrosion/24__gt1.jpg,/root/autodl-tmp/borescope-new-seg-data/v1/images/train/24.png,train,6,corrosion,gt_positive,"[489.5634765625, 2.365079402923584, 719.9990234375, 210.36508178710938]","[467, 0, 720, 231]",1
results/fast_repro/exp06_roi/patches/train/corrosion/24__gt2.jpg,/root/autodl-tmp/borescope-new-seg-data/v1/images/train/24.png,train,6,corrosion,gt_positive,"[591.9444580078125, 189.3650665283203, 719.9990234375, 488.3650817871094]","[579, 159, 720, 518]",2
results/fast_repro/exp06_roi/patches/train/corrosion/24__gt3.jpg,/root/autodl-tmp/borescope-new-seg-data/v1/images/train/24.png,train,6,corrosion,gt_positive,"[403.0079650878906, 386.3650817871094, 573.0079345703125, 537.3651123046875]","[386, 371, 590, 540]",3
results/fast_repro/exp06_roi/patches/train/Burn/24__gt4.jpg,/root/autodl-tmp/borescope-new-seg-data/v1/images/train/24.png,train,0,Burn,gt_positive,"[0.0, 0.0, 241.0079345703125, 539.3651123046875]","[0, 0, 265, 540]",4
results/fast_repro/exp06_roi/patches/train/corrosion/24__gt5.jpg,/root/autodl-tmp/borescope-new-seg-data/v1/images/train/24.png,train,6,corrosion,gt_positive,"[63.007938385009766, 457.3650817871094, 101.0079345703125, 488.3650817871094]","[59, 454, 105, 491]",5
results/fast_repro/exp06_roi/patches/train/Burn/26__gt0.jpg,/root/autodl-tmp/borescope-new-seg-data/v1/images/train/26.png,train,0,Burn,gt_positive,"[30.0, 192.0, 186.0, 320.0]","[14, 179, 202, 333]",0
results/fast_repro/exp06_roi/patches/train/Burn/26__gt1.jpg,/root/autodl-tmp/borescope-new-seg-data/v1/images/train/26.png,train,0,Burn,gt_positive,"[200.00001525878906, 283.0, 256.0, 402.0]","[194, 271, 262, 414]",1
results/fast_repro/exp06_roi/patches/train/Burn/26__gt2.jpg,/root/autodl-tmp/borescope-new-seg-data/v1/images/train/26.png,train,0,Burn,gt_positive,"[109.0, 23.0, 236.0, 168.0]","[96, 8, 249, 182]",2
results/fast_repro/exp06_roi/patches/train/Burn/26__gt3.jpg,/root/autodl-tmp/borescope-new-seg-data/v1/images/train/26.png,train,0,Burn,gt_positive,"[204.99998474121094, 47.0, 286.0, 172.0]","[197, 34, 294, 184]",3
results/fast_repro/exp06_roi/patches/train/Burn/26__gt4.jpg,/root/autodl-tmp/borescope-new-seg-data/v1/images/train/26.png,train,0,Burn,gt_positive,"[5.999999523162842, 455.0, 84.0, 538.0]","[0, 447, 92, 540]",4
results/fast_repro/exp06_roi/patches/train/Burn/26__gt5.jpg,/root/autodl-tmp/borescope-new-seg-data/v1/images/train/26.png,train,0,Burn,gt_positive,"[459.0, 342.0, 573.0, 538.0]","[448, 322, 584, 540]",5
results/fast_repro/exp06_roi/patches/train/corrosion/26__gt6.jpg,/root/autodl-tmp/borescope-new-seg-data/v1/images/train/26.png,train,6,corrosion,gt_positive,"[594.0, 3.0, 719.0, 305.0]","[582, 0, 720, 335]",6
results/fast_repro/exp06_roi/patches/train/corrosion/26__gt7.jpg,/root/autodl-tmp/borescope-new-seg-data/v1/images/train/26.png,train,6,corrosion,gt_positive,"[674.0079345703125, 229.92063903808594, 717.0079345703125, 297.36505126953125]","[670, 223, 720, 304]",7
results/fast_repro/exp06_roi/patches/train/corrosion/26__gt8.jpg,/root/autodl-tmp/borescope-new-seg-data/v1/images/train/26.png,train,6,corrosion,gt_positive,"[624.0079345703125, 307.3650817871094, 713.0079345703125, 416.3650817871094]","[615, 296, 720, 427]",8
results/fast_repro/exp06_roi/patches/train/Burn/26__gt9.jpg,/root/autodl-tmp/borescope-new-seg-data/v1/images/train/26.png,train,0,Burn,gt_positive,"[452.0079345703125, 5.365079402923584, 593.0079345703125, 415.3650817871094]","[438, 0, 607, 456]",9
results/fast_repro/exp06_roi/patches/train/Burn/26__gt10.jpg,/root/autodl-tmp/borescope-new-seg-data/v1/images/train/26.png,train,0,Burn,gt_positive,"[294.0079345703125, 339.3650817871094, 435.0079650878906, 537.3651123046875]","[280, 320, 449, 540]",10
results/fast_repro/exp06_roi/patches/train/corrosion/26__gt11.jpg,/root/autodl-tmp/borescope-new-seg-data/v1/images/train/26.png,train,6,corrosion,gt_positive,"[4.007936477661133, 356.9047546386719, 126.0079345703125, 505.36505126953125]","[0, 342, 138, 520]",11
results/fast_repro/exp06_roi/patches/train/corrosion/26__gt12.jpg,/root/autodl-tmp/borescope-new-seg-data/v1/images/train/26.png,train,6,corrosion,gt_positive,"[148.2936553955078, 173.36508178710938, 302.0079345703125, 293.3650817871094]","[133, 161, 317, 305]",12
results/fast_repro/exp06_roi/patches/train/corrosion/27__gt0.jpg,/root/autodl-tmp/borescope-new-seg-data/v1/images/train/27.png,train,6,corrosion,gt_positive,"[326.0, 374.0, 356.0, 427.0]","[323, 369, 359, 432]",0
results/fast_repro/exp06_roi/patches/train/corrosion/27__gt1.jpg,/root/autodl-tmp/borescope-new-seg-data/v1/images/train/27.png,train,6,corrosion,gt_positive,"[456.0, 254.0, 692.0, 364.0]","[432, 243, 716, 375]",1
results/fast_repro/exp06_roi/patches/train/corrosion/27__gt2.jpg,/root/autodl-tmp/borescope-new-seg-data/v1/images/train/27.png,train,6,corrosion,gt_positive,"[278.0, 325.0000305175781, 287.0, 340.0]","[277, 324, 288, 341]",2
results/fast_repro/exp06_roi/patches/train/Dent/28__gt0.jpg,/root/autodl-tmp/borescope-new-seg-data/v1/images/train/28.png,train,2,Dent,gt_positive,"[552.0, 25.0, 576.0, 53.0]","[550, 22, 578, 56]",0
results/fast_repro/exp06_roi/patches/train/corrosion/29__gt0.jpg,/root/autodl-tmp/borescope-new-seg-data/v1/images/train/29.png,train,6,corrosion,gt_positive,"[91.0, 317.0, 170.0, 371.0]","[83, 312, 178, 376]",0
results/fast_repro/exp06_roi/patches/train/corrosion/29__gt1.jpg,/root/autodl-tmp/borescope-new-seg-data/v1/images/train/29.png,train,6,corrosion,gt_positive,"[13.000000953674316, 487.0, 80.0, 519.0]","[6, 484, 87, 522]",1
results/fast_repro/exp06_roi/patches/train/corrosion/29__gt2.jpg,/root/autodl-tmp/borescope-new-seg-data/v1/images/train/29.png,train,6,corrosion,gt_positive,"[18.0, 383.0, 52.000003814697266, 413.0]","[15, 380, 55, 416]",2
results/fast_repro/exp06_roi/patches/train/corrosion/29__gt3.jpg,/root/autodl-tmp/borescope-new-seg-data/v1/images/train/29.png,train,6,corrosion,gt_positive,"[221.30950927734375, 145.39682006835938, 251.00794982910156, 193.36508178710938]","[218, 141, 254, 198]",3
results/fast_repro/exp06_roi/patches/train/corrosion/29__gt4.jpg,/root/autodl-tmp/borescope-new-seg-data/v1/images/train/29.png,train,6,corrosion,gt_positive,"[592.0079345703125, 396.9841003417969, 667.0079345703125, 427.3650817871094]","[585, 394, 675, 430]",4
results/fast_repro/exp06_roi/patches/train/Burn/31__gt0.jpg,/root/autodl-tmp/borescope-new-seg-data/v1/images/train/31.png,train,0,Burn,gt_positive,"[271.0079345703125, 95.36508178710938, 704.0079345703125, 418.3650817871094]","[228, 63, 720, 451]",0
results/fast_repro/exp06_roi/patches/train/corrosion/31__gt1.jpg,/root/autodl-tmp/borescope-new-seg-data/v1/images/train/31.png,train,6,corrosion,gt_positive,"[132.0238037109375, 46.36507797241211, 271.0079345703125, 201.3650665283203]","[118, 31, 285, 217]",1
results/fast_repro/exp06_roi/patches/train/Burn/31__gt2.jpg,/root/autodl-tmp/borescope-new-seg-data/v1/images/train/31.png,train,0,Burn,gt_positive,"[62.976192474365234, 170.39682006835938, 351.0079345703125, 535.3650512695312]","[34, 134, 380, 540]",2
results/fast_repro/exp06_roi/patches/train/Burn/31__gt3.jpg,/root/autodl-tmp/borescope-new-seg-data/v1/images/train/31.png,train,0,Burn,gt_positive,"[318.0079345703125, 0.3650793731212616, 656.0079345703125, 266.3650817871094]","[284, 0, 690, 293]",3
results/fast_repro/exp06_roi/patches/train/Material missing/31__gt4.jpg,/root/autodl-tmp/borescope-new-seg-data/v1/images/train/31.png,train,3,Material missing,gt_positive,"[23.69047737121582, 376.3492126464844, 138.0079345703125, 538.3651123046875]","[12, 360, 149, 540]",4
results/fast_repro/exp06_roi/patches/train/Crack/31__gt5.jpg,/root/autodl-tmp/borescope-new-seg-data/v1/images/train/31.png,train,1,Crack,gt_positive,"[51.007938385009766, 211.36508178710938, 84.0079345703125, 264.3650817871094]","[48, 206, 87, 270]",5
results/fast_repro/exp06_roi/patches/train/corrosion/33__gt0.jpg,/root/autodl-tmp/borescope-new-seg-data/v1/images/train/33.png,train,6,corrosion,gt_positive,"[71.0079345703125, 0.3650793731212616, 715.0079345703125, 238.3650665283203]","[7, 0, 720, 262]",0
results/fast_repro/exp06_roi/patches/train/corrosion/33__gt1.jpg,/root/autodl-tmp/borescope-new-seg-data/v1/images/train/33.png,train,6,corrosion,gt_positive,"[591.0, 373.0, 630.0, 406.0]","[587, 370, 634, 409]",1
results/fast_repro/exp06_roi/patches/train/corrosion/33__gt2.jpg,/root/autodl-tmp/borescope-new-seg-data/v1/images/train/33.png,train,6,corrosion,gt_positive,"[560.0, 371.0, 590.0, 393.0]","[557, 369, 593, 395]",2
results/fast_repro/exp06_roi/patches/train/corrosion/33__gt3.jpg,/root/autodl-tmp/borescope-new-seg-data/v1/images/train/33.png,train,6,corrosion,gt_positive,"[662.0, 393.0, 681.0, 415.0]","[660, 391, 683, 417]",3
results/fast_repro/exp06_roi/patches/train/corrosion/33__gt4.jpg,/root/autodl-tmp/borescope-new-seg-data/v1/images/train/33.png,train,6,corrosion,gt_positive,"[518.0, 386.0, 545.0, 404.0]","[515, 384, 548, 406]",4
results/fast_repro/exp06_roi/patches/train/corrosion/33__gt5.jpg,/root/autodl-tmp/borescope-new-seg-data/v1/images/train/33.png,train,6,corrosion,gt_positive,"[451.0, 376.0, 473.0, 392.0]","[449, 374, 475, 394]",5
results/fast_repro/exp06_roi/patches/train/corrosion/33__gt6.jpg,/root/autodl-tmp/borescope-new-seg-data/v1/images/train/33.png,train,6,corrosion,gt_positive,"[370.0, 297.0, 406.0, 325.0000305175781]","[366, 294, 410, 328]",6
results/fast_repro/exp06_roi/patches/train/corrosion/33__gt7.jpg,/root/autodl-tmp/borescope-new-seg-data/v1/images/train/33.png,train,6,corrosion,gt_positive,"[367.0, 283.0, 384.0000305175781, 297.0]","[365, 282, 386, 298]",7
results/fast_repro/exp06_roi/patches/train/corrosion/33__gt8.jpg,/root/autodl-tmp/borescope-new-seg-data/v1/images/train/33.png,train,6,corrosion,gt_positive,"[333.0, 182.0, 360.0, 206.0]","[330, 180, 363, 208]",8
results/fast_repro/exp06_roi/patches/train/corrosion/33__gt9.jpg,/root/autodl-tmp/borescope-new-seg-data/v1/images/train/33.png,train,6,corrosion,gt_positive,"[295.0, 277.0, 316.0, 292.0]","[293, 276, 318, 294]",9
results/fast_repro/exp06_roi/patches/train/corrosion/33__gt10.jpg,/root/autodl-tmp/borescope-new-seg-data/v1/images/train/33.png,train,6,corrosion,gt_positive,"[295.0, 343.0, 346.0, 374.0]","[290, 340, 351, 377]",10
results/fast_repro/exp06_roi/patches/train/corrosion/33__gt11.jpg,/root/autodl-tmp/borescope-new-seg-data/v1/images/train/33.png,train,6,corrosion,gt_positive,"[338.0, 358.0, 405.0, 384.0]","[331, 355, 412, 387]",11
results/fast_repro/exp06_roi/patches/train/corrosion/33__gt12.jpg,/root/autodl-tmp/borescope-new-seg-data/v1/images/train/33.png,train,6,corrosion,gt_positive,"[315.0, 380.0, 333.0, 393.0]","[313, 379, 335, 394]",12
results/fast_repro/exp06_roi/patches/train/corrosion/33__gt13.jpg,/root/autodl-tmp/borescope-new-seg-data/v1/images/train/33.png,train,6,corrosion,gt_positive,"[190.0, 324.0, 256.0, 356.0]","[183, 321, 263, 359]",13
results/fast_repro/exp06_roi/patches/train/corrosion/33__gt14.jpg,/root/autodl-tmp/borescope-new-seg-data/v1/images/train/33.png,train,6,corrosion,gt_positive,"[116.99999237060547, 280.0, 140.0, 297.0]","[115, 278, 142, 299]",14
results/fast_repro/exp06_roi/patches/train/corrosion/33__gt15.jpg,/root/autodl-tmp/borescope-new-seg-data/v1/images/train/33.png,train,6,corrosion,gt_positive,"[66.0, 261.0, 109.0, 296.0]","[62, 258, 113, 300]",15
results/fast_repro/exp06_roi/patches/train/corrosion/33__gt16.jpg,/root/autodl-tmp/borescope-new-seg-data/v1/images/train/33.png,train,6,corrosion,gt_positive,"[40.0, 229.0, 72.0, 275.0]","[37, 224, 75, 280]",16
results/fast_repro/exp06_roi/patches/train/corrosion/33__gt17.jpg,/root/autodl-tmp/borescope-new-seg-data/v1/images/train/33.png,train,6,corrosion,gt_positive,"[116.99999237060547, 195.0, 141.0, 222.0]","[115, 192, 143, 225]",17
results/fast_repro/exp06_roi/patches/train/corrosion/33__gt18.jpg,/root/autodl-tmp/borescope-new-seg-data/v1/images/train/33.png,train,6,corrosion,gt_positive,"[156.0, 174.99998474121094, 169.0, 186.0]","[155, 174, 170, 187]",18
results/fast_repro/exp06_roi/patches/train/corrosion/33__gt19.jpg,/root/autodl-tmp/borescope-new-seg-data/v1/images/train/33.png,train,6,corrosion,gt_positive,"[196.99998474121094, 189.0, 212.99998474121094, 206.0]","[195, 187, 215, 208]",19
results/fast_repro/exp06_roi/patches/train/corrosion/33__gt20.jpg,/root/autodl-tmp/borescope-new-seg-data/v1/images/train/33.png,train,6,corrosion,gt_positive,"[199.0, 378.0, 238.0, 402.0]","[195, 376, 242, 404]",20
results/fast_repro/exp06_roi/patches/train/corrosion/33__gt21.jpg,/root/autodl-tmp/borescope-new-seg-data/v1/images/train/33.png,train,6,corrosion,gt_positive,"[158.0, 362.0000305175781, 190.0, 382.0]","[155, 360, 193, 384]",21
results/fast_repro/exp06_roi/patches/train/corrosion/33__gt22.jpg,/root/autodl-tmp/borescope-new-seg-data/v1/images/train/33.png,train,6,corrosion,gt_positive,"[115.0, 327.0, 135.0, 342.0]","[113, 326, 137, 344]",22
results/fast_repro/exp06_roi/patches/train/corrosion/33__gt23.jpg,/root/autodl-tmp/borescope-new-seg-data/v1/images/train/33.png,train,6,corrosion,gt_positive,"[78.0, 326.0, 100.00000762939453, 348.0]","[76, 324, 102, 350]",23
results/fast_repro/exp06_roi/patches/train/corrosion/33__gt24.jpg,/root/autodl-tmp/borescope-new-seg-data/v1/images/train/33.png,train,6,corrosion,gt_positive,"[174.0, 426.0, 206.0, 458.0]","[171, 423, 209, 461]",24
results/fast_repro/exp06_roi/patches/train/corrosion/33__gt25.jpg,/root/autodl-tmp/borescope-new-seg-data/v1/images/train/33.png,train,6,corrosion,gt_positive,"[279.0, 449.0, 310.0, 463.0]","[276, 448, 313, 464]",25
results/fast_repro/exp06_roi/patches/train/corrosion/33__gt26.jpg,/root/autodl-tmp/borescope-new-seg-data/v1/images/train/33.png,train,6,corrosion,gt_positive,"[238.0, 441.0, 252.0, 454.0]","[237, 440, 253, 455]",26
results/fast_repro/exp06_roi/patches/train/corrosion/33__gt27.jpg,/root/autodl-tmp/borescope-new-seg-data/v1/images/train/33.png,train,6,corrosion,gt_positive,"[390.0, 466.0, 412.0, 479.0]","[388, 465, 414, 480]",27
results/fast_repro/exp06_roi/patches/train/corrosion/34__gt0.jpg,/root/autodl-tmp/borescope-new-seg-data/v1/images/train/34.png,train,6,corrosion,gt_positive,"[528.8492431640625, 281.3650817871094, 621.0079345703125, 477.3650817871094]","[520, 262, 630, 497]",0
results/fast_repro/exp06_roi/patches/train/corrosion/37__gt0.jpg,/root/autodl-tmp/borescope-new-seg-data/v1/images/train/37.png,train,6,corrosion,gt_positive,"[174.0, 406.0, 280.0, 441.0]","[163, 402, 291, 444]",0
results/fast_repro/exp06_roi/patches/train/corrosion/37__gt1.jpg,/root/autodl-tmp/borescope-new-seg-data/v1/images/train/37.png,train,6,corrosion,gt_positive,"[51.0, 253.0, 168.0, 353.0]","[39, 243, 180, 363]",1
results/fast_repro/exp06_roi/patches/train/corrosion/37__gt2.jpg,/root/autodl-tmp/borescope-new-seg-data/v1/images/train/37.png,train,6,corrosion,gt_positive,"[144.0, 142.0, 185.0, 184.0]","[140, 138, 189, 188]",2
results/fast_repro/exp06_roi/patches/train/corrosion/37__gt3.jpg,/root/autodl-tmp/borescope-new-seg-data/v1/images/train/37.png,train,6,corrosion,gt_positive,"[239.0, 225.0, 266.0, 250.0]","[236, 222, 269, 252]",3
results/fast_repro/exp06_roi/patches/train/corrosion/37__gt4.jpg,/root/autodl-tmp/borescope-new-seg-data/v1/images/train/37.png,train,6,corrosion,gt_positive,"[358.6111145019531, 208.4920654296875, 382.0079345703125, 241.36508178710938]","[356, 205, 384, 245]",4
results/fast_repro/exp06_roi/patches/train/corrosion/38__gt0.jpg,/root/autodl-tmp/borescope-new-seg-data/v1/images/train/38.png,train,6,corrosion,gt_positive,"[5.999999523162842, 5.0, 178.0, 282.0]","[0, 0, 195, 310]",0
results/fast_repro/exp06_roi/patches/train/corrosion/38__gt1.jpg,/root/autodl-tmp/borescope-new-seg-data/v1/images/train/38.png,train,6,corrosion,gt_positive,"[274.0, 3.0, 333.0, 181.00001525878906]","[268, 0, 339, 199]",1
results/fast_repro/exp06_roi/patches/train/corrosion/38__gt2.jpg,/root/autodl-tmp/borescope-new-seg-data/v1/images/train/38.png,train,6,corrosion,gt_positive,"[323.0079345703125, 317.3650817871094, 628.0079345703125, 539.9990234375]","[293, 295, 659, 540]",2
results/fast_repro/exp06_roi/patches/train/corrosion/38__gt3.jpg,/root/autodl-tmp/borescope-new-seg-data/v1/images/train/38.png,train,6,corrosion,gt_positive,"[416.547607421875, 431.1111145019531, 536.0079345703125, 539.3651123046875]","[405, 420, 548, 540]",3
results/fast_repro/exp06_roi/patches/train/corrosion/43__gt0.jpg,/root/autodl-tmp/borescope-new-seg-data/v1/images/train/43.png,train,6,corrosion,gt_positive,"[9.007936477661133, 279.9206237792969, 685.0079345703125, 420.36505126953125]","[0, 266, 720, 434]",0
results/fast_repro/exp06_roi/patches/train/corrosion/43__gt1.jpg,/root/autodl-tmp/borescope-new-seg-data/v1/images/train/43.png,train,6,corrosion,gt_positive,"[8.007936477661133, 123.96825408935547, 71.0079345703125, 254.36508178710938]","[2, 111, 77, 267]",1
results/fast_repro/exp06_roi/patches/train/corrosion/43__gt2.jpg,/root/autodl-tmp/borescope-new-seg-data/v1/images/train/43.png,train,6,corrosion,gt_positive,"[110.0079345703125, 83.0952377319336, 134.0079345703125, 107.36508178710938]","[108, 81, 136, 110]",2
results/fast_repro/exp06_roi/patches/train/Burn/44__gt0.jpg,/root/autodl-tmp/borescope-new-seg-data/v1/images/train/44.png,train,0,Burn,gt_positive,"[211.00794982910156, 58.36507797241211, 705.0079345703125, 273.3650817871094]","[162, 37, 720, 295]",0
results/fast_repro/exp06_roi/patches/train/Material missing/44__gt1.jpg,/root/autodl-tmp/borescope-new-seg-data/v1/images/train/44.png,train,3,Material missing,gt_positive,"[382.420654296875, 67.36508178710938, 704.0079345703125, 150.36508178710938]","[350, 59, 720, 159]",1
results/fast_repro/exp06_roi/patches/train/corrosion/44__gt2.jpg,/root/autodl-tmp/borescope-new-seg-data/v1/images/train/44.png,train,6,corrosion,gt_positive,"[2.007936477661133, 64.36508178710938, 209.0079345703125, 301.3650817871094]","[0, 41, 230, 325]",2
results/fast_repro/exp06_roi/patches/train/Burn/48__gt0.jpg,/root/autodl-tmp/borescope-new-seg-data/v1/images/train/48.png,train,0,Burn,gt_positive,"[504.6428527832031, 119.20634460449219, 719.9990234375, 539.3651123046875]","[483, 77, 720, 540]",0
results/fast_repro/exp06_roi/patches/train/Burn/48__gt1.jpg,/root/autodl-tmp/borescope-new-seg-data/v1/images/train/48.png,train,0,Burn,gt_positive,"[241.0, 72.0, 296.0, 180.0]","[236, 61, 302, 191]",1
results/fast_repro/exp06_roi/patches/train/Burn/48__gt2.jpg,/root/autodl-tmp/borescope-new-seg-data/v1/images/train/48.png,train,0,Burn,gt_positive,"[361.9999694824219, 90.0, 498.0, 539.0]","[348, 45, 512, 540]",2
results/fast_repro/exp06_roi/patches/train/Burn/48__gt3.jpg,/root/autodl-tmp/borescope-new-seg-data/v1/images/train/48.png,train,0,Burn,gt_positive,"[137.1825408935547, 122.36508178710938, 242.0079345703125, 302.3650817871094]","[127, 104, 252, 320]",3
results/fast_repro/exp06_roi/patches/train/corrosion/49__gt0.jpg,/root/autodl-tmp/borescope-new-seg-data/v1/images/train/49.png,train,6,corrosion,gt_positive,"[0.0, 323.9682312011719, 719.9990234375, 539.3651123046875]","[0, 302, 720, 540]",0
results/fast_repro/exp06_roi/patches/train/corrosion/50__gt0.jpg,/root/autodl-tmp/borescope-new-seg-data/v1/images/train/50.png,train,6,corrosion,gt_positive,"[639.0, 4.0, 714.0, 254.0]","[632, 0, 720, 279]",0
results/fast_repro/exp06_roi/patches/train/Burn/50__gt1.jpg,/root/autodl-tmp/borescope-new-seg-data/v1/images/train/50.png,train,0,Burn,gt_positive,"[411.0, 16.0, 509.0, 103.0]","[401, 7, 519, 112]",1
results/fast_repro/exp06_roi/patches/train/Burn/50__gt2.jpg,/root/autodl-tmp/borescope-new-seg-data/v1/images/train/50.png,train,0,Burn,gt_positive,"[427.0, 199.0, 528.0, 278.0]","[417, 191, 538, 286]",2
results/fast_repro/exp06_roi/patches/train/Burn/50__gt3.jpg,/root/autodl-tmp/borescope-new-seg-data/v1/images/train/50.png,train,0,Burn,gt_positive,"[255.0079345703125, 165.63491821289062, 351.0079345703125, 366.3650817871094]","[245, 146, 361, 386]",3
results/fast_repro/exp06_roi/patches/train/Material missing/50__gt4.jpg,/root/autodl-tmp/borescope-new-seg-data/v1/images/train/50.png,train,3,Material missing,gt_positive,"[285.0079345703125, 157.30157470703125, 362.0079345703125, 306.3650817871094]","[277, 142, 370, 321]",4
results/fast_repro/exp06_roi/patches/train/Burn/50__gt5.jpg,/root/autodl-tmp/borescope-new-seg-data/v1/images/train/50.png,train,0,Burn,gt_positive,"[5.999999523162842, 64.0, 141.0, 143.0]","[0, 56, 154, 151]",5
results/fast_repro/exp06_roi/patches/train/corrosion/50__gt6.jpg,/root/autodl-tmp/borescope-new-seg-data/v1/images/train/50.png,train,6,corrosion,gt_positive,"[358.6111145019531, 131.5079345703125, 404.0079345703125, 282.3650817871094]","[354, 116, 409, 297]",6
results/fast_repro/exp06_roi/patches/train/corrosion/52__gt0.jpg,/root/autodl-tmp/borescope-new-seg-data/v1/images/train/52.png,train,6,corrosion,gt_positive,"[297.6408386230469, 388.8591613769531, 447.37322998046875, 473.8591613769531]","[283, 380, 462, 480]",0
results/fast_repro/exp06_roi/patches/train/corrosion/53__gt0.jpg,/root/autodl-tmp/borescope-new-seg-data/v1/images/train/53.png,train,6,corrosion,gt_positive,"[607.0238037109375, 276.3650817871094, 707.0079345703125, 368.3650817871094]","[597, 267, 717, 378]",0
results/fast_repro/exp06_roi/patches/train/Material missing/54__gt0.jpg,/root/autodl-tmp/borescope-new-seg-data/v1/images/train/54.png,train,3,Material missing,gt_positive,"[93.0079345703125, 7.365079402923584, 718.0079345703125, 137.36508178710938]","[31, 0, 720, 150]",0
results/fast_repro/exp06_roi/patches/train/corrosion/54__gt1.jpg,/root/autodl-tmp/borescope-new-seg-data/v1/images/train/54.png,train,6,corrosion,gt_positive,"[336.0, 136.0, 424.0, 206.0]","[327, 129, 433, 213]",1
results/fast_repro/exp06_roi/patches/train/corrosion/54__gt2.jpg,/root/autodl-tmp/borescope-new-seg-data/v1/images/train/54.png,train,6,corrosion,gt_positive,"[470.0, 131.0, 501.0, 156.0]","[467, 128, 504, 158]",2
results/fast_repro/exp06_roi/patches/train/corrosion/54__gt3.jpg,/root/autodl-tmp/borescope-new-seg-data/v1/images/train/54.png,train,6,corrosion,gt_positive,"[550.0, 164.0, 594.0, 190.0]","[546, 161, 598, 193]",3
results/fast_repro/exp06_roi/patches/train/corrosion/54__gt4.jpg,/root/autodl-tmp/borescope-new-seg-data/v1/images/train/54.png,train,6,corrosion,gt_positive,"[681.0, 171.0, 714.0, 238.0]","[678, 164, 717, 245]",4
results/fast_repro/exp06_roi/patches/train/corrosion/54__gt5.jpg,/root/autodl-tmp/borescope-new-seg-data/v1/images/train/54.png,train,6,corrosion,gt_positive,"[93.0, 165.0, 139.0, 205.0]","[88, 161, 144, 209]",5
results/fast_repro/exp06_roi/patches/train/corrosion/54__gt6.jpg,/root/autodl-tmp/borescope-new-seg-data/v1/images/train/54.png,train,6,corrosion,gt_positive,"[166.0, 211.0, 202.0, 234.0]","[162, 209, 206, 236]",6
results/fast_repro/exp06_roi/patches/train/corrosion/54__gt7.jpg,/root/autodl-tmp/borescope-new-seg-data/v1/images/train/54.png,train,6,corrosion,gt_positive,"[192.00001525878906, 236.0, 215.0, 260.0]","[190, 234, 217, 262]",7
results/fast_repro/exp06_roi/patches/train/corrosion/54__gt8.jpg,/root/autodl-tmp/borescope-new-seg-data/v1/images/train/54.png,train,6,corrosion,gt_positive,"[133.0, 204.0, 161.0, 229.0]","[130, 202, 164, 232]",8
results/fast_repro/exp06_roi/patches/train/corrosion/54__gt9.jpg,/root/autodl-tmp/borescope-new-seg-data/v1/images/train/54.png,train,6,corrosion,gt_positive,"[130.0079345703125, 155.36508178710938, 631.0079345703125, 276.3650817871094]","[80, 143, 681, 288]",9
results/fast_repro/exp06_roi/patches/train/corrosion/54__gt10.jpg,/root/autodl-tmp/borescope-new-seg-data/v1/images/train/54.png,train,6,corrosion,gt_positive,"[270.9126892089844, 274.3650817871094, 604.0079345703125, 322.3650817871094]","[238, 270, 637, 327]",10
results/fast_repro/exp06_roi/patches/train/corrosion/55__gt0.jpg,/root/autodl-tmp/borescope-new-seg-data/v1/images/train/55.png,train,6,corrosion,gt_positive,"[31.37323760986328, 171.85916137695312, 253.3732452392578, 248.85916137695312]","[9, 164, 276, 257]",0
results/fast_repro/exp06_roi/patches/train/corrosion/55__gt1.jpg,/root/autodl-tmp/borescope-new-seg-data/v1/images/train/55.png,train,6,corrosion,gt_positive,"[146.3732452392578, 140.7042236328125, 554.3732299804688, 284.8591613769531]","[106, 126, 595, 299]",1
results/fast_repro/exp06_roi/patches/train/corrosion/56__gt0.jpg,/root/autodl-tmp/borescope-new-seg-data/v1/images/train/56.png,train,6,corrosion,gt_positive,"[248.00794982910156, 331.9047546386719, 292.0079345703125, 373.3650817871094]","[244, 328, 296, 378]",0
results/fast_repro/exp06_roi/patches/train/corrosion/56__gt1.jpg,/root/autodl-tmp/borescope-new-seg-data/v1/images/train/56.png,train,6,corrosion,gt_positive,"[432.0238037109375, 188.36508178710938, 513.0079345703125, 235.36508178710938]","[424, 184, 521, 240]",1
results/fast_repro/exp06_roi/patches/train/corrosion/56__gt2.jpg,/root/autodl-tmp/borescope-new-seg-data/v1/images/train/56.png,train,6,corrosion,gt_positive,"[666.0079345703125, 209.36508178710938, 713.0079345703125, 286.3650817871094]","[661, 202, 718, 294]",2
results/fast_repro/exp06_roi/patches/train/corrosion/57__gt0.jpg,/root/autodl-tmp/borescope-new-seg-data/v1/images/train/57.png,train,6,corrosion,gt_positive,"[287.0, 162.0, 496.0, 264.0]","[266, 152, 517, 274]",0
results/fast_repro/exp06_roi/patches/train/corrosion/57__gt1.jpg,/root/autodl-tmp/borescope-new-seg-data/v1/images/train/57.png,train,6,corrosion,gt_positive,"[528.0, 286.0, 613.0, 538.0]","[520, 261, 622, 540]",1
results/fast_repro/exp06_roi/patches/train/corrosion/57__gt2.jpg,/root/autodl-tmp/borescope-new-seg-data/v1/images/train/57.png,train,6,corrosion,gt_positive,"[96.00000762939453, 302.0, 151.0, 382.0]","[90, 294, 156, 390]",2
results/fast_repro/exp06_roi/patches/train/corrosion/58__gt0.jpg,/root/autodl-tmp/borescope-new-seg-data/v1/images/train/58.png,train,6,corrosion,gt_positive,"[49.0, 179.0, 139.0, 209.0]","[40, 176, 148, 212]",0
results/fast_repro/exp06_roi/patches/train/corrosion/58__gt1.jpg,/root/autodl-tmp/borescope-new-seg-data/v1/images/train/58.png,train,6,corrosion,gt_positive,"[112.99999237060547, 264.0, 152.0, 293.0]","[109, 261, 156, 296]",1
results/fast_repro/exp06_roi/patches/train/corrosion/58__gt2.jpg,/root/autodl-tmp/borescope-new-seg-data/v1/images/train/58.png,train,6,corrosion,gt_positive,"[13.000000953674316, 211.0, 52.000003814697266, 258.0]","[9, 206, 56, 263]",2
results/fast_repro/exp06_roi/patches/train/corrosion/58__gt3.jpg,/root/autodl-tmp/borescope-new-seg-data/v1/images/train/58.png,train,6,corrosion,gt_positive,"[267.0, 316.0, 352.0, 375.0]","[258, 310, 360, 381]",3
results/fast_repro/exp06_roi/patches/train/corrosion/58__gt4.jpg,/root/autodl-tmp/borescope-new-seg-data/v1/images/train/58.png,train,6,corrosion,gt_positive,"[414.0, 380.0, 440.0, 405.0]","[411, 378, 443, 408]",4
results/fast_repro/exp06_roi/patches/train/corrosion/58__gt5.jpg,/root/autodl-tmp/borescope-new-seg-data/v1/images/train/58.png,train,6,corrosion,gt_positive,"[485.0, 387.0, 530.0, 425.0]","[480, 383, 534, 429]",5
results/fast_repro/exp06_roi/patches/train/corrosion/58__gt6.jpg,/root/autodl-tmp/borescope-new-seg-data/v1/images/train/58.png,train,6,corrosion,gt_positive,"[555.0, 475.0, 578.0, 494.0]","[553, 473, 580, 496]",6
results/fast_repro/exp06_roi/patches/train/corrosion/58__gt7.jpg,/root/autodl-tmp/borescope-new-seg-data/v1/images/train/58.png,train,6,corrosion,gt_positive,"[587.0, 486.0, 609.0, 504.0]","[585, 484, 611, 506]",7
results/fast_repro/exp06_roi/patches/train/corrosion/58__gt8.jpg,/root/autodl-tmp/borescope-new-seg-data/v1/images/train/58.png,train,6,corrosion,gt_positive,"[573.0, 465.0, 591.0, 486.0]","[571, 463, 593, 488]",8
results/fast_repro/exp06_roi/patches/train/corrosion/58__gt9.jpg,/root/autodl-tmp/borescope-new-seg-data/v1/images/train/58.png,train,6,corrosion,gt_positive,"[341.0, 324.0, 375.0, 348.0]","[338, 322, 378, 350]",9
results/fast_repro/exp06_roi/patches/train/Material missing/58__gt10.jpg,/root/autodl-tmp/borescope-new-seg-data/v1/images/train/58.png,train,3,Material missing,gt_positive,"[695.0, 413.0, 714.0, 430.0]","[693, 411, 716, 432]",10
results/fast_repro/exp06_roi/patches/train/Material missing/58__gt11.jpg,/root/autodl-tmp/borescope-new-seg-data/v1/images/train/58.png,train,3,Material missing,gt_positive,"[700.0, 52.0, 714.0, 76.0]","[699, 50, 715, 78]",11
results/fast_repro/exp06_roi/patches/train/corrosion/59__gt0.jpg,/root/autodl-tmp/borescope-new-seg-data/v1/images/train/59.png,train,6,corrosion,gt_positive,"[240.0, 309.0, 660.0, 393.0]","[198, 301, 702, 401]",0
results/fast_repro/exp06_roi/patches/train/Burn/63__gt0.jpg,/root/autodl-tmp/borescope-new-seg-data/v1/images/train/63.png,train,0,Burn,gt_positive,"[567.0, 5.0, 680.0, 355.0]","[556, 0, 691, 390]",0
results/fast_repro/exp06_roi/patches/train/Burn/63__gt1.jpg,/root/autodl-tmp/borescope-new-seg-data/v1/images/train/63.png,train,0,Burn,gt_positive,"[162.0079345703125, 1.365079402923584, 610.0079345703125, 466.3650817871094]","[117, 0, 655, 513]",1
results/fast_repro/exp06_roi/patches/train/Burn/64__gt0.jpg,/root/autodl-tmp/borescope-new-seg-data/v1/images/train/64.png,train,0,Burn,gt_positive,"[209.0079345703125, 107.36508178710938, 719.0079345703125, 539.3651123046875]","[158, 64, 720, 540]",0
results/fast_repro/exp06_roi/patches/train/Burn/64__gt1.jpg,/root/autodl-tmp/borescope-new-seg-data/v1/images/train/64.png,train,0,Burn,gt_positive,"[153.0079345703125, 220.39682006835938, 601.0079345703125, 539.3651123046875]","[108, 188, 646, 540]",1
results/fast_repro/exp06_roi/patches/train/corrosion/65__gt0.jpg,/root/autodl-tmp/borescope-new-seg-data/v1/images/train/65.png,train,6,corrosion,gt_positive,"[155.03968811035156, 177.14285278320312, 574.0079345703125, 244.3650665283203]","[113, 170, 616, 251]",0
results/fast_repro/exp06_roi/patches/train/Material missing/65__gt1.jpg,/root/autodl-tmp/borescope-new-seg-data/v1/images/train/65.png,train,3,Material missing,gt_positive,"[576.0079345703125, 215.23809814453125, 608.0079345703125, 244.3650665283203]","[573, 212, 611, 247]",1
results/fast_repro/exp06_roi/patches/train/corrosion/66__gt0.jpg,/root/autodl-tmp/borescope-new-seg-data/v1/images/train/66.png,train,6,corrosion,gt_positive,"[226.0079345703125, 348.9682312011719, 410.0079345703125, 537.3651123046875]","[208, 330, 428, 540]",0
results/fast_repro/exp06_roi/patches/train/corrosion/66__gt1.jpg,/root/autodl-tmp/borescope-new-seg-data/v1/images/train/66.png,train,6,corrosion,gt_positive,"[246.0079345703125, 304.5238037109375, 320.0079345703125, 371.3650817871094]","[239, 298, 327, 378]",1
results/fast_repro/exp06_roi/patches/train/corrosion/67__gt0.jpg,/root/autodl-tmp/borescope-new-seg-data/v1/images/train/67.png,train,6,corrosion,gt_positive,"[7.000000476837158, 376.0, 463.0, 538.0]","[0, 360, 509, 540]",0
results/fast_repro/exp06_roi/patches/train/corrosion/68__gt0.jpg,/root/autodl-tmp/borescope-new-seg-data/v1/images/train/68.png,train,6,corrosion,gt_positive,"[272.0, 79.0, 526.0, 244.0]","[247, 62, 551, 260]",0
results/fast_repro/exp06_roi/patches/train/corrosion/68__gt1.jpg,/root/autodl-tmp/borescope-new-seg-data/v1/images/train/68.png,train,6,corrosion,gt_positive,"[392.0, 207.0, 636.0, 398.0]","[368, 188, 660, 417]",1
results/fast_repro/exp06_roi/patches/train/Material missing/69__gt0.jpg,/root/autodl-tmp/borescope-new-seg-data/v1/images/train/69.png,train,3,Material missing,gt_positive,"[493.53173828125, 214.3650665283203, 586.0079345703125, 262.3650817871094]","[484, 210, 595, 267]",0
results/fast_repro/exp06_roi/patches/train/corrosion/69__gt1.jpg,/root/autodl-tmp/borescope-new-seg-data/v1/images/train/69.png,train,6,corrosion,gt_positive,"[79.0079345703125, 216.36508178710938, 513.0079345703125, 269.3650817871094]","[36, 211, 556, 275]",1
results/fast_repro/exp06_roi/patches/train/corrosion/71__gt0.jpg,/root/autodl-tmp/borescope-new-seg-data/v1/images/train/71.png,train,6,corrosion,gt_positive,"[102.0, 283.0, 566.0, 354.0]","[56, 276, 612, 361]",0
results/fast_repro/exp06_roi/patches/train/corrosion/71__gt1.jpg,/root/autodl-tmp/borescope-new-seg-data/v1/images/train/71.png,train,6,corrosion,gt_positive,"[43.0, 4.0, 709.0, 223.99998474121094]","[0, 0, 720, 246]",1
results/fast_repro/exp06_roi/patches/train/corrosion/71__gt2.jpg,/root/autodl-tmp/borescope-new-seg-data/v1/images/train/71.png,train,6,corrosion,gt_positive,"[81.0079345703125, 29.365079879760742, 161.0079345703125, 295.3650817871094]","[73, 3, 169, 322]",2
results/fast_repro/exp06_roi/patches/train/corrosion/71__gt3.jpg,/root/autodl-tmp/borescope-new-seg-data/v1/images/train/71.png,train,6,corrosion,gt_positive,"[654.0, 255.0, 670.0, 285.0]","[652, 252, 672, 288]",3
results/fast_repro/exp06_roi/patches/train/corrosion/71__gt4.jpg,/root/autodl-tmp/borescope-new-seg-data/v1/images/train/71.png,train,6,corrosion,gt_positive,"[579.0, 344.0, 595.0, 380.0]","[577, 340, 597, 384]",4
results/fast_repro/exp06_roi/patches/train/corrosion/71__gt5.jpg,/root/autodl-tmp/borescope-new-seg-data/v1/images/train/71.png,train,6,corrosion,gt_positive,"[554.0, 329.0, 569.0, 341.0]","[552, 328, 570, 342]",5
results/fast_repro/exp06_roi/patches/train/corrosion/71__gt6.jpg,/root/autodl-tmp/borescope-new-seg-data/v1/images/train/71.png,train,6,corrosion,gt_positive,"[564.0079345703125, 397.3650817871094, 585.0079345703125, 416.3650817871094]","[562, 395, 587, 418]",6
results/fast_repro/exp06_roi/patches/train/Crack/72__gt0.jpg,/root/autodl-tmp/borescope-new-seg-data/v1/images/train/72.png,train,1,Crack,gt_positive,"[112.55554962158203, 279.9176940917969, 372.0576171875, 448.25927734375]","[87, 263, 398, 465]",0
results/fast_repro/exp06_roi/patches/train/corrosion/72__gt1.jpg,/root/autodl-tmp/borescope-new-seg-data/v1/images/train/72.png,train,6,corrosion,gt_positive,"[0.0, 256.0, 377.0, 479.0]","[0, 234, 415, 480]",1
results/fast_repro/exp06_roi/patches/train/corrosion/73__gt0.jpg,/root/autodl-tmp/borescope-new-seg-data/v1/images/train/73.png,train,6,corrosion,gt_positive,"[411.0079345703125, 259.3650817871094, 455.0079345703125, 375.3650817871094]","[407, 248, 459, 387]",0
results/fast_repro/exp06_roi/patches/train/Material missing/75__gt0.jpg,/root/autodl-tmp/borescope-new-seg-data/v1/images/train/75.png,train,3,Material missing,gt_positive,"[269.0079345703125, 185.36508178710938, 315.0079345703125, 221.36508178710938]","[264, 182, 320, 225]",0
results/fast_repro/exp06_roi/patches/train/corrosion/75__gt1.jpg,/root/autodl-tmp/borescope-new-seg-data/v1/images/train/75.png,train,6,corrosion,gt_positive,"[407.0079345703125, 12.85714340209961, 715.0079345703125, 377.3650817871094]","[376, 0, 720, 414]",1
results/fast_repro/exp06_roi/patches/train/Burn/76__gt0.jpg,/root/autodl-tmp/borescope-new-seg-data/v1/images/train/76.png,train,0,Burn,gt_positive,"[138.0, 70.0, 225.99998474121094, 156.0]","[129, 61, 235, 165]",0
results/fast_repro/exp06_roi/patches/train/Burn/76__gt1.jpg,/root/autodl-tmp/borescope-new-seg-data/v1/images/train/76.png,train,0,Burn,gt_positive,"[293.0079345703125, 32.69841384887695, 719.9990234375, 460.3650817871094]","[250, 0, 720, 503]",1
results/fast_repro/exp06_roi/patches/train/Burn/79__gt0.jpg,/root/autodl-tmp/borescope-new-seg-data/v1/images/train/79.png,train,0,Burn,gt_positive,"[156.0079345703125, 126.36507415771484, 255.0079345703125, 321.984130859375]","[146, 107, 265, 342]",0
results/fast_repro/exp06_roi/patches/train/corrosion/80__gt0.jpg,/root/autodl-tmp/borescope-new-seg-data/v1/images/train/80.png,train,6,corrosion,gt_positive,"[653.452392578125, 266.3650817871094, 697.0079345703125, 287.3650817871094]","[649, 264, 701, 289]",0
results/fast_repro/exp06_roi/patches/train/corrosion/81__gt0.jpg,/root/autodl-tmp/borescope-new-seg-data/v1/images/train/81.png,train,6,corrosion,gt_positive,"[298.0079345703125, 217.61904907226562, 447.0079345703125, 416.3650817871094]","[283, 198, 462, 436]",0
results/fast_repro/exp06_roi/patches/train/corrosion/81__gt1.jpg,/root/autodl-tmp/borescope-new-seg-data/v1/images/train/81.png,train,6,corrosion,gt_positive,"[231.0079345703125, 96.36507415771484, 384.0079040527344, 175.36508178710938]","[216, 88, 399, 183]",1
results/fast_repro/exp06_roi/patches/train/Dent/82__gt0.jpg,/root/autodl-tmp/borescope-new-seg-data/v1/images/train/82.png,train,2,Dent,gt_positive,"[219.00794982910156, 381.1111145019531, 233.0079345703125, 394.3650817871094]","[218, 380, 234, 396]",0
results/fast_repro/exp06_roi/patches/train/Burn/83__gt0.jpg,/root/autodl-tmp/borescope-new-seg-data/v1/images/train/83.png,train,0,Burn,gt_positive,"[50.0079345703125, 26.365079879760742, 708.0079345703125, 430.3650817871094]","[0, 0, 720, 471]",0
results/fast_repro/exp06_roi/patches/train/Material missing/84__gt0.jpg,/root/autodl-tmp/borescope-new-seg-data/v1/images/train/84.png,train,3,Material missing,gt_positive,"[336.0079345703125, 256.3650817871094, 563.0079345703125, 454.3650817871094]","[313, 237, 586, 474]",0
results/fast_repro/exp06_roi/patches/train/Material missing/84__gt1.jpg,/root/autodl-tmp/borescope-new-seg-data/v1/images/train/84.png,train,3,Material missing,gt_positive,"[455.4365234375, 110.07936096191406, 612.0079345703125, 203.36508178710938]","[440, 101, 628, 213]",1
results/fast_repro/exp06_roi/patches/train/Material missing/85__gt0.jpg,/root/autodl-tmp/borescope-new-seg-data/v1/images/train/85.png,train,3,Material missing,gt_positive,"[439.0079345703125, 288.3650817871094, 453.0079345703125, 326.3492126464844]","[438, 285, 454, 330]",0
results/fast_repro/exp06_roi/patches/train/Dent/85__gt1.jpg,/root/autodl-tmp/borescope-new-seg-data/v1/images/train/85.png,train,2,Dent,gt_positive,"[566.547607421875, 234.36508178710938, 579.0079345703125, 268.3650817871094]","[565, 231, 580, 272]",1
results/fast_repro/exp06_roi/patches/train/Dent/85__gt2.jpg,/root/autodl-tmp/borescope-new-seg-data/v1/images/train/85.png,train,2,Dent,gt_positive,"[454.0079345703125, 143.36508178710938, 465.0079345703125, 179.5238037109375]","[453, 140, 466, 183]",2
results/fast_repro/exp06_roi/patches/train/Crack/86__gt0.jpg,/root/autodl-tmp/borescope-new-seg-data/v1/images/train/86.png,train,1,Crack,gt_positive,"[347.0079345703125, 163.25396728515625, 370.1190490722656, 223.36508178710938]","[345, 157, 372, 229]",0
results/fast_repro/exp06_roi/patches/train/Burn/88__gt0.jpg,/root/autodl-tmp/borescope-new-seg-data/v1/images/train/88.png,train,0,Burn,gt_positive,"[92.0079345703125, 2.365079402923584, 416.0079650878906, 538.3651123046875]","[60, 0, 448, 540]",0
results/fast_repro/exp06_roi/patches/train/Burn/88__gt1.jpg,/root/autodl-tmp/borescope-new-seg-data/v1/images/train/88.png,train,0,Burn,gt_positive,"[394.0079345703125, 1.365079402923584, 660.0079345703125, 536.3650512695312]","[367, 0, 687, 540]",1
results/fast_repro/exp06_roi/patches/train/corrosion/89__gt0.jpg,/root/autodl-tmp/borescope-new-seg-data/v1/images/train/89.png,train,6,corrosion,gt_positive,"[156.23016357421875, 326.3650817871094, 254.0079345703125, 387.3650817871094]","[146, 320, 264, 393]",0
results/fast_repro/exp06_roi/patches/train/corrosion/89__gt1.jpg,/root/autodl-tmp/borescope-new-seg-data/v1/images/train/89.png,train,6,corrosion,gt_positive,"[321.0079345703125, 269.3650817871094, 628.0079345703125, 467.3650817871094]","[290, 250, 659, 487]",1
results/fast_repro/exp06_roi/patches/train/corrosion/91__gt0.jpg,/root/autodl-tmp/borescope-new-seg-data/v1/images/train/91.png,train,6,corrosion,gt_positive,"[28.007938385009766, 287.3650817871094, 660.0079345703125, 398.3650817871094]","[0, 276, 720, 409]",0
results/fast_repro/exp06_roi/patches/train/corrosion/93__gt0.jpg,/root/autodl-tmp/borescope-new-seg-data/v1/images/train/93.png,train,6,corrosion,gt_positive,"[133.0079345703125, 6.365078926086426, 442.0079040527344, 341.3650817871094]","[102, 0, 473, 375]",0
results/fast_repro/exp06_roi/patches/train/Burn/94__gt0.jpg,/root/autodl-tmp/borescope-new-seg-data/v1/images/train/94.png,train,0,Burn,gt_positive,"[232.00794982910156, 4.126984119415283, 514.0079345703125, 520.3650512695312]","[204, 0, 542, 540]",0
results/fast_repro/exp06_roi/patches/train/corrosion/94__gt1.jpg,/root/autodl-tmp/borescope-new-seg-data/v1/images/train/94.png,train,6,corrosion,gt_positive,"[63.007938385009766, 2.365079402923584, 302.0079345703125, 433.4920654296875]","[39, 0, 326, 477]",1
results/fast_repro/exp06_roi/patches/train/corrosion/95__gt0.jpg,/root/autodl-tmp/borescope-new-seg-data/v1/images/train/95.png,train,6,corrosion,gt_positive,"[22.999998092651367, 4.0, 179.0, 143.0]","[7, 0, 195, 157]",0
results/fast_repro/exp06_roi/patches/train/corrosion/95__gt1.jpg,/root/autodl-tmp/borescope-new-seg-data/v1/images/train/95.png,train,6,corrosion,gt_positive,"[157.0, 38.0, 210.0, 119.0]","[152, 30, 215, 127]",1
results/fast_repro/exp06_roi/patches/train/Burn/95__gt2.jpg,/root/autodl-tmp/borescope-new-seg-data/v1/images/train/95.png,train,0,Burn,gt_positive,"[131.0079345703125, 134.2857208251953, 474.0079040527344, 538.3651123046875]","[97, 94, 508, 540]",2
results/fast_repro/exp06_roi/patches/train/Material missing/95__gt3.jpg,/root/autodl-tmp/borescope-new-seg-data/v1/images/train/95.png,train,3,Material missing,gt_positive,"[530.0079345703125, 242.61904907226562, 578.0079345703125, 306.3650817871094]","[525, 236, 583, 313]",3
results/fast_repro/exp06_roi/patches/train/corrosion/96__gt0.jpg,/root/autodl-tmp/borescope-new-seg-data/v1/images/train/96.png,train,6,corrosion,gt_positive,"[393.0079650878906, 18.41269874572754, 552.0079345703125, 509.3650817871094]","[377, 0, 568, 540]",0
results/fast_repro/exp06_roi/patches/train/corrosion/96__gt1.jpg,/root/autodl-tmp/borescope-new-seg-data/v1/images/train/96.png,train,6,corrosion,gt_positive,"[103.00794219970703, 4.365079402923584, 340.0079345703125, 538.3651123046875]","[79, 0, 364, 540]",1
results/fast_repro/exp06_roi/patches/train/Burn/97__gt0.jpg,/root/autodl-tmp/borescope-new-seg-data/v1/images/train/97.png,train,0,Burn,gt_positive,"[11.0, 195.0, 232.0, 538.0]","[0, 161, 254, 540]",0
results/fast_repro/exp06_roi/patches/train/Burn/97__gt1.jpg,/root/autodl-tmp/borescope-new-seg-data/v1/images/train/97.png,train,0,Burn,gt_positive,"[478.0079345703125, 244.3650665283203, 607.420654296875, 423.5714111328125]","[465, 226, 620, 441]",1
results/fast_repro/exp06_roi/patches/train/Burn/97__gt2.jpg,/root/autodl-tmp/borescope-new-seg-data/v1/images/train/97.png,train,0,Burn,gt_positive,"[608.0079345703125, 448.96826171875, 641.0079345703125, 539.9990234375]","[605, 440, 644, 540]",2
results/fast_repro/exp06_roi/patches/train/corrosion/98__gt0.jpg,/root/autodl-tmp/borescope-new-seg-data/v1/images/train/98.png,train,6,corrosion,gt_positive,"[20.119047164916992, 107.36508178710938, 719.9990234375, 539.9990234375]","[0, 64, 720, 540]",0
results/fast_repro/exp06_roi/patches/train/corrosion/98__gt1.jpg,/root/autodl-tmp/borescope-new-seg-data/v1/images/train/98.png,train,6,corrosion,gt_positive,"[414.0, 376.0, 486.9999694824219, 461.0]","[407, 368, 494, 470]",1
results/fast_repro/exp06_roi/patches/train/corrosion/98__gt2.jpg,/root/autodl-tmp/borescope-new-seg-data/v1/images/train/98.png,train,6,corrosion,gt_positive,"[318.0, 258.0, 388.0, 310.0]","[311, 253, 395, 315]",2
results/fast_repro/exp06_roi/patches/train/corrosion/98__gt3.jpg,/root/autodl-tmp/borescope-new-seg-data/v1/images/train/98.png,train,6,corrosion,gt_positive,"[233.0, 238.0, 281.0, 293.0]","[228, 232, 286, 298]",3
results/fast_repro/exp06_roi/patches/train/corrosion/98__gt4.jpg,/root/autodl-tmp/borescope-new-seg-data/v1/images/train/98.png,train,6,corrosion,gt_positive,"[281.0, 349.0, 309.0, 377.0]","[278, 346, 312, 380]",4
results/fast_repro/exp06_roi/patches/train/corrosion/98__gt5.jpg,/root/autodl-tmp/borescope-new-seg-data/v1/images/train/98.png,train,6,corrosion,gt_positive,"[355.0, 346.0, 374.0, 364.0]","[353, 344, 376, 366]",5
results/fast_repro/exp06_roi/patches/train/corrosion/98__gt6.jpg,/root/autodl-tmp/borescope-new-seg-data/v1/images/train/98.png,train,6,corrosion,gt_positive,"[106.0, 209.0, 130.0, 237.0]","[104, 206, 132, 240]",6
results/fast_repro/exp06_roi/patches/train/corrosion/98__gt7.jpg,/root/autodl-tmp/borescope-new-seg-data/v1/images/train/98.png,train,6,corrosion,gt_positive,"[92.00000762939453, 186.0, 105.0, 204.0]","[91, 184, 106, 206]",7
results/fast_repro/exp06_roi/patches/train/corrosion/98__gt8.jpg,/root/autodl-tmp/borescope-new-seg-data/v1/images/train/98.png,train,6,corrosion,gt_positive,"[150.0, 38.0, 619.0, 146.0]","[103, 27, 666, 157]",8
results/fast_repro/exp06_roi/patches/train/Burn/99__gt0.jpg,/root/autodl-tmp/borescope-new-seg-data/v1/images/train/99.png,train,0,Burn,gt_positive,"[69.0, 213.0, 472.0, 539.0]","[29, 180, 512, 540]",0
results/fast_repro/exp06_roi/patches/train/Burn/99__gt1.jpg,/root/autodl-tmp/borescope-new-seg-data/v1/images/train/99.png,train,0,Burn,gt_positive,"[292.0, 70.0, 499.9999694824219, 306.0]","[271, 46, 521, 330]",1
results/fast_repro/exp06_roi/patches/train/corrosion/99__gt2.jpg,/root/autodl-tmp/borescope-new-seg-data/v1/images/train/99.png,train,6,corrosion,gt_positive,"[2.2619049549102783, 34.365081787109375, 351.0079345703125, 253.36508178710938]","[0, 12, 386, 275]",2
results/fast_repro/exp06_roi/patches/train/Burn/99__gt3.jpg,/root/autodl-tmp/borescope-new-seg-data/v1/images/train/99.png,train,0,Burn,gt_positive,"[511.0079345703125, 39.365081787109375, 609.0079345703125, 537.3651123046875]","[501, 0, 619, 540]",3
results/fast_repro/exp06_roi/patches/train/Material missing/100__gt0.jpg,/root/autodl-tmp/borescope-new-seg-data/v1/images/train/100.png,train,3,Material missing,gt_positive,"[251.94671630859375, 218.80050659179688, 290.9466857910156, 290.46142578125]","[248, 212, 295, 298]",0
results/fast_repro/exp06_roi/patches/train/Crack/101__gt0.jpg,/root/autodl-tmp/borescope-new-seg-data/v1/images/train/101.png,train,1,Crack,gt_positive,"[219.00794982910156, 100.95237731933594, 355.0079345703125, 435.3650817871094]","[205, 68, 369, 469]",0
results/fast_repro/exp06_roi/patches/train/corrosion/101__gt1.jpg,/root/autodl-tmp/borescope-new-seg-data/v1/images/train/101.png,train,6,corrosion,gt_positive,"[413.37298583984375, 0.0, 709.0079345703125, 270.3650817871094]","[384, 0, 720, 297]",1
results/fast_repro/exp06_roi/patches/train/corrosion/101__gt2.jpg,/root/autodl-tmp/borescope-new-seg-data/v1/images/train/101.png,train,6,corrosion,gt_positive,"[407.8174743652344, 168.36508178710938, 533.0079345703125, 295.3650817871094]","[395, 156, 546, 308]",2
results/fast_repro/exp06_roi/patches/train/Material missing/102__gt0.jpg,/root/autodl-tmp/borescope-new-seg-data/v1/images/train/102.png,train,3,Material missing,gt_positive,"[76.0079345703125, 187.36508178710938, 269.0079345703125, 537.3651123046875]","[57, 152, 288, 540]",0
results/fast_repro/exp06_roi/patches/train/Burn/102__gt1.jpg,/root/autodl-tmp/borescope-new-seg-data/v1/images/train/102.png,train,0,Burn,gt_positive,"[171.0079345703125, 191.36508178710938, 562.0079345703125, 462.3650817871094]","[132, 164, 601, 489]",1
results/fast_repro/exp06_roi/patches/train/Burn/102__gt2.jpg,/root/autodl-tmp/borescope-new-seg-data/v1/images/train/102.png,train,0,Burn,gt_positive,"[334.0079345703125, 3.365079402923584, 557.0079345703125, 215.36508178710938]","[312, 0, 579, 237]",2
results/fast_repro/exp06_roi/patches/train/corrosion/103__gt0.jpg,/root/autodl-tmp/borescope-new-seg-data/v1/images/train/103.png,train,6,corrosion,gt_positive,"[217.0, 101.0, 301.0, 170.0]","[209, 94, 309, 177]",0
results/fast_repro/exp06_roi/patches/train/Material missing/103__gt1.jpg,/root/autodl-tmp/borescope-new-seg-data/v1/images/train/103.png,train,3,Material missing,gt_positive,"[353.0, 79.0, 416.0000305175781, 125.0]","[347, 74, 422, 130]",1
results/fast_repro/exp06_roi/patches/train/corrosion/103__gt2.jpg,/root/autodl-tmp/borescope-new-seg-data/v1/images/train/103.png,train,6,corrosion,gt_positive,"[55.007938385009766, 26.365079879760742, 507.0079345703125, 493.36505126953125]","[10, 0, 552, 540]",2
results/fast_repro/exp06_roi/patches/train/corrosion/103__gt3.jpg,/root/autodl-tmp/borescope-new-seg-data/v1/images/train/103.png,train,6,corrosion,gt_positive,"[258.6111145019531, 94.36508178710938, 542.0079345703125, 419.6031799316406]","[230, 62, 570, 452]",3
results/fast_repro/exp06_roi/patches/train/corrosion/104__gt0.jpg,/root/autodl-tmp/borescope-new-seg-data/v1/images/train/104.png,train,6,corrosion,gt_positive,"[270.1190490722656, 466.3650817871094, 324.0079345703125, 501.3650817871094]","[265, 463, 329, 505]",0
results/fast_repro/exp06_roi/patches/train/corrosion/104__gt1.jpg,/root/autodl-tmp/borescope-new-seg-data/v1/images/train/104.png,train,6,corrosion,gt_positive,"[602.0079345703125, 307.3650817871094, 703.0079345703125, 397.3650817871094]","[592, 298, 713, 406]",1
results/fast_repro/exp06_roi/patches/train/corrosion/104__gt2.jpg,/root/autodl-tmp/borescope-new-seg-data/v1/images/train/104.png,train,6,corrosion,gt_positive,"[428.1902160644531, 403.2698974609375, 531.190185546875, 458.2699279785156]","[418, 398, 541, 464]",2
results/fast_repro/exp06_roi/patches/train/corrosion/105__gt0.jpg,/root/autodl-tmp/borescope-new-seg-data/v1/images/train/105.png,train,6,corrosion,gt_positive,"[237.0079345703125, 178.36508178710938, 325.0079345703125, 205.36508178710938]","[228, 176, 334, 208]",0
results/fast_repro/exp06_roi/patches/train/corrosion/106__gt0.jpg,/root/autodl-tmp/borescope-new-seg-data/v1/images/train/106.png,train,6,corrosion,gt_positive,"[271.0079345703125, 0.3650793731212616, 668.0079345703125, 327.3650817871094]","[231, 0, 708, 360]",0
results/fast_repro/exp06_roi/patches/train/corrosion/106__gt1.jpg,/root/autodl-tmp/borescope-new-seg-data/v1/images/train/106.png,train,6,corrosion,gt_positive,"[142.0079345703125, 366.82537841796875, 332.0079345703125, 538.3651123046875]","[123, 350, 351, 540]",1
results/fast_repro/exp06_roi/patches/train/corrosion/107__gt0.jpg,/root/autodl-tmp/borescope-new-seg-data/v1/images/train/107.png,train,6,corrosion,gt_positive,"[473.37322998046875, 352.859130859375, 548.3732299804688, 478.8591613769531]","[466, 340, 556, 480]",0
results/fast_repro/exp06_roi/patches/train/Burn/108__gt0.jpg,/root/autodl-tmp/borescope-new-seg-data/v1/images/train/108.png,train,0,Burn,gt_positive,"[68.0079345703125, 152.3650665283203, 648.0079345703125, 537.3651123046875]","[10, 114, 706, 540]",0
results/fast_repro/exp06_roi/patches/train/Burn/108__gt1.jpg,/root/autodl-tmp/borescope-new-seg-data/v1/images/train/108.png,train,0,Burn,gt_positive,"[357.81744384765625, 242.36508178710938, 719.9990234375, 446.3650817871094]","[322, 222, 720, 467]",1
results/fast_repro/exp06_roi/patches/train/Burn/108__gt2.jpg,/root/autodl-tmp/borescope-new-seg-data/v1/images/train/108.png,train,0,Burn,gt_positive,"[345.0079345703125, 96.36507415771484, 473.0079345703125, 211.36508178710938]","[332, 85, 486, 223]",2
results/fast_repro/exp06_roi/patches/train/corrosion/109__gt0.jpg,/root/autodl-tmp/borescope-new-seg-data/v1/images/train/109.png,train,6,corrosion,gt_positive,"[506.0000305175781, 135.0, 534.0, 192.0]","[503, 129, 537, 198]",0
results/fast_repro/exp06_roi/patches/train/Burn/109__gt1.jpg,/root/autodl-tmp/borescope-new-seg-data/v1/images/train/109.png,train,0,Burn,gt_positive,"[5.999999523162842, 186.0, 124.99999237060547, 322.0]","[0, 172, 137, 336]",1
results/fast_repro/exp06_roi/patches/train/Burn/109__gt2.jpg,/root/autodl-tmp/borescope-new-seg-data/v1/images/train/109.png,train,0,Burn,gt_positive,"[71.0, 8.0, 194.0, 118.0]","[59, 0, 206, 129]",2
results/fast_repro/exp06_roi/patches/train/Burn/110__gt0.jpg,/root/autodl-tmp/borescope-new-seg-data/v1/images/train/110.png,train,0,Burn,gt_positive,"[239.0, 236.0, 696.0, 539.0]","[193, 206, 720, 540]",0
results/fast_repro/exp06_roi/patches/train/Burn/110__gt1.jpg,/root/autodl-tmp/borescope-new-seg-data/v1/images/train/110.png,train,0,Burn,gt_positive,"[388.0, 102.0, 454.9999694824219, 148.0]","[381, 97, 462, 153]",1
results/fast_repro/exp06_roi/patches/train/Burn/110__gt2.jpg,/root/autodl-tmp/borescope-new-seg-data/v1/images/train/110.png,train,0,Burn,gt_positive,"[558.0, 135.0, 620.0, 192.0]","[552, 129, 626, 198]",2
results/fast_repro/exp06_roi/patches/train/Crack/111__gt0.jpg,/root/autodl-tmp/borescope-new-seg-data/v1/images/train/111.png,train,1,Crack,gt_positive,"[302.25, 320.1666564941406, 488.2500305175781, 368.1666564941406]","[284, 315, 507, 373]",0
results/fast_repro/exp06_roi/patches/train/corrosion/113__gt0.jpg,/root/autodl-tmp/borescope-new-seg-data/v1/images/train/113.png,train,6,corrosion,gt_positive,"[177.0, 129.0, 294.0, 194.0]","[165, 122, 306, 200]",0
results/fast_repro/exp06_roi/patches/train/Material missing/114__gt0.jpg,/root/autodl-tmp/borescope-new-seg-data/v1/images/train/114.png,train,3,Material missing,gt_positive,"[197.25, 75.16666412353516, 290.25, 243.1666717529297]","[188, 58, 300, 260]",0
results/fast_repro/exp06_roi/patches/train/Burn/115__gt0.jpg,/root/autodl-tmp/borescope-new-seg-data/v1/images/train/115.png,train,0,Burn,gt_positive,"[214.25, 89.16667175292969, 672.25, 444.1666564941406]","[168, 54, 718, 480]",0
results/fast_repro/exp06_roi/patches/train/Crack/115__gt1.jpg,/root/autodl-tmp/borescope-new-seg-data/v1/images/train/115.png,train,1,Crack,gt_positive,"[168.17857360839844, 350.3187561035156, 437.1785583496094, 534.69970703125]","[141, 332, 464, 540]",1
results/fast_repro/exp06_roi/patches/train/Burn/117__gt0.jpg,/root/autodl-tmp/borescope-new-seg-data/v1/images/train/117.png,train,0,Burn,gt_positive,"[60.0, 146.0, 472.0, 397.0]","[19, 121, 513, 422]",0
results/fast_repro/exp06_roi/patches/train/Burn/117__gt1.jpg,/root/autodl-tmp/borescope-new-seg-data/v1/images/train/117.png,train,0,Burn,gt_positive,"[321.0, 87.0, 408.0, 145.0]","[312, 81, 417, 151]",1
results/fast_repro/exp06_roi/patches/train/Burn/119__gt0.jpg,/root/autodl-tmp/borescope-new-seg-data/v1/images/train/119.png,train,0,Burn,gt_positive,"[285.25, 312.16668701171875, 466.2499694824219, 399.16668701171875]","[267, 303, 484, 408]",0
results/fast_repro/exp06_roi/patches/train/Burn/119__gt1.jpg,/root/autodl-tmp/borescope-new-seg-data/v1/images/train/119.png,train,0,Burn,gt_positive,"[508.2499694824219, 319.0740661621094, 624.25, 399.16668701171875]","[497, 311, 636, 407]",1
results/fast_repro/exp06_roi/patches/train/Burn/120__gt0.jpg,/root/autodl-tmp/borescope-new-seg-data/v1/images/train/120.png,train,0,Burn,gt_positive,"[5.999999523162842, 4.0, 714.0, 479.0]","[0, 0, 720, 526]",0
results/fast_repro/exp06_roi/patches/train/Crack/123__gt0.jpg,/root/autodl-tmp/borescope-new-seg-data/v1/images/train/123.png,train,1,Crack,gt_positive,"[225.0, 247.0, 288.0, 275.0]","[219, 244, 294, 278]",0
results/fast_repro/exp06_roi/patches/train/corrosion/123__gt1.jpg,/root/autodl-tmp/borescope-new-seg-data/v1/images/train/123.png,train,6,corrosion,gt_positive,"[371.0000305175781, 146.0, 635.0, 413.0]","[345, 119, 661, 440]",1
results/fast_repro/exp06_roi/patches/train/Material missing/124__gt0.jpg,/root/autodl-tmp/borescope-new-seg-data/v1/images/train/124.png,train,3,Material missing,gt_positive,"[11.157407760620117, 82.03703308105469, 168.25, 134.1666717529297]","[0, 77, 184, 139]",0
results/fast_repro/exp06_roi/patches/train/Material missing/124__gt1.jpg,/root/autodl-tmp/borescope-new-seg-data/v1/images/train/124.png,train,3,Material missing,gt_positive,"[220.879638671875, 99.62962341308594, 715.25, 297.1666564941406]","[171, 80, 720, 317]",1
results/fast_repro/exp06_roi/patches/train/Crack/124__gt2.jpg,/root/autodl-tmp/borescope-new-seg-data/v1/images/train/124.png,train,1,Crack,gt_positive,"[307.25, 209.16665649414062, 343.25, 277.16668701171875]","[304, 202, 347, 284]",2
results/fast_repro/exp06_roi/patches/train/Material missing/129__gt0.jpg,/root/autodl-tmp/borescope-new-seg-data/v1/images/train/129.png,train,3,Material missing,gt_positive,"[327.8240661621094, 87.12962341308594, 459.2500305175781, 146.1666717529297]","[315, 81, 472, 152]",0
results/fast_repro/exp06_roi/patches/train/Material missing/129__gt1.jpg,/root/autodl-tmp/borescope-new-seg-data/v1/images/train/129.png,train,3,Material missing,gt_positive,"[490.3240661621094, 168.61111450195312, 548.25, 217.1666717529297]","[485, 164, 554, 222]",1
results/fast_repro/exp06_roi/patches/train/Material missing/129__gt2.jpg,/root/autodl-tmp/borescope-new-seg-data/v1/images/train/129.png,train,3,Material missing,gt_positive,"[513.25, 250.1666717529297, 666.25, 537.1666259765625]","[498, 221, 682, 540]",2
results/fast_repro/exp06_roi/patches/train/corrosion/131__gt0.jpg,/root/autodl-tmp/borescope-new-seg-data/v1/images/train/131.png,train,6,corrosion,gt_positive,"[506.0000305175781, 78.0, 630.0, 168.0]","[494, 69, 642, 177]",0
results/fast_repro/exp06_roi/patches/train/Material missing/132__gt0.jpg,/root/autodl-tmp/borescope-new-seg-data/v1/images/train/132.png,train,3,Material missing,gt_positive,"[435.25, 119.0740737915039, 507.25, 175.1666717529297]","[428, 113, 514, 181]",0
results/fast_repro/exp06_roi/patches/train/corrosion/133__gt0.jpg,/root/autodl-tmp/borescope-new-seg-data/v1/images/train/133.png,train,6,corrosion,gt_positive,"[653.0, 240.0, 713.0, 269.0]","[647, 237, 719, 272]",0
results/fast_repro/exp06_roi/patches/train/corrosion/133__gt1.jpg,/root/autodl-tmp/borescope-new-seg-data/v1/images/train/133.png,train,6,corrosion,gt_positive,"[319.0, 45.0, 385.0, 107.0]","[312, 39, 392, 113]",1
results/fast_repro/exp06_roi/patches/train/corrosion/133__gt2.jpg,/root/autodl-tmp/borescope-new-seg-data/v1/images/train/133.png,train,6,corrosion,gt_positive,"[252.36111450195312, 3.1666665077209473, 719.9990234375, 238.1666717529297]","[206, 0, 720, 262]",2
results/fast_repro/exp06_roi/patches/train/corrosion/135__gt0.jpg,/root/autodl-tmp/borescope-new-seg-data/v1/images/train/135.png,train,6,corrosion,gt_positive,"[684.0, 349.9999694824219, 714.0, 395.0]","[681, 345, 717, 400]",0
results/fast_repro/exp06_roi/patches/train/Crack/135__gt1.jpg,/root/autodl-tmp/borescope-new-seg-data/v1/images/train/135.png,train,1,Crack,gt_positive,"[631.25, 395.4629821777344, 659.25, 457.1666564941406]","[628, 389, 662, 463]",1
results/fast_repro/exp06_roi/patches/train/Burn/136__gt0.jpg,/root/autodl-tmp/borescope-new-seg-data/v1/images/train/136.png,train,0,Burn,gt_positive,"[475.0, 206.0, 599.0, 360.0]","[463, 191, 611, 375]",0
results/fast_repro/exp06_roi/patches/train/corrosion/136__gt1.jpg,/root/autodl-tmp/borescope-new-seg-data/v1/images/train/136.png,train,6,corrosion,gt_positive,"[445.0000305175781, 361.0, 548.0, 443.0]","[435, 353, 558, 451]",1
results/fast_repro/exp06_roi/patches/train/corrosion/137__gt0.jpg,/root/autodl-tmp/borescope-new-seg-data/v1/images/train/137.png,train,6,corrosion,gt_positive,"[560.0, 288.0, 603.0, 308.0]","[556, 286, 607, 310]",0
results/fast_repro/exp06_roi/patches/train/Material missing/139__gt0.jpg,/root/autodl-tmp/borescope-new-seg-data/v1/images/train/139.png,train,3,Material missing,gt_positive,"[565.3240966796875, 216.29629516601562, 666.25, 282.1666564941406]","[555, 210, 676, 289]",0
results/fast_repro/exp06_roi/patches/train/corrosion/141__gt0.jpg,/root/autodl-tmp/borescope-new-seg-data/v1/images/train/141.png,train,6,corrosion,gt_positive,"[315.25, 134.3518524169922, 463.2499694824219, 536.1666259765625]","[300, 94, 478, 540]",0
results/fast_repro/exp06_roi/patches/train/Material missing/141__gt1.jpg,/root/autodl-tmp/borescope-new-seg-data/v1/images/train/141.png,train,3,Material missing,gt_positive,"[69.25, 229.1666717529297, 101.43518829345703, 538.1666259765625]","[66, 198, 105, 540]",1
results/fast_repro/exp06_roi/patches/train/corrosion/143__gt0.jpg,/root/autodl-tmp/borescope-new-seg-data/v1/images/train/143.png,train,6,corrosion,gt_positive,"[473.25, 105.18518829345703, 647.25, 239.16665649414062]","[456, 92, 665, 253]",0
results/fast_repro/exp06_roi/patches/train/Burn/143__gt1.jpg,/root/autodl-tmp/borescope-new-seg-data/v1/images/train/143.png,train,0,Burn,gt_positive,"[212.25, 306.1666564941406, 484.25, 414.1666564941406]","[185, 295, 511, 425]",1
results/fast_repro/exp06_roi/patches/train/Burn/144__gt0.jpg,/root/autodl-tmp/borescope-new-seg-data/v1/images/train/144.png,train,0,Burn,gt_positive,"[251.0, 5.0, 568.0, 535.0]","[219, 0, 600, 540]",0
results/fast_repro/exp06_roi/patches/train/Crack/146__gt0.jpg,/root/autodl-tmp/borescope-new-seg-data/v1/images/train/146.png,train,1,Crack,gt_positive,"[41.55555725097656, 254.81480407714844, 434.5555419921875, 361.2592468261719]","[2, 244, 474, 372]",0
results/fast_repro/exp06_roi/patches/train/Burn/147__gt0.jpg,/root/autodl-tmp/borescope-new-seg-data/v1/images/train/147.png,train,0,Burn,gt_positive,"[338.0, 253.0, 451.9999694824219, 415.0]","[327, 237, 463, 431]",0
results/fast_repro/exp06_roi/patches/train/Burn/147__gt1.jpg,/root/autodl-tmp/borescope-new-seg-data/v1/images/train/147.png,train,0,Burn,gt_positive,"[431.0, 276.0000305175781, 518.0, 435.0]","[422, 260, 527, 451]",1
results/fast_repro/exp06_roi/patches/train/Burn/147__gt2.jpg,/root/autodl-tmp/borescope-new-seg-data/v1/images/train/147.png,train,0,Burn,gt_positive,"[218.0, 430.0, 390.0, 538.0]","[201, 419, 407, 540]",2
results/fast_repro/exp06_roi/patches/train/Burn/147__gt3.jpg,/root/autodl-tmp/borescope-new-seg-data/v1/images/train/147.png,train,0,Burn,gt_positive,"[5.0, 242.0, 73.0, 378.0]","[0, 228, 80, 392]",3
results/fast_repro/exp06_roi/patches/train/Burn/147__gt4.jpg,/root/autodl-tmp/borescope-new-seg-data/v1/images/train/147.png,train,0,Burn,gt_positive,"[406.35174560546875, 131.10731506347656, 498.35174560546875, 248.10731506347656]","[397, 119, 508, 260]",4
results/fast_repro/exp06_roi/patches/train/Burn/148__gt0.jpg,/root/autodl-tmp/borescope-new-seg-data/v1/images/train/148.png,train,0,Burn,gt_positive,"[288.0, 103.0, 320.0, 129.0]","[285, 100, 323, 132]",0
results/fast_repro/exp06_roi/patches/train/Material missing/149__gt0.jpg,/root/autodl-tmp/borescope-new-seg-data/v1/images/train/149.png,train,3,Material missing,gt_positive,"[500.25238037109375, 310.1011047363281, 519.2523803710938, 346.9815979003906]","[498, 306, 521, 351]",0
results/fast_repro/exp06_roi/patches/train/Material missing/151__gt0.jpg,/root/autodl-tmp/borescope-new-seg-data/v1/images/train/151.png,train,3,Material missing,gt_positive,"[368.5555725097656, 38.35390853881836, 405.5555725097656, 107.2592544555664]","[365, 31, 409, 114]",0
results/fast_repro/exp06_roi/patches/train/Material missing/151__gt1.jpg,/root/autodl-tmp/borescope-new-seg-data/v1/images/train/151.png,train,3,Material missing,gt_positive,"[384.5555419921875, 124.36214447021484, 444.5555419921875, 260.2592468261719]","[379, 111, 451, 274]",1
results/fast_repro/exp06_roi/patches/train/Material missing/151__gt2.jpg,/root/autodl-tmp/borescope-new-seg-data/v1/images/train/151.png,train,3,Material missing,gt_positive,"[374.5555419921875, 288.1481628417969, 500.5555725097656, 475.2592468261719]","[362, 269, 513, 480]",2
results/fast_repro/exp06_roi/patches/train/Material missing/151__gt3.jpg,/root/autodl-tmp/borescope-new-seg-data/v1/images/train/151.png,train,3,Material missing,gt_positive,"[252.55555725097656, 170.86419677734375, 290.9876708984375, 281.25927734375]","[249, 160, 295, 292]",3
results/fast_repro/exp06_roi/patches/train/Material missing/153__gt0.jpg,/root/autodl-tmp/borescope-new-seg-data/v1/images/train/153.png,train,3,Material missing,gt_positive,"[33.842594146728516, 154.16665649414062, 260.25, 257.1666564941406]","[11, 144, 283, 267]",0
results/fast_repro/exp06_roi/patches/train/Material missing/153__gt1.jpg,/root/autodl-tmp/borescope-new-seg-data/v1/images/train/153.png,train,3,Material missing,gt_positive,"[290.78704833984375, 80.16667175292969, 708.25, 202.16665649414062]","[249, 68, 720, 214]",1
results/fast_repro/exp06_roi/patches/train/Burn/154__gt0.jpg,/root/autodl-tmp/borescope-new-seg-data/v1/images/train/154.png,train,0,Burn,gt_positive,"[332.0, 264.0, 444.0, 367.0]","[321, 254, 455, 377]",0
results/fast_repro/exp06_roi/patches/train/corrosion/155__gt0.jpg,/root/autodl-tmp/borescope-new-seg-data/v1/images/train/155.png,train,6,corrosion,gt_positive,"[364.0, 356.0, 419.0, 394.0]","[358, 352, 424, 398]",0
results/fast_repro/exp06_roi/patches/train/corrosion/155__gt1.jpg,/root/autodl-tmp/borescope-new-seg-data/v1/images/train/155.png,train,6,corrosion,gt_positive,"[512.0, 329.0, 592.0, 368.0]","[504, 325, 600, 372]",1
results/fast_repro/exp06_roi/patches/train/corrosion/155__gt2.jpg,/root/autodl-tmp/borescope-new-seg-data/v1/images/train/155.png,train,6,corrosion,gt_positive,"[599.0, 338.0, 629.0, 358.0]","[596, 336, 632, 360]",2
results/fast_repro/exp06_roi/patches/train/corrosion/155__gt3.jpg,/root/autodl-tmp/borescope-new-seg-data/v1/images/train/155.png,train,6,corrosion,gt_positive,"[562.0, 327.0, 598.0, 349.0]","[558, 325, 602, 351]",3
results/fast_repro/exp06_roi/patches/train/corrosion/155__gt4.jpg,/root/autodl-tmp/borescope-new-seg-data/v1/images/train/155.png,train,6,corrosion,gt_positive,"[625.0, 322.0, 662.0, 342.0]","[621, 320, 666, 344]",4
results/fast_repro/exp06_roi/patches/train/corrosion/155__gt5.jpg,/root/autodl-tmp/borescope-new-seg-data/v1/images/train/155.png,train,6,corrosion,gt_positive,"[120.0, 461.0, 166.0, 487.0]","[115, 458, 171, 490]",5
results/fast_repro/exp06_roi/patches/train/corrosion/155__gt6.jpg,/root/autodl-tmp/borescope-new-seg-data/v1/images/train/155.png,train,6,corrosion,gt_positive,"[112.99999237060547, 348.0, 133.0, 366.0]","[111, 346, 135, 368]",6
results/fast_repro/exp06_roi/patches/train/corrosion/155__gt7.jpg,/root/autodl-tmp/borescope-new-seg-data/v1/images/train/155.png,train,6,corrosion,gt_positive,"[282.0, 275.0, 303.0, 289.0]","[280, 274, 305, 290]",7
results/fast_repro/exp06_roi/patches/train/corrosion/155__gt8.jpg,/root/autodl-tmp/borescope-new-seg-data/v1/images/train/155.png,train,6,corrosion,gt_positive,"[377.0, 300.0, 398.0, 312.0]","[375, 299, 400, 313]",8
results/fast_repro/exp06_roi/patches/train/Material missing/156__gt0.jpg,/root/autodl-tmp/borescope-new-seg-data/v1/images/train/156.png,train,3,Material missing,gt_positive,"[567.25, 113.51851654052734, 625.25, 161.1666717529297]","[561, 109, 631, 166]",0
results/fast_repro/exp06_roi/patches/train/corrosion/157__gt0.jpg,/root/autodl-tmp/borescope-new-seg-data/v1/images/train/157.png,train,6,corrosion,gt_positive,"[535.0, 300.0, 638.0, 343.0]","[525, 296, 640, 347]",0
results/fast_repro/exp06_roi/patches/train/corrosion/157__gt1.jpg,/root/autodl-tmp/borescope-new-seg-data/v1/images/train/157.png,train,6,corrosion,gt_positive,"[485.0, 333.0, 544.0, 366.0]","[479, 330, 550, 369]",1
results/fast_repro/exp06_roi/patches/train/corrosion/165__gt0.jpg,/root/autodl-tmp/borescope-new-seg-data/v1/images/train/165.png,train,6,corrosion,gt_positive,"[574.0, 236.0, 653.0, 253.0]","[566, 234, 661, 255]",0
results/fast_repro/exp06_roi/patches/train/corrosion/165__gt1.jpg,/root/autodl-tmp/borescope-new-seg-data/v1/images/train/165.png,train,6,corrosion,gt_positive,"[637.0, 227.0, 694.0, 244.0]","[631, 225, 700, 246]",1
results/fast_repro/exp06_roi/patches/train/corrosion/165__gt2.jpg,/root/autodl-tmp/borescope-new-seg-data/v1/images/train/165.png,train,6,corrosion,gt_positive,"[346.0, 291.0, 402.0, 321.0]","[340, 288, 408, 324]",2
results/fast_repro/exp06_roi/patches/train/corrosion/165__gt3.jpg,/root/autodl-tmp/borescope-new-seg-data/v1/images/train/165.png,train,6,corrosion,gt_positive,"[217.0, 312.0, 283.0, 342.0]","[210, 309, 290, 345]",3
results/fast_repro/exp06_roi/patches/train/corrosion/165__gt4.jpg,/root/autodl-tmp/borescope-new-seg-data/v1/images/train/165.png,train,6,corrosion,gt_positive,"[4.25, 250.1666717529297, 719.9990234375, 535.1666870117188]","[0, 222, 720, 540]",4
results/fast_repro/exp06_roi/patches/train/corrosion/166__gt0.jpg,/root/autodl-tmp/borescope-new-seg-data/v1/images/train/166.png,train,6,corrosion,gt_positive,"[96.0, 198.0, 146.0, 230.0]","[91, 195, 151, 233]",0
results/fast_repro/exp06_roi/patches/train/corrosion/167__gt0.jpg,/root/autodl-tmp/borescope-new-seg-data/v1/images/train/167.png,train,6,corrosion,gt_positive,"[205.25, 409.8148193359375, 241.25, 459.16668701171875]","[202, 405, 245, 464]",0
results/fast_repro/exp06_roi/patches/train/Burn/168__gt0.jpg,/root/autodl-tmp/borescope-new-seg-data/v1/images/train/168.png,train,0,Burn,gt_positive,"[260.0, 221.0, 544.0, 534.0]","[232, 190, 572, 540]",0
results/fast_repro/exp06_roi/patches/train/corrosion/169__gt0.jpg,/root/autodl-tmp/borescope-new-seg-data/v1/images/train/169.png,train,6,corrosion,gt_positive,"[264.0, 7.000000476837158, 345.0, 96.0]","[256, 0, 353, 105]",0
results/fast_repro/exp06_roi/patches/train/corrosion/169__gt1.jpg,/root/autodl-tmp/borescope-new-seg-data/v1/images/train/169.png,train,6,corrosion,gt_positive,"[416.0000305175781, 84.0, 537.0, 226.0]","[404, 70, 549, 240]",1
results/fast_repro/exp06_roi/patches/train/corrosion/169__gt2.jpg,/root/autodl-tmp/borescope-new-seg-data/v1/images/train/169.png,train,6,corrosion,gt_positive,"[7.000000476837158, 7.000000476837158, 45.0, 73.0]","[3, 0, 49, 80]",2
results/fast_repro/exp06_roi/patches/train/corrosion/169__gt3.jpg,/root/autodl-tmp/borescope-new-seg-data/v1/images/train/169.png,train,6,corrosion,gt_positive,"[473.0, 184.0, 642.0, 325.0000305175781]","[456, 170, 659, 339]",3
results/fast_repro/exp06_roi/patches/train/corrosion/169__gt4.jpg,/root/autodl-tmp/borescope-new-seg-data/v1/images/train/169.png,train,6,corrosion,gt_positive,"[637.0, 200.0, 664.0, 245.0]","[634, 196, 667, 250]",4
results/fast_repro/exp06_roi/patches/train/corrosion/169__gt5.jpg,/root/autodl-tmp/borescope-new-seg-data/v1/images/train/169.png,train,6,corrosion,gt_positive,"[671.0, 255.0, 713.0, 302.0]","[667, 250, 717, 307]",5
results/fast_repro/exp06_roi/patches/train/corrosion/169__gt6.jpg,/root/autodl-tmp/borescope-new-seg-data/v1/images/train/169.png,train,6,corrosion,gt_positive,"[508.0, 270.0, 679.0, 348.0]","[491, 262, 696, 356]",6
results/fast_repro/exp06_roi/patches/train/corrosion/169__gt7.jpg,/root/autodl-tmp/borescope-new-seg-data/v1/images/train/169.png,train,6,corrosion,gt_positive,"[7.25, 80.16667175292969, 520.25, 364.1666564941406]","[0, 52, 572, 393]",7
results/fast_repro/exp06_roi/patches/train/corrosion/169__gt8.jpg,/root/autodl-tmp/borescope-new-seg-data/v1/images/train/169.png,train,6,corrosion,gt_positive,"[52.25, 374.16668701171875, 521.25, 490.1666564941406]","[5, 363, 568, 502]",8
results/fast_repro/exp06_roi/patches/train/corrosion/169__gt9.jpg,/root/autodl-tmp/borescope-new-seg-data/v1/images/train/169.png,train,6,corrosion,gt_positive,"[501.0, 378.0, 525.0, 397.0]","[499, 376, 527, 399]",9
results/fast_repro/exp06_roi/patches/train/corrosion/169__gt10.jpg,/root/autodl-tmp/borescope-new-seg-data/v1/images/train/169.png,train,6,corrosion,gt_positive,"[560.0, 368.0, 603.0, 398.9999694824219]","[556, 365, 607, 402]",10
results/fast_repro/exp06_roi/patches/train/corrosion/169__gt11.jpg,/root/autodl-tmp/borescope-new-seg-data/v1/images/train/169.png,train,6,corrosion,gt_positive,"[398.0, 388.0, 441.0, 407.0]","[394, 386, 445, 409]",11
results/fast_repro/exp06_roi/patches/train/Material missing/170__gt0.jpg,/root/autodl-tmp/borescope-new-seg-data/v1/images/train/170.png,train,3,Material missing,gt_positive,"[208.24998474121094, 56.574073791503906, 456.0647888183594, 261.1666564941406]","[183, 36, 481, 282]",0
results/fast_repro/exp06_roi/patches/train/corrosion/170__gt1.jpg,/root/autodl-tmp/borescope-new-seg-data/v1/images/train/170.png,train,6,corrosion,gt_positive,"[364.9999694824219, 239.0, 451.0, 417.0]","[356, 221, 460, 435]",1
results/fast_repro/exp06_roi/patches/train/corrosion/170__gt2.jpg,/root/autodl-tmp/borescope-new-seg-data/v1/images/train/170.png,train,6,corrosion,gt_positive,"[501.0, 5.0, 708.0, 215.0]","[480, 0, 720, 236]",2
results/fast_repro/exp06_roi/patches/train/corrosion/171__gt0.jpg,/root/autodl-tmp/borescope-new-seg-data/v1/images/train/171.png,train,6,corrosion,gt_positive,"[337.0, 435.0, 386.0, 457.0]","[332, 433, 391, 459]",0
results/fast_repro/exp06_roi/patches/train/corrosion/171__gt1.jpg,/root/autodl-tmp/borescope-new-seg-data/v1/images/train/171.png,train,6,corrosion,gt_positive,"[254.0, 458.0, 302.0, 476.0]","[249, 456, 307, 478]",1
results/fast_repro/exp06_roi/patches/train/corrosion/171__gt2.jpg,/root/autodl-tmp/borescope-new-seg-data/v1/images/train/171.png,train,6,corrosion,gt_positive,"[172.0, 502.0, 216.00001525878906, 523.0]","[168, 500, 220, 525]",2
results/fast_repro/exp06_roi/patches/train/corrosion/171__gt3.jpg,/root/autodl-tmp/borescope-new-seg-data/v1/images/train/171.png,train,6,corrosion,gt_positive,"[201.0, 481.0, 229.00001525878906, 497.0000305175781]","[198, 479, 232, 499]",3
results/fast_repro/exp06_roi/patches/train/corrosion/171__gt4.jpg,/root/autodl-tmp/borescope-new-seg-data/v1/images/train/171.png,train,6,corrosion,gt_positive,"[48.000003814697266, 482.0, 145.0, 515.0]","[38, 479, 155, 518]",4
results/fast_repro/exp06_roi/patches/train/corrosion/173__gt0.jpg,/root/autodl-tmp/borescope-new-seg-data/v1/images/train/173.png,train,6,corrosion,gt_positive,"[444.25, 21.851850509643555, 601.25, 329.1666564941406]","[429, 0, 617, 360]",0
results/fast_repro/exp06_roi/patches/train/Burn/173__gt1.jpg,/root/autodl-tmp/borescope-new-seg-data/v1/images/train/173.png,train,0,Burn,gt_positive,"[535.0, 63.0, 586.0, 99.0]","[530, 59, 591, 103]",1
results/fast_repro/exp06_roi/patches/train/Burn/173__gt2.jpg,/root/autodl-tmp/borescope-new-seg-data/v1/images/train/173.png,train,0,Burn,gt_positive,"[192.00001525878906, 254.0, 360.0, 497.0000305175781]","[175, 230, 377, 521]",2
results/fast_repro/exp06_roi/patches/train/Burn/173__gt3.jpg,/root/autodl-tmp/borescope-new-seg-data/v1/images/train/173.png,train,0,Burn,gt_positive,"[195.0, 135.0, 309.0, 227.0]","[184, 126, 320, 236]",3
results/fast_repro/exp06_roi/patches/train/Burn/173__gt4.jpg,/root/autodl-tmp/borescope-new-seg-data/v1/images/train/173.png,train,0,Burn,gt_positive,"[225.99998474121094, 215.0, 312.0, 265.0]","[217, 210, 321, 270]",4
results/fast_repro/exp06_roi/patches/train/Burn/173__gt5.jpg,/root/autodl-tmp/borescope-new-seg-data/v1/images/train/173.png,train,0,Burn,gt_positive,"[403.25, 202.4073944091797, 462.25, 329.1666564941406]","[397, 190, 468, 342]",5
results/fast_repro/exp06_roi/patches/train/Material missing/175__gt0.jpg,/root/autodl-tmp/borescope-new-seg-data/v1/images/train/175.png,train,3,Material missing,gt_positive,"[369.9537048339844, 411.16668701171875, 519.25, 445.1666564941406]","[355, 408, 534, 449]",0
results/fast_repro/exp06_roi/patches/train/Material missing/175__gt1.jpg,/root/autodl-tmp/borescope-new-seg-data/v1/images/train/175.png,train,3,Material missing,gt_positive,"[503.28704833984375, 150.1666717529297, 683.25, 314.16668701171875]","[485, 134, 701, 331]",1
results/fast_repro/exp06_roi/patches/train/Burn/176__gt0.jpg,/root/autodl-tmp/borescope-new-seg-data/v1/images/train/176.png,train,0,Burn,gt_positive,"[414.2500305175781, 180.18519592285156, 447.25, 256.16668701171875]","[411, 173, 451, 264]",0
results/fast_repro/exp06_roi/patches/train/Crack/176__gt1.jpg,/root/autodl-tmp/borescope-new-seg-data/v1/images/train/176.png,train,1,Crack,gt_positive,"[441.25, 257.5, 483.25, 468.1666564941406]","[437, 236, 487, 489]",1
results/fast_repro/exp06_roi/patches/train/Crack/177__gt0.jpg,/root/autodl-tmp/borescope-new-seg-data/v1/images/train/177.png,train,1,Crack,gt_positive,"[127.25, 115.83333587646484, 235.25001525878906, 143.1666717529297]","[116, 113, 246, 146]",0
results/fast_repro/exp06_roi/patches/train/Material missing/177__gt1.jpg,/root/autodl-tmp/borescope-new-seg-data/v1/images/train/177.png,train,3,Material missing,gt_positive,"[97.25, 70.0, 260.25, 505.1666564941406]","[81, 26, 277, 540]",1
results/fast_repro/exp06_roi/patches/train/Burn/179__gt0.jpg,/root/autodl-tmp/borescope-new-seg-data/v1/images/train/179.png,train,0,Burn,gt_positive,"[283.5555725097656, 22.259258270263672, 497.5555419921875, 398.2592468261719]","[262, 0, 519, 436]",0
results/fast_repro/exp06_roi/patches/train/Burn/180__gt0.jpg,/root/autodl-tmp/borescope-new-seg-data/v1/images/train/180.png,train,0,Burn,gt_positive,"[300.25, 31.11111068725586, 402.25, 117.16666412353516]","[290, 23, 412, 126]",0
results/fast_repro/exp06_roi/patches/train/Crack/180__gt1.jpg,/root/autodl-tmp/borescope-new-seg-data/v1/images/train/180.png,train,1,Crack,gt_positive,"[160.25, 367.2221984863281, 217.25, 539.9990234375]","[155, 350, 223, 540]",1
results/fast_repro/exp06_roi/patches/train/Crack/180__gt2.jpg,/root/autodl-tmp/borescope-new-seg-data/v1/images/train/180.png,train,1,Crack,gt_positive,"[236.25, 246.38890075683594, 269.25, 314.16668701171875]","[233, 240, 273, 321]",2
results/fast_repro/exp06_roi/patches/train/Dent/182__gt0.jpg,/root/autodl-tmp/borescope-new-seg-data/v1/images/train/182.png,train,2,Dent,gt_positive,"[560.25, 27.87036895751953, 587.25, 61.166664123535156]","[558, 25, 590, 64]",0
results/fast_repro/exp06_roi/patches/train/corrosion/184__gt0.jpg,/root/autodl-tmp/borescope-new-seg-data/v1/images/train/184.png,train,6,corrosion,gt_positive,"[232.0, 154.0, 282.0, 221.0]","[227, 147, 287, 228]",0
results/fast_repro/exp06_roi/patches/train/corrosion/185__gt0.jpg,/root/autodl-tmp/borescope-new-seg-data/v1/images/train/185.png,train,6,corrosion,gt_positive,"[116.99999237060547, 180.0, 188.99998474121094, 243.0]","[110, 174, 196, 249]",0
results/fast_repro/exp06_roi/patches/train/corrosion/185__gt1.jpg,/root/autodl-tmp/borescope-new-seg-data/v1/images/train/185.png,train,6,corrosion,gt_positive,"[143.0, 270.0, 169.0, 292.0]","[140, 268, 172, 294]",1
results/fast_repro/exp06_roi/patches/train/corrosion/185__gt2.jpg,/root/autodl-tmp/borescope-new-seg-data/v1/images/train/185.png,train,6,corrosion,gt_positive,"[75.0, 341.0, 93.0, 367.0]","[73, 338, 95, 370]",2
results/fast_repro/exp06_roi/patches/train/corrosion/185__gt3.jpg,/root/autodl-tmp/borescope-new-seg-data/v1/images/train/185.png,train,6,corrosion,gt_positive,"[61.0, 386.0, 92.00000762939453, 416.0]","[58, 383, 95, 419]",3
results/fast_repro/exp06_roi/patches/train/corrosion/185__gt4.jpg,/root/autodl-tmp/borescope-new-seg-data/v1/images/train/185.png,train,6,corrosion,gt_positive,"[50.25, 18.148147583007812, 474.25, 512.1666259765625]","[8, 0, 517, 540]",4
results/fast_repro/exp06_roi/patches/train/corrosion/185__gt5.jpg,/root/autodl-tmp/borescope-new-seg-data/v1/images/train/185.png,train,6,corrosion,gt_positive,"[437.0, 149.0, 469.0, 189.0]","[434, 145, 472, 193]",5
results/fast_repro/exp06_roi/patches/train/Burn/188__gt0.jpg,/root/autodl-tmp/borescope-new-seg-data/v1/images/train/188.png,train,0,Burn,gt_positive,"[279.0, 5.0, 504.0, 346.0]","[256, 0, 526, 380]",0
results/fast_repro/exp06_roi/patches/train/Burn/188__gt1.jpg,/root/autodl-tmp/borescope-new-seg-data/v1/images/train/188.png,train,0,Burn,gt_positive,"[7.000000476837158, 4.0, 300.0, 429.0]","[0, 0, 329, 472]",1
results/fast_repro/exp06_roi/patches/train/corrosion/188__gt2.jpg,/root/autodl-tmp/borescope-new-seg-data/v1/images/train/188.png,train,6,corrosion,gt_positive,"[429.0000305175781, 376.0, 629.0, 536.0]","[409, 360, 649, 540]",2
results/fast_repro/exp06_roi/patches/train/corrosion/189__gt0.jpg,/root/autodl-tmp/borescope-new-seg-data/v1/images/train/189.png,train,6,corrosion,gt_positive,"[502.25, 150.1666717529297, 593.5648193359375, 240.16665649414062]","[493, 141, 603, 249]",0
results/fast_repro/exp06_roi/patches/train/Dent/190__gt0.jpg,/root/autodl-tmp/borescope-new-seg-data/v1/images/train/190.png,train,2,Dent,gt_positive,"[634.1702880859375, 291.8053894042969, 672.1703491210938, 334.993408203125]","[630, 287, 676, 339]",0
results/fast_repro/exp06_roi/patches/train/corrosion/190__gt1.jpg,/root/autodl-tmp/borescope-new-seg-data/v1/images/train/190.png,train,6,corrosion,gt_positive,"[167.0, 132.0, 212.99998474121094, 190.0]","[162, 126, 218, 196]",1
results/fast_repro/exp06_roi/patches/train/corrosion/191__gt0.jpg,/root/autodl-tmp/borescope-new-seg-data/v1/images/train/191.png,train,6,corrosion,gt_positive,"[188.99998474121094, 230.00001525878906, 264.0, 279.0]","[181, 225, 272, 284]",0
results/fast_repro/exp06_roi/patches/train/corrosion/191__gt1.jpg,/root/autodl-tmp/borescope-new-seg-data/v1/images/train/191.png,train,6,corrosion,gt_positive,"[140.0, 215.0, 170.0, 239.0]","[137, 213, 173, 241]",1
results/fast_repro/exp06_roi/patches/train/corrosion/192__gt0.jpg,/root/autodl-tmp/borescope-new-seg-data/v1/images/train/192.png,train,6,corrosion,gt_positive,"[111.25000762939453, 318.1666564941406, 480.25, 406.1666564941406]","[74, 309, 517, 415]",0
results/fast_repro/exp06_roi/patches/train/Crack/193__gt0.jpg,/root/autodl-tmp/borescope-new-seg-data/v1/images/train/193.png,train,1,Crack,gt_positive,"[137.90122985839844, 340.2592468261719, 508.5555725097656, 400.2592468261719]","[101, 334, 546, 406]",0
results/fast_repro/exp06_roi/patches/train/corrosion/193__gt1.jpg,/root/autodl-tmp/borescope-new-seg-data/v1/images/train/193.png,train,6,corrosion,gt_positive,"[150.0, 321.0, 474.0, 479.0]","[118, 305, 506, 480]",1
results/fast_repro/exp06_roi/patches/train/corrosion/195__gt0.jpg,/root/autodl-tmp/borescope-new-seg-data/v1/images/train/195.png,train,6,corrosion,gt_positive,"[142.0, 88.0, 212.99998474121094, 190.0]","[135, 78, 220, 200]",0
results/fast_repro/exp06_roi/patches/train/corrosion/196__gt0.jpg,/root/autodl-tmp/borescope-new-seg-data/v1/images/train/196.png,train,6,corrosion,gt_positive,"[171.0, 348.0, 317.0, 426.0]","[156, 340, 332, 434]",0
results/fast_repro/exp06_roi/patches/train/corrosion/196__gt1.jpg,/root/autodl-tmp/borescope-new-seg-data/v1/images/train/196.png,train,6,corrosion,gt_positive,"[443.0, 443.0, 476.0, 462.0]","[440, 441, 479, 464]",1
results/fast_repro/exp06_roi/patches/train/corrosion/196__gt2.jpg,/root/autodl-tmp/borescope-new-seg-data/v1/images/train/196.png,train,6,corrosion,gt_positive,"[340.0, 396.0, 368.0000305175781, 413.0]","[337, 394, 371, 415]",2
results/fast_repro/exp06_roi/patches/train/Dent/196__gt3.jpg,/root/autodl-tmp/borescope-new-seg-data/v1/images/train/196.png,train,2,Dent,gt_positive,"[124.24999237060547, 218.1481475830078, 171.25, 280.1666564941406]","[120, 212, 176, 286]",3
results/fast_repro/exp06_roi/patches/train/corrosion/197__gt0.jpg,/root/autodl-tmp/borescope-new-seg-data/v1/images/train/197.png,train,6,corrosion,gt_positive,"[214.0, 219.0, 337.0, 468.0]","[202, 194, 349, 493]",0
results/fast_repro/exp06_roi/patches/train/corrosion/197__gt1.jpg,/root/autodl-tmp/borescope-new-seg-data/v1/images/train/197.png,train,6,corrosion,gt_positive,"[358.0, 284.0, 633.0, 385.0]","[330, 274, 660, 395]",1
results/fast_repro/exp06_roi/patches/train/corrosion/197__gt2.jpg,/root/autodl-tmp/borescope-new-seg-data/v1/images/train/197.png,train,6,corrosion,gt_positive,"[70.0, 127.0, 710.0, 372.0]","[6, 102, 720, 396]",2
results/fast_repro/exp06_roi/patches/train/corrosion/197__gt3.jpg,/root/autodl-tmp/borescope-new-seg-data/v1/images/train/197.png,train,6,corrosion,gt_positive,"[7.000000476837158, 161.0, 111.0, 282.0]","[0, 149, 121, 294]",3
results/fast_repro/exp06_roi/patches/train/Material missing/198__gt0.jpg,/root/autodl-tmp/borescope-new-seg-data/v1/images/train/198.png,train,3,Material missing,gt_positive,"[7.453703880310059, 2.1666667461395264, 250.25, 534.1666870117188]","[0, 0, 275, 540]",0
results/fast_repro/exp06_roi/patches/train/Crack/198__gt1.jpg,/root/autodl-tmp/borescope-new-seg-data/v1/images/train/198.png,train,1,Crack,gt_positive,"[317.25, 204.25926208496094, 382.2500305175781, 385.16668701171875]","[311, 186, 389, 403]",1
results/fast_repro/exp06_roi/patches/train/Material missing/198__gt2.jpg,/root/autodl-tmp/borescope-new-seg-data/v1/images/train/198.png,train,3,Material missing,gt_positive,"[419.25, 4.259259223937988, 457.25, 108.16666412353516]","[415, 0, 461, 119]",2
results/fast_repro/exp06_roi/patches/train/Material missing/198__gt3.jpg,/root/autodl-tmp/borescope-new-seg-data/v1/images/train/198.png,train,3,Material missing,gt_positive,"[439.3981628417969, 187.12962341308594, 473.25, 308.1666564941406]","[436, 175, 477, 320]",3
results/fast_repro/exp06_roi/patches/train/Material missing/198__gt4.jpg,/root/autodl-tmp/borescope-new-seg-data/v1/images/train/198.png,train,3,Material missing,gt_positive,"[459.3055419921875, 397.3148193359375, 505.25, 536.1666259765625]","[455, 383, 510, 540]",4
results/fast_repro/exp06_roi/patches/train/corrosion/199__gt0.jpg,/root/autodl-tmp/borescope-new-seg-data/v1/images/train/199.png,train,6,corrosion,gt_positive,"[8.0, 92.0, 100.00000762939453, 150.0]","[0, 86, 109, 156]",0
results/fast_repro/exp06_roi/patches/train/corrosion/199__gt1.jpg,/root/autodl-tmp/borescope-new-seg-data/v1/images/train/199.png,train,6,corrosion,gt_positive,"[208.00001525878906, 83.0, 266.0, 111.99999237060547]","[202, 80, 272, 115]",1
results/fast_repro/exp06_roi/patches/train/corrosion/199__gt2.jpg,/root/autodl-tmp/borescope-new-seg-data/v1/images/train/199.png,train,6,corrosion,gt_positive,"[309.0, 76.0, 390.0, 108.0]","[301, 73, 398, 111]",2
results/fast_repro/exp06_roi/patches/train/Material missing/202__gt0.jpg,/root/autodl-tmp/borescope-new-seg-data/v1/images/train/202.png,train,3,Material missing,gt_positive,"[550.25, 291.75927734375, 562.25, 328.1666564941406]","[549, 288, 563, 332]",0
results/fast_repro/exp06_roi/patches/train/corrosion/205__gt0.jpg,/root/autodl-tmp/borescope-new-seg-data/v1/images/train/205.png,train,6,corrosion,gt_positive,"[98.0, 101.0, 155.0, 128.0]","[92, 98, 161, 131]",0
results/fast_repro/exp06_roi/patches/train/corrosion/205__gt1.jpg,/root/autodl-tmp/borescope-new-seg-data/v1/images/train/205.png,train,6,corrosion,gt_positive,"[47.0, 133.0, 87.0, 160.0]","[43, 130, 91, 163]",1
results/fast_repro/exp06_roi/patches/train/corrosion/205__gt2.jpg,/root/autodl-tmp/borescope-new-seg-data/v1/images/train/205.png,train,6,corrosion,gt_positive,"[109.55555725097656, 150.6995849609375, 145.55555725097656, 257.25927734375]","[106, 140, 149, 268]",2
results/fast_repro/exp06_roi/patches/train/corrosion/206__gt0.jpg,/root/autodl-tmp/borescope-new-seg-data/v1/images/train/206.png,train,6,corrosion,gt_positive,"[522.0, 338.0, 580.0, 386.0]","[516, 333, 586, 391]",0
results/fast_repro/exp06_roi/patches/train/corrosion/206__gt1.jpg,/root/autodl-tmp/borescope-new-seg-data/v1/images/train/206.png,train,6,corrosion,gt_positive,"[625.0, 173.0, 675.0, 241.0]","[620, 166, 680, 248]",1
results/fast_repro/exp06_roi/patches/train/corrosion/206__gt2.jpg,/root/autodl-tmp/borescope-new-seg-data/v1/images/train/206.png,train,6,corrosion,gt_positive,"[563.0, 149.0, 590.0, 162.0]","[560, 148, 593, 163]",2
results/fast_repro/exp06_roi/patches/train/corrosion/206__gt3.jpg,/root/autodl-tmp/borescope-new-seg-data/v1/images/train/206.png,train,6,corrosion,gt_positive,"[512.0, 223.99998474121094, 562.0, 259.0]","[507, 220, 567, 262]",3
results/fast_repro/exp06_roi/patches/train/corrosion/206__gt4.jpg,/root/autodl-tmp/borescope-new-seg-data/v1/images/train/206.png,train,6,corrosion,gt_positive,"[578.0, 199.0, 601.0, 214.0]","[576, 198, 603, 216]",4
results/fast_repro/exp06_roi/patches/train/corrosion/206__gt5.jpg,/root/autodl-tmp/borescope-new-seg-data/v1/images/train/206.png,train,6,corrosion,gt_positive,"[479.0, 219.0, 496.9999694824219, 236.0]","[477, 217, 499, 238]",5
results/fast_repro/exp06_roi/patches/train/corrosion/206__gt6.jpg,/root/autodl-tmp/borescope-new-seg-data/v1/images/train/206.png,train,6,corrosion,gt_positive,"[280.0, 410.0, 315.0, 447.9999694824219]","[276, 406, 318, 452]",6
results/fast_repro/exp06_roi/patches/train/corrosion/206__gt7.jpg,/root/autodl-tmp/borescope-new-seg-data/v1/images/train/206.png,train,6,corrosion,gt_positive,"[143.0, 439.0, 219.0, 495.0]","[135, 433, 227, 501]",7
results/fast_repro/exp06_roi/patches/train/corrosion/206__gt8.jpg,/root/autodl-tmp/borescope-new-seg-data/v1/images/train/206.png,train,6,corrosion,gt_positive,"[217.0, 397.0, 241.0, 418.0]","[215, 395, 243, 420]",8
results/fast_repro/exp06_roi/patches/train/corrosion/206__gt9.jpg,/root/autodl-tmp/borescope-new-seg-data/v1/images/train/206.png,train,6,corrosion,gt_positive,"[220.99998474121094, 358.0, 257.0, 388.0]","[217, 355, 261, 391]",9
results/fast_repro/exp06_roi/patches/train/corrosion/206__gt10.jpg,/root/autodl-tmp/borescope-new-seg-data/v1/images/train/206.png,train,6,corrosion,gt_positive,"[254.0, 335.0, 287.0, 362.0000305175781]","[251, 332, 290, 365]",10
results/fast_repro/exp06_roi/patches/train/corrosion/206__gt11.jpg,/root/autodl-tmp/borescope-new-seg-data/v1/images/train/206.png,train,6,corrosion,gt_positive,"[176.0, 369.0, 193.0, 387.0]","[174, 367, 195, 389]",11
results/fast_repro/exp06_roi/patches/train/corrosion/206__gt12.jpg,/root/autodl-tmp/borescope-new-seg-data/v1/images/train/206.png,train,6,corrosion,gt_positive,"[139.0, 385.0, 159.0, 417.0]","[137, 382, 161, 420]",12
results/fast_repro/exp06_roi/patches/train/Burn/207__gt0.jpg,/root/autodl-tmp/borescope-new-seg-data/v1/images/train/207.png,train,0,Burn,gt_positive,"[492.0, 32.0, 579.0, 250.0]","[483, 10, 588, 272]",0
results/fast_repro/exp06_roi/patches/train/corrosion/207__gt1.jpg,/root/autodl-tmp/borescope-new-seg-data/v1/images/train/207.png,train,6,corrosion,gt_positive,"[7.000000476837158, 26.0, 132.0, 392.0]","[0, 0, 144, 429]",1
results/fast_repro/exp06_roi/patches/train/corrosion/207__gt2.jpg,/root/autodl-tmp/borescope-new-seg-data/v1/images/train/207.png,train,6,corrosion,gt_positive,"[138.0, 4.0, 200.00001525878906, 257.0]","[132, 0, 206, 282]",2
results/fast_repro/exp06_roi/patches/train/Material missing/207__gt3.jpg,/root/autodl-tmp/borescope-new-seg-data/v1/images/train/207.png,train,3,Material missing,gt_positive,"[616.25, 331.1111145019531, 700.25, 489.1666564941406]","[608, 315, 709, 505]",3
results/fast_repro/exp06_roi/patches/train/corrosion/208__gt0.jpg,/root/autodl-tmp/borescope-new-seg-data/v1/images/train/208.png,train,6,corrosion,gt_positive,"[164.0, 349.0, 300.0, 406.0]","[150, 343, 314, 412]",0
results/fast_repro/exp06_roi/patches/train/Material missing/209__gt0.jpg,/root/autodl-tmp/borescope-new-seg-data/v1/images/train/209.png,train,3,Material missing,gt_positive,"[423.25, 328.3333435058594, 472.2500305175781, 492.1666564941406]","[418, 312, 477, 509]",0
results/fast_repro/exp06_roi/patches/train/Material missing/209__gt1.jpg,/root/autodl-tmp/borescope-new-seg-data/v1/images/train/209.png,train,3,Material missing,gt_positive,"[432.25, 99.62962341308594, 463.2499694824219, 230.1666717529297]","[429, 87, 466, 243]",1
results/fast_repro/exp06_roi/patches/train/corrosion/210__gt0.jpg,/root/autodl-tmp/borescope-new-seg-data/v1/images/train/210.png,train,6,corrosion,gt_positive,"[464.0, 392.0, 537.0, 477.0]","[457, 384, 544, 486]",0
results/fast_repro/exp06_roi/patches/train/corrosion/210__gt1.jpg,/root/autodl-tmp/borescope-new-seg-data/v1/images/train/210.png,train,6,corrosion,gt_positive,"[336.0, 288.0, 409.9999694824219, 336.0]","[329, 283, 417, 341]",1
results/fast_repro/exp06_roi/patches/train/corrosion/210__gt2.jpg,/root/autodl-tmp/borescope-new-seg-data/v1/images/train/210.png,train,6,corrosion,gt_positive,"[231.0, 272.0, 289.0, 324.0]","[225, 267, 295, 329]",2
results/fast_repro/exp06_roi/patches/train/corrosion/210__gt3.jpg,/root/autodl-tmp/borescope-new-seg-data/v1/images/train/210.png,train,6,corrosion,gt_positive,"[307.0, 387.0, 332.0, 404.0]","[304, 385, 334, 406]",3
results/fast_repro/exp06_roi/patches/train/corrosion/210__gt4.jpg,/root/autodl-tmp/borescope-new-seg-data/v1/images/train/210.png,train,6,corrosion,gt_positive,"[71.0, 241.0, 101.0, 266.0]","[68, 238, 104, 268]",4
results/fast_repro/exp06_roi/patches/train/corrosion/210__gt5.jpg,/root/autodl-tmp/borescope-new-seg-data/v1/images/train/210.png,train,6,corrosion,gt_positive,"[55.0, 215.0, 75.0, 233.0]","[53, 213, 77, 235]",5
results/fast_repro/exp06_roi/patches/train/corrosion/210__gt6.jpg,/root/autodl-tmp/borescope-new-seg-data/v1/images/train/210.png,train,6,corrosion,gt_positive,"[5.999999523162842, 223.99998474121094, 30.0, 265.0]","[4, 220, 32, 269]",6
results/fast_repro/exp06_roi/patches/train/corrosion/210__gt7.jpg,/root/autodl-tmp/borescope-new-seg-data/v1/images/train/210.png,train,6,corrosion,gt_positive,"[546.0, 211.0, 712.0, 435.0]","[529, 189, 720, 457]",7
results/fast_repro/exp06_roi/patches/train/corrosion/210__gt8.jpg,/root/autodl-tmp/borescope-new-seg-data/v1/images/train/210.png,train,6,corrosion,gt_positive,"[467.0, 203.0, 566.0, 341.0]","[457, 189, 576, 355]",8
results/fast_repro/exp06_roi/patches/train/corrosion/210__gt9.jpg,/root/autodl-tmp/borescope-new-seg-data/v1/images/train/210.png,train,6,corrosion,gt_positive,"[288.0, 197.0, 466.0, 284.0]","[270, 188, 484, 293]",9
results/fast_repro/exp06_roi/patches/train/corrosion/210__gt10.jpg,/root/autodl-tmp/borescope-new-seg-data/v1/images/train/210.png,train,6,corrosion,gt_positive,"[99.0, 186.0, 286.0, 309.0]","[80, 174, 305, 321]",10
results/fast_repro/exp06_roi/patches/train/corrosion/213__gt0.jpg,/root/autodl-tmp/borescope-new-seg-data/v1/images/train/213.png,train,6,corrosion,gt_positive,"[0.0, 124.0, 55.0, 175.0]","[0, 119, 60, 180]",0
results/fast_repro/exp06_roi/patches/train/corrosion/215__gt0.jpg,/root/autodl-tmp/borescope-new-seg-data/v1/images/train/215.png,train,6,corrosion,gt_positive,"[372.0, 89.0, 578.0, 539.0]","[351, 44, 599, 540]",0
results/fast_repro/exp06_roi/patches/train/corrosion/215__gt1.jpg,/root/autodl-tmp/borescope-new-seg-data/v1/images/train/215.png,train,6,corrosion,gt_positive,"[212.0, 55.999996185302734, 451.9999694824219, 481.0]","[188, 13, 476, 524]",1
results/fast_repro/exp06_roi/patches/train/corrosion/215__gt2.jpg,/root/autodl-tmp/borescope-new-seg-data/v1/images/train/215.png,train,6,corrosion,gt_positive,"[4.0, 274.0, 33.0, 536.0]","[1, 248, 36, 540]",2
results/fast_repro/exp06_roi/patches/train/Dent/216__gt0.jpg,/root/autodl-tmp/borescope-new-seg-data/v1/images/train/216.png,train,2,Dent,gt_positive,"[544.9537353515625, 188.0555419921875, 622.25, 239.16665649414062]","[537, 183, 630, 244]",0
results/fast_repro/exp06_roi/patches/train/corrosion/217__gt0.jpg,/root/autodl-tmp/borescope-new-seg-data/v1/images/train/217.png,train,6,corrosion,gt_positive,"[335.0, 87.0, 396.9999694824219, 148.0]","[329, 81, 403, 154]",0
results/fast_repro/exp06_roi/patches/train/corrosion/219__gt0.jpg,/root/autodl-tmp/borescope-new-seg-data/v1/images/train/219.png,train,6,corrosion,gt_positive,"[573.0510864257812, 3.686131477355957, 676.0510864257812, 329.6861572265625]","[563, 0, 686, 362]",0
results/fast_repro/exp06_roi/patches/train/Dent/219__gt1.jpg,/root/autodl-tmp/borescope-new-seg-data/v1/images/train/219.png,train,2,Dent,gt_positive,"[640.0510864257812, 0.0, 666.204345703125, 47.68613052368164]","[637, 0, 669, 52]",1
results/fast_repro/exp06_roi/patches/train/Dent/219__gt2.jpg,/root/autodl-tmp/borescope-new-seg-data/v1/images/train/219.png,train,2,Dent,gt_positive,"[682.0510864257812, 284.5985412597656, 702.0510864257812, 307.6861267089844]","[680, 282, 704, 310]",2
results/fast_repro/exp06_roi/patches/train/Material missing/220__gt0.jpg,/root/autodl-tmp/borescope-new-seg-data/v1/images/train/220.png,train,3,Material missing,gt_positive,"[332.19671630859375, 312.2705078125, 349.19671630859375, 347.2705078125]","[330, 309, 351, 351]",0
results/fast_repro/exp06_roi/patches/train/corrosion/221__gt0.jpg,/root/autodl-tmp/borescope-new-seg-data/v1/images/train/221.png,train,6,corrosion,gt_positive,"[4.0, 94.0, 385.0, 226.0]","[0, 81, 423, 239]",0
results/fast_repro/exp06_roi/patches/train/Dent/221__gt1.jpg,/root/autodl-tmp/borescope-new-seg-data/v1/images/train/221.png,train,2,Dent,gt_positive,"[291.0, 276.0, 336.0, 290.0]","[286, 275, 340, 291]",1
results/fast_repro/exp06_roi/patches/train/Burn/222__gt0.jpg,/root/autodl-tmp/borescope-new-seg-data/v1/images/train/222.png,train,0,Burn,gt_positive,"[115.05109405517578, 203.57664489746094, 240.0511016845703, 272.6861267089844]","[103, 197, 253, 280]",0
results/fast_repro/exp06_roi/patches/train/Crack/222__gt1.jpg,/root/autodl-tmp/borescope-new-seg-data/v1/images/train/222.png,train,1,Crack,gt_positive,"[506.3503723144531, 293.357666015625, 637.0510864257812, 320.6861267089844]","[493, 291, 650, 323]",1
results/fast_repro/exp06_roi/patches/train/Burn/222__gt2.jpg,/root/autodl-tmp/borescope-new-seg-data/v1/images/train/222.png,train,0,Burn,gt_positive,"[219.0, 73.0, 502.0, 241.0]","[191, 56, 530, 258]",2
results/fast_repro/exp06_roi/patches/train/corrosion/223__gt0.jpg,/root/autodl-tmp/borescope-new-seg-data/v1/images/train/223.png,train,6,corrosion,gt_positive,"[126.0, 254.0, 238.0, 298.0]","[115, 250, 249, 302]",0
results/fast_repro/exp06_roi/patches/train/corrosion/224__gt0.jpg,/root/autodl-tmp/borescope-new-seg-data/v1/images/train/224.png,train,6,corrosion,gt_positive,"[178.0, 251.0, 269.0, 404.0]","[169, 236, 278, 419]",0
results/fast_repro/exp06_roi/patches/train/Burn/225__gt0.jpg,/root/autodl-tmp/borescope-new-seg-data/v1/images/train/225.png,train,0,Burn,gt_positive,"[339.927001953125, 250.68612670898438, 639.0510864257812, 536.6861572265625]","[310, 222, 669, 540]",0
results/fast_repro/exp06_roi/patches/train/Burn/225__gt1.jpg,/root/autodl-tmp/borescope-new-seg-data/v1/images/train/225.png,train,0,Burn,gt_positive,"[307.0, 422.0, 363.0, 449.0]","[301, 419, 369, 452]",1
results/fast_repro/exp06_roi/patches/train/Burn/225__gt2.jpg,/root/autodl-tmp/borescope-new-seg-data/v1/images/train/225.png,train,0,Burn,gt_positive,"[203.0511016845703, 181.68612670898438, 685.0510864257812, 330.6861267089844]","[155, 167, 720, 346]",2
results/fast_repro/exp06_roi/patches/train/corrosion/227__gt0.jpg,/root/autodl-tmp/borescope-new-seg-data/v1/images/train/227.png,train,6,corrosion,gt_positive,"[4.051095008850098, 0.0, 534.0510864257812, 538.6861572265625]","[0, 0, 587, 540]",0
results/fast_repro/exp06_roi/patches/train/corrosion/227__gt1.jpg,/root/autodl-tmp/borescope-new-seg-data/v1/images/train/227.png,train,6,corrosion,gt_positive,"[508.0511169433594, 263.6861267089844, 713.0510864257812, 538.6861572265625]","[488, 236, 720, 540]",1
results/fast_repro/exp06_roi/patches/train/corrosion/228__gt0.jpg,/root/autodl-tmp/borescope-new-seg-data/v1/images/train/228.png,train,6,corrosion,gt_positive,"[3.0510950088500977, 0.0, 718.0510864257812, 215.68614196777344]","[0, 0, 720, 237]",0
results/fast_repro/exp06_roi/patches/train/Burn/233__gt0.jpg,/root/autodl-tmp/borescope-new-seg-data/v1/images/train/233.png,train,0,Burn,gt_positive,"[314.05108642578125, 34.963504791259766, 523.0510864257812, 220.68612670898438]","[293, 16, 544, 239]",0
results/fast_repro/exp06_roi/patches/train/Burn/233__gt1.jpg,/root/autodl-tmp/borescope-new-seg-data/v1/images/train/233.png,train,0,Burn,gt_positive,"[139.19708251953125, 34.686134338378906, 263.0511169433594, 221.68614196777344]","[127, 16, 275, 240]",1
results/fast_repro/exp06_roi/patches/train/Burn/233__gt2.jpg,/root/autodl-tmp/borescope-new-seg-data/v1/images/train/233.png,train,0,Burn,gt_positive,"[382.0511169433594, 426.6861572265625, 587.0510864257812, 482.6861267089844]","[362, 421, 608, 488]",2
results/fast_repro/exp06_roi/patches/train/corrosion/234__gt0.jpg,/root/autodl-tmp/borescope-new-seg-data/v1/images/train/234.png,train,6,corrosion,gt_positive,"[487.85711669921875, 178.57144165039062, 577.8961181640625, 208.57144165039062]","[479, 176, 587, 212]",0
results/fast_repro/exp06_roi/patches/train/corrosion/235__gt0.jpg,/root/autodl-tmp/borescope-new-seg-data/v1/images/train/235.png,train,6,corrosion,gt_positive,"[510.0, 396.0, 552.0, 426.0]","[506, 393, 556, 429]",0
results/fast_repro/exp06_roi/patches/train/corrosion/235__gt1.jpg,/root/autodl-tmp/borescope-new-seg-data/v1/images/train/235.png,train,6,corrosion,gt_positive,"[576.0, 364.0, 614.0, 395.0]","[572, 361, 618, 398]",1
results/fast_repro/exp06_roi/patches/train/corrosion/235__gt2.jpg,/root/autodl-tmp/borescope-new-seg-data/v1/images/train/235.png,train,6,corrosion,gt_positive,"[489.0, 321.0, 607.0, 362.0000305175781]","[477, 317, 619, 366]",2
results/fast_repro/exp06_roi/patches/train/corrosion/235__gt3.jpg,/root/autodl-tmp/borescope-new-seg-data/v1/images/train/235.png,train,6,corrosion,gt_positive,"[377.9999694824219, 278.0, 425.0, 320.0]","[373, 274, 430, 324]",3
results/fast_repro/exp06_roi/patches/train/corrosion/235__gt4.jpg,/root/autodl-tmp/borescope-new-seg-data/v1/images/train/235.png,train,6,corrosion,gt_positive,"[157.0, 290.0, 182.0, 306.0]","[154, 288, 184, 308]",4
results/fast_repro/exp06_roi/patches/train/corrosion/235__gt5.jpg,/root/autodl-tmp/borescope-new-seg-data/v1/images/train/235.png,train,6,corrosion,gt_positive,"[180.0, 332.0, 204.0, 344.0]","[178, 331, 206, 345]",5
results/fast_repro/exp06_roi/patches/train/corrosion/236__gt0.jpg,/root/autodl-tmp/borescope-new-seg-data/v1/images/train/236.png,train,6,corrosion,gt_positive,"[9.0, 395.0, 54.000003814697266, 405.0]","[4, 394, 59, 406]",0
results/fast_repro/exp06_roi/patches/train/corrosion/236__gt1.jpg,/root/autodl-tmp/borescope-new-seg-data/v1/images/train/236.png,train,6,corrosion,gt_positive,"[220.0, 430.0, 280.0, 444.0]","[214, 429, 286, 445]",1
results/fast_repro/exp06_roi/patches/train/corrosion/236__gt2.jpg,/root/autodl-tmp/borescope-new-seg-data/v1/images/train/236.png,train,6,corrosion,gt_positive,"[648.0, 266.0, 690.0, 303.0]","[644, 262, 694, 307]",2
results/fast_repro/exp06_roi/patches/train/Burn/237__gt0.jpg,/root/autodl-tmp/borescope-new-seg-data/v1/images/train/237.png,train,0,Burn,gt_positive,"[436.0, 41.0, 567.0, 180.0]","[423, 27, 580, 194]",0
results/fast_repro/exp06_roi/patches/train/Crack/237__gt1.jpg,/root/autodl-tmp/borescope-new-seg-data/v1/images/train/237.png,train,1,Crack,gt_positive,"[388.04052734375, 60.5405387878418, 428.1756591796875, 209.54054260253906]","[384, 46, 432, 224]",1
results/fast_repro/exp06_roi/patches/train/corrosion/238__gt0.jpg,/root/autodl-tmp/borescope-new-seg-data/v1/images/train/238.png,train,6,corrosion,gt_positive,"[518.0, 359.0, 555.0, 376.0]","[514, 357, 559, 378]",0
results/fast_repro/exp06_roi/patches/train/Crack/238__gt1.jpg,/root/autodl-tmp/borescope-new-seg-data/v1/images/train/238.png,train,1,Crack,gt_positive,"[73.7264404296875, 324.19415283203125, 93.72644805908203, 382.2705078125]","[72, 318, 96, 388]",1
results/fast_repro/exp06_roi/patches/train/Dent/239__gt0.jpg,/root/autodl-tmp/borescope-new-seg-data/v1/images/train/239.png,train,2,Dent,gt_positive,"[388.4533996582031, 361.8730163574219, 416.453369140625, 382.3381042480469]","[386, 360, 419, 384]",0
results/fast_repro/exp06_roi/patches/train/corrosion/240__gt0.jpg,/root/autodl-tmp/borescope-new-seg-data/v1/images/train/240.png,train,6,corrosion,gt_positive,"[1.051094889640808, 0.0, 717.0510864257812, 326.6861267089844]","[0, 0, 720, 359]",0
results/fast_repro/exp06_roi/patches/train/Material missing/243__gt0.jpg,/root/autodl-tmp/borescope-new-seg-data/v1/images/train/243.png,train,3,Material missing,gt_positive,"[326.0, 296.0, 406.0, 344.0]","[318, 291, 414, 349]",0
results/fast_repro/exp06_roi/patches/train/Burn/249__gt0.jpg,/root/autodl-tmp/borescope-new-seg-data/v1/images/train/249.png,train,0,Burn,gt_positive,"[409.0, 114.0, 545.0, 236.0]","[395, 102, 559, 248]",0
results/fast_repro/exp06_roi/patches/train/corrosion/249__gt1.jpg,/root/autodl-tmp/borescope-new-seg-data/v1/images/train/249.png,train,6,corrosion,gt_positive,"[299.1756896972656, 320.6756591796875, 537.1756591796875, 521.54052734375]","[275, 301, 561, 540]",1
results/fast_repro/exp06_roi/patches/train/Dent/250__gt0.jpg,/root/autodl-tmp/borescope-new-seg-data/v1/images/train/250.png,train,2,Dent,gt_positive,"[509.0, 103.0, 542.0, 160.0]","[506, 97, 545, 166]",0
results/fast_repro/exp06_roi/patches/train/Burn/252__gt0.jpg,/root/autodl-tmp/borescope-new-seg-data/v1/images/train/252.png,train,0,Burn,gt_positive,"[152.05108642578125, 286.05841064453125, 295.0511169433594, 462.6861267089844]","[138, 268, 309, 480]",0
results/fast_repro/exp06_roi/patches/train/Burn/252__gt1.jpg,/root/autodl-tmp/borescope-new-seg-data/v1/images/train/252.png,train,0,Burn,gt_positive,"[317.05108642578125, 241.53285217285156, 464.05108642578125, 334.6861267089844]","[302, 232, 479, 344]",1
results/fast_repro/exp06_roi/patches/train/Burn/252__gt2.jpg,/root/autodl-tmp/borescope-new-seg-data/v1/images/train/252.png,train,0,Burn,gt_positive,"[479.0511169433594, 174.3795623779297, 651.0510864257812, 264.6861267089844]","[462, 165, 668, 274]",2
results/fast_repro/exp06_roi/patches/train/Burn/253__gt0.jpg,/root/autodl-tmp/borescope-new-seg-data/v1/images/train/253.png,train,0,Burn,gt_positive,"[331.05108642578125, 343.6861267089844, 717.6861572265625, 536.6861572265625]","[292, 324, 720, 540]",0
results/fast_repro/exp06_roi/patches/train/Crack/253__gt1.jpg,/root/autodl-tmp/borescope-new-seg-data/v1/images/train/253.png,train,1,Crack,gt_positive,"[361.8128356933594, 254.50741577148438, 393.8128356933594, 279.5074157714844]","[359, 252, 397, 282]",1
results/fast_repro/exp06_roi/patches/train/corrosion/254__gt0.jpg,/root/autodl-tmp/borescope-new-seg-data/v1/images/train/254.png,train,6,corrosion,gt_positive,"[174.0, 129.0, 273.0, 188.0]","[164, 123, 283, 194]",0
results/fast_repro/exp06_roi/patches/train/corrosion/254__gt1.jpg,/root/autodl-tmp/borescope-new-seg-data/v1/images/train/254.png,train,6,corrosion,gt_positive,"[624.0, 17.0, 661.0, 37.0]","[620, 15, 665, 39]",1
results/fast_repro/exp06_roi/patches/train/Material missing/255__gt0.jpg,/root/autodl-tmp/borescope-new-seg-data/v1/images/train/255.png,train,3,Material missing,gt_positive,"[209.68612670898438, 83.86860656738281, 430.6861267089844, 370.6861267089844]","[188, 55, 453, 399]",0
results/fast_repro/exp06_roi/patches/train/Burn/255__gt1.jpg,/root/autodl-tmp/borescope-new-seg-data/v1/images/train/255.png,train,0,Burn,gt_positive,"[32.26277542114258, 63.68613052368164, 332.6861267089844, 304.6861572265625]","[2, 40, 363, 329]",1
results/fast_repro/exp06_roi/patches/train/Burn/255__gt2.jpg,/root/autodl-tmp/borescope-new-seg-data/v1/images/train/255.png,train,0,Burn,gt_positive,"[293.6861267089844, 198.4671630859375, 445.6861572265625, 382.6861267089844]","[278, 180, 461, 401]",2
results/fast_repro/exp06_roi/patches/train/corrosion/257__gt0.jpg,/root/autodl-tmp/borescope-new-seg-data/v1/images/train/257.png,train,6,corrosion,gt_positive,"[55.0, 107.0, 119.0, 176.0]","[49, 100, 125, 183]",0
results/fast_repro/exp06_roi/patches/train/corrosion/258__gt0.jpg,/root/autodl-tmp/borescope-new-seg-data/v1/images/train/258.png,train,6,corrosion,gt_positive,"[351.0, 349.0, 406.9999694824219, 383.0]","[345, 346, 413, 386]",0
results/fast_repro/exp06_roi/patches/train/corrosion/258__gt1.jpg,/root/autodl-tmp/borescope-new-seg-data/v1/images/train/258.png,train,6,corrosion,gt_positive,"[474.1756591796875, 257.54052734375, 544.1216430664062, 384.5405578613281]","[467, 245, 551, 397]",1
results/fast_repro/exp06_roi/patches/train/Burn/259__gt0.jpg,/root/autodl-tmp/borescope-new-seg-data/v1/images/train/259.png,train,0,Burn,gt_positive,"[72.6861343383789, 210.14598083496094, 329.6861267089844, 524.6861572265625]","[47, 179, 355, 540]",0
results/fast_repro/exp06_roi/patches/train/Burn/259__gt1.jpg,/root/autodl-tmp/borescope-new-seg-data/v1/images/train/259.png,train,0,Burn,gt_positive,"[319.6861267089844, 268.5401611328125, 505.6861267089844, 386.6861267089844]","[301, 257, 524, 399]",1
results/fast_repro/exp06_roi/patches/train/Burn/259__gt2.jpg,/root/autodl-tmp/borescope-new-seg-data/v1/images/train/259.png,train,0,Burn,gt_positive,"[529.6860961914062, 318.9051208496094, 715.6861572265625, 433.6861267089844]","[511, 307, 720, 445]",2
results/fast_repro/exp06_roi/patches/train/Crack/260__gt0.jpg,/root/autodl-tmp/borescope-new-seg-data/v1/images/train/260.png,train,1,Crack,gt_positive,"[191.68612670898438, 233.50364685058594, 359.6861267089844, 473.6861267089844]","[175, 209, 376, 498]",0
results/fast_repro/exp06_roi/patches/train/corrosion/261__gt0.jpg,/root/autodl-tmp/borescope-new-seg-data/v1/images/train/261.png,train,6,corrosion,gt_positive,"[87.0, 166.0, 122.0, 198.0]","[84, 163, 126, 201]",0
results/fast_repro/exp06_roi/patches/train/corrosion/261__gt1.jpg,/root/autodl-tmp/borescope-new-seg-data/v1/images/train/261.png,train,6,corrosion,gt_positive,"[143.0, 188.0, 190.0, 205.0]","[138, 186, 195, 207]",1
results/fast_repro/exp06_roi/patches/train/corrosion/263__gt0.jpg,/root/autodl-tmp/borescope-new-seg-data/v1/images/train/263.png,train,6,corrosion,gt_positive,"[202.0, 247.0, 245.00001525878906, 299.0]","[198, 242, 249, 304]",0
results/fast_repro/exp06_roi/patches/train/Burn/264__gt0.jpg,/root/autodl-tmp/borescope-new-seg-data/v1/images/train/264.png,train,0,Burn,gt_positive,"[7.000000476837158, 28.000001907348633, 236.0, 221.0]","[0, 9, 259, 240]",0
results/fast_repro/exp06_roi/patches/train/corrosion/264__gt1.jpg,/root/autodl-tmp/borescope-new-seg-data/v1/images/train/264.png,train,6,corrosion,gt_positive,"[309.0, 13.0, 451.9999694824219, 88.0]","[295, 6, 466, 96]",1
results/fast_repro/exp06_roi/patches/train/Material missing/264__gt2.jpg,/root/autodl-tmp/borescope-new-seg-data/v1/images/train/264.png,train,3,Material missing,gt_positive,"[218.68612670898438, 283.8686218261719, 621.6861572265625, 512.6861572265625]","[178, 261, 662, 536]",2
results/fast_repro/exp06_roi/patches/train/Burn/265__gt0.jpg,/root/autodl-tmp/borescope-new-seg-data/v1/images/train/265.png,train,0,Burn,gt_positive,"[2.335766315460205, 160.68614196777344, 716.6860961914062, 521.6861572265625]","[0, 125, 720, 540]",0
results/fast_repro/exp06_roi/patches/train/Burn/266__gt0.jpg,/root/autodl-tmp/borescope-new-seg-data/v1/images/train/266.png,train,0,Burn,gt_positive,"[165.0, 4.0, 258.0, 148.0]","[156, 0, 267, 162]",0
results/fast_repro/exp06_roi/patches/train/Burn/266__gt1.jpg,/root/autodl-tmp/borescope-new-seg-data/v1/images/train/266.png,train,0,Burn,gt_positive,"[241.99998474121094, 4.0, 387.0000305175781, 129.0]","[227, 0, 402, 142]",1
results/fast_repro/exp06_roi/patches/train/Burn/266__gt2.jpg,/root/autodl-tmp/borescope-new-seg-data/v1/images/train/266.png,train,0,Burn,gt_positive,"[388.6861267089844, 21.824817657470703, 568.6860961914062, 539.9990234375]","[371, 0, 587, 540]",2
results/fast_repro/exp06_roi/patches/train/Material missing/266__gt3.jpg,/root/autodl-tmp/borescope-new-seg-data/v1/images/train/266.png,train,3,Material missing,gt_positive,"[551.6861572265625, 235.6934356689453, 566.5693359375, 356.6861267089844]","[550, 224, 568, 369]",3
results/fast_repro/exp06_roi/patches/train/corrosion/266__gt4.jpg,/root/autodl-tmp/borescope-new-seg-data/v1/images/train/266.png,train,6,corrosion,gt_positive,"[568.1756591796875, 4.45945930480957, 719.1756591796875, 349.5405578613281]","[553, 0, 720, 384]",4
results/fast_repro/exp06_roi/patches/train/Burn/266__gt5.jpg,/root/autodl-tmp/borescope-new-seg-data/v1/images/train/266.png,train,0,Burn,gt_positive,"[258.1756896972656, 133.51351928710938, 416.1756591796875, 539.9990234375]","[242, 93, 432, 540]",5
results/fast_repro/exp06_roi/patches/train/Burn/268__gt0.jpg,/root/autodl-tmp/borescope-new-seg-data/v1/images/train/268.png,train,0,Burn,gt_positive,"[132.68612670898438, 44.68613052368164, 718.6861572265625, 536.6861572265625]","[74, 0, 720, 540]",0
results/fast_repro/exp06_roi/patches/train/Burn/269__gt0.jpg,/root/autodl-tmp/borescope-new-seg-data/v1/images/train/269.png,train,0,Burn,gt_positive,"[428.6861267089844, 206.68612670898438, 581.6860961914062, 349.6861267089844]","[413, 192, 597, 364]",0
results/fast_repro/exp06_roi/patches/train/Burn/269__gt1.jpg,/root/autodl-tmp/borescope-new-seg-data/v1/images/train/269.png,train,0,Burn,gt_positive,"[328.6861267089844, 355.6861267089844, 412.6861267089844, 426.2043762207031]","[320, 349, 421, 433]",1
results/fast_repro/exp06_roi/patches/train/Burn/269__gt2.jpg,/root/autodl-tmp/borescope-new-seg-data/v1/images/train/269.png,train,0,Burn,gt_positive,"[283.0, 214.0, 712.0, 538.0]","[240, 182, 720, 540]",2
results/fast_repro/exp06_roi/patches/train/corrosion/270__gt0.jpg,/root/autodl-tmp/borescope-new-seg-data/v1/images/train/270.png,train,6,corrosion,gt_positive,"[555.0, 223.99998474121094, 663.0, 360.0]","[544, 210, 674, 374]",0
results/fast_repro/exp06_roi/patches/train/corrosion/270__gt1.jpg,/root/autodl-tmp/borescope-new-seg-data/v1/images/train/270.png,train,6,corrosion,gt_positive,"[496.0, 7.000000476837158, 674.0, 169.0]","[478, 0, 692, 185]",1
results/fast_repro/exp06_roi/patches/train/corrosion/271__gt0.jpg,/root/autodl-tmp/borescope-new-seg-data/v1/images/train/271.png,train,6,corrosion,gt_positive,"[543.211669921875, 342.6861267089844, 624.6861572265625, 515.6860961914062]","[535, 325, 633, 533]",0
results/fast_repro/exp06_roi/patches/train/corrosion/272__gt0.jpg,/root/autodl-tmp/borescope-new-seg-data/v1/images/train/272.png,train,6,corrosion,gt_positive,"[0.0, 188.0, 619.0, 468.0]","[0, 160, 640, 480]",0
results/fast_repro/exp06_roi/patches/train/Crack/272__gt1.jpg,/root/autodl-tmp/borescope-new-seg-data/v1/images/train/272.png,train,1,Crack,gt_positive,"[400.5555725097656, 321.2592468261719, 448.5555725097656, 459.25927734375]","[396, 307, 453, 473]",1
results/fast_repro/exp06_roi/patches/train/corrosion/273__gt0.jpg,/root/autodl-tmp/borescope-new-seg-data/v1/images/train/273.png,train,6,corrosion,gt_positive,"[0.0, 386.05841064453125, 626.6860961914062, 538.6861572265625]","[0, 371, 689, 540]",0
results/fast_repro/exp06_roi/patches/train/corrosion/273__gt1.jpg,/root/autodl-tmp/borescope-new-seg-data/v1/images/train/273.png,train,6,corrosion,gt_positive,"[624.6861572265625, 407.6861267089844, 698.6861572265625, 441.5328369140625]","[617, 404, 706, 445]",1
results/fast_repro/exp06_roi/patches/train/corrosion/273__gt2.jpg,/root/autodl-tmp/borescope-new-seg-data/v1/images/train/273.png,train,6,corrosion,gt_positive,"[662.6861572265625, 445.1824645996094, 710.6860961914062, 488.6861572265625]","[658, 441, 715, 493]",2
results/fast_repro/exp06_roi/patches/train/Burn/274__gt0.jpg,/root/autodl-tmp/borescope-new-seg-data/v1/images/train/274.png,train,0,Burn,gt_positive,"[485.0, 177.0, 556.0, 265.0]","[478, 168, 563, 274]",0
results/fast_repro/exp06_roi/patches/train/corrosion/275__gt0.jpg,/root/autodl-tmp/borescope-new-seg-data/v1/images/train/275.png,train,6,corrosion,gt_positive,"[150.68612670898438, 264.8905029296875, 642.6860961914062, 388.6861267089844]","[101, 253, 692, 401]",0
results/fast_repro/exp06_roi/patches/train/corrosion/275__gt1.jpg,/root/autodl-tmp/borescope-new-seg-data/v1/images/train/275.png,train,6,corrosion,gt_positive,"[183.0, 346.0, 210.0, 368.0]","[180, 344, 213, 370]",1
results/fast_repro/exp06_roi/patches/train/corrosion/275__gt2.jpg,/root/autodl-tmp/borescope-new-seg-data/v1/images/train/275.png,train,6,corrosion,gt_positive,"[108.00000762939453, 270.0, 129.0, 311.0]","[106, 266, 131, 315]",2
results/fast_repro/exp06_roi/patches/train/corrosion/275__gt3.jpg,/root/autodl-tmp/borescope-new-seg-data/v1/images/train/275.png,train,6,corrosion,gt_positive,"[50.000003814697266, 298.0, 85.0, 341.0]","[46, 294, 88, 345]",3
results/fast_repro/exp06_roi/patches/train/corrosion/275__gt4.jpg,/root/autodl-tmp/borescope-new-seg-data/v1/images/train/275.png,train,6,corrosion,gt_positive,"[646.0, 482.0, 698.0, 538.0]","[641, 476, 703, 540]",4
results/fast_repro/exp06_roi/patches/train/Burn/276__gt0.jpg,/root/autodl-tmp/borescope-new-seg-data/v1/images/train/276.png,train,0,Burn,gt_positive,"[91.6861343383789, 88.6861343383789, 542.6860961914062, 485.6861267089844]","[47, 49, 588, 525]",0
results/fast_repro/exp06_roi/patches/train/corrosion/277__gt0.jpg,/root/autodl-tmp/borescope-new-seg-data/v1/images/train/277.png,train,6,corrosion,gt_positive,"[548.6861572265625, 37.883209228515625, 652.6860961914062, 411.6861267089844]","[538, 1, 663, 449]",0
results/fast_repro/exp06_roi/patches/train/corrosion/277__gt1.jpg,/root/autodl-tmp/borescope-new-seg-data/v1/images/train/277.png,train,6,corrosion,gt_positive,"[34.68613052368164, 99.927001953125, 126.68612670898438, 361.6861267089844]","[25, 74, 136, 388]",1
results/fast_repro/exp06_roi/patches/train/corrosion/278__gt0.jpg,/root/autodl-tmp/borescope-new-seg-data/v1/images/train/278.png,train,6,corrosion,gt_positive,"[562.1897583007812, 253.68612670898438, 595.6861572265625, 311.6861267089844]","[559, 248, 599, 317]",0
results/fast_repro/exp06_roi/patches/train/corrosion/279__gt0.jpg,/root/autodl-tmp/borescope-new-seg-data/v1/images/train/279.png,train,6,corrosion,gt_positive,"[169.0, 376.0, 272.0, 481.0]","[159, 366, 282, 492]",0
results/fast_repro/exp06_roi/patches/train/corrosion/281__gt0.jpg,/root/autodl-tmp/borescope-new-seg-data/v1/images/train/281.png,train,6,corrosion,gt_positive,"[402.0, 416.0, 478.0, 435.0]","[394, 414, 486, 437]",0
results/fast_repro/exp06_roi/patches/train/corrosion/282__gt0.jpg,/root/autodl-tmp/borescope-new-seg-data/v1/images/train/282.png,train,6,corrosion,gt_positive,"[560.0, 344.0, 593.0, 407.0]","[557, 338, 596, 413]",0
results/fast_repro/exp06_roi/patches/train/corrosion/282__gt1.jpg,/root/autodl-tmp/borescope-new-seg-data/v1/images/train/282.png,train,6,corrosion,gt_positive,"[653.0, 439.0, 711.0, 488.0]","[647, 434, 717, 493]",1
results/fast_repro/exp06_roi/patches/train/Dent/283__gt0.jpg,/root/autodl-tmp/borescope-new-seg-data/v1/images/train/283.png,train,2,Dent,gt_positive,"[488.5811462402344, 55.96103286743164, 500.5811462402344, 77.8435287475586]","[487, 54, 502, 80]",0
results/fast_repro/exp06_roi/patches/train/Material missing/283__gt1.jpg,/root/autodl-tmp/borescope-new-seg-data/v1/images/train/283.png,train,3,Material missing,gt_positive,"[370.6104736328125, 320.5123291015625, 388.6104736328125, 352.6705322265625]","[369, 317, 390, 356]",1
results/fast_repro/exp06_roi/patches/train/corrosion/284__gt0.jpg,/root/autodl-tmp/borescope-new-seg-data/v1/images/train/284.png,train,6,corrosion,gt_positive,"[121.6861343383789, 102.11679077148438, 221.68614196777344, 536.6861572265625]","[112, 59, 232, 540]",0
results/fast_repro/exp06_roi/patches/train/Material missing/284__gt1.jpg,/root/autodl-tmp/borescope-new-seg-data/v1/images/train/284.png,train,3,Material missing,gt_positive,"[348.3211669921875, 268.5401611328125, 454.6861267089844, 539.9990234375]","[338, 241, 465, 540]",1
results/fast_repro/exp06_roi/patches/train/Burn/285__gt0.jpg,/root/autodl-tmp/borescope-new-seg-data/v1/images/train/285.png,train,0,Burn,gt_positive,"[85.6861343383789, 113.06568908691406, 347.6861267089844, 387.6861267089844]","[59, 86, 374, 415]",0
results/fast_repro/exp06_roi/patches/train/Crack/286__gt0.jpg,/root/autodl-tmp/borescope-new-seg-data/v1/images/train/286.png,train,1,Crack,gt_positive,"[401.6058349609375, 46.68613052368164, 476.6861267089844, 70.6861343383789]","[394, 44, 484, 73]",0
results/fast_repro/exp06_roi/patches/train/corrosion/286__gt1.jpg,/root/autodl-tmp/borescope-new-seg-data/v1/images/train/286.png,train,6,corrosion,gt_positive,"[283.6861267089844, 6.686131477355957, 557.6861572265625, 335.6861267089844]","[256, 0, 585, 369]",1
results/fast_repro/exp06_roi/patches/train/corrosion/286__gt2.jpg,/root/autodl-tmp/borescope-new-seg-data/v1/images/train/286.png,train,6,corrosion,gt_positive,"[303.0657043457031, 40.68613052368164, 351.6861267089844, 94.08759307861328]","[298, 35, 357, 99]",2
results/fast_repro/exp06_roi/patches/train/corrosion/287__gt0.jpg,/root/autodl-tmp/borescope-new-seg-data/v1/images/train/287.png,train,6,corrosion,gt_positive,"[275.6861267089844, 415.2554931640625, 343.6861267089844, 494.6861267089844]","[269, 407, 350, 503]",0
results/fast_repro/exp06_roi/patches/train/corrosion/287__gt1.jpg,/root/autodl-tmp/borescope-new-seg-data/v1/images/train/287.png,train,6,corrosion,gt_positive,"[500.68609619140625, 210.68612670898438, 560.7299194335938, 266.6861267089844]","[495, 205, 567, 272]",1
results/fast_repro/exp06_roi/patches/train/Material missing/288__gt0.jpg,/root/autodl-tmp/borescope-new-seg-data/v1/images/train/288.png,train,3,Material missing,gt_positive,"[271.6861267089844, 181.6788330078125, 345.6861267089844, 242.68612670898438]","[264, 176, 353, 249]",0
results/fast_repro/exp06_roi/patches/train/corrosion/289__gt0.jpg,/root/autodl-tmp/borescope-new-seg-data/v1/images/train/289.png,train,6,corrosion,gt_positive,"[259.0, 380.0, 346.0, 417.0]","[250, 376, 355, 421]",0
results/fast_repro/exp06_roi/patches/train/corrosion/289__gt1.jpg,/root/autodl-tmp/borescope-new-seg-data/v1/images/train/289.png,train,6,corrosion,gt_positive,"[178.0, 152.0, 480.0, 206.0]","[148, 147, 510, 211]",1
results/fast_repro/exp06_roi/patches/train/corrosion/289__gt2.jpg,/root/autodl-tmp/borescope-new-seg-data/v1/images/train/289.png,train,6,corrosion,gt_positive,"[440.0, 396.0, 472.0, 416.0]","[437, 394, 475, 418]",2
results/fast_repro/exp06_roi/patches/train/corrosion/289__gt3.jpg,/root/autodl-tmp/borescope-new-seg-data/v1/images/train/289.png,train,6,corrosion,gt_positive,"[557.0, 387.0, 596.0, 398.0]","[553, 386, 600, 399]",3
results/fast_repro/exp06_roi/patches/train/Burn/290__gt0.jpg,/root/autodl-tmp/borescope-new-seg-data/v1/images/train/290.png,train,0,Burn,gt_positive,"[215.0, 7.000000476837158, 458.0000305175781, 370.0]","[191, 0, 482, 406]",0
results/fast_repro/exp06_roi/patches/train/Crack/290__gt1.jpg,/root/autodl-tmp/borescope-new-seg-data/v1/images/train/290.png,train,1,Crack,gt_positive,"[10.0, 248.0, 106.0, 498.0]","[0, 223, 116, 523]",1
results/fast_repro/exp06_roi/patches/train/corrosion/291__gt0.jpg,/root/autodl-tmp/borescope-new-seg-data/v1/images/train/291.png,train,6,corrosion,gt_positive,"[194.0, 222.0, 269.0, 455.0]","[186, 199, 276, 478]",0
results/fast_repro/exp06_roi/patches/train/Material missing/291__gt1.jpg,/root/autodl-tmp/borescope-new-seg-data/v1/images/train/291.png,train,3,Material missing,gt_positive,"[291.0, 483.0, 545.0, 539.0]","[266, 477, 570, 540]",1
results/fast_repro/exp06_roi/patches/train/Burn/292__gt0.jpg,/root/autodl-tmp/borescope-new-seg-data/v1/images/train/292.png,train,0,Burn,gt_positive,"[263.0, 202.0, 503.0000305175781, 366.0]","[239, 186, 527, 382]",0
results/fast_repro/exp06_roi/patches/train/corrosion/294__gt0.jpg,/root/autodl-tmp/borescope-new-seg-data/v1/images/train/294.png,train,6,corrosion,gt_positive,"[183.0, 281.0, 225.99998474121094, 309.0]","[179, 278, 230, 312]",0
results/fast_repro/exp06_roi/patches/train/corrosion/294__gt1.jpg,/root/autodl-tmp/borescope-new-seg-data/v1/images/train/294.png,train,6,corrosion,gt_positive,"[631.0, 196.0, 655.0, 233.0]","[629, 192, 657, 237]",1
results/fast_repro/exp06_roi/patches/train/Burn/295__gt0.jpg,/root/autodl-tmp/borescope-new-seg-data/v1/images/train/295.png,train,0,Burn,gt_positive,"[162.68612670898438, 115.98540496826172, 293.6861267089844, 250.68612670898438]","[150, 103, 307, 264]",0
results/fast_repro/exp06_roi/patches/train/Burn/295__gt1.jpg,/root/autodl-tmp/borescope-new-seg-data/v1/images/train/295.png,train,0,Burn,gt_positive,"[268.6861267089844, 248.83212280273438, 448.6861572265625, 411.6861267089844]","[251, 233, 467, 428]",1
results/fast_repro/exp06_roi/patches/train/Burn/295__gt2.jpg,/root/autodl-tmp/borescope-new-seg-data/v1/images/train/295.png,train,0,Burn,gt_positive,"[383.357666015625, 389.6861572265625, 717.6861572265625, 536.6861572265625]","[350, 375, 720, 540]",2
results/fast_repro/exp06_roi/patches/train/Burn/296__gt0.jpg,/root/autodl-tmp/borescope-new-seg-data/v1/images/train/296.png,train,0,Burn,gt_positive,"[330.6861267089844, 256.6861267089844, 413.6861572265625, 291.8977966308594]","[322, 253, 422, 295]",0
results/fast_repro/exp06_roi/patches/train/Material missing/297__gt0.jpg,/root/autodl-tmp/borescope-new-seg-data/v1/images/train/297.png,train,3,Material missing,gt_positive,"[353.4306335449219, 89.68612670898438, 502.6861267089844, 125.6861343383789]","[339, 86, 518, 129]",0
results/fast_repro/exp06_roi/patches/train/Material missing/297__gt1.jpg,/root/autodl-tmp/borescope-new-seg-data/v1/images/train/297.png,train,3,Material missing,gt_positive,"[542.4817504882812, 98.46715545654297, 623.6860961914062, 149.68612670898438]","[534, 93, 632, 155]",1
results/fast_repro/exp06_roi/patches/train/Material missing/297__gt2.jpg,/root/autodl-tmp/borescope-new-seg-data/v1/images/train/297.png,train,3,Material missing,gt_positive,"[634.6861572265625, 132.04379272460938, 718.6861572265625, 253.68612670898438]","[626, 120, 720, 266]",2
results/fast_repro/exp06_roi/patches/train/corrosion/299__gt0.jpg,/root/autodl-tmp/borescope-new-seg-data/v1/images/train/299.png,train,6,corrosion,gt_positive,"[219.7972869873047, 78.54054260253906, 402.1756591796875, 140.54054260253906]","[202, 72, 420, 147]",0
results/fast_repro/exp06_roi/patches/train/Dent/300__gt0.jpg,/root/autodl-tmp/borescope-new-seg-data/v1/images/train/300.png,train,2,Dent,gt_positive,"[144.0, 332.0, 191.0, 354.0]","[139, 330, 196, 356]",0
results/fast_repro/exp06_roi/patches/train/corrosion/300__gt1.jpg,/root/autodl-tmp/borescope-new-seg-data/v1/images/train/300.png,train,6,corrosion,gt_positive,"[150.0, 275.0, 281.0, 316.0]","[137, 271, 294, 320]",1
results/fast_repro/exp06_roi/patches/train/Dent/301__gt0.jpg,/root/autodl-tmp/borescope-new-seg-data/v1/images/train/301.png,train,2,Dent,gt_positive,"[221.0, 398.0, 245.0, 414.0]","[219, 396, 247, 416]",0
results/fast_repro/exp06_roi/patches/train/corrosion/302__gt0.jpg,/root/autodl-tmp/borescope-new-seg-data/v1/images/train/302.png,train,6,corrosion,gt_positive,"[118.0, 151.0, 483.9999694824219, 497.0000305175781]","[81, 116, 521, 532]",0
results/fast_repro/exp06_roi/patches/train/corrosion/303__gt0.jpg,/root/autodl-tmp/borescope-new-seg-data/v1/images/train/303.png,train,6,corrosion,gt_positive,"[406.0, 242.0, 475.0, 344.0]","[399, 232, 482, 354]",0
results/fast_repro/exp06_roi/patches/train/corrosion/303__gt1.jpg,/root/autodl-tmp/borescope-new-seg-data/v1/images/train/303.png,train,6,corrosion,gt_positive,"[490.0000305175781, 455.0, 543.0, 515.0]","[485, 449, 548, 521]",1
results/fast_repro/exp06_roi/patches/train/corrosion/304__gt0.jpg,/root/autodl-tmp/borescope-new-seg-data/v1/images/train/304.png,train,6,corrosion,gt_positive,"[312.0, 414.0, 431.0, 472.0]","[300, 408, 443, 478]",0
results/fast_repro/exp06_roi/patches/train/corrosion/304__gt1.jpg,/root/autodl-tmp/borescope-new-seg-data/v1/images/train/304.png,train,6,corrosion,gt_positive,"[17.0, 493.0, 79.0, 524.0]","[11, 490, 85, 527]",1
results/fast_repro/exp06_roi/patches/train/corrosion/304__gt2.jpg,/root/autodl-tmp/borescope-new-seg-data/v1/images/train/304.png,train,6,corrosion,gt_positive,"[686.0, 311.0, 715.0, 334.0]","[683, 309, 718, 336]",2
results/fast_repro/exp06_roi/patches/train/Dent/304__gt3.jpg,/root/autodl-tmp/borescope-new-seg-data/v1/images/train/304.png,train,2,Dent,gt_positive,"[196.22425842285156, 506.8218994140625, 208.2242431640625, 516.9898071289062]","[195, 506, 209, 518]",3
results/fast_repro/exp06_roi/patches/train/Material missing/305__gt0.jpg,/root/autodl-tmp/borescope-new-seg-data/v1/images/train/305.png,train,3,Material missing,gt_positive,"[640.6861572265625, 312.33575439453125, 699.6861572265625, 420.6861267089844]","[635, 302, 706, 432]",0
results/fast_repro/exp06_roi/patches/train/Burn/305__gt1.jpg,/root/autodl-tmp/borescope-new-seg-data/v1/images/train/305.png,train,0,Burn,gt_positive,"[168.02919006347656, 341.5328369140625, 402.6861267089844, 538.6861572265625]","[145, 322, 426, 540]",1
results/fast_repro/exp06_roi/patches/train/Burn/305__gt2.jpg,/root/autodl-tmp/borescope-new-seg-data/v1/images/train/305.png,train,0,Burn,gt_positive,"[175.68612670898438, 243.68612670898438, 428.6861267089844, 409.6861267089844]","[150, 227, 454, 426]",2
results/fast_repro/exp06_roi/patches/train/corrosion/306__gt0.jpg,/root/autodl-tmp/borescope-new-seg-data/v1/images/train/306.png,train,6,corrosion,gt_positive,"[96.00000762939453, 280.0, 144.0, 295.0]","[91, 278, 149, 296]",0
results/fast_repro/exp06_roi/patches/train/corrosion/307__gt0.jpg,/root/autodl-tmp/borescope-new-seg-data/v1/images/train/307.png,train,6,corrosion,gt_positive,"[54.000003814697266, 484.9999694824219, 90.0, 499.0]","[50, 484, 94, 500]",0
results/fast_repro/exp06_roi/patches/train/corrosion/307__gt1.jpg,/root/autodl-tmp/borescope-new-seg-data/v1/images/train/307.png,train,6,corrosion,gt_positive,"[109.0, 459.0, 140.0, 470.0]","[106, 458, 143, 471]",1
results/fast_repro/exp06_roi/patches/train/corrosion/307__gt2.jpg,/root/autodl-tmp/borescope-new-seg-data/v1/images/train/307.png,train,6,corrosion,gt_positive,"[651.0, 318.0, 693.0, 342.0]","[647, 316, 697, 344]",2
results/fast_repro/exp06_roi/patches/train/corrosion/307__gt3.jpg,/root/autodl-tmp/borescope-new-seg-data/v1/images/train/307.png,train,6,corrosion,gt_positive,"[429.0000305175781, 391.0, 486.9999694824219, 415.0]","[423, 389, 493, 417]",3
results/fast_repro/exp06_roi/patches/train/corrosion/307__gt4.jpg,/root/autodl-tmp/borescope-new-seg-data/v1/images/train/307.png,train,6,corrosion,gt_positive,"[358.0, 404.0, 404.0, 427.0]","[353, 402, 409, 429]",4
results/fast_repro/exp06_roi/patches/train/corrosion/307__gt5.jpg,/root/autodl-tmp/borescope-new-seg-data/v1/images/train/307.png,train,6,corrosion,gt_positive,"[167.2992706298828, 450.6861267089844, 265.6861267089844, 493.6861267089844]","[157, 446, 276, 498]",5
results/fast_repro/exp06_roi/patches/train/Material missing/311__gt0.jpg,/root/autodl-tmp/borescope-new-seg-data/v1/images/train/311.png,train,3,Material missing,gt_positive,"[388.4671630859375, 223.68612670898438, 527.6861572265625, 279.6861572265625]","[375, 218, 542, 285]",0
results/fast_repro/exp06_roi/patches/train/Crack/311__gt1.jpg,/root/autodl-tmp/borescope-new-seg-data/v1/images/train/311.png,train,1,Crack,gt_positive,"[625.9519653320312, 175.54554748535156, 674.951904296875, 213.85928344726562]","[621, 172, 680, 218]",1
results/fast_repro/exp06_roi/patches/train/Dent/311__gt2.jpg,/root/autodl-tmp/borescope-new-seg-data/v1/images/train/311.png,train,2,Dent,gt_positive,"[159.5860137939453, 272.1359558105469, 231.58599853515625, 299.6126708984375]","[152, 269, 239, 302]",2
results/fast_repro/exp06_roi/patches/train/Crack/312__gt0.jpg,/root/autodl-tmp/borescope-new-seg-data/v1/images/train/312.png,train,1,Crack,gt_positive,"[384.6563720703125, 165.8389434814453, 400.6563720703125, 225.23287963867188]","[383, 160, 402, 231]",0
results/fast_repro/exp06_roi/patches/train/Material missing/313__gt0.jpg,/root/autodl-tmp/borescope-new-seg-data/v1/images/train/313.png,train,3,Material missing,gt_positive,"[365.2989196777344, 302.2051696777344, 405.2989196777344, 470.2198791503906]","[361, 285, 409, 487]",0
results/fast_repro/exp06_roi/patches/train/Burn/313__gt1.jpg,/root/autodl-tmp/borescope-new-seg-data/v1/images/train/313.png,train,0,Burn,gt_positive,"[0.0, 178.75393676757812, 158.71328735351562, 539.9990234375]","[0, 143, 175, 540]",1
results/fast_repro/exp06_roi/patches/train/corrosion/313__gt2.jpg,/root/autodl-tmp/borescope-new-seg-data/v1/images/train/313.png,train,6,corrosion,gt_positive,"[537.7133178710938, 266.5588073730469, 710.6319580078125, 364.9002685546875]","[520, 257, 720, 375]",2
results/fast_repro/exp06_roi/patches/train/corrosion/314__gt0.jpg,/root/autodl-tmp/borescope-new-seg-data/v1/images/train/314.png,train,6,corrosion,gt_positive,"[13.341317176818848, 35.592811584472656, 234.34130859375, 398.59283447265625]","[0, 0, 256, 435]",0
results/fast_repro/exp06_roi/patches/train/corrosion/314__gt1.jpg,/root/autodl-tmp/borescope-new-seg-data/v1/images/train/314.png,train,6,corrosion,gt_positive,"[354.43115234375, 35.592811584472656, 540.34130859375, 162.5928192138672]","[336, 23, 559, 175]",1
results/fast_repro/exp06_roi/patches/train/corrosion/314__gt2.jpg,/root/autodl-tmp/borescope-new-seg-data/v1/images/train/314.png,train,6,corrosion,gt_positive,"[222.34130859375, 319.5928039550781, 558.34130859375, 413.59283447265625]","[189, 310, 592, 423]",2
results/fast_repro/exp06_roi/patches/train/corrosion/314__gt3.jpg,/root/autodl-tmp/borescope-new-seg-data/v1/images/train/314.png,train,6,corrosion,gt_positive,"[220.0, 239.0, 253.0, 266.0]","[217, 236, 256, 269]",3
results/fast_repro/exp06_roi/patches/train/corrosion/314__gt4.jpg,/root/autodl-tmp/borescope-new-seg-data/v1/images/train/314.png,train,6,corrosion,gt_positive,"[328.0, 280.0, 352.0, 302.0]","[326, 278, 354, 304]",4
results/fast_repro/exp06_roi/patches/train/corrosion/315__gt0.jpg,/root/autodl-tmp/borescope-new-seg-data/v1/images/train/315.png,train,6,corrosion,gt_positive,"[466.1756896972656, 6.486486434936523, 574.1756591796875, 237.54052734375]","[455, 0, 585, 261]",0
results/fast_repro/exp06_roi/patches/train/Burn/315__gt1.jpg,/root/autodl-tmp/borescope-new-seg-data/v1/images/train/315.png,train,0,Burn,gt_positive,"[428.25, 315.370361328125, 575.25, 530.1666870117188]","[414, 294, 590, 540]",1
results/fast_repro/exp06_roi/patches/train/Material missing/315__gt2.jpg,/root/autodl-tmp/borescope-new-seg-data/v1/images/train/315.png,train,3,Material missing,gt_positive,"[491.25, 280.1666564941406, 551.8981323242188, 362.16668701171875]","[485, 272, 558, 370]",2
results/fast_repro/exp06_roi/patches/train/Burn/316__gt0.jpg,/root/autodl-tmp/borescope-new-seg-data/v1/images/train/316.png,train,0,Burn,gt_positive,"[519.1756591796875, 176.54054260253906, 618.1756591796875, 321.5405578613281]","[509, 162, 628, 336]",0
results/fast_repro/exp06_roi/patches/train/Material missing/316__gt1.jpg,/root/autodl-tmp/borescope-new-seg-data/v1/images/train/316.png,train,3,Material missing,gt_positive,"[356.95947265625, 251.75674438476562, 513.1756591796875, 392.54052734375]","[341, 238, 529, 407]",1
results/fast_repro/exp06_roi/patches/train/Material missing/316__gt2.jpg,/root/autodl-tmp/borescope-new-seg-data/v1/images/train/316.png,train,3,Material missing,gt_positive,"[286.1756591796875, 330.54052734375, 323.1756591796875, 410.5405578613281]","[282, 323, 327, 419]",2
results/fast_repro/exp06_roi/patches/train/corrosion/317__gt0.jpg,/root/autodl-tmp/borescope-new-seg-data/v1/images/train/317.png,train,6,corrosion,gt_positive,"[361.9999694824219, 357.0, 440.0, 382.0]","[354, 354, 448, 384]",0
results/fast_repro/exp06_roi/patches/train/corrosion/317__gt1.jpg,/root/autodl-tmp/borescope-new-seg-data/v1/images/train/317.png,train,6,corrosion,gt_positive,"[479.0, 360.0, 528.0, 388.0]","[474, 357, 533, 391]",1
results/fast_repro/exp06_roi/patches/train/corrosion/317__gt2.jpg,/root/autodl-tmp/borescope-new-seg-data/v1/images/train/317.png,train,6,corrosion,gt_positive,"[542.0, 360.0, 586.0, 381.0]","[538, 358, 590, 383]",2
results/fast_repro/exp06_roi/patches/train/corrosion/318__gt0.jpg,/root/autodl-tmp/borescope-new-seg-data/v1/images/train/318.png,train,6,corrosion,gt_positive,"[151.34130859375, 216.5928192138672, 585.34130859375, 479.9989929199219]","[108, 190, 629, 480]",0
results/fast_repro/exp06_roi/patches/train/corrosion/319__gt0.jpg,/root/autodl-tmp/borescope-new-seg-data/v1/images/train/319.png,train,6,corrosion,gt_positive,"[291.4189147949219, 353.54052734375, 359.1756896972656, 376.54052734375]","[285, 351, 366, 379]",0
results/fast_repro/exp06_roi/patches/train/corrosion/321__gt0.jpg,/root/autodl-tmp/borescope-new-seg-data/v1/images/train/321.png,train,6,corrosion,gt_positive,"[10.175675392150879, 235.54054260253906, 716.1756591796875, 435.5405578613281]","[0, 216, 720, 456]",0
results/fast_repro/exp06_roi/patches/train/corrosion/322__gt0.jpg,/root/autodl-tmp/borescope-new-seg-data/v1/images/train/322.png,train,6,corrosion,gt_positive,"[527.0, 352.0, 563.0, 379.0]","[523, 349, 567, 382]",0
results/fast_repro/exp06_roi/patches/train/corrosion/322__gt1.jpg,/root/autodl-tmp/borescope-new-seg-data/v1/images/train/322.png,train,6,corrosion,gt_positive,"[603.1756591796875, 303.54052734375, 666.1756591796875, 351.54052734375]","[597, 299, 672, 356]",1
results/fast_repro/exp06_roi/patches/train/corrosion/322__gt2.jpg,/root/autodl-tmp/borescope-new-seg-data/v1/images/train/322.png,train,6,corrosion,gt_positive,"[215.17567443847656, 426.75677490234375, 271.1756591796875, 482.5405578613281]","[210, 421, 277, 488]",2
results/fast_repro/exp06_roi/patches/train/corrosion/322__gt3.jpg,/root/autodl-tmp/borescope-new-seg-data/v1/images/train/322.png,train,6,corrosion,gt_positive,"[111.01351165771484, 326.54052734375, 157.17567443847656, 373.5405578613281]","[106, 322, 162, 378]",3
results/fast_repro/exp06_roi/patches/train/corrosion/325__gt0.jpg,/root/autodl-tmp/borescope-new-seg-data/v1/images/train/325.png,train,6,corrosion,gt_positive,"[592.0, 328.0, 641.0, 370.0]","[587, 324, 646, 374]",0
results/fast_repro/exp06_roi/patches/train/corrosion/326__gt0.jpg,/root/autodl-tmp/borescope-new-seg-data/v1/images/train/326.png,train,6,corrosion,gt_positive,"[350.0, 233.0, 477.0000305175781, 292.0]","[337, 227, 490, 298]",0
results/fast_repro/exp06_roi/patches/train/corrosion/326__gt1.jpg,/root/autodl-tmp/borescope-new-seg-data/v1/images/train/326.png,train,6,corrosion,gt_positive,"[494.0, 193.0, 564.0, 229.0]","[487, 189, 571, 233]",1
results/fast_repro/exp06_roi/patches/train/corrosion/327__gt0.jpg,/root/autodl-tmp/borescope-new-seg-data/v1/images/train/327.png,train,6,corrosion,gt_positive,"[303.0, 181.0, 354.0, 197.0]","[298, 179, 359, 199]",0
results/fast_repro/exp06_roi/patches/train/corrosion/327__gt1.jpg,/root/autodl-tmp/borescope-new-seg-data/v1/images/train/327.png,train,6,corrosion,gt_positive,"[138.0, 230.0, 179.0, 244.0]","[134, 229, 183, 245]",1
results/fast_repro/exp06_roi/patches/train/corrosion/327__gt2.jpg,/root/autodl-tmp/borescope-new-seg-data/v1/images/train/327.png,train,6,corrosion,gt_positive,"[468.0, 147.0, 506.0, 159.0]","[464, 146, 510, 160]",2
results/fast_repro/exp06_roi/patches/train/Crack/329__gt0.jpg,/root/autodl-tmp/borescope-new-seg-data/v1/images/train/329.png,train,1,Crack,gt_positive,"[17.007936477661133, 258.8888854980469, 106.0079345703125, 280.3650817871094]","[8, 257, 115, 283]",0
results/fast_repro/exp06_roi/patches/train/Burn/329__gt1.jpg,/root/autodl-tmp/borescope-new-seg-data/v1/images/train/329.png,train,0,Burn,gt_positive,"[30.007938385009766, 5.365079402923584, 227.00794982910156, 270.3650817871094]","[10, 0, 247, 297]",1
results/fast_repro/exp06_roi/patches/train/Burn/329__gt2.jpg,/root/autodl-tmp/borescope-new-seg-data/v1/images/train/329.png,train,0,Burn,gt_positive,"[5.999999523162842, 274.0, 107.0, 430.0]","[0, 258, 117, 446]",2
results/fast_repro/exp06_roi/patches/train/Material missing/331__gt0.jpg,/root/autodl-tmp/borescope-new-seg-data/v1/images/train/331.png,train,3,Material missing,gt_positive,"[422.9999694824219, 368.0, 438.0, 386.0]","[421, 366, 440, 388]",0
results/fast_repro/exp06_roi/patches/train/Material missing/331__gt1.jpg,/root/autodl-tmp/borescope-new-seg-data/v1/images/train/331.png,train,3,Material missing,gt_positive,"[440.0, 360.0, 458.0000305175781, 379.0]","[438, 358, 460, 381]",1
results/fast_repro/exp06_roi/patches/train/Material missing/331__gt2.jpg,/root/autodl-tmp/borescope-new-seg-data/v1/images/train/331.png,train,3,Material missing,gt_positive,"[542.0, 383.0, 560.0, 413.0]","[540, 380, 562, 416]",2
results/fast_repro/exp06_roi/patches/train/Material missing/331__gt3.jpg,/root/autodl-tmp/borescope-new-seg-data/v1/images/train/331.png,train,3,Material missing,gt_positive,"[187.0, 278.0, 211.0, 343.0]","[185, 272, 213, 350]",3
results/fast_repro/exp06_roi/patches/train/Material missing/331__gt4.jpg,/root/autodl-tmp/borescope-new-seg-data/v1/images/train/331.png,train,3,Material missing,gt_positive,"[217.0, 169.0, 233.0, 190.0]","[215, 167, 235, 192]",4
results/fast_repro/exp06_roi/patches/train/corrosion/331__gt5.jpg,/root/autodl-tmp/borescope-new-seg-data/v1/images/train/331.png,train,6,corrosion,gt_positive,"[508.0, 4.0, 714.0, 533.0]","[487, 0, 720, 540]",5
results/fast_repro/exp06_roi/patches/train/Crack/331__gt6.jpg,/root/autodl-tmp/borescope-new-seg-data/v1/images/train/331.png,train,1,Crack,gt_positive,"[243.25, 260.1666564941406, 266.25, 317.1666564941406]","[241, 254, 269, 323]",6
results/fast_repro/exp06_roi/patches/train/Burn/331__gt7.jpg,/root/autodl-tmp/borescope-new-seg-data/v1/images/train/331.png,train,0,Burn,gt_positive,"[338.25, 210.74073791503906, 480.25, 351.16668701171875]","[324, 197, 494, 365]",7
results/fast_repro/exp06_roi/patches/train/Crack/331__gt8.jpg,/root/autodl-tmp/borescope-new-seg-data/v1/images/train/331.png,train,1,Crack,gt_positive,"[441.25, 392.6851806640625, 493.25, 470.1666564941406]","[436, 385, 498, 478]",8
results/fast_repro/exp06_roi/patches/train/Crack/331__gt9.jpg,/root/autodl-tmp/borescope-new-seg-data/v1/images/train/331.png,train,1,Crack,gt_positive,"[135.25, 232.5, 210.25, 268.16668701171875]","[128, 229, 218, 272]",9
results/fast_repro/exp06_roi/patches/train/Material missing/332__gt0.jpg,/root/autodl-tmp/borescope-new-seg-data/v1/images/train/332.png,train,3,Material missing,gt_positive,"[392.1759033203125, 232.03704833984375, 441.25, 260.1666564941406]","[387, 229, 446, 263]",0
results/fast_repro/exp06_roi/patches/train/Material missing/332__gt1.jpg,/root/autodl-tmp/borescope-new-seg-data/v1/images/train/332.png,train,3,Material missing,gt_positive,"[504.6759033203125, 312.16668701171875, 571.25, 356.1666564941406]","[498, 308, 578, 361]",1
results/fast_repro/exp06_roi/patches/train/corrosion/333__gt0.jpg,/root/autodl-tmp/borescope-new-seg-data/v1/images/train/333.png,train,6,corrosion,gt_positive,"[0.0, 0.0, 719.0079345703125, 248.36508178710938]","[0, 0, 720, 273]",0
results/fast_repro/exp06_roi/patches/train/corrosion/333__gt1.jpg,/root/autodl-tmp/borescope-new-seg-data/v1/images/train/333.png,train,6,corrosion,gt_positive,"[280.0, 187.0, 339.0, 210.0]","[274, 185, 345, 212]",1
results/fast_repro/exp06_roi/patches/train/corrosion/333__gt2.jpg,/root/autodl-tmp/borescope-new-seg-data/v1/images/train/333.png,train,6,corrosion,gt_positive,"[479.0, 192.0, 548.0, 215.0]","[472, 190, 555, 217]",2
results/fast_repro/exp06_roi/patches/train/corrosion/334__gt0.jpg,/root/autodl-tmp/borescope-new-seg-data/v1/images/train/334.png,train,6,corrosion,gt_positive,"[6.007936477661133, 231.36508178710938, 718.0079345703125, 539.9990234375]","[0, 201, 720, 540]",0
results/fast_repro/exp06_roi/patches/train/Crack/335__gt0.jpg,/root/autodl-tmp/borescope-new-seg-data/v1/images/train/335.png,train,1,Crack,gt_positive,"[71.23239135742188, 208.66197204589844, 248.3732452392578, 478.8591613769531]","[54, 182, 266, 480]",0
results/fast_repro/exp06_roi/patches/train/Crack/335__gt1.jpg,/root/autodl-tmp/borescope-new-seg-data/v1/images/train/335.png,train,1,Crack,gt_positive,"[151.86619567871094, 152.67605590820312, 393.37322998046875, 216.85916137695312]","[128, 146, 418, 223]",1
results/fast_repro/exp06_roi/patches/train/Material missing/335__gt2.jpg,/root/autodl-tmp/borescope-new-seg-data/v1/images/train/335.png,train,3,Material missing,gt_positive,"[0.0, 145.85916137695312, 399.37322998046875, 479.8591613769531]","[0, 112, 439, 480]",2
results/fast_repro/exp06_roi/patches/train/Burn/336__gt0.jpg,/root/autodl-tmp/borescope-new-seg-data/v1/images/train/336.png,train,0,Burn,gt_positive,"[519.0, 163.0, 713.0, 537.0]","[500, 126, 720, 540]",0
results/fast_repro/exp06_roi/patches/train/Burn/336__gt1.jpg,/root/autodl-tmp/borescope-new-seg-data/v1/images/train/336.png,train,0,Burn,gt_positive,"[74.0, 5.0, 432.0000305175781, 167.0]","[38, 0, 468, 183]",1
results/fast_repro/exp06_roi/patches/train/Burn/336__gt2.jpg,/root/autodl-tmp/borescope-new-seg-data/v1/images/train/336.png,train,0,Burn,gt_positive,"[62.0, 154.0, 461.0000305175781, 383.0]","[22, 131, 501, 406]",2
results/fast_repro/exp06_roi/patches/train/Burn/337__gt0.jpg,/root/autodl-tmp/borescope-new-seg-data/v1/images/train/337.png,train,0,Burn,gt_positive,"[10.0, 71.0, 199.0, 164.0]","[0, 62, 218, 173]",0
results/fast_repro/exp06_roi/patches/train/Burn/337__gt1.jpg,/root/autodl-tmp/borescope-new-seg-data/v1/images/train/337.png,train,0,Burn,gt_positive,"[418.0, 235.0, 509.0, 263.0]","[409, 232, 518, 266]",1
results/fast_repro/exp06_roi/patches/train/Burn/337__gt2.jpg,/root/autodl-tmp/borescope-new-seg-data/v1/images/train/337.png,train,0,Burn,gt_positive,"[200.00001525878906, 3.0, 619.0, 190.0]","[158, 0, 661, 209]",2
results/fast_repro/exp06_roi/patches/train/Burn/337__gt3.jpg,/root/autodl-tmp/borescope-new-seg-data/v1/images/train/337.png,train,0,Burn,gt_positive,"[595.0, 154.0, 699.0, 199.0]","[585, 150, 709, 204]",3
results/fast_repro/exp06_roi/patches/train/Material missing/337__gt4.jpg,/root/autodl-tmp/borescope-new-seg-data/v1/images/train/337.png,train,3,Material missing,gt_positive,"[336.0, 397.0, 403.0000305175781, 482.0]","[329, 388, 410, 490]",4
results/fast_repro/exp06_roi/patches/train/Burn/338__gt0.jpg,/root/autodl-tmp/borescope-new-seg-data/v1/images/train/338.png,train,0,Burn,gt_positive,"[342.0, 227.0, 713.0, 537.0]","[305, 196, 720, 540]",0
results/fast_repro/exp06_roi/patches/train/Burn/339__gt0.jpg,/root/autodl-tmp/borescope-new-seg-data/v1/images/train/339.png,train,0,Burn,gt_positive,"[248.0, 126.0, 399.0, 269.0]","[233, 112, 414, 283]",0
results/fast_repro/exp06_roi/patches/train/Burn/339__gt1.jpg,/root/autodl-tmp/borescope-new-seg-data/v1/images/train/339.png,train,0,Burn,gt_positive,"[287.5793762207031, 491.3650817871094, 559.0079345703125, 539.3651123046875]","[260, 487, 586, 540]",1
results/fast_repro/exp06_roi/patches/train/Burn/339__gt2.jpg,/root/autodl-tmp/borescope-new-seg-data/v1/images/train/339.png,train,0,Burn,gt_positive,"[55.0, 152.0, 179.0, 322.0]","[43, 135, 191, 339]",2
results/fast_repro/exp06_roi/patches/train/corrosion/341__gt0.jpg,/root/autodl-tmp/borescope-new-seg-data/v1/images/train/341.png,train,6,corrosion,gt_positive,"[219.0, 18.0, 327.0, 150.0]","[208, 5, 338, 163]",0
results/fast_repro/exp06_roi/patches/train/Burn/343__gt0.jpg,/root/autodl-tmp/borescope-new-seg-data/v1/images/train/343.png,train,0,Burn,gt_positive,"[122.0, 11.0, 594.0, 442.0]","[75, 0, 641, 485]",0
results/fast_repro/exp06_roi/patches/train/Material missing/343__gt1.jpg,/root/autodl-tmp/borescope-new-seg-data/v1/images/train/343.png,train,3,Material missing,gt_positive,"[287.5793762207031, 10.079364776611328, 557.0079345703125, 185.36508178710938]","[261, 0, 584, 203]",1
results/fast_repro/exp06_roi/patches/train/Material missing/343__gt2.jpg,/root/autodl-tmp/borescope-new-seg-data/v1/images/train/343.png,train,3,Material missing,gt_positive,"[603.0, 39.0, 710.0, 160.0]","[592, 27, 720, 172]",2
results/fast_repro/exp06_roi/patches/train/Burn/344__gt0.jpg,/root/autodl-tmp/borescope-new-seg-data/v1/images/train/344.png,train,0,Burn,gt_positive,"[7.000000476837158, 6.0, 402.0, 210.0]","[0, 0, 442, 230]",0
results/fast_repro/exp06_roi/patches/train/corrosion/345__gt0.jpg,/root/autodl-tmp/borescope-new-seg-data/v1/images/train/345.png,train,6,corrosion,gt_positive,"[441.0, 362.0000305175781, 494.0, 406.0]","[436, 358, 499, 410]",0
results/fast_repro/exp06_roi/patches/train/corrosion/345__gt1.jpg,/root/autodl-tmp/borescope-new-seg-data/v1/images/train/345.png,train,6,corrosion,gt_positive,"[553.0, 274.0, 599.0, 314.0]","[548, 270, 604, 318]",1
results/fast_repro/exp06_roi/patches/train/corrosion/345__gt2.jpg,/root/autodl-tmp/borescope-new-seg-data/v1/images/train/345.png,train,6,corrosion,gt_positive,"[643.0, 205.0, 713.0, 253.0]","[636, 200, 720, 258]",2
results/fast_repro/exp06_roi/patches/train/corrosion/345__gt3.jpg,/root/autodl-tmp/borescope-new-seg-data/v1/images/train/345.png,train,6,corrosion,gt_positive,"[384.0000305175781, 423.0, 433.0, 470.0]","[379, 418, 438, 475]",3
results/fast_repro/exp06_roi/patches/train/corrosion/345__gt4.jpg,/root/autodl-tmp/borescope-new-seg-data/v1/images/train/345.png,train,6,corrosion,gt_positive,"[392.0, 463.0, 435.0, 497.0000305175781]","[388, 460, 439, 500]",4
results/fast_repro/exp06_roi/patches/train/Burn/346__gt0.jpg,/root/autodl-tmp/borescope-new-seg-data/v1/images/train/346.png,train,0,Burn,gt_positive,"[134.40476989746094, 29.365079879760742, 196.0079345703125, 276.3650817871094]","[128, 5, 202, 301]",0
results/fast_repro/exp06_roi/patches/train/Burn/346__gt1.jpg,/root/autodl-tmp/borescope-new-seg-data/v1/images/train/346.png,train,0,Burn,gt_positive,"[288.0079345703125, 294.20635986328125, 330.0079345703125, 389.3650817871094]","[284, 285, 334, 399]",1
results/fast_repro/exp06_roi/patches/train/corrosion/346__gt2.jpg,/root/autodl-tmp/borescope-new-seg-data/v1/images/train/346.png,train,6,corrosion,gt_positive,"[156.25, 219.1666717529297, 509.25, 306.1666564941406]","[121, 210, 545, 315]",2
results/fast_repro/exp06_roi/patches/train/Burn/347__gt0.jpg,/root/autodl-tmp/borescope-new-seg-data/v1/images/train/347.png,train,0,Burn,gt_positive,"[270.0079345703125, 180.36508178710938, 424.0079345703125, 276.3650817871094]","[255, 171, 439, 286]",0
results/fast_repro/exp06_roi/patches/train/corrosion/348__gt0.jpg,/root/autodl-tmp/borescope-new-seg-data/v1/images/train/348.png,train,6,corrosion,gt_positive,"[12.000000953674316, 329.0, 708.0, 539.0]","[0, 308, 720, 540]",0
results/fast_repro/exp06_roi/patches/train/corrosion/349__gt0.jpg,/root/autodl-tmp/borescope-new-seg-data/v1/images/train/349.png,train,6,corrosion,gt_positive,"[482.0, 250.0, 641.0, 522.0]","[466, 223, 657, 540]",0
results/fast_repro/exp06_roi/patches/train/corrosion/349__gt1.jpg,/root/autodl-tmp/borescope-new-seg-data/v1/images/train/349.png,train,6,corrosion,gt_positive,"[409.9999694824219, 5.0, 481.0, 111.0]","[403, 0, 488, 122]",1
results/fast_repro/exp06_roi/patches/train/Burn/352__gt0.jpg,/root/autodl-tmp/borescope-new-seg-data/v1/images/train/352.png,train,0,Burn,gt_positive,"[21.007936477661133, 99.36507415771484, 542.0079345703125, 524.3651123046875]","[0, 57, 594, 540]",0
results/fast_repro/exp06_roi/patches/train/Burn/352__gt1.jpg,/root/autodl-tmp/borescope-new-seg-data/v1/images/train/352.png,train,0,Burn,gt_positive,"[100.00000762939453, 5.0, 572.0, 245.0]","[53, 0, 619, 269]",1
results/fast_repro/exp06_roi/patches/train/Crack/354__gt0.jpg,/root/autodl-tmp/borescope-new-seg-data/v1/images/train/354.png,train,1,Crack,gt_positive,"[218.53175354003906, 342.3650817871094, 307.0079345703125, 359.68255615234375]","[210, 341, 316, 361]",0
results/fast_repro/exp06_roi/patches/train/Burn/355__gt0.jpg,/root/autodl-tmp/borescope-new-seg-data/v1/images/train/355.png,train,0,Burn,gt_positive,"[7.000000476837158, 7.000000476837158, 215.0, 282.0]","[0, 0, 236, 310]",0
results/fast_repro/exp06_roi/patches/train/Burn/355__gt1.jpg,/root/autodl-tmp/borescope-new-seg-data/v1/images/train/355.png,train,0,Burn,gt_positive,"[7.000000476837158, 414.0, 130.0, 538.0]","[0, 402, 142, 540]",1
results/fast_repro/exp06_roi/patches/train/Crack/356__gt0.jpg,/root/autodl-tmp/borescope-new-seg-data/v1/images/train/356.png,train,1,Crack,gt_positive,"[413.76983642578125, 412.3650817871094, 578.0079345703125, 467.3650817871094]","[397, 407, 594, 473]",0
results/fast_repro/exp06_roi/patches/train/Crack/356__gt1.jpg,/root/autodl-tmp/borescope-new-seg-data/v1/images/train/356.png,train,1,Crack,gt_positive,"[184.40476989746094, 409.3650817871094, 225.0079345703125, 426.3492126464844]","[180, 408, 229, 428]",1
results/fast_repro/exp06_roi/patches/train/Crack/356__gt2.jpg,/root/autodl-tmp/borescope-new-seg-data/v1/images/train/356.png,train,1,Crack,gt_positive,"[335.9920654296875, 417.3650817871094, 402.0079345703125, 456.36505126953125]","[329, 413, 409, 460]",2
results/fast_repro/exp06_roi/patches/train/corrosion/358__gt0.jpg,/root/autodl-tmp/borescope-new-seg-data/v1/images/train/358.png,train,6,corrosion,gt_positive,"[231.0, 207.0, 286.0, 353.0]","[226, 192, 292, 368]",0
results/fast_repro/exp06_roi/patches/train/corrosion/358__gt1.jpg,/root/autodl-tmp/borescope-new-seg-data/v1/images/train/358.png,train,6,corrosion,gt_positive,"[347.0, 262.0, 377.0, 289.0]","[344, 259, 380, 292]",1
results/fast_repro/exp06_roi/patches/train/corrosion/358__gt2.jpg,/root/autodl-tmp/borescope-new-seg-data/v1/images/train/358.png,train,6,corrosion,gt_positive,"[630.0, 288.0, 667.0, 338.0]","[626, 283, 671, 343]",2
results/fast_repro/exp06_roi/patches/train/corrosion/358__gt3.jpg,/root/autodl-tmp/borescope-new-seg-data/v1/images/train/358.png,train,6,corrosion,gt_positive,"[51.0, 148.0, 94.0, 205.0]","[47, 142, 98, 211]",3
results/fast_repro/exp06_roi/patches/train/corrosion/358__gt4.jpg,/root/autodl-tmp/borescope-new-seg-data/v1/images/train/358.png,train,6,corrosion,gt_positive,"[12.000000953674316, 214.0, 490.0000305175781, 447.0]","[0, 191, 538, 470]",4
results/fast_repro/exp06_roi/patches/train/corrosion/358__gt5.jpg,/root/autodl-tmp/borescope-new-seg-data/v1/images/train/358.png,train,6,corrosion,gt_positive,"[457.0, 300.0, 600.0, 409.0]","[443, 289, 614, 420]",5
results/fast_repro/exp06_roi/patches/train/corrosion/358__gt6.jpg,/root/autodl-tmp/borescope-new-seg-data/v1/images/train/358.png,train,6,corrosion,gt_positive,"[579.0, 47.0, 712.0, 206.0]","[566, 31, 720, 222]",6
results/fast_repro/exp06_roi/patches/train/corrosion/359__gt0.jpg,/root/autodl-tmp/borescope-new-seg-data/v1/images/train/359.png,train,6,corrosion,gt_positive,"[230.0, 353.0, 271.0, 374.0]","[226, 351, 275, 376]",0
results/fast_repro/exp06_roi/patches/train/corrosion/359__gt1.jpg,/root/autodl-tmp/borescope-new-seg-data/v1/images/train/359.png,train,6,corrosion,gt_positive,"[80.0, 365.0, 111.0, 385.0]","[77, 363, 114, 387]",1
results/fast_repro/exp06_roi/patches/train/corrosion/359__gt2.jpg,/root/autodl-tmp/borescope-new-seg-data/v1/images/train/359.png,train,6,corrosion,gt_positive,"[82.0, 314.0, 97.0, 327.0]","[80, 313, 98, 328]",2
results/fast_repro/exp06_roi/patches/train/corrosion/359__gt3.jpg,/root/autodl-tmp/borescope-new-seg-data/v1/images/train/359.png,train,6,corrosion,gt_positive,"[112.00000762939453, 297.0, 123.0, 306.0]","[111, 296, 124, 307]",3
results/fast_repro/exp06_roi/patches/train/Burn/360__gt0.jpg,/root/autodl-tmp/borescope-new-seg-data/v1/images/train/360.png,train,0,Burn,gt_positive,"[13.000000953674316, 5.0, 581.0, 349.9999694824219]","[0, 0, 638, 384]",0
results/fast_repro/exp06_roi/patches/train/Material missing/362__gt0.jpg,/root/autodl-tmp/borescope-new-seg-data/v1/images/train/362.png,train,3,Material missing,gt_positive,"[371.30950927734375, 347.3650817871094, 404.0079345703125, 399.3650817871094]","[368, 342, 407, 405]",0
results/fast_repro/exp06_roi/patches/train/corrosion/363__gt0.jpg,/root/autodl-tmp/borescope-new-seg-data/v1/images/train/363.png,train,6,corrosion,gt_positive,"[44.0, 203.0, 93.0, 234.0]","[39, 200, 98, 237]",0
results/fast_repro/exp06_roi/patches/train/Burn/365__gt0.jpg,/root/autodl-tmp/borescope-new-seg-data/v1/images/train/365.png,train,0,Burn,gt_positive,"[231.0, 4.0, 600.0, 158.0]","[194, 0, 637, 173]",0
results/fast_repro/exp06_roi/patches/train/Burn/365__gt1.jpg,/root/autodl-tmp/borescope-new-seg-data/v1/images/train/365.png,train,0,Burn,gt_positive,"[404.0, 283.0, 711.0, 535.0]","[373, 258, 720, 540]",1
results/fast_repro/exp06_roi/patches/train/corrosion/366__gt0.jpg,/root/autodl-tmp/borescope-new-seg-data/v1/images/train/366.png,train,6,corrosion,gt_positive,"[488.0, 125.99999237060547, 574.0, 187.0]","[479, 120, 583, 193]",0
results/fast_repro/exp06_roi/patches/train/corrosion/366__gt1.jpg,/root/autodl-tmp/borescope-new-seg-data/v1/images/train/366.png,train,6,corrosion,gt_positive,"[543.0, 100.0, 576.0, 129.0]","[540, 97, 579, 132]",1
results/fast_repro/exp06_roi/patches/train/Burn/367__gt0.jpg,/root/autodl-tmp/borescope-new-seg-data/v1/images/train/367.png,train,0,Burn,gt_positive,"[306.0, 51.0, 660.0, 429.0]","[271, 13, 695, 467]",0
results/fast_repro/exp06_roi/patches/train/Burn/367__gt1.jpg,/root/autodl-tmp/borescope-new-seg-data/v1/images/train/367.png,train,0,Burn,gt_positive,"[5.999999523162842, 231.0, 208.00001525878906, 538.0]","[0, 200, 228, 540]",1
results/fast_repro/exp06_roi/patches/train/corrosion/368__gt0.jpg,/root/autodl-tmp/borescope-new-seg-data/v1/images/train/368.png,train,6,corrosion,gt_positive,"[192.00001525878906, 180.0, 241.0, 194.0]","[187, 179, 246, 195]",0
results/fast_repro/exp06_roi/patches/train/corrosion/369__gt0.jpg,/root/autodl-tmp/borescope-new-seg-data/v1/images/train/369.png,train,6,corrosion,gt_positive,"[78.0, 209.0, 141.0, 246.0]","[72, 205, 147, 250]",0
results/fast_repro/exp06_roi/patches/train/corrosion/369__gt1.jpg,/root/autodl-tmp/borescope-new-seg-data/v1/images/train/369.png,train,6,corrosion,gt_positive,"[180.0, 241.0, 222.0, 255.0]","[176, 240, 226, 256]",1
results/fast_repro/exp06_roi/patches/train/Burn/374__gt0.jpg,/root/autodl-tmp/borescope-new-seg-data/v1/images/train/374.png,train,0,Burn,gt_positive,"[298.0, 162.0, 624.0, 395.0]","[265, 139, 657, 418]",0
results/fast_repro/exp06_roi/patches/train/Burn/374__gt1.jpg,/root/autodl-tmp/borescope-new-seg-data/v1/images/train/374.png,train,0,Burn,gt_positive,"[240.0, 333.0, 310.0, 447.0]","[233, 322, 317, 458]",1
results/fast_repro/exp06_roi/patches/train/Burn/374__gt2.jpg,/root/autodl-tmp/borescope-new-seg-data/v1/images/train/374.png,train,0,Burn,gt_positive,"[327.0, 346.0, 713.0, 537.0]","[288, 327, 720, 540]",2
results/fast_repro/exp06_roi/patches/train/Burn/374__gt3.jpg,/root/autodl-tmp/borescope-new-seg-data/v1/images/train/374.png,train,0,Burn,gt_positive,"[612.0, 116.0, 713.0, 207.0]","[602, 107, 720, 216]",3
results/fast_repro/exp06_roi/patches/train/corrosion/374__gt4.jpg,/root/autodl-tmp/borescope-new-seg-data/v1/images/train/374.png,train,6,corrosion,gt_positive,"[164.0079345703125, 3.365079402923584, 584.0079345703125, 347.3650817871094]","[122, 0, 626, 382]",4
results/fast_repro/exp06_roi/patches/train/corrosion/376__gt0.jpg,/root/autodl-tmp/borescope-new-seg-data/v1/images/train/376.png,train,6,corrosion,gt_positive,"[449.0079345703125, 226.3491973876953, 558.0079345703125, 531.3650512695312]","[438, 196, 569, 540]",0
results/fast_repro/exp06_roi/patches/train/Burn/377__gt0.jpg,/root/autodl-tmp/borescope-new-seg-data/v1/images/train/377.png,train,0,Burn,gt_positive,"[446.0, 8.0, 641.0, 307.0]","[426, 0, 660, 337]",0
results/fast_repro/exp06_roi/patches/train/Burn/377__gt1.jpg,/root/autodl-tmp/borescope-new-seg-data/v1/images/train/377.png,train,0,Burn,gt_positive,"[440.0, 323.0, 591.0, 536.0]","[425, 302, 606, 540]",1
results/fast_repro/exp06_roi/patches/train/Burn/377__gt2.jpg,/root/autodl-tmp/borescope-new-seg-data/v1/images/train/377.png,train,0,Burn,gt_positive,"[249.99998474121094, 317.0, 440.0, 476.0]","[231, 301, 459, 492]",2
results/fast_repro/exp06_roi/patches/train/corrosion/377__gt3.jpg,/root/autodl-tmp/borescope-new-seg-data/v1/images/train/377.png,train,6,corrosion,gt_positive,"[135.0079345703125, 3.3333332538604736, 430.0079345703125, 538.3651123046875]","[106, 0, 460, 540]",3
results/fast_repro/exp06_roi/patches/train/Burn/377__gt4.jpg,/root/autodl-tmp/borescope-new-seg-data/v1/images/train/377.png,train,0,Burn,gt_positive,"[473.0, 367.0, 664.0, 538.0]","[454, 350, 683, 540]",4
results/fast_repro/exp06_roi/patches/train/corrosion/378__gt0.jpg,/root/autodl-tmp/borescope-new-seg-data/v1/images/train/378.png,train,6,corrosion,gt_positive,"[132.0, 177.0, 376.0, 362.0]","[108, 158, 400, 380]",0
results/fast_repro/exp06_roi/patches/train/corrosion/378__gt1.jpg,/root/autodl-tmp/borescope-new-seg-data/v1/images/train/378.png,train,6,corrosion,gt_positive,"[245.0, 24.0, 496.0, 110.0]","[220, 15, 521, 119]",1
results/fast_repro/exp06_roi/patches/train/corrosion/379__gt0.jpg,/root/autodl-tmp/borescope-new-seg-data/v1/images/train/379.png,train,6,corrosion,gt_positive,"[295.0, 23.0, 514.0, 84.0]","[273, 17, 536, 90]",0
results/fast_repro/exp06_roi/patches/train/corrosion/379__gt1.jpg,/root/autodl-tmp/borescope-new-seg-data/v1/images/train/379.png,train,6,corrosion,gt_positive,"[96.0, 112.0, 447.0, 346.0]","[61, 89, 482, 369]",1
results/fast_repro/exp06_roi/patches/train/corrosion/379__gt2.jpg,/root/autodl-tmp/borescope-new-seg-data/v1/images/train/379.png,train,6,corrosion,gt_positive,"[98.3450698852539, 357.8591613769531, 321.3732604980469, 477.8591613769531]","[76, 346, 344, 480]",2
results/fast_repro/exp06_roi/patches/train/Burn/382__gt0.jpg,/root/autodl-tmp/borescope-new-seg-data/v1/images/train/382.png,train,0,Burn,gt_positive,"[387.0000305175781, 249.0, 483.0, 351.0]","[377, 239, 493, 361]",0
results/fast_repro/exp06_roi/patches/train/corrosion/384__gt0.jpg,/root/autodl-tmp/borescope-new-seg-data/v1/images/train/384.png,train,6,corrosion,gt_positive,"[120.0, 402.0, 174.0, 443.0]","[115, 398, 179, 447]",0
results/fast_repro/exp06_roi/patches/train/corrosion/384__gt1.jpg,/root/autodl-tmp/borescope-new-seg-data/v1/images/train/384.png,train,6,corrosion,gt_positive,"[377.9999694824219, 417.0, 532.0, 536.0]","[363, 405, 547, 540]",1
results/fast_repro/exp06_roi/patches/train/corrosion/384__gt2.jpg,/root/autodl-tmp/borescope-new-seg-data/v1/images/train/384.png,train,6,corrosion,gt_positive,"[65.0079345703125, 300.3650817871094, 122.0079345703125, 374.3650817871094]","[59, 293, 128, 382]",2
results/fast_repro/exp06_roi/patches/train/corrosion/384__gt3.jpg,/root/autodl-tmp/borescope-new-seg-data/v1/images/train/384.png,train,6,corrosion,gt_positive,"[45.0079345703125, 163.36508178710938, 717.0079345703125, 461.3650817871094]","[0, 134, 720, 491]",3
results/fast_repro/exp06_roi/patches/train/corrosion/384__gt4.jpg,/root/autodl-tmp/borescope-new-seg-data/v1/images/train/384.png,train,6,corrosion,gt_positive,"[111.00794219970703, 56.904762268066406, 649.0079345703125, 224.36508178710938]","[57, 40, 703, 241]",4
results/fast_repro/exp06_roi/patches/train/Burn/385__gt0.jpg,/root/autodl-tmp/borescope-new-seg-data/v1/images/train/385.png,train,0,Burn,gt_positive,"[122.0079345703125, 2.142857313156128, 479.0079345703125, 379.3650817871094]","[86, 0, 515, 417]",0
results/fast_repro/exp06_roi/patches/train/Burn/385__gt1.jpg,/root/autodl-tmp/borescope-new-seg-data/v1/images/train/385.png,train,0,Burn,gt_positive,"[76.0079345703125, 336.26983642578125, 293.0079345703125, 434.3650817871094]","[54, 326, 315, 444]",1
results/fast_repro/exp06_roi/patches/train/Material missing/386__gt0.jpg,/root/autodl-tmp/borescope-new-seg-data/v1/images/train/386.png,train,3,Material missing,gt_positive,"[330.0079345703125, 307.69842529296875, 361.0079650878906, 405.3650817871094]","[327, 298, 364, 415]",0
results/fast_repro/exp06_roi/patches/train/corrosion/387__gt0.jpg,/root/autodl-tmp/borescope-new-seg-data/v1/images/train/387.png,train,6,corrosion,gt_positive,"[77.0, 271.0, 118.0, 293.0]","[73, 269, 122, 295]",0
results/fast_repro/exp06_roi/patches/train/corrosion/387__gt1.jpg,/root/autodl-tmp/borescope-new-seg-data/v1/images/train/387.png,train,6,corrosion,gt_positive,"[39.0, 281.0, 61.0, 297.0]","[37, 279, 63, 299]",1
results/fast_repro/exp06_roi/patches/train/Material missing/388__gt0.jpg,/root/autodl-tmp/borescope-new-seg-data/v1/images/train/388.png,train,3,Material missing,gt_positive,"[90.00794219970703, 301.3650817871094, 242.0079345703125, 539.9990234375]","[75, 278, 257, 540]",0
results/fast_repro/exp06_roi/patches/train/Material missing/388__gt1.jpg,/root/autodl-tmp/borescope-new-seg-data/v1/images/train/388.png,train,3,Material missing,gt_positive,"[237.0079345703125, 342.2221984863281, 299.0079345703125, 395.36505126953125]","[231, 337, 305, 401]",1
results/fast_repro/exp06_roi/patches/train/Material missing/388__gt2.jpg,/root/autodl-tmp/borescope-new-seg-data/v1/images/train/388.png,train,3,Material missing,gt_positive,"[307.0079345703125, 122.36508178710938, 557.0079345703125, 358.36505126953125]","[282, 99, 582, 382]",2
results/fast_repro/exp06_roi/patches/train/Burn/388__gt3.jpg,/root/autodl-tmp/borescope-new-seg-data/v1/images/train/388.png,train,0,Burn,gt_positive,"[260.0, 11.0, 711.0, 537.0]","[215, 0, 720, 540]",3
results/fast_repro/exp06_roi/patches/train/Burn/388__gt4.jpg,/root/autodl-tmp/borescope-new-seg-data/v1/images/train/388.png,train,0,Burn,gt_positive,"[264.5634765625, 235.36508178710938, 298.0079345703125, 275.1587219238281]","[261, 231, 301, 279]",4
results/fast_repro/exp06_roi/patches/train/Material missing/389__gt0.jpg,/root/autodl-tmp/borescope-new-seg-data/v1/images/train/389.png,train,3,Material missing,gt_positive,"[286.0079345703125, 453.3650817871094, 332.0079345703125, 525.3651123046875]","[281, 446, 337, 533]",0
results/fast_repro/exp06_roi/patches/train/corrosion/389__gt1.jpg,/root/autodl-tmp/borescope-new-seg-data/v1/images/train/389.png,train,6,corrosion,gt_positive,"[220.0079345703125, 0.0, 323.0079345703125, 303.3650817871094]","[210, 0, 333, 334]",1
results/fast_repro/exp06_roi/patches/train/corrosion/389__gt2.jpg,/root/autodl-tmp/borescope-new-seg-data/v1/images/train/389.png,train,6,corrosion,gt_positive,"[316.1507873535156, 2.365079402923584, 447.0079345703125, 538.3651123046875]","[303, 0, 460, 540]",2
results/fast_repro/exp06_roi/patches/train/Burn/391__gt0.jpg,/root/autodl-tmp/borescope-new-seg-data/v1/images/train/391.png,train,0,Burn,gt_positive,"[91.0, 7.000000476837158, 281.0, 127.0]","[72, 0, 300, 139]",0
results/fast_repro/exp06_roi/patches/train/Burn/391__gt1.jpg,/root/autodl-tmp/borescope-new-seg-data/v1/images/train/391.png,train,0,Burn,gt_positive,"[7.817460536956787, 245.7936553955078, 207.0079345703125, 382.36505126953125]","[0, 232, 227, 396]",1
results/fast_repro/exp06_roi/patches/train/Material missing/391__gt2.jpg,/root/autodl-tmp/borescope-new-seg-data/v1/images/train/391.png,train,3,Material missing,gt_positive,"[406.0079650878906, 4.126984119415283, 488.0079345703125, 162.36508178710938]","[398, 0, 496, 178]",2
results/fast_repro/exp06_roi/patches/train/Material missing/391__gt3.jpg,/root/autodl-tmp/borescope-new-seg-data/v1/images/train/391.png,train,3,Material missing,gt_positive,"[365.0079345703125, 169.60316467285156, 415.0079345703125, 327.3650817871094]","[360, 154, 420, 343]",3
results/fast_repro/exp06_roi/patches/train/corrosion/391__gt4.jpg,/root/autodl-tmp/borescope-new-seg-data/v1/images/train/391.png,train,6,corrosion,gt_positive,"[157.0, 253.0, 196.0, 295.0]","[153, 249, 200, 299]",4
results/fast_repro/exp06_roi/patches/train/corrosion/391__gt5.jpg,/root/autodl-tmp/borescope-new-seg-data/v1/images/train/391.png,train,6,corrosion,gt_positive,"[206.62696838378906, 307.3650817871094, 297.0079345703125, 349.3650817871094]","[198, 303, 306, 354]",5
results/fast_repro/exp06_roi/patches/train/corrosion/393__gt0.jpg,/root/autodl-tmp/borescope-new-seg-data/v1/images/train/393.png,train,6,corrosion,gt_positive,"[93.76760864257812, 2.8591549396514893, 183.3732452392578, 60.85915756225586]","[85, 0, 192, 67]",0
results/fast_repro/exp06_roi/patches/train/corrosion/393__gt1.jpg,/root/autodl-tmp/borescope-new-seg-data/v1/images/train/393.png,train,6,corrosion,gt_positive,"[329.37322998046875, 0.0, 406.3732604980469, 53.859153747558594]","[322, 0, 414, 59]",1
results/fast_repro/exp06_roi/patches/train/corrosion/394__gt0.jpg,/root/autodl-tmp/borescope-new-seg-data/v1/images/train/394.png,train,6,corrosion,gt_positive,"[590.0, 300.0, 707.0, 414.0]","[578, 289, 719, 425]",0
results/fast_repro/exp06_roi/patches/train/corrosion/395__gt0.jpg,/root/autodl-tmp/borescope-new-seg-data/v1/images/train/395.png,train,6,corrosion,gt_positive,"[0.2777777910232544, 2.142857313156128, 715.0079345703125, 524.3651123046875]","[0, 0, 720, 540]",0
results/fast_repro/exp06_roi/patches/train/Burn/395__gt1.jpg,/root/autodl-tmp/borescope-new-seg-data/v1/images/train/395.png,train,0,Burn,gt_positive,"[249.484130859375, 4.365079402923584, 716.0079345703125, 367.3650817871094]","[203, 0, 720, 404]",1
results/fast_repro/exp06_roi/patches/train/corrosion/396__gt0.jpg,/root/autodl-tmp/borescope-new-seg-data/v1/images/train/396.png,train,6,corrosion,gt_positive,"[123.36962890625, 316.0552062988281, 445.3696594238281, 367.0552062988281]","[91, 311, 478, 372]",0
results/fast_repro/exp06_roi/patches/train/corrosion/396__gt1.jpg,/root/autodl-tmp/borescope-new-seg-data/v1/images/train/396.png,train,6,corrosion,gt_positive,"[458.3695983886719, 322.05517578125, 589.36962890625, 365.4255676269531]","[445, 318, 602, 370]",1
results/fast_repro/exp06_roi/patches/train/Burn/397__gt0.jpg,/root/autodl-tmp/borescope-new-seg-data/v1/images/train/397.png,train,0,Burn,gt_positive,"[0.0, 2.365079402923584, 311.0079345703125, 252.36508178710938]","[0, 0, 342, 277]",0
results/fast_repro/exp06_roi/patches/train/Burn/397__gt1.jpg,/root/autodl-tmp/borescope-new-seg-data/v1/images/train/397.png,train,0,Burn,gt_positive,"[430.0396728515625, 77.36507415771484, 719.0079345703125, 537.4603271484375]","[401, 31, 720, 540]",1
results/fast_repro/exp06_roi/patches/train/Burn/397__gt2.jpg,/root/autodl-tmp/borescope-new-seg-data/v1/images/train/397.png,train,0,Burn,gt_positive,"[2.2619049549102783, 383.0952453613281, 27.007938385009766, 538.3651123046875]","[0, 368, 29, 540]",2
results/fast_repro/exp06_roi/patches/train/corrosion/398__gt0.jpg,/root/autodl-tmp/borescope-new-seg-data/v1/images/train/398.png,train,6,corrosion,gt_positive,"[32.0, 216.0, 71.0, 278.0]","[28, 210, 75, 284]",0
results/fast_repro/exp06_roi/patches/train/corrosion/398__gt1.jpg,/root/autodl-tmp/borescope-new-seg-data/v1/images/train/398.png,train,6,corrosion,gt_positive,"[92.00000762939453, 261.0, 130.0, 291.0]","[88, 258, 134, 294]",1
results/fast_repro/exp06_roi/patches/train/corrosion/398__gt2.jpg,/root/autodl-tmp/borescope-new-seg-data/v1/images/train/398.png,train,6,corrosion,gt_positive,"[201.0, 276.0000305175781, 251.0, 312.0]","[196, 272, 256, 316]",2
results/fast_repro/exp06_roi/patches/train/corrosion/398__gt3.jpg,/root/autodl-tmp/borescope-new-seg-data/v1/images/train/398.png,train,6,corrosion,gt_positive,"[210.0, 319.0, 256.0, 341.0]","[205, 317, 261, 343]",3
results/fast_repro/exp06_roi/patches/train/corrosion/398__gt4.jpg,/root/autodl-tmp/borescope-new-seg-data/v1/images/train/398.png,train,6,corrosion,gt_positive,"[265.0, 267.0, 288.0, 289.0]","[263, 265, 290, 291]",4
results/fast_repro/exp06_roi/patches/train/corrosion/398__gt5.jpg,/root/autodl-tmp/borescope-new-seg-data/v1/images/train/398.png,train,6,corrosion,gt_positive,"[329.0, 16.0, 384.0000305175781, 63.0]","[323, 11, 390, 68]",5
results/fast_repro/exp06_roi/patches/train/corrosion/398__gt6.jpg,/root/autodl-tmp/borescope-new-seg-data/v1/images/train/398.png,train,6,corrosion,gt_positive,"[286.0, 325.0000305175781, 313.0, 340.0]","[283, 324, 316, 341]",6
results/fast_repro/exp06_roi/patches/train/corrosion/398__gt7.jpg,/root/autodl-tmp/borescope-new-seg-data/v1/images/train/398.png,train,6,corrosion,gt_positive,"[287.0, 301.0, 308.0, 315.0]","[285, 300, 310, 316]",7
results/fast_repro/exp06_roi/patches/train/corrosion/398__gt8.jpg,/root/autodl-tmp/borescope-new-seg-data/v1/images/train/398.png,train,6,corrosion,gt_positive,"[253.00001525878906, 305.0, 272.0, 317.0]","[251, 304, 274, 318]",8
results/fast_repro/exp06_roi/patches/train/corrosion/398__gt9.jpg,/root/autodl-tmp/borescope-new-seg-data/v1/images/train/398.png,train,6,corrosion,gt_positive,"[93.0, 354.0, 148.0, 389.0]","[88, 350, 154, 392]",9
results/fast_repro/exp06_roi/patches/train/corrosion/398__gt10.jpg,/root/autodl-tmp/borescope-new-seg-data/v1/images/train/398.png,train,6,corrosion,gt_positive,"[149.0, 342.0, 164.0, 358.0]","[148, 340, 166, 360]",10
results/fast_repro/exp06_roi/patches/train/Material missing/398__gt11.jpg,/root/autodl-tmp/borescope-new-seg-data/v1/images/train/398.png,train,3,Material missing,gt_positive,"[673.0, 95.0, 710.0, 135.0]","[669, 91, 714, 139]",11
results/fast_repro/exp06_roi/patches/train/corrosion/399__gt0.jpg,/root/autodl-tmp/borescope-new-seg-data/v1/images/train/399.png,train,6,corrosion,gt_positive,"[305.0, 116.0, 398.0, 212.0]","[296, 106, 407, 222]",0
results/fast_repro/exp06_roi/patches/train/corrosion/399__gt1.jpg,/root/autodl-tmp/borescope-new-seg-data/v1/images/train/399.png,train,6,corrosion,gt_positive,"[396.9999694824219, 5.0, 483.9999694824219, 53.0]","[388, 0, 493, 58]",1
results/fast_repro/exp06_roi/patches/train/corrosion/399__gt2.jpg,/root/autodl-tmp/borescope-new-seg-data/v1/images/train/399.png,train,6,corrosion,gt_positive,"[438.0079650878906, 158.09523010253906, 612.0079345703125, 308.3650817871094]","[421, 143, 629, 323]",2
results/fast_repro/exp06_roi/patches/train/corrosion/399__gt3.jpg,/root/autodl-tmp/borescope-new-seg-data/v1/images/train/399.png,train,6,corrosion,gt_positive,"[521.3095092773438, 16.365079879760742, 546.0079345703125, 51.365081787109375]","[519, 13, 548, 55]",3
results/fast_repro/exp06_roi/patches/train/corrosion/399__gt4.jpg,/root/autodl-tmp/borescope-new-seg-data/v1/images/train/399.png,train,6,corrosion,gt_positive,"[533.2142944335938, 311.3650817871094, 550.0079345703125, 332.3650817871094]","[532, 309, 552, 334]",4
results/fast_repro/exp06_roi/patches/train/corrosion/401__gt0.jpg,/root/autodl-tmp/borescope-new-seg-data/v1/images/train/401.png,train,6,corrosion,gt_positive,"[75.0079345703125, 0.0, 487.0079040527344, 134.36508178710938]","[34, 0, 528, 148]",0
results/fast_repro/exp06_roi/patches/train/corrosion/401__gt1.jpg,/root/autodl-tmp/borescope-new-seg-data/v1/images/train/401.png,train,6,corrosion,gt_positive,"[367.3412780761719, 112.36508178710938, 719.0079345703125, 330.3650817871094]","[332, 91, 720, 352]",1
results/fast_repro/exp06_roi/patches/train/corrosion/402__gt0.jpg,/root/autodl-tmp/borescope-new-seg-data/v1/images/train/402.png,train,6,corrosion,gt_positive,"[322.0079345703125, 208.4920654296875, 355.0079345703125, 337.3650817871094]","[319, 196, 358, 350]",0
results/fast_repro/exp06_roi/patches/train/corrosion/404__gt0.jpg,/root/autodl-tmp/borescope-new-seg-data/v1/images/train/404.png,train,6,corrosion,gt_positive,"[303.0, 145.0, 545.0, 527.0]","[279, 107, 569, 540]",0
results/fast_repro/exp06_roi/patches/train/Burn/405__gt0.jpg,/root/autodl-tmp/borescope-new-seg-data/v1/images/train/405.png,train,0,Burn,gt_positive,"[15.00793743133545, 296.3650817871094, 657.0079345703125, 423.3650817871094]","[0, 284, 720, 436]",0
results/fast_repro/exp06_roi/patches/train/Material missing/407__gt0.jpg,/root/autodl-tmp/borescope-new-seg-data/v1/images/train/407.png,train,3,Material missing,gt_positive,"[586.25, 222.3148193359375, 675.25, 355.1666564941406]","[577, 209, 684, 368]",0
results/fast_repro/exp06_roi/patches/train/Crack/407__gt1.jpg,/root/autodl-tmp/borescope-new-seg-data/v1/images/train/407.png,train,1,Crack,gt_positive,"[656.25, 257.9629821777344, 712.0833129882812, 282.1666564941406]","[651, 256, 718, 285]",1
results/fast_repro/exp06_roi/patches/train/Material missing/410__gt0.jpg,/root/autodl-tmp/borescope-new-seg-data/v1/images/train/410.png,train,3,Material missing,gt_positive,"[243.25, 118.16666412353516, 408.2499694824219, 174.1666717529297]","[227, 113, 425, 180]",0
results/fast_repro/exp06_roi/patches/train/corrosion/412__gt0.jpg,/root/autodl-tmp/borescope-new-seg-data/v1/images/train/412.png,train,6,corrosion,gt_positive,"[15.598591804504395, 267.8591613769531, 270.37322998046875, 385.8591613769531]","[0, 256, 296, 398]",0
results/fast_repro/exp06_roi/patches/train/Burn/413__gt0.jpg,/root/autodl-tmp/borescope-new-seg-data/v1/images/train/413.png,train,0,Burn,gt_positive,"[73.0, 222.0, 164.0, 287.0]","[64, 216, 173, 294]",0
results/fast_repro/exp06_roi/patches/train/Burn/413__gt1.jpg,/root/autodl-tmp/borescope-new-seg-data/v1/images/train/413.png,train,0,Burn,gt_positive,"[104.00000762939453, 307.0, 174.0, 361.0]","[97, 302, 181, 366]",1
results/fast_repro/exp06_roi/patches/train/Burn/413__gt2.jpg,/root/autodl-tmp/borescope-new-seg-data/v1/images/train/413.png,train,0,Burn,gt_positive,"[116.0079345703125, 400.3650817871094, 181.0079345703125, 455.3650817871094]","[110, 395, 188, 461]",2
results/fast_repro/exp06_roi/patches/train/Burn/413__gt3.jpg,/root/autodl-tmp/borescope-new-seg-data/v1/images/train/413.png,train,0,Burn,gt_positive,"[144.0079345703125, 505.36505126953125, 208.0079345703125, 537.3651123046875]","[138, 502, 214, 540]",3
results/fast_repro/exp06_roi/patches/train/Burn/413__gt4.jpg,/root/autodl-tmp/borescope-new-seg-data/v1/images/train/413.png,train,0,Burn,gt_positive,"[102.65872955322266, 4.920635223388672, 322.0079345703125, 539.3651123046875]","[81, 0, 344, 540]",4
results/fast_repro/exp06_roi/patches/train/Burn/413__gt5.jpg,/root/autodl-tmp/borescope-new-seg-data/v1/images/train/413.png,train,0,Burn,gt_positive,"[592.0, 390.0, 649.0, 539.0]","[586, 375, 655, 540]",5
results/fast_repro/exp06_roi/patches/train/Material missing/413__gt6.jpg,/root/autodl-tmp/borescope-new-seg-data/v1/images/train/413.png,train,3,Material missing,gt_positive,"[571.0079345703125, 9.682539939880371, 709.0079345703125, 110.36508178710938]","[557, 0, 720, 120]",6
results/fast_repro/exp06_roi/patches/train/Burn/413__gt7.jpg,/root/autodl-tmp/borescope-new-seg-data/v1/images/train/413.png,train,0,Burn,gt_positive,"[327.0079345703125, 1.365079402923584, 564.0079345703125, 537.3651123046875]","[303, 0, 588, 540]",7
results/fast_repro/exp06_roi/patches/train/Material missing/413__gt8.jpg,/root/autodl-tmp/borescope-new-seg-data/v1/images/train/413.png,train,3,Material missing,gt_positive,"[487.0079040527344, 289.3650817871094, 498.0079345703125, 307.3650817871094]","[486, 288, 499, 309]",8
results/fast_repro/exp06_roi/patches/train/Material missing/413__gt9.jpg,/root/autodl-tmp/borescope-new-seg-data/v1/images/train/413.png,train,3,Material missing,gt_positive,"[499.88092041015625, 220.3650665283203, 518.0079345703125, 254.92063903808594]","[498, 217, 520, 258]",9
results/fast_repro/exp06_roi/patches/train/corrosion/415__gt0.jpg,/root/autodl-tmp/borescope-new-seg-data/v1/images/train/415.png,train,6,corrosion,gt_positive,"[282.0, 192.0, 320.0, 268.0]","[278, 184, 324, 276]",0
results/fast_repro/exp06_roi/patches/train/corrosion/415__gt1.jpg,/root/autodl-tmp/borescope-new-seg-data/v1/images/train/415.png,train,6,corrosion,gt_positive,"[253.00001525878906, 270.0, 338.0, 312.9999694824219]","[244, 266, 346, 317]",1
results/fast_repro/exp06_roi/patches/train/Material missing/417__gt0.jpg,/root/autodl-tmp/borescope-new-seg-data/v1/images/train/417.png,train,3,Material missing,gt_positive,"[109.0079345703125, 381.1111145019531, 190.00794982910156, 445.3650817871094]","[101, 375, 198, 452]",0
results/fast_repro/exp06_roi/patches/train/Material missing/417__gt1.jpg,/root/autodl-tmp/borescope-new-seg-data/v1/images/train/417.png,train,3,Material missing,gt_positive,"[364.9603271484375, 4.365079402923584, 445.0079040527344, 350.3650817871094]","[357, 0, 453, 385]",1
results/fast_repro/exp06_roi/patches/train/corrosion/418__gt0.jpg,/root/autodl-tmp/borescope-new-seg-data/v1/images/train/418.png,train,6,corrosion,gt_positive,"[310.0, 164.0, 393.0, 281.0]","[302, 152, 401, 293]",0
results/fast_repro/exp06_roi/patches/train/Material missing/419__gt0.jpg,/root/autodl-tmp/borescope-new-seg-data/v1/images/train/419.png,train,3,Material missing,gt_positive,"[348.0079345703125, 273.1745910644531, 364.0079345703125, 309.36505126953125]","[346, 270, 366, 313]",0
results/fast_repro/exp06_roi/patches/train/corrosion/420__gt0.jpg,/root/autodl-tmp/borescope-new-seg-data/v1/images/train/420.png,train,6,corrosion,gt_positive,"[130.43650817871094, 319.3650817871094, 652.0079345703125, 411.3650817871094]","[78, 310, 704, 421]",0
results/fast_repro/exp06_roi/patches/train/corrosion/421__gt0.jpg,/root/autodl-tmp/borescope-new-seg-data/v1/images/train/421.png,train,6,corrosion,gt_positive,"[141.0, 307.0, 253.00001525878906, 397.0]","[130, 298, 264, 406]",0
results/fast_repro/exp06_roi/patches/train/corrosion/421__gt1.jpg,/root/autodl-tmp/borescope-new-seg-data/v1/images/train/421.png,train,6,corrosion,gt_positive,"[258.0, 300.0, 376.0, 480.0]","[246, 282, 388, 498]",1
results/fast_repro/exp06_roi/patches/train/corrosion/421__gt2.jpg,/root/autodl-tmp/borescope-new-seg-data/v1/images/train/421.png,train,6,corrosion,gt_positive,"[382.0079345703125, 411.3650817871094, 514.0079345703125, 537.3651123046875]","[369, 399, 527, 540]",2
results/fast_repro/exp06_roi/patches/train/corrosion/421__gt3.jpg,/root/autodl-tmp/borescope-new-seg-data/v1/images/train/421.png,train,6,corrosion,gt_positive,"[187.0, 264.0, 259.0, 298.0]","[180, 261, 266, 301]",3
results/fast_repro/exp06_roi/patches/train/corrosion/421__gt4.jpg,/root/autodl-tmp/borescope-new-seg-data/v1/images/train/421.png,train,6,corrosion,gt_positive,"[560.0, 516.0, 590.0, 539.0]","[557, 514, 593, 540]",4
results/fast_repro/exp06_roi/patches/train/corrosion/423__gt0.jpg,/root/autodl-tmp/borescope-new-seg-data/v1/images/train/423.png,train,6,corrosion,gt_positive,"[338.0, 158.0, 374.0, 181.00001525878906]","[334, 156, 378, 183]",0
results/fast_repro/exp06_roi/patches/train/corrosion/423__gt1.jpg,/root/autodl-tmp/borescope-new-seg-data/v1/images/train/423.png,train,6,corrosion,gt_positive,"[274.0, 384.0, 292.0, 403.0]","[272, 382, 294, 405]",1
results/fast_repro/exp06_roi/patches/train/corrosion/424__gt0.jpg,/root/autodl-tmp/borescope-new-seg-data/v1/images/train/424.png,train,6,corrosion,gt_positive,"[590.0, 244.0, 672.0, 276.0000305175781]","[582, 241, 680, 279]",0
results/fast_repro/exp06_roi/patches/train/corrosion/424__gt1.jpg,/root/autodl-tmp/borescope-new-seg-data/v1/images/train/424.png,train,6,corrosion,gt_positive,"[486.388916015625, 117.36507415771484, 568.0079345703125, 156.36508178710938]","[478, 113, 576, 160]",1
results/fast_repro/exp06_roi/patches/train/corrosion/426__gt0.jpg,/root/autodl-tmp/borescope-new-seg-data/v1/images/train/426.png,train,6,corrosion,gt_positive,"[530.0, 131.0, 624.0, 271.0]","[521, 117, 633, 285]",0
results/fast_repro/exp06_roi/patches/train/corrosion/426__gt1.jpg,/root/autodl-tmp/borescope-new-seg-data/v1/images/train/426.png,train,6,corrosion,gt_positive,"[637.0079345703125, 57.30158996582031, 716.0079345703125, 259.3650817871094]","[629, 37, 720, 280]",1
results/fast_repro/exp06_roi/patches/train/corrosion/426__gt2.jpg,/root/autodl-tmp/borescope-new-seg-data/v1/images/train/426.png,train,6,corrosion,gt_positive,"[475.0079345703125, 239.36508178710938, 553.0555419921875, 286.6666564941406]","[467, 235, 561, 291]",2
results/fast_repro/exp06_roi/patches/train/corrosion/426__gt3.jpg,/root/autodl-tmp/borescope-new-seg-data/v1/images/train/426.png,train,6,corrosion,gt_positive,"[415.0079345703125, 210.36508178710938, 466.547607421875, 277.3650817871094]","[410, 204, 472, 284]",3
results/fast_repro/exp06_roi/patches/train/corrosion/426__gt4.jpg,/root/autodl-tmp/borescope-new-seg-data/v1/images/train/426.png,train,6,corrosion,gt_positive,"[407.0079345703125, 162.36508178710938, 427.26190185546875, 199.36508178710938]","[405, 159, 429, 203]",4
results/fast_repro/exp06_roi/patches/train/corrosion/427__gt0.jpg,/root/autodl-tmp/borescope-new-seg-data/v1/images/train/427.png,train,6,corrosion,gt_positive,"[401.0079345703125, 195.3650665283203, 469.0079345703125, 268.3650817871094]","[394, 188, 476, 276]",0
results/fast_repro/exp06_roi/patches/train/corrosion/428__gt0.jpg,/root/autodl-tmp/borescope-new-seg-data/v1/images/train/428.png,train,6,corrosion,gt_positive,"[379.37322998046875, 87.8591537475586, 596.9365844726562, 192.1126708984375]","[358, 77, 619, 203]",0
results/fast_repro/exp06_roi/patches/train/corrosion/429__gt0.jpg,/root/autodl-tmp/borescope-new-seg-data/v1/images/train/429.png,train,6,corrosion,gt_positive,"[486.0079345703125, 120.36507415771484, 719.0079345703125, 282.3650817871094]","[463, 104, 720, 299]",0
results/fast_repro/exp06_roi/patches/train/corrosion/431__gt0.jpg,/root/autodl-tmp/borescope-new-seg-data/v1/images/train/431.png,train,6,corrosion,gt_positive,"[380.0079345703125, 91.4285659790039, 534.0079345703125, 254.36508178710938]","[365, 75, 549, 271]",0
results/fast_repro/exp06_roi/patches/train/corrosion/431__gt1.jpg,/root/autodl-tmp/borescope-new-seg-data/v1/images/train/431.png,train,6,corrosion,gt_positive,"[451.9999694824219, 277.0, 485.0, 306.0]","[449, 274, 488, 309]",1
results/fast_repro/exp06_roi/patches/train/Tip curl/434__gt0.jpg,/root/autodl-tmp/borescope-new-seg-data/v1/images/train/434.jpg,train,5,Tip curl,gt_positive,"[72.69413757324219, 14.932754516601562, 160.32972717285156, 70.0303726196289]","[64, 9, 169, 76]",0
results/fast_repro/exp06_roi/patches/train/Tip curl/435__gt0.jpg,/root/autodl-tmp/borescope-new-seg-data/v1/images/train/435.jpg,train,5,Tip curl,gt_positive,"[727.338134765625, 140.2877655029297, 875.6905517578125, 271.94244384765625]","[713, 127, 880, 285]",0
results/fast_repro/exp06_roi/patches/train/Tip curl/436__gt0.jpg,/root/autodl-tmp/borescope-new-seg-data/v1/images/train/436.jpg,train,5,Tip curl,gt_positive,"[347.3354187011719, 260.3448181152344, 428.58990478515625, 331.50469970703125]","[339, 253, 437, 339]",0
results/fast_repro/exp06_roi/patches/train/Tip curl/439__gt0.jpg,/root/autodl-tmp/borescope-new-seg-data/v1/images/train/439.jpg,train,5,Tip curl,gt_positive,"[615.52392578125, 185.51100158691406, 712.0310668945312, 275.4204406738281]","[606, 177, 722, 284]",0
results/fast_repro/exp06_roi/patches/train/Tip curl/441__gt0.jpg,/root/autodl-tmp/borescope-new-seg-data/v1/images/train/441.jpg,train,5,Tip curl,gt_positive,"[525.626708984375, 198.7473907470703, 634.2379760742188, 299.29998779296875]","[515, 189, 645, 309]",0
results/fast_repro/exp06_roi/patches/train/Tip curl/442__gt0.jpg,/root/autodl-tmp/borescope-new-seg-data/v1/images/train/442.jpg,train,5,Tip curl,gt_positive,"[480.9195556640625, 220.0, 549.6865234375, 277.1159973144531]","[474, 214, 557, 283]",0
results/fast_repro/exp06_roi/patches/train/Tip curl/443__gt0.jpg,/root/autodl-tmp/borescope-new-seg-data/v1/images/train/443.jpg,train,5,Tip curl,gt_positive,"[35.383949279785156, 34.67245101928711, 110.87202453613281, 95.84381866455078]","[28, 29, 118, 102]",0
results/fast_repro/exp06_roi/patches/train/Tip curl/444__gt0.jpg,/root/autodl-tmp/borescope-new-seg-data/v1/images/train/444.jpg,train,5,Tip curl,gt_positive,"[390.2846374511719, 247.5, 470.4000244140625, 332.0]","[382, 239, 478, 340]",0
results/fast_repro/exp06_roi/patches/train/Tip curl/445__gt0.jpg,/root/autodl-tmp/borescope-new-seg-data/v1/images/train/445.jpg,train,5,Tip curl,gt_positive,"[404.0752258300781, 230.5, 500.3999938964844, 342.94671630859375]","[394, 219, 510, 354]",0
results/fast_repro/exp06_roi/patches/train/Tip curl/446__gt0.jpg,/root/autodl-tmp/borescope-new-seg-data/v1/images/train/446.jpg,train,5,Tip curl,gt_positive,"[568.3742065429688, 201.53375244140625, 639.3273315429688, 267.6584777832031]","[561, 195, 646, 274]",0
results/fast_repro/exp06_roi/patches/train/Tip curl/447__gt0.jpg,/root/autodl-tmp/borescope-new-seg-data/v1/images/train/447.jpg,train,5,Tip curl,gt_positive,"[367.0689697265625, 245.0, 446.5517272949219, 299.82757568359375]","[359, 240, 455, 305]",0
results/fast_repro/exp06_roi/patches/train/Tip curl/448__gt0.jpg,/root/autodl-tmp/borescope-new-seg-data/v1/images/train/448.jpg,train,5,Tip curl,gt_positive,"[329.1139221191406, 260.0, 400.6263122558594, 318.37158203125]","[322, 254, 408, 324]",0
results/fast_repro/exp06_roi/patches/train/Tip curl/449__gt0.jpg,/root/autodl-tmp/borescope-new-seg-data/v1/images/train/449.jpg,train,5,Tip curl,gt_positive,"[497.1680603027344, 208.34312438964844, 588.0023193359375, 286.0164489746094]","[488, 201, 597, 294]",0
results/fast_repro/exp06_roi/patches/train/Tip curl/450__gt0.jpg,/root/autodl-tmp/borescope-new-seg-data/v1/images/train/450.jpg,train,5,Tip curl,gt_positive,"[571.0810546875, 197.53231811523438, 663.0904541015625, 285.8989562988281]","[562, 189, 672, 295]",0
results/fast_repro/exp06_roi/patches/train/Tip curl/451__gt0.jpg,/root/autodl-tmp/borescope-new-seg-data/v1/images/train/451.jpg,train,5,Tip curl,gt_positive,"[403.4482727050781, 236.20689392089844, 477.20001220703125, 294.70001220703125]","[396, 230, 485, 301]",0
results/fast_repro/exp06_roi/patches/train/Tip curl/452__gt0.jpg,/root/autodl-tmp/borescope-new-seg-data/v1/images/train/452.jpg,train,5,Tip curl,gt_positive,"[528.1012573242188, 210.34481811523438, 593.5736694335938, 268.96551513671875]","[522, 204, 600, 275]",0
results/fast_repro/exp06_roi/patches/train/Tip curl/455__gt0.jpg,/root/autodl-tmp/borescope-new-seg-data/v1/images/train/455.jpg,train,5,Tip curl,gt_positive,"[611.9540405273438, 191.4942626953125, 687.12646484375, 247.8160858154297]","[604, 186, 695, 253]",0
results/fast_repro/exp06_roi/patches/train/Tip curl/456__gt0.jpg,/root/autodl-tmp/borescope-new-seg-data/v1/images/train/456.jpg,train,5,Tip curl,gt_positive,"[484.320556640625, 222.99652099609375, 563.2265625, 299.3031311035156]","[476, 215, 571, 307]",0
results/fast_repro/exp06_roi/patches/train/Tip curl/457__gt0.jpg,/root/autodl-tmp/borescope-new-seg-data/v1/images/train/457.jpg,train,5,Tip curl,gt_positive,"[438.29058837890625, 216.3817596435547, 544.596923828125, 346.6552429199219]","[428, 203, 555, 360]",0
results/fast_repro/exp06_roi/patches/train/Tip curl/458__gt0.jpg,/root/autodl-tmp/borescope-new-seg-data/v1/images/train/458.jpg,train,5,Tip curl,gt_positive,"[506.68060302734375, 208.76828002929688, 614.2796020507812, 291.2317199707031]","[496, 201, 625, 299]",0
results/fast_repro/exp06_roi/patches/train/Tip curl/459__gt0.jpg,/root/autodl-tmp/borescope-new-seg-data/v1/images/train/459.jpg,train,5,Tip curl,gt_positive,"[311.64556884765625, 264.3038024902344, 382.9310302734375, 314.3103332519531]","[305, 259, 390, 319]",0
results/fast_repro/exp06_roi/patches/train/Tip curl/461__gt0.jpg,/root/autodl-tmp/borescope-new-seg-data/v1/images/train/461.jpg,train,5,Tip curl,gt_positive,"[294.5521240234375, 272.2467041015625, 391.87652587890625, 346.9897155761719]","[285, 265, 402, 354]",0
results/fast_repro/exp06_roi/patches/train/Tip curl/462__gt0.jpg,/root/autodl-tmp/borescope-new-seg-data/v1/images/train/462.jpg,train,5,Tip curl,gt_positive,"[624.5977172851562, 180.6896514892578, 724.8275756835938, 275.07122802734375]","[615, 171, 735, 285]",0
results/fast_repro/exp06_roi/patches/train/Tip curl/463__gt0.jpg,/root/autodl-tmp/borescope-new-seg-data/v1/images/train/463.jpg,train,5,Tip curl,gt_positive,"[442.0612487792969, 227.57659912109375, 510.9717712402344, 288.7147216796875]","[435, 221, 518, 295]",0
results/fast_repro/exp06_roi/patches/train/Tip curl/465__gt0.jpg,/root/autodl-tmp/borescope-new-seg-data/v1/images/train/465.jpg,train,5,Tip curl,gt_positive,"[349.6551513671875, 253.10345458984375, 421.03448486328125, 301.3793029785156]","[343, 248, 428, 306]",0
results/fast_repro/exp06_roi/patches/train/Tip curl/466__gt0.jpg,/root/autodl-tmp/borescope-new-seg-data/v1/images/train/466.jpg,train,5,Tip curl,gt_positive,"[595.5172119140625, 188.9655303955078, 681.5516967773438, 286.2069091796875]","[587, 179, 690, 296]",0
results/fast_repro/exp06_roi/patches/train/Tip curl/467__gt0.jpg,/root/autodl-tmp/borescope-new-seg-data/v1/images/train/467.jpg,train,5,Tip curl,gt_positive,"[420.2298889160156, 234.6999969482422, 515.1000366210938, 312.4137878417969]","[411, 227, 525, 320]",0
results/fast_repro/exp06_roi/patches/train/Crack/468__gt0.jpg,/root/autodl-tmp/borescope-new-seg-data/v1/images/train/468.jpg,train,1,Crack,gt_positive,"[384.3423767089844, 236.9519805908203, 398.5386047363281, 359.4989318847656]","[383, 225, 400, 372]",0
results/fast_repro/exp06_roi/patches/train/Crack/469__gt0.jpg,/root/autodl-tmp/borescope-new-seg-data/v1/images/train/469.jpg,train,1,Crack,gt_positive,"[414.663330078125, 176.05984497070312, 562.6419067382812, 300.8297119140625]","[400, 164, 577, 313]",0
results/fast_repro/exp06_roi/patches/train/Crack/470__gt0.jpg,/root/autodl-tmp/borescope-new-seg-data/v1/images/train/470.jpg,train,1,Crack,gt_positive,"[200.19949340820312, 110.47381591796875, 462.6415100097656, 295.6331787109375]","[174, 92, 489, 314]",0
results/fast_repro/exp06_roi/patches/train/Crack/471__gt0.jpg,/root/autodl-tmp/borescope-new-seg-data/v1/images/train/471.jpg,train,1,Crack,gt_positive,"[199.04818725585938, 243.2432403564453, 205.74618530273438, 282.8437194824219]","[198, 239, 206, 287]",0
results/fast_repro/exp06_roi/patches/train/Crack/474__gt0.jpg,/root/autodl-tmp/borescope-new-seg-data/v1/images/train/474.jpg,train,1,Crack,gt_positive,"[529.4363403320312, 120.33425903320312, 544.2588500976562, 240.50103759765625]","[528, 108, 546, 253]",0
results/fast_repro/exp06_roi/patches/train/Crack/476__gt0.jpg,/root/autodl-tmp/borescope-new-seg-data/v1/images/train/476.jpg,train,1,Crack,gt_positive,"[348.9028015136719, 231.39013671875, 379.0732421875, 344.5440979003906]","[346, 220, 382, 356]",0
results/fast_repro/exp06_roi/patches/train/Crack/476__gt1.jpg,/root/autodl-tmp/borescope-new-seg-data/v1/images/train/476.jpg,train,1,Crack,gt_positive,"[392.1000061035156, 363.4586181640625, 400.70001220703125, 370.6999816894531]","[391, 363, 402, 371]",1
results/fast_repro/exp06_roi/patches/train/Crack/478__gt0.jpg,/root/autodl-tmp/borescope-new-seg-data/v1/images/train/478.jpg,train,1,Crack,gt_positive,"[102.7272720336914, 205.15151977539062, 326.06060791015625, 299.3939514160156]","[80, 196, 348, 309]",0
results/fast_repro/exp06_roi/patches/train/Crack/480__gt0.jpg,/root/autodl-tmp/borescope-new-seg-data/v1/images/train/480.jpg,train,1,Crack,gt_positive,"[220.58822631835938, 122.39818572998047, 513.1597290039062, 294.5946044921875]","[191, 105, 542, 312]",0
results/fast_repro/exp06_roi/patches/train/Crack/481__gt0.jpg,/root/autodl-tmp/borescope-new-seg-data/v1/images/train/481.jpg,train,1,Crack,gt_positive,"[432.24139404296875, 169.48275756835938, 489.0, 271.1999816894531]","[427, 159, 495, 281]",0
results/fast_repro/exp06_roi/patches/train/Crack/482__gt0.jpg,/root/autodl-tmp/borescope-new-seg-data/v1/images/train/482.jpg,train,1,Crack,gt_positive,"[605.0, 191.72413635253906, 613.3999633789062, 224.6999969482422]","[604, 188, 614, 228]",0
results/fast_repro/exp06_roi/patches/train/Crack/482__gt1.jpg,/root/autodl-tmp/borescope-new-seg-data/v1/images/train/482.jpg,train,1,Crack,gt_positive,"[609.9000244140625, 228.1999969482422, 620.7000122070312, 253.39999389648438]","[609, 226, 622, 256]",1
results/fast_repro/exp06_roi/patches/train/Crack/482__gt2.jpg,/root/autodl-tmp/borescope-new-seg-data/v1/images/train/482.jpg,train,1,Crack,gt_positive,"[620.3999633789062, 267.6000061035156, 625.0, 285.5]","[620, 266, 625, 287]",2
results/fast_repro/exp06_roi/patches/train/Crack/482__gt3.jpg,/root/autodl-tmp/borescope-new-seg-data/v1/images/train/482.jpg,train,1,Crack,gt_positive,"[624.0, 288.6999816894531, 629.0, 303.5999755859375]","[624, 287, 630, 305]",3
results/fast_repro/exp06_roi/patches/train/Crack/483__gt0.jpg,/root/autodl-tmp/borescope-new-seg-data/v1/images/train/483.jpg,train,1,Crack,gt_positive,"[518.765380859375, 295.6961975097656, 538.0247192382812, 426.4197692871094]","[517, 283, 540, 439]",0
results/fast_repro/exp06_roi/patches/train/Crack/485__gt0.jpg,/root/autodl-tmp/borescope-new-seg-data/v1/images/train/485.jpg,train,1,Crack,gt_positive,"[221.15383911132812, 125.52197265625, 513.16796875, 294.06488037109375]","[192, 109, 542, 311]",0
results/fast_repro/exp06_roi/patches/train/Crack/486__gt0.jpg,/root/autodl-tmp/borescope-new-seg-data/v1/images/train/486.jpg,train,1,Crack,gt_positive,"[522.3381958007812, 54.07098388671875, 537.5783081054688, 184.13360595703125]","[521, 41, 539, 197]",0
results/fast_repro/exp06_roi/patches/train/Crack/487__gt0.jpg,/root/autodl-tmp/borescope-new-seg-data/v1/images/train/487.jpg,train,1,Crack,gt_positive,"[339.5555725097656, 206.51161193847656, 578.2222290039062, 306.22222900390625]","[316, 197, 602, 316]",0
results/fast_repro/exp06_roi/patches/train/Crack/488__gt0.jpg,/root/autodl-tmp/borescope-new-seg-data/v1/images/train/488.jpg,train,1,Crack,gt_positive,"[121.79999542236328, 75.15151977539062, 521.1091918945312, 328.29998779296875]","[82, 50, 561, 354]",0
results/fast_repro/exp06_roi/patches/train/Crack/489__gt0.jpg,/root/autodl-tmp/borescope-new-seg-data/v1/images/train/489.jpg,train,1,Crack,gt_positive,"[534.302001953125, 200.28489685058594, 543.84619140625, 232.336181640625]","[533, 197, 545, 236]",0
results/fast_repro/exp06_roi/patches/train/Crack/489__gt1.jpg,/root/autodl-tmp/borescope-new-seg-data/v1/images/train/489.jpg,train,1,Crack,gt_positive,"[537.1510009765625, 235.61253356933594, 553.3903198242188, 265.8119812011719]","[536, 233, 555, 269]",1
results/fast_repro/exp06_roi/patches/train/Crack/489__gt2.jpg,/root/autodl-tmp/borescope-new-seg-data/v1/images/train/489.jpg,train,1,Crack,gt_positive,"[545.7955932617188, 273.60931396484375, 558.0853881835938, 312.54852294921875]","[545, 270, 559, 316]",2
results/fast_repro/exp06_roi/patches/train/Crack/492__gt0.jpg,/root/autodl-tmp/borescope-new-seg-data/v1/images/train/492.jpg,train,1,Crack,gt_positive,"[450.3131408691406, 219.83299255371094, 466.17950439453125, 349.2693176269531]","[449, 207, 468, 362]",0
results/fast_repro/exp06_roi/patches/train/Crack/494__gt0.jpg,/root/autodl-tmp/borescope-new-seg-data/v1/images/train/494.jpg,train,1,Crack,gt_positive,"[192.8015594482422, 89.2801513671875, 252.52919006347656, 176.0505828857422]","[187, 81, 259, 185]",0
results/fast_repro/exp06_roi/patches/train/Crack/495__gt0.jpg,/root/autodl-tmp/borescope-new-seg-data/v1/images/train/495.jpg,train,1,Crack,gt_positive,"[291.9924011230469, 204.5540771484375, 301.6698303222656, 310.2466735839844]","[291, 194, 303, 321]",0
results/fast_repro/exp06_roi/patches/train/Crack/497__gt0.jpg,/root/autodl-tmp/borescope-new-seg-data/v1/images/train/497.jpg,train,1,Crack,gt_positive,"[196.44068908691406, 51.86440658569336, 279.4444274902344, 148.88888549804688]","[188, 42, 288, 159]",0
results/fast_repro/exp06_roi/patches/train/Crack/498__gt0.jpg,/root/autodl-tmp/borescope-new-seg-data/v1/images/train/498.jpg,train,1,Crack,gt_positive,"[298.329833984375, 242.17120361328125, 325.88726806640625, 335.4906005859375]","[296, 233, 329, 345]",0
results/fast_repro/exp06_roi/patches/train/Crack/499__gt0.jpg,/root/autodl-tmp/borescope-new-seg-data/v1/images/train/499.jpg,train,1,Crack,gt_positive,"[350.626953125, 248.96551513671875, 364.137939453125, 368.49530029296875]","[349, 237, 365, 380]",0
results/fast_repro/exp06_roi/patches/train/Crack/501__gt0.jpg,/root/autodl-tmp/borescope-new-seg-data/v1/images/train/501.jpg,train,1,Crack,gt_positive,"[578.6206665039062, 188.95704650878906, 596.288330078125, 317.24139404296875]","[577, 176, 598, 330]",0
results/fast_repro/exp06_roi/patches/train/Crack/503__gt0.jpg,/root/autodl-tmp/borescope-new-seg-data/v1/images/train/503.jpg,train,1,Crack,gt_positive,"[483.6000061035156, 151.35134887695312, 538.1785888671875, 252.05641174316406]","[478, 141, 544, 262]",0
results/fast_repro/exp06_roi/patches/train/Crack/505__gt0.jpg,/root/autodl-tmp/borescope-new-seg-data/v1/images/train/505.jpg,train,1,Crack,gt_positive,"[553.4547729492188, 15.393654823303223, 567.2033081054688, 123.9718017578125]","[552, 5, 569, 135]",0
results/fast_repro/exp06_roi/patches/train/Crack/508__gt0.jpg,/root/autodl-tmp/borescope-new-seg-data/v1/images/train/508.jpg,train,1,Crack,gt_positive,"[382.0252990722656, 214.6835479736328, 436.7088623046875, 316.9620361328125]","[377, 204, 442, 327]",0
results/fast_repro/exp06_roi/patches/train/Crack/510__gt0.jpg,/root/autodl-tmp/borescope-new-seg-data/v1/images/train/510.jpg,train,1,Crack,gt_positive,"[234.88836669921875, 279.4359436035156, 264.735595703125, 331.9623718261719]","[232, 274, 268, 337]",0
results/fast_repro/exp06_roi/patches/train/Crack/510__gt1.jpg,/root/autodl-tmp/borescope-new-seg-data/v1/images/train/510.jpg,train,1,Crack,gt_positive,"[268.2353210449219, 343.00653076171875, 287.5816955566406, 368.7581787109375]","[266, 340, 290, 371]",1
results/fast_repro/exp06_roi/patches/train/Crack/512__gt0.jpg,/root/autodl-tmp/borescope-new-seg-data/v1/images/train/512.jpg,train,1,Crack,gt_positive,"[621.2658081054688, 177.72152709960938, 640.50634765625, 307.5949401855469]","[619, 165, 642, 321]",0
results/fast_repro/exp06_roi/patches/train/Crack/513__gt0.jpg,/root/autodl-tmp/borescope-new-seg-data/v1/images/train/513.jpg,train,1,Crack,gt_positive,"[304.9236145019531, 199.24099731445312, 313.6192626953125, 310.4582824707031]","[304, 188, 314, 322]",0
results/fast_repro/exp06_roi/patches/train/Crack/514__gt0.jpg,/root/autodl-tmp/borescope-new-seg-data/v1/images/train/514.jpg,train,1,Crack,gt_positive,"[279.70001220703125, 164.37684631347656, 394.6000061035156, 283.0]","[268, 153, 406, 295]",0
results/fast_repro/exp06_roi/patches/train/Crack/518__gt0.jpg,/root/autodl-tmp/borescope-new-seg-data/v1/images/train/518.jpg,train,1,Crack,gt_positive,"[272.4786376953125, 211.27349853515625, 283.8746337890625, 311.3960266113281]","[271, 201, 285, 321]",0
results/fast_repro/exp06_roi/patches/train/Crack/520__gt0.jpg,/root/autodl-tmp/borescope-new-seg-data/v1/images/train/520.jpg,train,1,Crack,gt_positive,"[388.96551513671875, 187.41378784179688, 448.4392395019531, 292.37750244140625]","[383, 177, 454, 303]",0
results/fast_repro/exp06_roi/patches/train/Crack/524__gt0.jpg,/root/autodl-tmp/borescope-new-seg-data/v1/images/train/524.jpg,train,1,Crack,gt_positive,"[523.9080200195312, 256.2025451660156, 537.4712524414062, 362.9884948730469]","[523, 246, 539, 374]",0
results/fast_repro/exp06_roi/patches/train/Crack/526__gt0.jpg,/root/autodl-tmp/borescope-new-seg-data/v1/images/train/526.jpg,train,1,Crack,gt_positive,"[540.5692749023438, 131.6887969970703, 588.1973266601562, 224.85768127441406]","[536, 122, 593, 234]",0
results/fast_repro/exp06_roi/patches/train/Crack/528__gt0.jpg,/root/autodl-tmp/borescope-new-seg-data/v1/images/train/528.jpg,train,1,Crack,gt_positive,"[411.5370178222656, 230.6406707763672, 427.4762878417969, 350.8538818359375]","[410, 219, 429, 363]",0
results/fast_repro/exp06_roi/patches/train/Crack/529__gt0.jpg,/root/autodl-tmp/borescope-new-seg-data/v1/images/train/529.jpg,train,1,Crack,gt_positive,"[212.32032775878906, 118.4804916381836, 464.020263671875, 292.060791015625]","[187, 101, 489, 309]",0
results/fast_repro/exp06_roi/patches/train/Crack/530__gt0.jpg,/root/autodl-tmp/borescope-new-seg-data/v1/images/train/530.jpg,train,1,Crack,gt_positive,"[534.9367065429688, 198.7341766357422, 552.1519165039062, 333.417724609375]","[533, 185, 554, 347]",0
results/fast_repro/exp06_roi/patches/train/Crack/531__gt0.jpg,/root/autodl-tmp/borescope-new-seg-data/v1/images/train/531.jpg,train,1,Crack,gt_positive,"[250.9404296875, 220.53292846679688, 263.4796447753906, 318.8088073730469]","[250, 211, 265, 329]",0
results/fast_repro/exp06_roi/patches/train/Crack/532__gt0.jpg,/root/autodl-tmp/borescope-new-seg-data/v1/images/train/532.jpg,train,1,Crack,gt_positive,"[217.40890502929688, 121.86235046386719, 463.9198303222656, 288.1737365722656]","[193, 105, 489, 305]",0
results/fast_repro/exp06_roi/patches/train/Crack/533__gt0.jpg,/root/autodl-tmp/borescope-new-seg-data/v1/images/train/533.jpg,train,1,Crack,gt_positive,"[221.7270050048828, 233.14764404296875, 229.4343719482422, 291.56884765625]","[221, 227, 230, 297]",0
results/fast_repro/exp06_roi/patches/train/Crack/534__gt0.jpg,/root/autodl-tmp/borescope-new-seg-data/v1/images/train/534.jpg,train,1,Crack,gt_positive,"[669.7285766601562, 169.51983642578125, 688.7265625, 294.98956298828125]","[668, 157, 691, 308]",0
results/fast_repro/exp06_roi/patches/train/Crack/536__gt0.jpg,/root/autodl-tmp/borescope-new-seg-data/v1/images/train/536.jpg,train,1,Crack,gt_positive,"[222.49134826660156, 124.87889099121094, 499.0123596191406, 288.8888854980469]","[195, 108, 527, 305]",0
results/fast_repro/exp06_roi/patches/train/Crack/537__gt0.jpg,/root/autodl-tmp/borescope-new-seg-data/v1/images/train/537.jpg,train,1,Crack,gt_positive,"[256.10858154296875, 168.55203247070312, 551.0204467773438, 306.3775634765625]","[227, 155, 581, 320]",0
results/fast_repro/exp06_roi/patches/train/Crack/541__gt0.jpg,/root/autodl-tmp/borescope-new-seg-data/v1/images/train/541.jpg,train,1,Crack,gt_positive,"[679.510498046875, 185.31468200683594, 687.6000366210938, 223.3000030517578]","[679, 182, 688, 227]",0
results/fast_repro/exp06_roi/patches/train/Crack/541__gt1.jpg,/root/autodl-tmp/borescope-new-seg-data/v1/images/train/541.jpg,train,1,Crack,gt_positive,"[689.2000122070312, 229.79998779296875, 694.800048828125, 246.60000610351562]","[689, 228, 695, 248]",1
results/fast_repro/exp06_roi/patches/train/Crack/541__gt2.jpg,/root/autodl-tmp/borescope-new-seg-data/v1/images/train/541.jpg,train,1,Crack,gt_positive,"[696.2000122070312, 263.20001220703125, 703.8999633789062, 299.29998779296875]","[695, 260, 705, 303]",2
results/fast_repro/exp06_roi/patches/train/Crack/542__gt0.jpg,/root/autodl-tmp/borescope-new-seg-data/v1/images/train/542.jpg,train,1,Crack,gt_positive,"[492.60736083984375, 209.81594848632812, 507.0245361328125, 340.18402099609375]","[491, 197, 508, 353]",0
results/fast_repro/exp06_roi/patches/train/Crack/544__gt0.jpg,/root/autodl-tmp/borescope-new-seg-data/v1/images/train/544.jpg,train,1,Crack,gt_positive,"[395.28778076171875, 135.43165588378906, 490.5594482421875, 273.9510498046875]","[386, 122, 500, 288]",0
results/fast_repro/exp06_roi/patches/train/Crack/546__gt0.jpg,/root/autodl-tmp/borescope-new-seg-data/v1/images/train/546.jpg,train,1,Crack,gt_positive,"[464.2655944824219, 210.62619018554688, 489.1774597167969, 312.5734558105469]","[462, 200, 492, 323]",0
results/fast_repro/exp06_roi/patches/train/Crack/547__gt0.jpg,/root/autodl-tmp/borescope-new-seg-data/v1/images/train/547.jpg,train,1,Crack,gt_positive,"[761.5550537109375, 151.58372497558594, 785.7013549804688, 279.1855163574219]","[759, 139, 788, 292]",0
results/fast_repro/exp06_roi/patches/train/Burn/551__gt0.jpg,/root/autodl-tmp/borescope-new-seg-data/v1/images/train/551.jpg,train,0,Burn,gt_positive,"[258.29144287109375, 5.8994975090026855, 293.7185974121094, 103.51255798339844]","[255, 0, 297, 113]",0
results/fast_repro/exp06_roi/patches/train/Burn/553__gt0.jpg,/root/autodl-tmp/borescope-new-seg-data/v1/images/train/553.jpg,train,0,Burn,gt_positive,"[1.1956521272659302, 26.30434799194336, 670.2174072265625, 719.0]","[0, 0, 737, 720]",0
results/fast_repro/exp06_roi/patches/train/Burn/553__gt1.jpg,/root/autodl-tmp/borescope-new-seg-data/v1/images/train/553.jpg,train,0,Burn,gt_positive,"[53.91304397583008, 70.32608795166016, 172.93478393554688, 199.13043212890625]","[42, 57, 185, 212]",1
results/fast_repro/exp06_roi/patches/train/Burn/556__gt0.jpg,/root/autodl-tmp/borescope-new-seg-data/v1/images/train/556.jpg,train,0,Burn,gt_positive,"[302.3880615234375, 199.28358459472656, 554.6268920898438, 275.7015075683594]","[277, 192, 580, 283]",0
results/fast_repro/exp06_roi/patches/train/Burn/557__gt0.jpg,/root/autodl-tmp/borescope-new-seg-data/v1/images/train/557.jpg,train,0,Burn,gt_positive,"[276.90179443359375, 5.944674968719482, 320.1936340332031, 111.75379943847656]","[273, 0, 325, 122]",0
results/fast_repro/exp06_roi/patches/train/Burn/558__gt0.jpg,/root/autodl-tmp/borescope-new-seg-data/v1/images/train/558.jpg,train,0,Burn,gt_positive,"[101.49253845214844, 222.86566162109375, 368.0596923828125, 307.3432922363281]","[75, 214, 395, 316]",0
results/fast_repro/exp06_roi/patches/train/Burn/559__gt0.jpg,/root/autodl-tmp/borescope-new-seg-data/v1/images/train/559.jpg,train,0,Burn,gt_positive,"[0.09132422506809235, 0.2555910646915436, 782.0767211914062, 717.3426513671875]","[0, 0, 860, 720]",0
results/fast_repro/exp06_roi/patches/train/Burn/559__gt1.jpg,/root/autodl-tmp/borescope-new-seg-data/v1/images/train/559.jpg,train,0,Burn,gt_positive,"[326.8639221191406, 110.97344970703125, 904.9586791992188, 691.479248046875]","[269, 53, 960, 720]",1
results/fast_repro/exp06_roi/patches/train/Burn/560__gt0.jpg,/root/autodl-tmp/borescope-new-seg-data/v1/images/train/560.jpg,train,0,Burn,gt_positive,"[318.80596923828125, 198.3880615234375, 463.58209228515625, 238.3880615234375]","[304, 194, 478, 242]",0
results/fast_repro/exp06_roi/patches/train/Burn/562__gt0.jpg,/root/autodl-tmp/borescope-new-seg-data/v1/images/train/562.jpg,train,0,Burn,gt_positive,"[0.0, 58.36956787109375, 915.3261108398438, 718.6956176757812]","[0, 0, 960, 720]",0
results/fast_repro/exp06_roi/patches/train/Burn/562__gt1.jpg,/root/autodl-tmp/borescope-new-seg-data/v1/images/train/562.jpg,train,0,Burn,gt_positive,"[595.7608642578125, 261.63043212890625, 699.565185546875, 348.58697509765625]","[585, 253, 710, 357]",1
results/fast_repro/exp06_roi/patches/train/Burn/562__gt2.jpg,/root/autodl-tmp/borescope-new-seg-data/v1/images/train/562.jpg,train,0,Burn,gt_positive,"[620.2174072265625, 354.021728515625, 959.0, 719.0]","[586, 318, 960, 720]",2
results/fast_repro/exp06_roi/patches/train/Burn/563__gt0.jpg,/root/autodl-tmp/borescope-new-seg-data/v1/images/train/563.jpg,train,0,Burn,gt_positive,"[200.0, 210.02984619140625, 470.44775390625, 293.0149230957031]","[173, 202, 497, 301]",0
results/fast_repro/exp06_roi/patches/train/Burn/567__gt0.jpg,/root/autodl-tmp/borescope-new-seg-data/v1/images/train/567.jpg,train,0,Burn,gt_positive,"[0.0, 10.543478012084961, 875.1087036132812, 719.0]","[0, 0, 960, 720]",0
results/fast_repro/exp06_roi/patches/train/Burn/569__gt0.jpg,/root/autodl-tmp/borescope-new-seg-data/v1/images/train/569.jpg,train,0,Burn,gt_positive,"[336.9718017578125, 5.6747965812683105, 377.04193115234375, 130.4635772705078]","[333, 0, 381, 143]",0
results/fast_repro/exp06_roi/patches/train/Burn/570__gt0.jpg,/root/autodl-tmp/borescope-new-seg-data/v1/images/train/570.jpg,train,0,Burn,gt_positive,"[211.64178466796875, 188.8358154296875, 241.79104614257812, 196.0]","[209, 188, 245, 197]",0
results/fast_repro/exp06_roi/patches/train/Burn/570__gt1.jpg,/root/autodl-tmp/borescope-new-seg-data/v1/images/train/570.jpg,train,0,Burn,gt_positive,"[268.9552307128906, 176.59701538085938, 348.3581848144531, 206.44776916503906]","[261, 174, 356, 209]",1
results/fast_repro/exp06_roi/patches/train/Burn/572__gt0.jpg,/root/autodl-tmp/borescope-new-seg-data/v1/images/train/572.jpg,train,0,Burn,gt_positive,"[4.528302192687988, 0.36764705181121826, 768.14013671875, 719.0]","[0, 0, 845, 720]",0
results/fast_repro/exp06_roi/patches/train/Burn/572__gt1.jpg,/root/autodl-tmp/borescope-new-seg-data/v1/images/train/572.jpg,train,0,Burn,gt_positive,"[719.5781860351562, 63.97022247314453, 854.0694580078125, 210.12405395507812]","[706, 49, 868, 225]",1
results/fast_repro/exp06_roi/patches/train/Burn/572__gt2.jpg,/root/autodl-tmp/borescope-new-seg-data/v1/images/train/572.jpg,train,0,Burn,gt_positive,"[656.5950927734375, 44.17177963256836, 679.754638671875, 53.834354400634766]","[654, 43, 682, 55]",2
results/fast_repro/exp06_roi/patches/train/Burn/572__gt3.jpg,/root/autodl-tmp/borescope-new-seg-data/v1/images/train/572.jpg,train,0,Burn,gt_positive,"[941.025634765625, 365.3418884277344, 959.0, 470.0427551269531]","[939, 355, 960, 481]",3
results/fast_repro/exp06_roi/patches/train/Burn/573__gt0.jpg,/root/autodl-tmp/borescope-new-seg-data/v1/images/train/573.jpg,train,0,Burn,gt_positive,"[105.07462310791016, 211.223876953125, 278.2089538574219, 296.0]","[88, 203, 296, 304]",0
results/fast_repro/exp06_roi/patches/train/Burn/578__gt0.jpg,/root/autodl-tmp/borescope-new-seg-data/v1/images/train/578.jpg,train,0,Burn,gt_positive,"[110.14924621582031, 173.3029022216797, 449.3775939941406, 287.34326171875]","[76, 162, 483, 299]",0
results/fast_repro/exp06_roi/patches/train/Burn/578__gt1.jpg,/root/autodl-tmp/borescope-new-seg-data/v1/images/train/578.jpg,train,0,Burn,gt_positive,"[103.05882263183594, 280.23529052734375, 112.94117736816406, 288.0]","[102, 279, 114, 289]",1
results/fast_repro/exp06_roi/patches/train/Burn/578__gt2.jpg,/root/autodl-tmp/borescope-new-seg-data/v1/images/train/578.jpg,train,0,Burn,gt_positive,"[144.7058868408203, 285.8823547363281, 175.05882263183594, 300.4705810546875]","[142, 284, 178, 302]",2
results/fast_repro/exp06_roi/patches/train/Burn/578__gt3.jpg,/root/autodl-tmp/borescope-new-seg-data/v1/images/train/578.jpg,train,0,Burn,gt_positive,"[276.0, 122.58824157714844, 420.23529052734375, 154.11764526367188]","[262, 119, 435, 157]",3
results/fast_repro/exp06_roi/patches/train/Burn/579__gt0.jpg,/root/autodl-tmp/borescope-new-seg-data/v1/images/train/579.jpg,train,0,Burn,gt_positive,"[108.35821533203125, 160.4776153564453, 192.83583068847656, 207.64178466796875]","[100, 156, 201, 212]",0
results/fast_repro/exp06_roi/patches/train/Burn/579__gt1.jpg,/root/autodl-tmp/borescope-new-seg-data/v1/images/train/579.jpg,train,0,Burn,gt_positive,"[301.7980651855469, 150.06639099121094, 401.38311767578125, 175.93084716796875]","[292, 147, 411, 179]",1
results/fast_repro/exp06_roi/patches/train/Burn/580__gt0.jpg,/root/autodl-tmp/borescope-new-seg-data/v1/images/train/580.jpg,train,0,Burn,gt_positive,"[0.0, 232.28260803222656, 905.0, 719.0]","[0, 184, 960, 720]",0
results/fast_repro/exp06_roi/patches/train/Burn/582__gt0.jpg,/root/autodl-tmp/borescope-new-seg-data/v1/images/train/582.jpg,train,0,Burn,gt_positive,"[0.0, 11.086956977844238, 852.2825927734375, 719.0]","[0, 0, 938, 720]",0
results/fast_repro/exp06_roi/patches/train/Burn/582__gt1.jpg,/root/autodl-tmp/borescope-new-seg-data/v1/images/train/582.jpg,train,0,Burn,gt_positive,"[487.1595458984375, 161.43441772460938, 958.3783569335938, 719.0]","[440, 106, 960, 720]",1
results/fast_repro/exp06_roi/patches/train/Burn/583__gt0.jpg,/root/autodl-tmp/borescope-new-seg-data/v1/images/train/583.jpg,train,0,Burn,gt_positive,"[118.20895385742188, 170.68911743164062, 511.139892578125, 338.0895690917969]","[79, 154, 550, 352]",0
results/fast_repro/exp06_roi/patches/train/Burn/583__gt1.jpg,/root/autodl-tmp/borescope-new-seg-data/v1/images/train/583.jpg,train,0,Burn,gt_positive,"[299.48187255859375, 120.94818878173828, 406.99481201171875, 152.03627014160156]","[289, 118, 418, 155]",1
results/fast_repro/exp06_roi/patches/train/Burn/584__gt0.jpg,/root/autodl-tmp/borescope-new-seg-data/v1/images/train/584.jpg,train,0,Burn,gt_positive,"[308.35821533203125, 193.6119384765625, 540.0, 249.43283081054688]","[285, 188, 563, 255]",0
results/fast_repro/exp06_roi/patches/train/Burn/584__gt1.jpg,/root/autodl-tmp/borescope-new-seg-data/v1/images/train/584.jpg,train,0,Burn,gt_positive,"[323.880615234375, 264.0597229003906, 335.223876953125, 270.6268615722656]","[323, 263, 336, 271]",1
results/fast_repro/exp06_roi/patches/train/Burn/584__gt2.jpg,/root/autodl-tmp/borescope-new-seg-data/v1/images/train/584.jpg,train,0,Burn,gt_positive,"[356.41790771484375, 254.80596923828125, 362.68658447265625, 261.0746154785156]","[356, 254, 363, 262]",2
results/fast_repro/exp06_roi/patches/train/Burn/584__gt3.jpg,/root/autodl-tmp/borescope-new-seg-data/v1/images/train/584.jpg,train,0,Burn,gt_positive,"[343.58209228515625, 269.4328308105469, 361.7910461425781, 277.19403076171875]","[342, 269, 364, 278]",3
results/fast_repro/exp06_roi/patches/train/Burn/584__gt4.jpg,/root/autodl-tmp/borescope-new-seg-data/v1/images/train/584.jpg,train,0,Burn,gt_positive,"[378.80596923828125, 276.0, 384.1791076660156, 281.671630859375]","[378, 275, 385, 282]",4
results/fast_repro/exp06_roi/patches/train/Burn/584__gt5.jpg,/root/autodl-tmp/borescope-new-seg-data/v1/images/train/584.jpg,train,0,Burn,gt_positive,"[378.0669860839844, 250.65753173828125, 383.6986083984375, 255.68035888671875]","[378, 250, 384, 256]",5
results/fast_repro/exp06_roi/patches/train/Burn/585__gt0.jpg,/root/autodl-tmp/borescope-new-seg-data/v1/images/train/585.jpg,train,0,Burn,gt_positive,"[311.64178466796875, 198.98507690429688, 437.0149230957031, 234.20895385742188]","[299, 195, 450, 238]",0
results/fast_repro/exp06_roi/patches/train/Burn/586__gt0.jpg,/root/autodl-tmp/borescope-new-seg-data/v1/images/train/586.jpg,train,0,Burn,gt_positive,"[280.5970153808594, 193.3134307861328, 551.6417846679688, 267.0447692871094]","[253, 186, 579, 274]",0
results/fast_repro/exp06_roi/patches/train/Burn/588__gt0.jpg,/root/autodl-tmp/borescope-new-seg-data/v1/images/train/588.jpg,train,0,Burn,gt_positive,"[81.19403076171875, 158.0895538330078, 171.34329223632812, 207.64178466796875]","[72, 153, 180, 213]",0
results/fast_repro/exp06_roi/patches/train/Burn/588__gt1.jpg,/root/autodl-tmp/borescope-new-seg-data/v1/images/train/588.jpg,train,0,Burn,gt_positive,"[288.9447326660156, 144.5929718017578, 396.8592834472656, 173.7386932373047]","[278, 142, 408, 177]",1
results/fast_repro/exp06_roi/patches/train/Burn/590__gt0.jpg,/root/autodl-tmp/borescope-new-seg-data/v1/images/train/590.jpg,train,0,Burn,gt_positive,"[295.52239990234375, 196.29852294921875, 517.9104614257812, 249.1343231201172]","[273, 191, 540, 254]",0
results/fast_repro/exp06_roi/patches/train/Burn/591__gt0.jpg,/root/autodl-tmp/borescope-new-seg-data/v1/images/train/591.jpg,train,0,Burn,gt_positive,"[0.1086956188082695, 280.1086730957031, 959.0, 719.0]","[0, 236, 960, 720]",0
results/fast_repro/exp06_roi/patches/train/Burn/593__gt0.jpg,/root/autodl-tmp/borescope-new-seg-data/v1/images/train/593.jpg,train,0,Burn,gt_positive,"[0.0, 0.21739132702350616, 721.3043212890625, 585.54345703125]","[0, 0, 793, 644]",0
results/fast_repro/exp06_roi/patches/train/Burn/593__gt1.jpg,/root/autodl-tmp/borescope-new-seg-data/v1/images/train/593.jpg,train,0,Burn,gt_positive,"[0.0, 508.91302490234375, 81.08695220947266, 615.978271484375]","[0, 498, 89, 627]",1
results/fast_repro/exp06_roi/patches/train/Burn/594__gt0.jpg,/root/autodl-tmp/borescope-new-seg-data/v1/images/train/594.jpg,train,0,Burn,gt_positive,"[82.75167846679688, 203.355712890625, 304.47760009765625, 347.8747253417969]","[61, 189, 327, 352]",0
results/fast_repro/exp06_roi/patches/train/Burn/594__gt1.jpg,/root/autodl-tmp/borescope-new-seg-data/v1/images/train/594.jpg,train,0,Burn,gt_positive,"[224.24623107910156, 167.45729064941406, 271.482421875, 188.6884307861328]","[220, 165, 276, 191]",1
results/fast_repro/exp06_roi/patches/train/Burn/602__gt0.jpg,/root/autodl-tmp/borescope-new-seg-data/v1/images/train/602.jpg,train,0,Burn,gt_positive,"[335.8208923339844, 196.89552307128906, 556.4179077148438, 250.328369140625]","[314, 192, 578, 256]",0
results/fast_repro/exp06_roi/patches/train/Burn/602__gt1.jpg,/root/autodl-tmp/borescope-new-seg-data/v1/images/train/602.jpg,train,0,Burn,gt_positive,"[295.52239990234375, 231.22389221191406, 332.53729248046875, 238.68655395507812]","[292, 230, 336, 239]",1
results/fast_repro/exp06_roi/patches/train/Burn/604__gt0.jpg,/root/autodl-tmp/borescope-new-seg-data/v1/images/train/604.jpg,train,0,Burn,gt_positive,"[0.1086956188082695, 190.97825622558594, 921.3043212890625, 719.0]","[0, 138, 960, 720]",0
results/fast_repro/exp06_roi/patches/train/Burn/606__gt0.jpg,/root/autodl-tmp/borescope-new-seg-data/v1/images/train/606.jpg,train,0,Burn,gt_positive,"[298.0087585449219, 5.4715447425842285, 345.2789611816406, 119.58424377441406]","[293, 0, 350, 131]",0
results/fast_repro/exp06_roi/patches/train/Burn/608__gt0.jpg,/root/autodl-tmp/borescope-new-seg-data/v1/images/train/608.jpg,train,0,Burn,gt_positive,"[124.8768539428711, 167.34329223632812, 519.1044921875, 346.79803466796875]","[85, 149, 559, 352]",0
results/fast_repro/exp06_roi/patches/train/Burn/610__gt0.jpg,/root/autodl-tmp/borescope-new-seg-data/v1/images/train/610.jpg,train,0,Burn,gt_positive,"[0.0, 235.0, 926.1956176757812, 719.0]","[0, 187, 960, 720]",0
results/fast_repro/exp06_roi/patches/train/Burn/612__gt0.jpg,/root/autodl-tmp/borescope-new-seg-data/v1/images/train/612.jpg,train,0,Burn,gt_positive,"[0.1086956188082695, 123.04347229003906, 126.73912811279297, 398.5869445800781]","[0, 95, 139, 426]",0
results/fast_repro/exp06_roi/patches/train/Burn/612__gt1.jpg,/root/autodl-tmp/borescope-new-seg-data/v1/images/train/612.jpg,train,0,Burn,gt_positive,"[114.57905578613281, 0.3940886855125427, 959.0, 719.0]","[30, 0, 960, 720]",1
results/fast_repro/exp06_roi/patches/train/Burn/613__gt0.jpg,/root/autodl-tmp/borescope-new-seg-data/v1/images/train/613.jpg,train,0,Burn,gt_positive,"[305.07464599609375, 196.29852294921875, 427.46270751953125, 230.62686157226562]","[293, 193, 440, 234]",0
results/fast_repro/exp06_roi/patches/train/Burn/615__gt0.jpg,/root/autodl-tmp/borescope-new-seg-data/v1/images/train/615.jpg,train,0,Burn,gt_positive,"[96.41791534423828, 215.4029998779297, 341.7910461425781, 297.4925537109375]","[72, 207, 366, 306]",0
results/fast_repro/exp06_roi/patches/train/Burn/616__gt0.jpg,/root/autodl-tmp/borescope-new-seg-data/v1/images/train/616.jpg,train,0,Burn,gt_positive,"[84.47761535644531, 208.5373077392578, 298.2089538574219, 325.8507385253906]","[63, 197, 320, 338]",0
results/fast_repro/exp06_roi/patches/train/Burn/616__gt1.jpg,/root/autodl-tmp/borescope-new-seg-data/v1/images/train/616.jpg,train,0,Burn,gt_positive,"[221.19403076171875, 171.223876953125, 271.9403076171875, 192.71641540527344]","[216, 169, 277, 195]",1
results/fast_repro/exp06_roi/patches/train/Burn/617__gt0.jpg,/root/autodl-tmp/borescope-new-seg-data/v1/images/train/617.jpg,train,0,Burn,gt_positive,"[0.0, 253.47825622558594, 759.8912963867188, 719.0]","[0, 207, 836, 720]",0
results/fast_repro/exp06_roi/patches/train/Burn/617__gt1.jpg,/root/autodl-tmp/borescope-new-seg-data/v1/images/train/617.jpg,train,0,Burn,gt_positive,"[0.0, 345.86956787109375, 59.34782791137695, 456.7391357421875]","[0, 335, 65, 468]",1
results/fast_repro/exp06_roi/patches/train/Burn/618__gt0.jpg,/root/autodl-tmp/borescope-new-seg-data/v1/images/train/618.jpg,train,0,Burn,gt_positive,"[0.0, 0.21880295872688293, 396.84783935546875, 346.4130554199219]","[0, 0, 437, 381]",0
results/fast_repro/exp06_roi/patches/train/Burn/618__gt1.jpg,/root/autodl-tmp/borescope-new-seg-data/v1/images/train/618.jpg,train,0,Burn,gt_positive,"[121.84782409667969, 111.63043975830078, 369.6739196777344, 400.7608642578125]","[97, 83, 394, 430]",1
results/fast_repro/exp06_roi/patches/train/Burn/619__gt0.jpg,/root/autodl-tmp/borescope-new-seg-data/v1/images/train/619.jpg,train,0,Burn,gt_positive,"[285.07464599609375, 196.29852294921875, 528.65673828125, 255.40298461914062]","[261, 190, 553, 261]",0
results/fast_repro/exp06_roi/patches/train/Burn/620__gt0.jpg,/root/autodl-tmp/borescope-new-seg-data/v1/images/train/620.jpg,train,0,Burn,gt_positive,"[59.34782791137695, 52.934783935546875, 169.6739044189453, 235.54348754882812]","[48, 35, 181, 254]",0
results/fast_repro/exp06_roi/patches/train/Burn/620__gt1.jpg,/root/autodl-tmp/borescope-new-seg-data/v1/images/train/620.jpg,train,0,Burn,gt_positive,"[78.91304016113281, 0.0, 922.9347534179688, 594.2391357421875]","[0, 0, 960, 654]",1
results/fast_repro/exp06_roi/patches/train/Burn/621__gt0.jpg,/root/autodl-tmp/borescope-new-seg-data/v1/images/train/621.jpg,train,0,Burn,gt_positive,"[106.86567687988281, 207.04476928710938, 259.7015075683594, 273.9104309082031]","[92, 200, 275, 281]",0
results/fast_repro/exp06_roi/patches/train/Burn/622__gt0.jpg,/root/autodl-tmp/borescope-new-seg-data/v1/images/train/622.jpg,train,0,Burn,gt_positive,"[222.98507690429688, 191.52239990234375, 267.7611999511719, 201.67164611816406]","[219, 191, 272, 203]",0
results/fast_repro/exp06_roi/patches/train/Burn/622__gt1.jpg,/root/autodl-tmp/borescope-new-seg-data/v1/images/train/622.jpg,train,0,Burn,gt_positive,"[300.5970153808594, 174.80596923828125, 402.08953857421875, 215.10447692871094]","[290, 171, 412, 219]",1
results/fast_repro/exp06_roi/patches/train/Burn/623__gt0.jpg,/root/autodl-tmp/borescope-new-seg-data/v1/images/train/623.jpg,train,0,Burn,gt_positive,"[0.0, 0.0, 516.4130249023438, 719.0]","[0, 0, 568, 720]",0
results/fast_repro/exp06_roi/patches/train/Burn/623__gt1.jpg,/root/autodl-tmp/borescope-new-seg-data/v1/images/train/623.jpg,train,0,Burn,gt_positive,"[353.8720703125, 91.91919708251953, 397.306396484375, 115.48822021484375]","[350, 90, 402, 118]",1
results/fast_repro/exp06_roi/patches/train/Burn/623__gt2.jpg,/root/autodl-tmp/borescope-new-seg-data/v1/images/train/623.jpg,train,0,Burn,gt_positive,"[405.38720703125, 111.78451538085938, 429.96630859375, 129.96632385253906]","[403, 110, 432, 132]",2
results/fast_repro/exp06_roi/patches/train/Burn/623__gt3.jpg,/root/autodl-tmp/borescope-new-seg-data/v1/images/train/623.jpg,train,0,Burn,gt_positive,"[439.73065185546875, 132.65992736816406, 608.080810546875, 356.2289733886719]","[423, 110, 625, 379]",3
results/fast_repro/exp06_roi/patches/train/Burn/623__gt4.jpg,/root/autodl-tmp/borescope-new-seg-data/v1/images/train/623.jpg,train,0,Burn,gt_positive,"[584.1751098632812, 557.5757446289062, 674.4108276367188, 710.437744140625]","[575, 542, 683, 720]",4
results/fast_repro/exp06_roi/patches/train/Burn/624__gt0.jpg,/root/autodl-tmp/borescope-new-seg-data/v1/images/train/624.jpg,train,0,Burn,gt_positive,"[301.19403076171875, 187.04476928710938, 552.5372924804688, 253.61195373535156]","[276, 180, 578, 260]",0
results/fast_repro/exp06_roi/patches/train/Burn/624__gt1.jpg,/root/autodl-tmp/borescope-new-seg-data/v1/images/train/624.jpg,train,0,Burn,gt_positive,"[324.77642822265625, 273.96746826171875, 336.768310546875, 281.48779296875]","[324, 273, 338, 282]",1
results/fast_repro/exp06_roi/patches/train/Burn/624__gt2.jpg,/root/autodl-tmp/borescope-new-seg-data/v1/images/train/624.jpg,train,0,Burn,gt_positive,"[360.54876708984375, 262.99188232421875, 370.50811767578125, 269.08941650390625]","[360, 262, 372, 270]",2
results/fast_repro/exp06_roi/patches/train/Burn/624__gt3.jpg,/root/autodl-tmp/borescope-new-seg-data/v1/images/train/624.jpg,train,0,Burn,gt_positive,"[346.1178894042969, 259.13006591796875, 351.1991882324219, 261.7723693847656]","[346, 259, 352, 262]",3
results/fast_repro/exp06_roi/patches/train/Burn/624__gt4.jpg,/root/autodl-tmp/borescope-new-seg-data/v1/images/train/624.jpg,train,0,Burn,gt_positive,"[348.7601318359375, 282.0975646972656, 371.5243835449219, 291.6504211425781]","[346, 281, 374, 293]",4
results/fast_repro/exp06_roi/patches/train/Burn/624__gt5.jpg,/root/autodl-tmp/borescope-new-seg-data/v1/images/train/624.jpg,train,0,Burn,gt_positive,"[388.8008117675781, 289.4146423339844, 397.3373718261719, 295.7154541015625]","[388, 289, 398, 296]",5
results/fast_repro/exp06_roi/patches/train/Burn/624__gt6.jpg,/root/autodl-tmp/borescope-new-seg-data/v1/images/train/624.jpg,train,0,Burn,gt_positive,"[380.4674987792969, 250.18699645996094, 387.1748046875, 253.0325164794922]","[380, 250, 388, 253]",6
results/fast_repro/exp06_roi/patches/train/Burn/624__gt7.jpg,/root/autodl-tmp/borescope-new-seg-data/v1/images/train/624.jpg,train,0,Burn,gt_positive,"[386.5650634765625, 258.31707763671875, 394.69512939453125, 264.6178894042969]","[386, 258, 396, 265]",7
results/fast_repro/exp06_roi/patches/train/Burn/626__gt0.jpg,/root/autodl-tmp/borescope-new-seg-data/v1/images/train/626.jpg,train,0,Burn,gt_positive,"[5.55555534362793, 0.0, 764.870849609375, 719.0]","[0, 0, 841, 720]",0
results/fast_repro/exp06_roi/patches/train/Burn/626__gt1.jpg,/root/autodl-tmp/borescope-new-seg-data/v1/images/train/626.jpg,train,0,Burn,gt_positive,"[605.98291015625, 32.86324691772461, 680.3418579101562, 51.66666793823242]","[599, 31, 688, 54]",1
results/fast_repro/exp06_roi/patches/train/Burn/626__gt2.jpg,/root/autodl-tmp/borescope-new-seg-data/v1/images/train/626.jpg,train,0,Burn,gt_positive,"[749.5726928710938, 107.22221374511719, 855.98291015625, 208.50425720214844]","[739, 97, 867, 219]",2
results/fast_repro/exp06_roi/patches/train/Burn/627__gt0.jpg,/root/autodl-tmp/borescope-new-seg-data/v1/images/train/627.jpg,train,0,Burn,gt_positive,"[281.0869445800781, 168.69564819335938, 655.5435180664062, 571.4130249023438]","[244, 128, 693, 612]",0
results/fast_repro/exp06_roi/patches/train/Burn/627__gt1.jpg,/root/autodl-tmp/borescope-new-seg-data/v1/images/train/627.jpg,train,0,Burn,gt_positive,"[0.0, 0.6250000596046448, 540.625, 719.0]","[0, 0, 595, 720]",1
results/fast_repro/exp06_roi/patches/train/Burn/628__gt0.jpg,/root/autodl-tmp/borescope-new-seg-data/v1/images/train/628.jpg,train,0,Burn,gt_positive,"[237.1748046875, 158.72357177734375, 279.04473876953125, 183.72357177734375]","[233, 156, 283, 186]",0
results/fast_repro/exp06_roi/patches/train/Burn/628__gt1.jpg,/root/autodl-tmp/borescope-new-seg-data/v1/images/train/628.jpg,train,0,Burn,gt_positive,"[79.75308227539062, 200.29905700683594, 325.29595947265625, 344.194091796875]","[55, 186, 350, 352]",1
results/fast_repro/exp06_roi/patches/train/Burn/630__gt0.jpg,/root/autodl-tmp/borescope-new-seg-data/v1/images/train/630.jpg,train,0,Burn,gt_positive,"[91.64178466796875, 202.26866149902344, 339.7015075683594, 277.4925537109375]","[67, 195, 365, 285]",0
results/fast_repro/exp06_roi/patches/train/Burn/631__gt0.jpg,/root/autodl-tmp/borescope-new-seg-data/v1/images/train/631.jpg,train,0,Burn,gt_positive,"[272.2388000488281, 193.3134307861328, 322.68658447265625, 205.55224609375]","[267, 192, 328, 207]",0
results/fast_repro/exp06_roi/patches/train/Burn/631__gt1.jpg,/root/autodl-tmp/borescope-new-seg-data/v1/images/train/631.jpg,train,0,Burn,gt_positive,"[365.37310791015625, 169.73135375976562, 515.8208618164062, 221.9701385498047]","[350, 165, 531, 227]",1
results/fast_repro/exp06_roi/patches/train/Burn/632__gt0.jpg,/root/autodl-tmp/borescope-new-seg-data/v1/images/train/632.jpg,train,0,Burn,gt_positive,"[294.328369140625, 196.59701538085938, 351.0447692871094, 210.6268768310547]","[289, 195, 357, 212]",0
results/fast_repro/exp06_roi/patches/train/Burn/632__gt1.jpg,/root/autodl-tmp/borescope-new-seg-data/v1/images/train/632.jpg,train,0,Burn,gt_positive,"[394.9253845214844, 171.5223846435547, 521.1940307617188, 224.65672302246094]","[382, 166, 534, 230]",1
results/fast_repro/exp06_roi/patches/train/Burn/633__gt0.jpg,/root/autodl-tmp/borescope-new-seg-data/v1/images/train/633.jpg,train,0,Burn,gt_positive,"[304.47760009765625, 190.38031005859375, 546.5100708007812, 247.6510009765625]","[280, 185, 571, 253]",0
results/fast_repro/exp06_roi/patches/train/Burn/633__gt1.jpg,/root/autodl-tmp/borescope-new-seg-data/v1/images/train/633.jpg,train,0,Burn,gt_positive,"[352.9977722167969, 255.70469665527344, 363.7359924316406, 263.31097412109375]","[352, 255, 365, 264]",1
results/fast_repro/exp06_roi/patches/train/Burn/633__gt2.jpg,/root/autodl-tmp/borescope-new-seg-data/v1/images/train/633.jpg,train,0,Burn,gt_positive,"[320.78302001953125, 266.890380859375, 331.0738525390625, 273.82550048828125]","[320, 266, 332, 275]",2
results/fast_repro/exp06_roi/patches/train/Burn/633__gt3.jpg,/root/autodl-tmp/borescope-new-seg-data/v1/images/train/633.jpg,train,0,Burn,gt_positive,"[340.46978759765625, 274.0492248535156, 365.74945068359375, 282.7740478515625]","[338, 273, 368, 284]",3
results/fast_repro/exp06_roi/patches/train/Burn/633__gt4.jpg,/root/autodl-tmp/borescope-new-seg-data/v1/images/train/633.jpg,train,0,Burn,gt_positive,"[377.1588439941406, 278.7471923828125, 385.8836669921875, 287.2483215332031]","[376, 278, 387, 288]",4
results/fast_repro/exp06_roi/patches/train/Burn/633__gt5.jpg,/root/autodl-tmp/borescope-new-seg-data/v1/images/train/633.jpg,train,0,Burn,gt_positive,"[376.71142578125, 250.5592803955078, 385.6599426269531, 257.4944152832031]","[376, 250, 387, 258]",5
results/fast_repro/exp06_roi/patches/train/Material missing/634__gt0.jpg,/root/autodl-tmp/borescope-new-seg-data/v1/images/train/634.jpg,train,3,Material missing,gt_positive,"[7.769230842590332, 8.923076629638672, 46.53845977783203, 40.30769348144531]","[4, 6, 50, 43]",0
results/fast_repro/exp06_roi/patches/train/Material missing/636__gt0.jpg,/root/autodl-tmp/borescope-new-seg-data/v1/images/train/636.jpg,train,3,Material missing,gt_positive,"[387.0370178222656, 221.6494903564453, 490.6060485839844, 360.90911865234375]","[377, 208, 501, 375]",0
results/fast_repro/exp06_roi/patches/train/Material missing/637__gt0.jpg,/root/autodl-tmp/borescope-new-seg-data/v1/images/train/637.jpg,train,3,Material missing,gt_positive,"[294.8717956542969, 61.96581268310547, 487.17950439453125, 376.4957275390625]","[276, 31, 506, 408]",0
results/fast_repro/exp06_roi/patches/train/Material missing/638__gt0.jpg,/root/autodl-tmp/borescope-new-seg-data/v1/images/train/638.jpg,train,3,Material missing,gt_positive,"[315.0513000488281, 193.58973693847656, 454.79486083984375, 323.71795654296875]","[301, 181, 469, 337]",0
results/fast_repro/exp06_roi/patches/train/Material missing/639__gt0.jpg,/root/autodl-tmp/borescope-new-seg-data/v1/images/train/639.jpg,train,3,Material missing,gt_positive,"[251.87179565429688, 240.38461303710938, 501.8717956542969, 480.76922607421875]","[227, 216, 527, 505]",0
results/fast_repro/exp06_roi/patches/train/Material missing/640__gt0.jpg,/root/autodl-tmp/borescope-new-seg-data/v1/images/train/640.jpg,train,3,Material missing,gt_positive,"[787.1282348632812, 167.3076934814453, 845.4615478515625, 320.5128173828125]","[781, 152, 851, 336]",0
results/fast_repro/exp06_roi/patches/train/Material missing/641__gt0.jpg,/root/autodl-tmp/borescope-new-seg-data/v1/images/train/641.jpg,train,3,Material missing,gt_positive,"[465.33331298828125, 172.43589782714844, 708.9230346679688, 473.71795654296875]","[441, 142, 733, 504]",0
results/fast_repro/exp06_roi/patches/train/Material missing/642__gt0.jpg,/root/autodl-tmp/borescope-new-seg-data/v1/images/train/642.jpg,train,3,Material missing,gt_positive,"[599.94873046875, 182.05128479003906, 701.2307739257812, 361.5384521484375]","[590, 164, 711, 379]",0
results/fast_repro/exp06_roi/patches/train/Material missing/645__gt0.jpg,/root/autodl-tmp/borescope-new-seg-data/v1/images/train/645.jpg,train,3,Material missing,gt_positive,"[516.6154174804688, 196.7948760986328, 626.2307739257812, 368.5897216796875]","[506, 180, 637, 386]",0
results/fast_repro/exp06_roi/patches/train/Material missing/650__gt0.jpg,/root/autodl-tmp/borescope-new-seg-data/v1/images/train/650.jpg,train,3,Material missing,gt_positive,"[217.89743041992188, 244.87179565429688, 474.94873046875, 507.69232177734375]","[192, 219, 501, 534]",0
results/fast_repro/exp06_roi/patches/train/Material missing/652__gt0.jpg,/root/autodl-tmp/borescope-new-seg-data/v1/images/train/652.jpg,train,3,Material missing,gt_positive,"[84.84615325927734, 63.84615707397461, 237.15383911132812, 351.5384521484375]","[70, 35, 252, 380]",0
results/fast_repro/exp06_roi/patches/train/Material missing/653__gt0.jpg,/root/autodl-tmp/borescope-new-seg-data/v1/images/train/653.jpg,train,3,Material missing,gt_positive,"[337.1282043457031, 195.5128173828125, 587.1282348632812, 482.0513000488281]","[312, 167, 612, 511]",0
results/fast_repro/exp06_roi/patches/train/Material missing/654__gt0.jpg,/root/autodl-tmp/borescope-new-seg-data/v1/images/train/654.jpg,train,3,Material missing,gt_positive,"[550.5897216796875, 133.3333282470703, 669.1795043945312, 276.9230651855469]","[539, 119, 681, 291]",0
results/fast_repro/exp06_roi/patches/train/Material missing/655__gt0.jpg,/root/autodl-tmp/borescope-new-seg-data/v1/images/train/655.jpg,train,3,Material missing,gt_positive,"[83.82353210449219, 5.88235330581665, 102.28758239746094, 27.941177368164062]","[82, 4, 104, 30]",0
results/fast_repro/exp06_roi/patches/train/Material missing/656__gt0.jpg,/root/autodl-tmp/borescope-new-seg-data/v1/images/train/656.jpg,train,3,Material missing,gt_positive,"[137.61538696289062, 7.692307949066162, 190.8461456298828, 40.615386962890625]","[132, 4, 196, 44]",0
results/fast_repro/exp06_roi/patches/train/Material missing/658__gt0.jpg,/root/autodl-tmp/borescope-new-seg-data/v1/images/train/658.jpg,train,3,Material missing,gt_positive,"[401.5897521972656, 164.10256958007812, 538.128173828125, 305.76922607421875]","[388, 150, 552, 320]",0
results/fast_repro/exp06_roi/patches/train/Material missing/659__gt0.jpg,/root/autodl-tmp/borescope-new-seg-data/v1/images/train/659.jpg,train,3,Material missing,gt_positive,"[457.6409912109375, 202.56410217285156, 571.7435913085938, 369.8717956542969]","[446, 186, 583, 387]",0
results/fast_repro/exp06_roi/patches/train/Material missing/661__gt0.jpg,/root/autodl-tmp/borescope-new-seg-data/v1/images/train/661.jpg,train,3,Material missing,gt_positive,"[17.23549461364746, 13.99317455291748, 30.716724395751953, 32.4232063293457]","[16, 12, 32, 34]",0
results/fast_repro/exp06_roi/patches/train/Material missing/663__gt0.jpg,/root/autodl-tmp/borescope-new-seg-data/v1/images/train/663.jpg,train,3,Material missing,gt_positive,"[437.76922607421875, 206.41024780273438, 559.5640869140625, 367.94873046875]","[426, 190, 572, 384]",0
results/fast_repro/exp06_roi/patches/train/Material missing/665__gt0.jpg,/root/autodl-tmp/borescope-new-seg-data/v1/images/train/665.jpg,train,3,Material missing,gt_positive,"[211.0, 46.92308044433594, 430.23077392578125, 367.69232177734375]","[189, 15, 452, 400]",0
results/fast_repro/exp06_roi/patches/train/Material missing/666__gt0.jpg,/root/autodl-tmp/borescope-new-seg-data/v1/images/train/666.jpg,train,3,Material missing,gt_positive,"[353.8793029785156, 231.7460174560547, 459.2592468261719, 366.4021301269531]","[343, 218, 470, 380]",0
results/fast_repro/exp06_roi/patches/train/Material missing/667__gt0.jpg,/root/autodl-tmp/borescope-new-seg-data/v1/images/train/667.jpg,train,3,Material missing,gt_positive,"[178.6923065185547, 51.5384635925293, 394.0769348144531, 363.0769348144531]","[157, 20, 416, 394]",0
results/fast_repro/exp06_roi/patches/train/Material missing/670__gt0.jpg,/root/autodl-tmp/borescope-new-seg-data/v1/images/train/670.jpg,train,3,Material missing,gt_positive,"[3.307692289352417, 73.0769271850586, 107.92308044433594, 348.4615478515625]","[0, 46, 118, 376]",0
results/fast_repro/exp06_roi/patches/train/Material missing/672__gt0.jpg,/root/autodl-tmp/borescope-new-seg-data/v1/images/train/672.jpg,train,3,Material missing,gt_positive,"[217.61538696289062, 242.94871520996094, 350.9486999511719, 367.94873046875]","[204, 230, 364, 380]",0
results/fast_repro/exp06_roi/patches/train/Material missing/674__gt0.jpg,/root/autodl-tmp/borescope-new-seg-data/v1/images/train/674.jpg,train,3,Material missing,gt_positive,"[332.1428527832031, 234.5864715576172, 438.4920654296875, 367.6587219238281]","[322, 221, 449, 381]",0
results/fast_repro/exp06_roi/patches/train/Material missing/675__gt0.jpg,/root/autodl-tmp/borescope-new-seg-data/v1/images/train/675.jpg,train,3,Material missing,gt_positive,"[201.58975219726562, 250.64102172851562, 336.20513916015625, 371.15386962890625]","[188, 239, 350, 383]",0
results/fast_repro/exp06_roi/patches/train/Material missing/676__gt0.jpg,/root/autodl-tmp/borescope-new-seg-data/v1/images/train/676.jpg,train,3,Material missing,gt_positive,"[392.8974609375, 192.3076934814453, 639.05126953125, 478.20513916015625]","[368, 164, 664, 507]",0
results/fast_repro/exp06_roi/patches/train/Material missing/678__gt0.jpg,/root/autodl-tmp/borescope-new-seg-data/v1/images/train/678.jpg,train,3,Material missing,gt_positive,"[233.6410369873047, 237.1794891357422, 370.1794738769531, 363.4615173339844]","[220, 225, 384, 376]",0
results/fast_repro/exp06_roi/patches/train/Material missing/679__gt0.jpg,/root/autodl-tmp/borescope-new-seg-data/v1/images/train/679.jpg,train,3,Material missing,gt_positive,"[535.0574951171875, 102.94059753417969, 726.6930541992188, 405.7471008300781]","[516, 73, 746, 436]",0
results/fast_repro/exp06_roi/patches/train/Material missing/682__gt0.jpg,/root/autodl-tmp/borescope-new-seg-data/v1/images/train/682.jpg,train,3,Material missing,gt_positive,"[557.0, 189.10256958007812, 661.4871826171875, 363.4615173339844]","[547, 172, 672, 381]",0
results/fast_repro/exp06_roi/patches/train/Material missing/683__gt0.jpg,/root/autodl-tmp/borescope-new-seg-data/v1/images/train/683.jpg,train,3,Material missing,gt_positive,"[172.27978515625, 2.331606149673462, 191.45077514648438, 26.036270141601562]","[170, 0, 193, 28]",0
results/fast_repro/exp06_roi/patches/train/Material missing/685__gt0.jpg,/root/autodl-tmp/borescope-new-seg-data/v1/images/train/685.jpg,train,3,Material missing,gt_positive,"[532.631591796875, 192.19859313964844, 628.0142211914062, 340.0]","[523, 177, 638, 355]",0
results/fast_repro/exp06_roi/patches/train/Material missing/688__gt0.jpg,/root/autodl-tmp/borescope-new-seg-data/v1/images/train/688.jpg,train,3,Material missing,gt_positive,"[290.3333435058594, 214.74359130859375, 548.025634765625, 485.8974304199219]","[265, 188, 574, 513]",0
results/fast_repro/exp06_roi/patches/train/Material missing/689__gt0.jpg,/root/autodl-tmp/borescope-new-seg-data/v1/images/train/689.jpg,train,3,Material missing,gt_positive,"[136.38461303710938, 42.30769348144531, 348.69232177734375, 363.0769348144531]","[115, 10, 370, 395]",0
results/fast_repro/exp06_roi/patches/train/Material missing/690__gt0.jpg,/root/autodl-tmp/borescope-new-seg-data/v1/images/train/690.jpg,train,3,Material missing,gt_positive,"[267.2413635253906, 55.747127532958984, 450.0, 372.9884948730469]","[249, 24, 468, 405]",0
results/fast_repro/exp06_roi/patches/train/Material missing/694__gt0.jpg,/root/autodl-tmp/borescope-new-seg-data/v1/images/train/694.jpg,train,3,Material missing,gt_positive,"[360.20513916015625, 223.7179412841797, 483.9230651855469, 378.84613037109375]","[348, 208, 496, 394]",0
results/fast_repro/exp06_roi/patches/train/Material missing/695__gt0.jpg,/root/autodl-tmp/borescope-new-seg-data/v1/images/train/695.jpg,train,3,Material missing,gt_positive,"[445.4615173339844, 217.3076934814453, 712.128173828125, 571.1538696289062]","[419, 182, 739, 600]",0
results/fast_repro/exp06_roi/patches/train/Material missing/696__gt0.jpg,/root/autodl-tmp/borescope-new-seg-data/v1/images/train/696.jpg,train,3,Material missing,gt_positive,"[73.0, 128.0, 92.69230651855469, 150.4615478515625]","[71, 126, 95, 153]",0
results/fast_repro/exp06_roi/patches/train/Material missing/697__gt0.jpg,/root/autodl-tmp/borescope-new-seg-data/v1/images/train/697.jpg,train,3,Material missing,gt_positive,"[204.38461303710938, 13.538461685180664, 255.4615478515625, 48.92307662963867]","[199, 10, 261, 52]",0
results/fast_repro/exp06_roi/patches/train/Material missing/698__gt0.jpg,/root/autodl-tmp/borescope-new-seg-data/v1/images/train/698.jpg,train,3,Material missing,gt_positive,"[389.69232177734375, 216.025634765625, 513.4102783203125, 374.3589782714844]","[377, 200, 526, 390]",0
results/fast_repro/exp06_roi/patches/train/Material missing/699__gt0.jpg,/root/autodl-tmp/borescope-new-seg-data/v1/images/train/699.jpg,train,3,Material missing,gt_positive,"[467.25640869140625, 203.8461456298828, 583.2820434570312, 372.4358825683594]","[456, 187, 595, 389]",0
results/fast_repro/exp06_roi/patches/train/Material missing/701__gt0.jpg,/root/autodl-tmp/borescope-new-seg-data/v1/images/train/701.jpg,train,3,Material missing,gt_positive,"[243.5384521484375, 246.1538543701172, 492.2563781738281, 483.974365234375]","[219, 222, 517, 508]",0
results/fast_repro/exp06_roi/patches/train/Material missing/702__gt0.jpg,/root/autodl-tmp/borescope-new-seg-data/v1/images/train/702.jpg,train,3,Material missing,gt_positive,"[264.05126953125, 221.79486083984375, 516.6154174804688, 484.6153869628906]","[239, 196, 542, 511]",0
results/fast_repro/exp06_roi/patches/train/Material missing/705__gt0.jpg,/root/autodl-tmp/borescope-new-seg-data/v1/images/train/705.jpg,train,3,Material missing,gt_positive,"[626.8717651367188, 178.2051239013672, 709.5641479492188, 333.974365234375]","[619, 163, 718, 350]",0
results/fast_repro/exp06_roi/patches/train/Material missing/707__gt0.jpg,/root/autodl-tmp/borescope-new-seg-data/v1/images/train/707.jpg,train,3,Material missing,gt_positive,"[249.94873046875, 227.56410217285156, 500.5897521972656, 486.5384521484375]","[225, 202, 526, 512]",0
results/fast_repro/exp06_roi/patches/train/Material missing/708__gt0.jpg,/root/autodl-tmp/borescope-new-seg-data/v1/images/train/708.jpg,train,3,Material missing,gt_positive,"[434.98541259765625, 200.0, 539.0670166015625, 346.647216796875]","[425, 185, 549, 361]",0
results/fast_repro/exp06_roi/patches/train/Material missing/710__gt0.jpg,/root/autodl-tmp/borescope-new-seg-data/v1/images/train/710.jpg,train,3,Material missing,gt_positive,"[338.76922607421875, 187.1794891357422, 477.87176513671875, 318.5897521972656]","[325, 174, 492, 332]",0
results/fast_repro/exp06_roi/patches/train/Material missing/711__gt0.jpg,/root/autodl-tmp/borescope-new-seg-data/v1/images/train/711.jpg,train,3,Material missing,gt_positive,"[367.6153869628906, 178.2051239013672, 505.4359130859375, 310.25640869140625]","[354, 165, 519, 323]",0
results/fast_repro/exp06_roi/patches/train/Material missing/712__gt0.jpg,/root/autodl-tmp/borescope-new-seg-data/v1/images/train/712.jpg,train,3,Material missing,gt_positive,"[487.76922607421875, 200.0, 599.94873046875, 370.5128173828125]","[477, 183, 611, 388]",0
results/fast_repro/exp06_roi/patches/train/Material missing/714__gt0.jpg,/root/autodl-tmp/borescope-new-seg-data/v1/images/train/714.jpg,train,3,Material missing,gt_positive,"[492.2563781738281, 148.07691955566406, 617.2564086914062, 287.8205261230469]","[480, 134, 630, 302]",0
results/fast_repro/exp06_roi/patches/train/Material missing/715__gt0.jpg,/root/autodl-tmp/borescope-new-seg-data/v1/images/train/715.jpg,train,3,Material missing,gt_positive,"[79.15384674072266, 3.692307710647583, 133.61538696289062, 38.46154022216797]","[74, 0, 139, 42]",0
results/fast_repro/exp06_roi/patches/train/Material missing/716__gt0.jpg,/root/autodl-tmp/borescope-new-seg-data/v1/images/train/716.jpg,train,3,Material missing,gt_positive,"[617.2564086914062, 259.6153869628906, 760.84619140625, 577.5640869140625]","[603, 228, 775, 600]",0
results/fast_repro/exp06_roi/patches/train/Material missing/717__gt0.jpg,/root/autodl-tmp/borescope-new-seg-data/v1/images/train/717.jpg,train,3,Material missing,gt_positive,"[166.8461456298828, 15.692307472229004, 184.07691955566406, 44.30769348144531]","[165, 13, 186, 47]",0
results/fast_repro/exp06_roi/patches/train/Material missing/719__gt0.jpg,/root/autodl-tmp/borescope-new-seg-data/v1/images/train/719.jpg,train,3,Material missing,gt_positive,"[685.8461303710938, 105.12820434570312, 781.3589477539062, 253.2051239013672]","[676, 90, 791, 268]",0
results/fast_repro/exp06_roi/patches/train/Material missing/721__gt0.jpg,/root/autodl-tmp/borescope-new-seg-data/v1/images/train/721.jpg,train,3,Material missing,gt_positive,"[247.10256958007812, 236.53846740722656, 383.6410217285156, 361.5384521484375]","[233, 224, 397, 374]",0
results/fast_repro/exp06_roi/patches/train/Material missing/724__gt0.jpg,/root/autodl-tmp/borescope-new-seg-data/v1/images/train/724.jpg,train,3,Material missing,gt_positive,"[792.2564086914062, 167.3076934814453, 858.2820434570312, 346.79486083984375]","[786, 149, 865, 365]",0
results/fast_repro/exp06_roi/patches/train/Material missing/726__gt0.jpg,/root/autodl-tmp/borescope-new-seg-data/v1/images/train/726.jpg,train,3,Material missing,gt_positive,"[614.6923217773438, 119.23077392578125, 723.025634765625, 264.74359130859375]","[604, 105, 734, 279]",0
results/fast_repro/exp06_roi/patches/train/Material missing/727__gt0.jpg,/root/autodl-tmp/borescope-new-seg-data/v1/images/train/727.jpg,train,3,Material missing,gt_positive,"[415.9743347167969, 210.25640869140625, 537.1282348632812, 373.0769348144531]","[404, 194, 549, 389]",0
results/fast_repro/exp06_roi/patches/train/Material missing/728__gt0.jpg,/root/autodl-tmp/borescope-new-seg-data/v1/images/train/728.jpg,train,3,Material missing,gt_positive,"[544.8204956054688, 159.61538696289062, 768.5384521484375, 468.5897521972656]","[522, 129, 791, 499]",0
results/fast_repro/exp06_roi/patches/train/Material missing/731__gt0.jpg,/root/autodl-tmp/borescope-new-seg-data/v1/images/train/731.jpg,train,3,Material missing,gt_positive,"[635.2051391601562, 145.5128173828125, 819.1795043945312, 459.6153869628906]","[617, 114, 838, 491]",0
results/fast_repro/exp06_roi/patches/train/Material missing/732__gt0.jpg,/root/autodl-tmp/borescope-new-seg-data/v1/images/train/732.jpg,train,3,Material missing,gt_positive,"[691.90478515625, 173.33334350585938, 775.2380981445312, 355.23809814453125]","[684, 155, 784, 373]",0
results/fast_repro/exp06_roi/patches/train/Material missing/733__gt0.jpg,/root/autodl-tmp/borescope-new-seg-data/v1/images/train/733.jpg,train,3,Material missing,gt_positive,"[300.0, 242.578125, 406.640625, 372.265625]","[289, 230, 417, 385]",0
results/fast_repro/exp06_roi/patches/train/Material missing/734__gt0.jpg,/root/autodl-tmp/borescope-new-seg-data/v1/images/train/734.jpg,train,3,Material missing,gt_positive,"[674.3076782226562, 174.35897827148438, 749.3076782226562, 330.1282043457031]","[667, 159, 757, 346]",0
results/fast_repro/exp06_roi/patches/train/Material missing/735__gt0.jpg,/root/autodl-tmp/borescope-new-seg-data/v1/images/train/735.jpg,train,3,Material missing,gt_positive,"[490.086181640625, 196.67318725585938, 590.0, 342.20648193359375]","[480, 182, 600, 357]",0
results/fast_repro/exp06_roi/patches/train/Material missing/737__gt0.jpg,/root/autodl-tmp/borescope-new-seg-data/v1/images/train/737.jpg,train,3,Material missing,gt_positive,"[443.5384826660156, 158.974365234375, 576.2307739257812, 296.1538391113281]","[430, 145, 590, 310]",0
results/fast_repro/exp06_roi/patches/train/Material missing/740__gt0.jpg,/root/autodl-tmp/borescope-new-seg-data/v1/images/train/740.jpg,train,3,Material missing,gt_positive,"[218.53846740722656, 261.5384521484375, 464.6922912597656, 496.1538391113281]","[194, 238, 489, 520]",0
results/fast_repro/exp06_roi/patches/train/Material missing/741__gt0.jpg,/root/autodl-tmp/borescope-new-seg-data/v1/images/train/741.jpg,train,3,Material missing,gt_positive,"[264.3846130371094, 21.538461685180664, 309.0, 57.846153259277344]","[260, 18, 313, 61]",0
results/fast_repro/exp06_roi/patches/train/Material missing/742__gt0.jpg,/root/autodl-tmp/borescope-new-seg-data/v1/images/train/742.jpg,train,3,Material missing,gt_positive,"[688.4102783203125, 190.38461303710938, 840.974365234375, 552.5640869140625]","[673, 154, 856, 589]",0
results/fast_repro/exp06_roi/patches/train/Material missing/744__gt0.jpg,/root/autodl-tmp/borescope-new-seg-data/v1/images/train/744.jpg,train,3,Material missing,gt_positive,"[257.3589782714844, 230.7692413330078, 393.25640869140625, 357.05126953125]","[244, 218, 407, 370]",0
results/fast_repro/exp06_roi/patches/train/Material missing/745__gt0.jpg,/root/autodl-tmp/borescope-new-seg-data/v1/images/train/745.jpg,train,3,Material missing,gt_positive,"[648.025634765625, 175.64102172851562, 737.7692260742188, 357.05126953125]","[639, 157, 747, 375]",0
results/fast_repro/exp06_roi/patches/train/Material missing/746__gt0.jpg,/root/autodl-tmp/borescope-new-seg-data/v1/images/train/746.jpg,train,3,Material missing,gt_positive,"[44.07692337036133, 56.153846740722656, 182.5384521484375, 344.6153869628906]","[30, 27, 196, 373]",0
results/fast_repro/exp06_roi/patches/train/Material missing/747__gt0.jpg,/root/autodl-tmp/borescope-new-seg-data/v1/images/train/747.jpg,train,3,Material missing,gt_positive,"[52.07692337036133, 4.615384101867676, 101.30769348144531, 37.846153259277344]","[47, 1, 106, 41]",0
results/fast_repro/exp06_roi/patches/train/Material missing/748__gt0.jpg,/root/autodl-tmp/borescope-new-seg-data/v1/images/train/748.jpg,train,3,Material missing,gt_positive,"[273.6666564941406, 250.64102172851562, 394.1794738769531, 392.30767822265625]","[262, 236, 406, 406]",0
results/fast_repro/exp06_roi/patches/train/Material missing/751__gt0.jpg,/root/autodl-tmp/borescope-new-seg-data/v1/images/train/751.jpg,train,3,Material missing,gt_positive,"[762.128173828125, 95.5128173828125, 837.128173828125, 239.74359130859375]","[755, 81, 845, 254]",0
results/fast_repro/exp06_roi/patches/train/Material missing/754__gt0.jpg,/root/autodl-tmp/borescope-new-seg-data/v1/images/train/754.jpg,train,3,Material missing,gt_positive,"[458.2010803222656, 202.11639404296875, 560.8465576171875, 344.708984375]","[448, 188, 571, 359]",0
results/fast_repro/exp06_roi/patches/train/Material missing/755__gt0.jpg,/root/autodl-tmp/borescope-new-seg-data/v1/images/train/755.jpg,train,3,Material missing,gt_positive,"[154.23077392578125, 20.307693481445312, 175.46153259277344, 33.846153259277344]","[152, 19, 178, 35]",0
results/fast_repro/exp06_roi/patches/train/Material missing/756__gt0.jpg,/root/autodl-tmp/borescope-new-seg-data/v1/images/train/756.jpg,train,3,Material missing,gt_positive,"[208.6923065185547, 138.76922607421875, 251.15383911132812, 192.92308044433594]","[204, 133, 255, 198]",0
results/fast_repro/exp06_roi/patches/train/Material missing/758__gt0.jpg,/root/autodl-tmp/borescope-new-seg-data/v1/images/train/758.jpg,train,3,Material missing,gt_positive,"[112.53845977783203, 470.76922607421875, 172.53846740722656, 523.8461303710938]","[107, 465, 179, 529]",0
results/fast_repro/exp06_roi/patches/train/Material missing/760__gt0.jpg,/root/autodl-tmp/borescope-new-seg-data/v1/images/train/760.jpg,train,3,Material missing,gt_positive,"[251.76922607421875, 463.076904296875, 321.0, 510.0]","[245, 458, 328, 515]",0
results/fast_repro/exp06_roi/patches/train/Material missing/761__gt0.jpg,/root/autodl-tmp/borescope-new-seg-data/v1/images/train/761.jpg,train,3,Material missing,gt_positive,"[312.0769348144531, 146.76922607421875, 350.5384521484375, 199.6923065185547]","[308, 141, 354, 205]",0
results/fast_repro/exp06_roi/patches/train/Material missing/762__gt0.jpg,/root/autodl-tmp/borescope-new-seg-data/v1/images/train/762.jpg,train,3,Material missing,gt_positive,"[94.23077392578125, 119.69231414794922, 139.76922607421875, 185.8461456298828]","[90, 113, 144, 192]",0
results/fast_repro/exp06_roi/patches/train/Material missing/763__gt0.jpg,/root/autodl-tmp/borescope-new-seg-data/v1/images/train/763.jpg,train,3,Material missing,gt_positive,"[475.6153869628906, 434.6153564453125, 541.769287109375, 503.84613037109375]","[469, 428, 548, 511]",0
results/fast_repro/exp06_roi/patches/train/Material missing/764__gt0.jpg,/root/autodl-tmp/borescope-new-seg-data/v1/images/train/764.jpg,train,3,Material missing,gt_positive,"[372.5384521484375, 446.1538391113281, 443.3077087402344, 512.3076782226562]","[365, 440, 450, 519]",0
results/fast_repro/exp06_roi/patches/train/Material missing/765__gt0.jpg,/root/autodl-tmp/borescope-new-seg-data/v1/images/train/765.jpg,train,3,Material missing,gt_positive,"[33.30769348144531, 478.4615478515625, 94.07691955566406, 527.6923217773438]","[27, 474, 100, 533]",0
results/fast_repro/exp06_roi/patches/train/Material missing/766__gt0.jpg,/root/autodl-tmp/borescope-new-seg-data/v1/images/train/766.jpg,train,3,Material missing,gt_positive,"[45.615386962890625, 232.92308044433594, 59.153846740722656, 256.6153869628906]","[44, 231, 61, 259]",0
results/fast_repro/exp06_roi/patches/train/Material missing/769__gt0.jpg,/root/autodl-tmp/borescope-new-seg-data/v1/images/train/769.jpg,train,3,Material missing,gt_positive,"[71.76922607421875, 233.84616088867188, 86.84615325927734, 254.46153259277344]","[70, 232, 88, 257]",0
results/fast_repro/exp06_roi/patches/train/Material missing/770__gt0.jpg,/root/autodl-tmp/borescope-new-seg-data/v1/images/train/770.jpg,train,3,Material missing,gt_positive,"[454.0769348144531, 438.4615173339844, 516.3845825195312, 510.0]","[448, 431, 523, 517]",0
results/fast_repro/exp06_roi/patches/train/Material missing/771__gt0.jpg,/root/autodl-tmp/borescope-new-seg-data/v1/images/train/771.jpg,train,3,Material missing,gt_positive,"[2.846153736114502, 244.0, 12.076923370361328, 256.9230651855469]","[2, 243, 13, 258]",0
results/fast_repro/exp06_roi/patches/train/Material missing/772__gt0.jpg,/root/autodl-tmp/borescope-new-seg-data/v1/images/train/772.jpg,train,3,Material missing,gt_positive,"[106.23076629638672, 17.230770111083984, 124.3846206665039, 30.76923179626465]","[104, 16, 126, 32]",0
results/fast_repro/exp06_roi/patches/train/Material missing/774__gt0.jpg,/root/autodl-tmp/borescope-new-seg-data/v1/images/train/774.jpg,train,3,Material missing,gt_positive,"[18.846153259277344, 238.15383911132812, 31.153844833374023, 259.6922912597656]","[18, 236, 32, 262]",0
results/fast_repro/exp06_roi/patches/train/Tears/777__gt0.jpg,/root/autodl-tmp/borescope-new-seg-data/v1/images/train/777.jpg,train,4,Tears,gt_positive,"[45.30769348144531, 34.46154022216797, 86.23076629638672, 97.84615325927734]","[41, 28, 90, 104]",0
results/fast_repro/exp06_roi/patches/train/Tears/779__gt0.jpg,/root/autodl-tmp/borescope-new-seg-data/v1/images/train/779.jpg,train,4,Tears,gt_positive,"[324.3846130371094, 68.0, 355.1538391113281, 108.30769348144531]","[321, 64, 358, 112]",0
results/fast_repro/exp06_roi/patches/train/Tears/780__gt0.jpg,/root/autodl-tmp/borescope-new-seg-data/v1/images/train/780.jpg,train,4,Tears,gt_positive,"[112.07691955566406, 32.92307662963867, 153.92308044433594, 84.92308044433594]","[108, 28, 158, 90]",0
results/fast_repro/exp06_roi/patches/train/Tears/782__gt0.jpg,/root/autodl-tmp/borescope-new-seg-data/v1/images/train/782.jpg,train,4,Tears,gt_positive,"[308.69232177734375, 72.9230728149414, 362.23077392578125, 134.15383911132812]","[303, 67, 368, 140]",0
results/fast_repro/exp06_roi/patches/train/Tears/784__gt0.jpg,/root/autodl-tmp/borescope-new-seg-data/v1/images/train/784.jpg,train,4,Tears,gt_positive,"[304.076904296875, 62.4615364074707, 342.5384521484375, 116.30769348144531]","[300, 57, 346, 122]",0
results/fast_repro/exp06_roi/patches/train/Tears/786__gt0.jpg,/root/autodl-tmp/borescope-new-seg-data/v1/images/train/786.jpg,train,4,Tears,gt_positive,"[305.3077087402344, 24.923076629638672, 343.76922607421875, 45.230770111083984]","[301, 23, 348, 47]",0
results/fast_repro/exp06_roi/patches/train/Tears/787__gt0.jpg,/root/autodl-tmp/borescope-new-seg-data/v1/images/train/787.jpg,train,4,Tears,gt_positive,"[6.538461685180664, 48.92307662963867, 20.076923370361328, 82.46154022216797]","[5, 46, 21, 86]",0
results/fast_repro/exp06_roi/patches/train/Tears/788__gt0.jpg,/root/autodl-tmp/borescope-new-seg-data/v1/images/train/788.jpg,train,4,Tears,gt_positive,"[174.5384521484375, 26.461538314819336, 215.46153259277344, 108.9230728149414]","[170, 18, 220, 117]",0
results/fast_repro/exp06_roi/patches/train/Tears/789__gt0.jpg,/root/autodl-tmp/borescope-new-seg-data/v1/images/train/789.jpg,train,4,Tears,gt_positive,"[72.38461303710938, 31.384614944458008, 113.0, 84.30769348144531]","[68, 26, 117, 90]",0
results/fast_repro/exp06_roi/patches/train/Tears/790__gt0.jpg,/root/autodl-tmp/borescope-new-seg-data/v1/images/train/790.jpg,train,4,Tears,gt_positive,"[197.61538696289062, 28.0, 237.61538696289062, 103.07691955566406]","[194, 20, 242, 111]",0
results/fast_repro/exp06_roi/patches/train/Tears/791__gt0.jpg,/root/autodl-tmp/borescope-new-seg-data/v1/images/train/791.jpg,train,4,Tears,gt_positive,"[182.84616088867188, 24.615385055541992, 225.92308044433594, 107.0769271850586]","[179, 16, 230, 115]",0
results/fast_repro/exp06_roi/patches/train/Tears/794__gt0.jpg,/root/autodl-tmp/borescope-new-seg-data/v1/images/train/794.jpg,train,4,Tears,gt_positive,"[155.4615478515625, 35.07692337036133, 198.2307586669922, 88.61538696289062]","[151, 30, 203, 94]",0
results/fast_repro/exp06_roi/patches/train/Tears/795__gt0.jpg,/root/autodl-tmp/borescope-new-seg-data/v1/images/train/795.jpg,train,4,Tears,gt_positive,"[21.0, 58.153846740722656, 43.46154022216797, 83.69231414794922]","[19, 56, 46, 86]",0
results/fast_repro/exp06_roi/patches/train/Tears/796__gt0.jpg,/root/autodl-tmp/borescope-new-seg-data/v1/images/train/796.jpg,train,4,Tears,gt_positive,"[67.15384674072266, 49.230770111083984, 83.46154022216797, 79.38461303710938]","[66, 46, 85, 82]",0
results/fast_repro/exp06_roi/patches/train/Tears/797__gt0.jpg,/root/autodl-tmp/borescope-new-seg-data/v1/images/train/797.jpg,train,4,Tears,gt_positive,"[165.92308044433594, 40.0, 212.07691955566406, 104.9230728149414]","[161, 34, 217, 111]",0
results/fast_repro/exp06_roi/patches/train/Tears/798__gt0.jpg,/root/autodl-tmp/borescope-new-seg-data/v1/images/train/798.jpg,train,4,Tears,gt_positive,"[94.23077392578125, 28.923076629638672, 137.3076934814453, 87.3846206665039]","[90, 23, 142, 93]",0
results/fast_repro/exp06_roi/patches/train/Tears/799__gt0.jpg,/root/autodl-tmp/borescope-new-seg-data/v1/images/train/799.jpg,train,4,Tears,gt_positive,"[69.30769348144531, 43.69231033325195, 108.69230651855469, 78.76923370361328]","[65, 40, 113, 82]",0
results/fast_repro/exp06_roi/patches/train/Tears/800__gt0.jpg,/root/autodl-tmp/borescope-new-seg-data/v1/images/train/800.jpg,train,4,Tears,gt_positive,"[201.61538696289062, 17.230770111083984, 253.923095703125, 50.153846740722656]","[196, 14, 259, 53]",0
results/fast_repro/exp06_roi/patches/train/Tears/802__gt0.jpg,/root/autodl-tmp/borescope-new-seg-data/v1/images/train/802.jpg,train,4,Tears,gt_positive,"[76.07691955566406, 101.84615325927734, 159.76922607421875, 183.69232177734375]","[68, 94, 168, 192]",0
results/fast_repro/exp06_roi/patches/train/Tears/803__gt0.jpg,/root/autodl-tmp/borescope-new-seg-data/v1/images/train/803.jpg,train,4,Tears,gt_positive,"[24.076923370361328, 64.0, 47.153846740722656, 95.38461303710938]","[22, 61, 49, 99]",0
results/fast_repro/exp06_roi/patches/train/Tears/804__gt0.jpg,/root/autodl-tmp/borescope-new-seg-data/v1/images/train/804.jpg,train,4,Tears,gt_positive,"[155.15383911132812, 10.153846740722656, 192.38461303710938, 39.07692337036133]","[151, 7, 196, 42]",0
results/fast_repro/exp06_roi/patches/train/Tears/805__gt0.jpg,/root/autodl-tmp/borescope-new-seg-data/v1/images/train/805.jpg,train,4,Tears,gt_positive,"[251.46153259277344, 30.153846740722656, 289.6153869628906, 94.46154022216797]","[248, 24, 293, 101]",0
results/fast_repro/exp06_roi/patches/train/Tears/807__gt0.jpg,/root/autodl-tmp/borescope-new-seg-data/v1/images/train/807.jpg,train,4,Tears,gt_positive,"[329.6153869628906, 66.15384674072266, 362.23077392578125, 106.46153259277344]","[326, 62, 365, 110]",0
results/fast_repro/exp06_roi/patches/train/Tears/808__gt0.jpg,/root/autodl-tmp/borescope-new-seg-data/v1/images/train/808.jpg,train,4,Tears,gt_positive,"[280.076904296875, 57.846153259277344, 321.923095703125, 116.0]","[276, 52, 326, 122]",0
results/fast_repro/exp06_roi/patches/train/Tears/809__gt0.jpg,/root/autodl-tmp/borescope-new-seg-data/v1/images/train/809.jpg,train,4,Tears,gt_positive,"[133.0, 23.69230842590332, 187.76922607421875, 61.23076629638672]","[128, 20, 193, 65]",0
results/fast_repro/exp06_roi/patches/train/Tears/810__gt0.jpg,/root/autodl-tmp/borescope-new-seg-data/v1/images/train/810.jpg,train,4,Tears,gt_positive,"[285.30767822265625, 54.4615364074707, 318.5384521484375, 102.46153259277344]","[282, 50, 322, 107]",0
results/fast_repro/exp06_roi/patches/train/Tears/812__gt0.jpg,/root/autodl-tmp/borescope-new-seg-data/v1/images/train/812.jpg,train,4,Tears,gt_positive,"[225.0, 5.84615421295166, 278.5384521484375, 28.307693481445312]","[220, 4, 284, 31]",0
results/fast_repro/exp06_roi/patches/train/Tears/813__gt0.jpg,/root/autodl-tmp/borescope-new-seg-data/v1/images/train/813.jpg,train,4,Tears,gt_positive,"[256.3846130371094, 50.769229888916016, 299.4615478515625, 112.30769348144531]","[252, 45, 304, 118]",0
results/fast_repro/exp06_roi/patches/train/Tears/814__gt0.jpg,/root/autodl-tmp/borescope-new-seg-data/v1/images/train/814.jpg,train,4,Tears,gt_positive,"[196.076904296875, 58.46154022216797, 209.61538696289062, 86.15384674072266]","[195, 56, 211, 89]",0
results/fast_repro/exp06_roi/patches/train/Tears/815__gt0.jpg,/root/autodl-tmp/borescope-new-seg-data/v1/images/train/815.jpg,train,4,Tears,gt_positive,"[701.0, 172.3076934814453, 723.3076782226562, 229.23077392578125]","[699, 167, 726, 235]",0
results/fast_repro/exp06_roi/patches/train/Tears/816__gt0.jpg,/root/autodl-tmp/borescope-new-seg-data/v1/images/train/816.jpg,train,4,Tears,gt_positive,"[257.3077087402344, 18.46154022216797, 309.923095703125, 44.0]","[252, 16, 315, 47]",0
results/fast_repro/exp06_roi/patches/train/Tears/817__gt0.jpg,/root/autodl-tmp/borescope-new-seg-data/v1/images/train/817.jpg,train,4,Tears,gt_positive,"[88.38461303710938, 34.769229888916016, 133.61538696289062, 98.76922607421875]","[84, 28, 138, 105]",0
results/fast_repro/exp06_roi/patches/train/Tears/818__gt0.jpg,/root/autodl-tmp/borescope-new-seg-data/v1/images/train/818.jpg,train,4,Tears,gt_positive,"[229.923095703125, 46.153846740722656, 273.30767822265625, 109.53846740722656]","[226, 40, 278, 116]",0
results/fast_repro/exp06_roi/patches/train/Tears/821__gt0.jpg,/root/autodl-tmp/borescope-new-seg-data/v1/images/train/821.jpg,train,4,Tears,gt_positive,"[199.76922607421875, 42.769229888916016, 247.4615478515625, 105.84615325927734]","[195, 36, 252, 112]",0
results/fast_repro/exp06_roi/patches/train/Tears/822__gt0.jpg,/root/autodl-tmp/borescope-new-seg-data/v1/images/train/822.jpg,train,4,Tears,gt_positive,"[317.6153869628906, 76.92308044433594, 328.69232177734375, 96.92308044433594]","[317, 75, 330, 99]",0
results/fast_repro/exp06_roi/patches/train/Tears/825__gt0.jpg,/root/autodl-tmp/borescope-new-seg-data/v1/images/train/825.jpg,train,4,Tears,gt_positive,"[22.846153259277344, 117.53845977783203, 80.38461303710938, 197.23077392578125]","[17, 110, 86, 205]",0
results/fast_repro/exp06_roi/patches/train/Tears/826__gt0.jpg,/root/autodl-tmp/borescope-new-seg-data/v1/images/train/826.jpg,train,4,Tears,gt_positive,"[218.23077392578125, 30.153846740722656, 260.3846130371094, 103.07691955566406]","[214, 23, 265, 110]",0
results/fast_repro/exp06_roi/patches/train/Tears/828__gt0.jpg,/root/autodl-tmp/borescope-new-seg-data/v1/images/train/828.jpg,train,4,Tears,gt_positive,"[293.3077087402344, 32.30769348144531, 325.923095703125, 86.15384674072266]","[290, 27, 329, 92]",0
results/fast_repro/exp06_roi/patches/train/Tears/830__gt0.jpg,/root/autodl-tmp/borescope-new-seg-data/v1/images/train/830.jpg,train,4,Tears,gt_positive,"[105.92308044433594, 52.30769348144531, 122.53845977783203, 80.0]","[104, 50, 124, 83]",0
results/fast_repro/exp06_roi/patches/train/Tears/831__gt0.jpg,/root/autodl-tmp/borescope-new-seg-data/v1/images/train/831.jpg,train,4,Tears,gt_positive,"[137.61538696289062, 35.07692337036133, 177.92308044433594, 85.23076629638672]","[134, 30, 182, 90]",0
results/fast_repro/exp06_roi/patches/train/Tears/832__gt0.jpg,/root/autodl-tmp/borescope-new-seg-data/v1/images/train/832.jpg,train,4,Tears,gt_positive,"[201.61538696289062, 80.61538696289062, 283.1538391113281, 154.4615478515625]","[193, 73, 291, 162]",0
results/fast_repro/exp06_roi/patches/train/Tears/833__gt0.jpg,/root/autodl-tmp/borescope-new-seg-data/v1/images/train/833.jpg,train,4,Tears,gt_positive,"[42.230770111083984, 28.615385055541992, 80.38461303710938, 79.38461303710938]","[38, 24, 84, 84]",0
results/fast_repro/exp06_roi/patches/train/Tears/834__gt0.jpg,/root/autodl-tmp/borescope-new-seg-data/v1/images/train/834.jpg,train,4,Tears,gt_positive,"[129.92308044433594, 35.69230651855469, 174.84616088867188, 100.0]","[125, 29, 179, 106]",0
results/fast_repro/exp06_roi/patches/train/Tears/835__gt0.jpg,/root/autodl-tmp/borescope-new-seg-data/v1/images/train/835.jpg,train,4,Tears,gt_positive,"[343.1538391113281, 26.461538314819336, 372.0769348144531, 47.38461685180664]","[340, 24, 375, 49]",0
results/fast_repro/exp06_roi/patches/train/Tears/838__gt0.jpg,/root/autodl-tmp/borescope-new-seg-data/v1/images/train/838.jpg,train,4,Tears,gt_positive,"[115.15385437011719, 91.69230651855469, 204.69229125976562, 172.3076934814453]","[106, 84, 214, 180]",0
results/fast_repro/exp06_roi/patches/train/Dent/844__gt0.jpg,/root/autodl-tmp/borescope-new-seg-data/v1/images/train/844.jpg,train,2,Dent,gt_positive,"[717.1538696289062, 293.0769348144531, 736.3846435546875, 328.4615478515625]","[715, 290, 738, 332]",0
results/fast_repro/exp06_roi/patches/train/Dent/847__gt0.jpg,/root/autodl-tmp/borescope-new-seg-data/v1/images/train/847.jpg,train,2,Dent,gt_positive,"[679.1538696289062, 321.5384521484375, 729.9230346679688, 375.3846435546875]","[674, 316, 735, 381]",0
results/fast_repro/exp06_roi/patches/train/Dent/850__gt0.jpg,/root/autodl-tmp/borescope-new-seg-data/v1/images/train/850.jpg,train,2,Dent,gt_positive,"[207.4615478515625, 66.76922607421875, 262.23077392578125, 153.84616088867188]","[202, 58, 268, 163]",0
results/fast_repro/exp06_roi/patches/train/Dent/852__gt0.jpg,/root/autodl-tmp/borescope-new-seg-data/v1/images/train/852.jpg,train,2,Dent,gt_positive,"[172.0565185546875, 55.25902557373047, 183.5164794921875, 70.01570129394531]","[171, 54, 185, 71]",0
results/fast_repro/exp06_roi/patches/train/Dent/854__gt0.jpg,/root/autodl-tmp/borescope-new-seg-data/v1/images/train/854.jpg,train,2,Dent,gt_positive,"[211.4615478515625, 36.92308044433594, 231.76922607421875, 53.846153259277344]","[209, 35, 234, 56]",0
results/fast_repro/exp06_roi/patches/train/Dent/855__gt0.jpg,/root/autodl-tmp/borescope-new-seg-data/v1/images/train/855.jpg,train,2,Dent,gt_positive,"[133.92308044433594, 61.846153259277344, 151.76922607421875, 76.6153793334961]","[132, 60, 154, 78]",0
results/fast_repro/exp06_roi/patches/train/Dent/856__gt0.jpg,/root/autodl-tmp/borescope-new-seg-data/v1/images/train/856.jpg,train,2,Dent,gt_positive,"[86.53845977783203, 118.15384674072266, 166.53846740722656, 203.38462829589844]","[79, 110, 175, 212]",0
results/fast_repro/exp06_roi/patches/train/Dent/859__gt0.jpg,/root/autodl-tmp/borescope-new-seg-data/v1/images/train/859.jpg,train,2,Dent,gt_positive,"[525.3076782226562, 193.84616088867188, 553.7692260742188, 230.7692413330078]","[522, 190, 557, 234]",0
results/fast_repro/exp06_roi/patches/train/Dent/859__gt1.jpg,/root/autodl-tmp/borescope-new-seg-data/v1/images/train/859.jpg,train,2,Dent,gt_positive,"[663.0, 706.15380859375, 685.3076782226562, 719.0]","[661, 705, 688, 720]",1
results/fast_repro/exp06_roi/patches/train/Dent/860__gt0.jpg,/root/autodl-tmp/borescope-new-seg-data/v1/images/train/860.jpg,train,2,Dent,gt_positive,"[274.84613037109375, 304.6153869628906, 289.4615478515625, 342.3077087402344]","[273, 301, 291, 346]",0
results/fast_repro/exp06_roi/patches/train/Dent/861__gt0.jpg,/root/autodl-tmp/borescope-new-seg-data/v1/images/train/861.jpg,train,2,Dent,gt_positive,"[223.4615478515625, 71.69230651855469, 238.84616088867188, 98.46154022216797]","[222, 69, 240, 101]",0
results/fast_repro/exp06_roi/patches/train/Dent/862__gt0.jpg,/root/autodl-tmp/borescope-new-seg-data/v1/images/train/862.jpg,train,2,Dent,gt_positive,"[294.8461608886719, 36.92308044433594, 303.15386962890625, 48.92307662963867]","[294, 36, 304, 50]",0
results/fast_repro/exp06_roi/patches/train/Dent/866__gt0.jpg,/root/autodl-tmp/borescope-new-seg-data/v1/images/train/866.jpg,train,2,Dent,gt_positive,"[153.61538696289062, 88.61538696289062, 175.1538543701172, 107.0769271850586]","[151, 87, 177, 109]",0
results/fast_repro/exp06_roi/patches/train/Dent/868__gt0.jpg,/root/autodl-tmp/borescope-new-seg-data/v1/images/train/868.jpg,train,2,Dent,gt_positive,"[280.69232177734375, 17.846153259277344, 295.4615478515625, 36.61538314819336]","[279, 16, 297, 38]",0
results/fast_repro/exp06_roi/patches/train/Dent/871__gt0.jpg,/root/autodl-tmp/borescope-new-seg-data/v1/images/train/871.jpg,train,2,Dent,gt_positive,"[155.76922607421875, 21.846155166625977, 169.61538696289062, 32.30769348144531]","[154, 21, 171, 33]",0
results/fast_repro/exp06_roi/patches/train/Dent/872__gt0.jpg,/root/autodl-tmp/borescope-new-seg-data/v1/images/train/872.jpg,train,2,Dent,gt_positive,"[163.46153259277344, 129.23077392578125, 190.53846740722656, 177.23077392578125]","[161, 124, 193, 182]",0
results/fast_repro/exp06_roi/patches/train/Dent/873__gt0.jpg,/root/autodl-tmp/borescope-new-seg-data/v1/images/train/873.jpg,train,2,Dent,gt_positive,"[279.15386962890625, 131.07691955566406, 374.84613037109375, 216.0]","[270, 123, 384, 224]",0
results/fast_repro/exp06_roi/patches/train/Dent/874__gt0.jpg,/root/autodl-tmp/borescope-new-seg-data/v1/images/train/874.jpg,train,2,Dent,gt_positive,"[45.0, 117.84615325927734, 106.53846740722656, 200.61538696289062]","[39, 110, 113, 209]",0
results/fast_repro/exp06_roi/patches/train/Dent/875__gt0.jpg,/root/autodl-tmp/borescope-new-seg-data/v1/images/train/875.jpg,train,2,Dent,gt_positive,"[284.076904296875, 154.76922607421875, 307.76922607421875, 184.3076934814453]","[282, 152, 310, 187]",0
results/fast_repro/exp06_roi/patches/train/Dent/879__gt0.jpg,/root/autodl-tmp/borescope-new-seg-data/v1/images/train/879.jpg,train,2,Dent,gt_positive,"[255.1538543701172, 13.230769157409668, 270.5384521484375, 32.0]","[254, 11, 272, 34]",0
results/fast_repro/exp06_roi/patches/train/Dent/883__gt0.jpg,/root/autodl-tmp/borescope-new-seg-data/v1/images/train/883.jpg,train,2,Dent,gt_positive,"[242.23077392578125, 99.69230651855469, 272.3846130371094, 136.92308044433594]","[239, 96, 275, 141]",0
results/fast_repro/exp06_roi/patches/train/Dent/884__gt0.jpg,/root/autodl-tmp/borescope-new-seg-data/v1/images/train/884.jpg,train,2,Dent,gt_positive,"[173.43096923828125, 142.25941467285156, 185.77406311035156, 165.27197265625]","[172, 140, 187, 168]",0
results/fast_repro/exp06_roi/patches/train/Dent/885__gt0.jpg,/root/autodl-tmp/borescope-new-seg-data/v1/images/train/885.jpg,train,2,Dent,gt_positive,"[134.5384521484375, 30.0, 153.0, 72.30769348144531]","[133, 26, 155, 77]",0
results/fast_repro/exp06_roi/patches/train/Dent/886__gt0.jpg,/root/autodl-tmp/borescope-new-seg-data/v1/images/train/886.jpg,train,2,Dent,gt_positive,"[303.15386962890625, 20.923078536987305, 313.6153869628906, 41.230770111083984]","[302, 19, 315, 43]",0
results/fast_repro/exp06_roi/patches/train/Dent/886__gt1.jpg,/root/autodl-tmp/borescope-new-seg-data/v1/images/train/886.jpg,train,2,Dent,gt_positive,"[55.153846740722656, 144.0, 61.30769348144531, 163.07691955566406]","[55, 142, 62, 165]",1
results/fast_repro/exp06_roi/patches/train/Dent/887__gt0.jpg,/root/autodl-tmp/borescope-new-seg-data/v1/images/train/887.jpg,train,2,Dent,gt_positive,"[112.357421875, 215.20912170410156, 126.80609130859375, 235.741455078125]","[111, 213, 128, 238]",0
results/fast_repro/exp06_roi/patches/train/Dent/889__gt0.jpg,/root/autodl-tmp/borescope-new-seg-data/v1/images/train/889.jpg,train,2,Dent,gt_positive,"[202.84616088867188, 25.230770111083984, 218.8461456298828, 36.92308044433594]","[201, 24, 220, 38]",0
results/fast_repro/exp06_roi/patches/train/Dent/890__gt0.jpg,/root/autodl-tmp/borescope-new-seg-data/v1/images/train/890.jpg,train,2,Dent,gt_positive,"[130.53846740722656, 122.15384674072266, 221.30770874023438, 207.6923065185547]","[121, 114, 230, 216]",0
results/fast_repro/exp06_roi/patches/train/Dent/891__gt0.jpg,/root/autodl-tmp/borescope-new-seg-data/v1/images/train/891.jpg,train,2,Dent,gt_positive,"[270.23077392578125, 75.0769271850586, 320.3846130371094, 159.07691955566406]","[265, 67, 325, 167]",0
results/fast_repro/exp06_roi/patches/train/Dent/892__gt0.jpg,/root/autodl-tmp/borescope-new-seg-data/v1/images/train/892.jpg,train,2,Dent,gt_positive,"[125.9230728149414, 50.153846740722656, 136.6923065185547, 71.07691955566406]","[125, 48, 138, 73]",0
results/fast_repro/exp06_roi/patches/train/Dent/893__gt0.jpg,/root/autodl-tmp/borescope-new-seg-data/v1/images/train/893.jpg,train,2,Dent,gt_positive,"[53.615386962890625, 126.15383911132812, 77.61538696289062, 179.07691955566406]","[51, 121, 80, 184]",0
results/fast_repro/exp06_roi/patches/train/Dent/894__gt0.jpg,/root/autodl-tmp/borescope-new-seg-data/v1/images/train/894.jpg,train,2,Dent,gt_positive,"[640.6923217773438, 102.30769348144531, 775.3076782226562, 221.53846740722656]","[627, 90, 789, 233]",0
results/fast_repro/exp06_roi/patches/train/Dent/895__gt0.jpg,/root/autodl-tmp/borescope-new-seg-data/v1/images/train/895.jpg,train,2,Dent,gt_positive,"[39.958160400390625, 151.07693481445312, 55.230125427246094, 179.7071075439453]","[38, 148, 57, 183]",0
results/fast_repro/exp06_roi/patches/train/Dent/898__gt0.jpg,/root/autodl-tmp/borescope-new-seg-data/v1/images/train/898.jpg,train,2,Dent,gt_positive,"[221.30770874023438, 140.3076934814453, 249.30767822265625, 182.46153259277344]","[219, 136, 252, 187]",0
results/fast_repro/exp06_roi/patches/train/Dent/899__gt0.jpg,/root/autodl-tmp/borescope-new-seg-data/v1/images/train/899.jpg,train,2,Dent,gt_positive,"[295.7253723144531, 70.59585571289062, 304.6632080078125, 84.19689178466797]","[295, 69, 306, 86]",0
results/fast_repro/exp06_roi/patches/train/Dent/900__gt0.jpg,/root/autodl-tmp/borescope-new-seg-data/v1/images/train/900.jpg,train,2,Dent,gt_positive,"[766.84619140625, 398.4615478515625, 826.0769653320312, 446.9230651855469]","[761, 394, 832, 452]",0
results/fast_repro/exp06_roi/patches/train/Dent/901__gt0.jpg,/root/autodl-tmp/borescope-new-seg-data/v1/images/train/901.jpg,train,2,Dent,gt_positive,"[170.84616088867188, 68.6153793334961, 188.38461303710938, 90.46154022216797]","[169, 66, 190, 93]",0
results/fast_repro/exp06_roi/patches/train/Dent/902__gt0.jpg,/root/autodl-tmp/borescope-new-seg-data/v1/images/train/902.jpg,train,2,Dent,gt_positive,"[244.53846740722656, 50.76923370361328, 261.4615478515625, 78.46154022216797]","[243, 48, 263, 81]",0
results/fast_repro/exp06_roi/patches/train/Dent/902__gt1.jpg,/root/autodl-tmp/borescope-new-seg-data/v1/images/train/902.jpg,train,2,Dent,gt_positive,"[506.84619140625, 608.4615478515625, 539.15380859375, 632.3076782226562]","[504, 606, 542, 635]",1
results/fast_repro/exp06_roi/patches/train/Dent/903__gt0.jpg,/root/autodl-tmp/borescope-new-seg-data/v1/images/train/903.jpg,train,2,Dent,gt_positive,"[276.46221923828125, 217.8316650390625, 288.1597900390625, 235.23538208007812]","[275, 216, 289, 237]",0
results/fast_repro/exp06_roi/patches/train/Dent/904__gt0.jpg,/root/autodl-tmp/borescope-new-seg-data/v1/images/train/904.jpg,train,2,Dent,gt_positive,"[124.07691955566406, 215.69232177734375, 141.3076934814453, 234.4615478515625]","[122, 214, 143, 236]",0
results/fast_repro/exp06_roi/patches/train/Dent/908__gt0.jpg,/root/autodl-tmp/borescope-new-seg-data/v1/images/train/908.jpg,train,2,Dent,gt_positive,"[748.6922607421875, 293.8461608886719, 767.15380859375, 333.0769348144531]","[747, 290, 769, 337]",0
results/fast_repro/exp06_roi/patches/train/Dent/909__gt0.jpg,/root/autodl-tmp/borescope-new-seg-data/v1/images/train/909.jpg,train,2,Dent,gt_positive,"[106.23076629638672, 21.230770111083984, 121.0, 32.61538314819336]","[105, 20, 122, 34]",0
results/fast_repro/exp06_roi/patches/train/Dent/911__gt0.jpg,/root/autodl-tmp/borescope-new-seg-data/v1/images/train/911.jpg,train,2,Dent,gt_positive,"[718.3845825195312, 166.92306518554688, 863.7692260742188, 278.4615478515625]","[704, 156, 878, 290]",0
results/fast_repro/exp06_roi/patches/train/Dent/912__gt0.jpg,/root/autodl-tmp/borescope-new-seg-data/v1/images/train/912.jpg,train,2,Dent,gt_positive,"[556.84619140625, 49.230770111083984, 678.3845825195312, 165.38461303710938]","[545, 38, 691, 177]",0
results/fast_repro/exp06_roi/patches/train/Dent/913__gt0.jpg,/root/autodl-tmp/borescope-new-seg-data/v1/images/train/913.jpg,train,2,Dent,gt_positive,"[179.4615478515625, 122.76922607421875, 279.15386962890625, 210.7692413330078]","[169, 114, 289, 220]",0
results/fast_repro/exp06_roi/patches/train/Dent/914__gt0.jpg,/root/autodl-tmp/borescope-new-seg-data/v1/images/train/914.jpg,train,2,Dent,gt_positive,"[798.3845825195312, 238.46153259277344, 935.3077392578125, 340.0]","[785, 228, 949, 350]",0
results/fast_repro/exp06_roi/patches/train/Dent/916__gt0.jpg,/root/autodl-tmp/borescope-new-seg-data/v1/images/train/916.jpg,train,2,Dent,gt_positive,"[45.0, 52.0, 80.69230651855469, 147.07693481445312]","[41, 42, 84, 157]",0
results/fast_repro/exp06_roi/patches/train/Dent/917__gt0.jpg,/root/autodl-tmp/borescope-new-seg-data/v1/images/train/917.jpg,train,2,Dent,gt_positive,"[97.6153793334961, 51.384613037109375, 105.61538696289062, 66.76922607421875]","[97, 50, 106, 68]",0
results/fast_repro/exp06_roi/patches/train/Dent/918__gt0.jpg,/root/autodl-tmp/borescope-new-seg-data/v1/images/train/918.jpg,train,2,Dent,gt_positive,"[306.5384521484375, 76.6153793334961, 320.076904296875, 88.30769348144531]","[305, 75, 321, 89]",0
results/fast_repro/exp06_roi/patches/train/Dent/919__gt0.jpg,/root/autodl-tmp/borescope-new-seg-data/v1/images/train/919.jpg,train,2,Dent,gt_positive,"[248.69232177734375, 32.30769348144531, 263.76922607421875, 41.84615707397461]","[247, 31, 265, 43]",0
results/fast_repro/exp06_roi/patches/train/Dent/920__gt0.jpg,/root/autodl-tmp/borescope-new-seg-data/v1/images/train/920.jpg,train,2,Dent,gt_positive,"[145.0, 2.769230842590332, 161.92306518554688, 21.230770111083984]","[143, 1, 164, 23]",0
results/fast_repro/exp06_roi/patches/train/Dent/921__gt0.jpg,/root/autodl-tmp/borescope-new-seg-data/v1/images/train/921.jpg,train,2,Dent,gt_positive,"[467.1538391113281, 293.8461608886719, 496.3846130371094, 330.76922607421875]","[464, 290, 499, 334]",0
results/fast_repro/exp06_roi/patches/train/Dent/923__gt0.jpg,/root/autodl-tmp/borescope-new-seg-data/v1/images/train/923.jpg,train,2,Dent,gt_positive,"[79.46153259277344, 215.07691955566406, 94.53846740722656, 234.15383911132812]","[78, 213, 96, 236]",0
results/fast_repro/exp06_roi/patches/train/Dent/927__gt0.jpg,/root/autodl-tmp/borescope-new-seg-data/v1/images/train/927.jpg,train,2,Dent,gt_positive,"[209.30770874023438, 217.8461456298828, 225.92308044433594, 235.38461303710938]","[208, 216, 228, 237]",0
results/fast_repro/exp06_roi/patches/train/Dent/929__gt0.jpg,/root/autodl-tmp/borescope-new-seg-data/v1/images/train/929.jpg,train,2,Dent,gt_positive,"[245.92306518554688, 219.4300537109375, 257.9230651855469, 234.97409057617188]","[245, 218, 259, 237]",0
results/fast_repro/exp06_roi/patches/train/Dent/930__gt0.jpg,/root/autodl-tmp/borescope-new-seg-data/v1/images/train/930.jpg,train,2,Dent,gt_positive,"[338.84613037109375, 164.0, 360.6922912597656, 187.6923065185547]","[337, 162, 363, 190]",0
results/fast_repro/exp06_roi/patches/train/Dent/931__gt0.jpg,/root/autodl-tmp/borescope-new-seg-data/v1/images/train/931.jpg,train,2,Dent,gt_positive,"[661.0, 294.6153869628906, 684.0769653320312, 326.1538391113281]","[659, 291, 686, 329]",0
results/fast_repro/exp06_roi/patches/train/Dent/934__gt0.jpg,/root/autodl-tmp/borescope-new-seg-data/v1/images/train/934.jpg,train,2,Dent,gt_positive,"[203.97488403320312, 195.606689453125, 231.5899658203125, 248.32635498046875]","[201, 190, 234, 254]",0
results/fast_repro/exp06_roi/patches/train/Dent/935__gt0.jpg,/root/autodl-tmp/borescope-new-seg-data/v1/images/train/935.jpg,train,2,Dent,gt_positive,"[291.15386962890625, 31.076923370361328, 305.3077087402344, 46.76923370361328]","[290, 30, 307, 48]",0
results/fast_repro/exp06_roi/patches/train/Dent/936__gt0.jpg,/root/autodl-tmp/borescope-new-seg-data/v1/images/train/936.jpg,train,2,Dent,gt_positive,"[369.4615478515625, 300.76922607421875, 394.84613037109375, 335.3846130371094]","[367, 297, 397, 339]",0
results/fast_repro/exp06_roi/patches/train/Dent/938__gt0.jpg,/root/autodl-tmp/borescope-new-seg-data/v1/images/train/938.jpg,train,2,Dent,gt_positive,"[692.5384521484375, 294.6153869628906, 713.3076782226562, 328.4615478515625]","[690, 291, 715, 332]",0
results/fast_repro/exp06_roi/patches/train/Dent/941__gt0.jpg,/root/autodl-tmp/borescope-new-seg-data/v1/images/train/941.jpg,train,2,Dent,gt_positive,"[167.76922607421875, 216.92308044433594, 184.38461303710938, 236.0]","[166, 215, 186, 238]",0
results/fast_repro/exp06_roi/patches/train/Dent/942__gt0.jpg,/root/autodl-tmp/borescope-new-seg-data/v1/images/train/942.jpg,train,2,Dent,gt_positive,"[224.5384521484375, 53.076927185058594, 245.30767822265625, 87.69230651855469]","[222, 50, 247, 91]",0
results/fast_repro/exp06_roi/patches/train/Dent/943__gt0.jpg,/root/autodl-tmp/borescope-new-seg-data/v1/images/train/943.jpg,train,2,Dent,gt_positive,"[233.2635955810547, 192.25941467285156, 261.50628662109375, 252.71966552734375]","[230, 186, 264, 259]",0
results/fast_repro/exp06_roi/patches/train/Dent/944__gt0.jpg,/root/autodl-tmp/borescope-new-seg-data/v1/images/train/944.jpg,train,2,Dent,gt_positive,"[81.0, 62.4615364074707, 95.46154022216797, 80.92308044433594]","[80, 61, 97, 83]",0
results/fast_repro/exp06_roi/patches/train/Dent/945__gt0.jpg,/root/autodl-tmp/borescope-new-seg-data/v1/images/train/945.jpg,train,2,Dent,gt_positive,"[112.3846206665039, 51.384613037109375, 133.3076934814453, 73.23076629638672]","[110, 49, 135, 75]",0
results/fast_repro/exp06_roi/patches/train/Dent/947__gt0.jpg,/root/autodl-tmp/borescope-new-seg-data/v1/images/train/947.jpg,train,2,Dent,gt_positive,"[335.9486389160156, 79.17261505126953, 343.081298828125, 91.72610473632812]","[335, 78, 344, 93]",0
results/fast_repro/exp06_roi/patches/train/Dent/949__gt0.jpg,/root/autodl-tmp/borescope-new-seg-data/v1/images/train/949.jpg,train,2,Dent,gt_positive,"[186.5384521484375, 3.384615421295166, 204.07693481445312, 23.076923370361328]","[185, 1, 206, 25]",0
results/fast_repro/exp06_roi/patches/train/Dent/950__gt0.jpg,/root/autodl-tmp/borescope-new-seg-data/v1/images/train/950.jpg,train,2,Dent,gt_positive,"[278.6611022949219, 197.28033447265625, 301.46441650390625, 249.79078674316406]","[276, 192, 304, 255]",0
results/fast_repro/exp06_roi/patches/train/Dent/952__gt0.jpg,/root/autodl-tmp/borescope-new-seg-data/v1/images/train/952.jpg,train,2,Dent,gt_positive,"[163.46153259277344, 121.23076629638672, 182.23077392578125, 167.6923065185547]","[162, 117, 184, 172]",0
results/fast_repro/exp06_roi/patches/train/Dent/953__gt0.jpg,/root/autodl-tmp/borescope-new-seg-data/v1/images/train/953.jpg,train,2,Dent,gt_positive,"[89.61538696289062, 60.92307662963867, 138.5384521484375, 147.38461303710938]","[85, 52, 143, 156]",0
results/fast_repro/exp06_roi/patches/train/Dent/954__gt0.jpg,/root/autodl-tmp/borescope-new-seg-data/v1/images/train/954.jpg,train,2,Dent,gt_positive,"[80.69230651855469, 108.30769348144531, 95.76922607421875, 123.0769271850586]","[79, 107, 97, 125]",0
results/fast_repro/exp06_roi/patches/train/Dent/958__gt0.jpg,/root/autodl-tmp/borescope-new-seg-data/v1/images/train/958.jpg,train,2,Dent,gt_positive,"[313.923095703125, 106.46153259277344, 337.0, 143.6923065185547]","[312, 103, 339, 147]",0
results/fast_repro/exp06_roi/patches/train/Dent/959__gt0.jpg,/root/autodl-tmp/borescope-new-seg-data/v1/images/train/959.jpg,train,2,Dent,gt_positive,"[68.06083679199219, 214.258544921875, 83.26996612548828, 233.84030151367188]","[67, 212, 85, 236]",0
results/fast_repro/exp06_roi/patches/train/Dent/960__gt0.jpg,/root/autodl-tmp/borescope-new-seg-data/v1/images/train/960.jpg,train,2,Dent,gt_positive,"[557.15380859375, 292.3077087402344, 587.15380859375, 326.1538391113281]","[554, 289, 590, 330]",0
results/fast_repro/exp06_roi/patches/train/Dent/961__gt0.jpg,/root/autodl-tmp/borescope-new-seg-data/v1/images/train/961.jpg,train,2,Dent,gt_positive,"[459.1538391113281, 173.84616088867188, 498.38458251953125, 219.2307586669922]","[455, 169, 502, 224]",0
results/fast_repro/exp06_roi/patches/train/Dent/963__gt0.jpg,/root/autodl-tmp/borescope-new-seg-data/v1/images/train/963.jpg,train,2,Dent,gt_positive,"[194.5384521484375, 63.38461685180664, 209.61538696289062, 80.0]","[193, 62, 211, 82]",0
results/fast_repro/exp06_roi/patches/train/Dent/964__gt0.jpg,/root/autodl-tmp/borescope-new-seg-data/v1/images/train/964.jpg,train,2,Dent,gt_positive,"[783.3076782226562, 296.15386962890625, 801.0, 336.1538391113281]","[782, 292, 803, 340]",0
results/fast_repro/exp06_roi/patches/train/Dent/966__gt0.jpg,/root/autodl-tmp/borescope-new-seg-data/v1/images/train/966.jpg,train,2,Dent,gt_positive,"[250.84616088867188, 68.92308044433594, 267.15386962890625, 81.53845977783203]","[249, 68, 269, 83]",0
results/fast_repro/exp06_roi/patches/train/Dent/968__gt0.jpg,/root/autodl-tmp/borescope-new-seg-data/v1/images/train/968.jpg,train,2,Dent,gt_positive,"[261.50628662109375, 197.28033447265625, 285.9832458496094, 251.67364501953125]","[259, 192, 288, 257]",0
results/fast_repro/exp06_roi/patches/train/Dent/969__gt0.jpg,/root/autodl-tmp/borescope-new-seg-data/v1/images/train/969.jpg,train,2,Dent,gt_positive,"[240.38461303710938, 74.76923370361328, 254.23077392578125, 88.30769348144531]","[239, 73, 256, 90]",0
results/fast_repro/exp06_roi/patches/train/Dent/970__gt0.jpg,/root/autodl-tmp/borescope-new-seg-data/v1/images/train/970.jpg,train,2,Dent,gt_positive,"[223.4615478515625, 8.0, 241.3076934814453, 27.69230842590332]","[222, 6, 243, 30]",0
results/fast_repro/exp06_roi/patches/train/Dent/971__gt0.jpg,/root/autodl-tmp/borescope-new-seg-data/v1/images/train/971.jpg,train,2,Dent,gt_positive,"[158.23077392578125, 62.153846740722656, 173.61538696289062, 89.23076629638672]","[157, 59, 175, 92]",0
results/fast_repro/exp06_roi/patches/train/Dent/973__gt0.jpg,/root/autodl-tmp/borescope-new-seg-data/v1/images/train/973.jpg,train,2,Dent,gt_positive,"[734.8461303710938, 294.6153869628906, 753.3076782226562, 330.76922607421875]","[733, 291, 755, 334]",0
results/fast_repro/exp06_roi/patches/train/Dent/974__gt0.jpg,/root/autodl-tmp/borescope-new-seg-data/v1/images/train/974.jpg,train,2,Dent,gt_positive,"[806.84619140625, 409.23077392578125, 843.0, 442.30767822265625]","[803, 406, 847, 446]",0
results/fast_repro/exp06_roi/patches/train/Dent/976__gt0.jpg,/root/autodl-tmp/borescope-new-seg-data/v1/images/train/976.jpg,train,2,Dent,gt_positive,"[100.3846206665039, 32.0, 111.76922607421875, 42.46154022216797]","[99, 31, 113, 44]",0
results/fast_repro/exp06_roi/patches/train/Dent/977__gt0.jpg,/root/autodl-tmp/borescope-new-seg-data/v1/images/train/977.jpg,train,2,Dent,gt_positive,"[474.5384521484375, 5.384615421295166, 585.3076782226562, 126.15384674072266]","[463, 0, 596, 138]",0
results/fast_repro/exp06_roi/patches/train/Dent/980__gt0.jpg,/root/autodl-tmp/borescope-new-seg-data/v1/images/train/980.jpg,train,2,Dent,gt_positive,"[236.07691955566406, 121.84615325927734, 334.8461608886719, 213.53846740722656]","[226, 113, 345, 223]",0
results/fast_repro/exp06_roi/patches/train/Dent/981__gt0.jpg,/root/autodl-tmp/borescope-new-seg-data/v1/images/train/981.jpg,train,2,Dent,gt_positive,"[160.6923065185547, 61.846153259277344, 176.07691955566406, 88.61538696289062]","[159, 59, 178, 91]",0
results/fast_repro/exp06_roi/patches/train/Dent/984__gt0.jpg,/root/autodl-tmp/borescope-new-seg-data/v1/images/train/984.jpg,train,2,Dent,gt_positive,"[147.4615478515625, 64.61538696289062, 202.23077392578125, 151.6923065185547]","[142, 56, 208, 160]",0
results/fast_repro/exp06_roi/patches/train/Dent/985__gt0.jpg,/root/autodl-tmp/borescope-new-seg-data/v1/images/train/985.jpg,train,2,Dent,gt_positive,"[305.6153869628906, 66.46154022216797, 313.6153869628906, 80.92308044433594]","[305, 65, 314, 82]",0
results/fast_repro/exp06_roi/patches/train/Dent/986__gt0.jpg,/root/autodl-tmp/borescope-new-seg-data/v1/images/train/986.jpg,train,2,Dent,gt_positive,"[241.0, 36.61538314819336, 253.0, 50.769229888916016]","[240, 35, 254, 52]",0
results/fast_repro/exp06_roi/patches/train/Dent/991__gt0.jpg,/root/autodl-tmp/borescope-new-seg-data/v1/images/train/991.jpg,train,2,Dent,gt_positive,"[323.4615478515625, 31.384614944458008, 333.6153869628906, 45.846153259277344]","[322, 30, 335, 47]",0
results/fast_repro/exp06_roi/patches/train/Dent/992__gt0.jpg,/root/autodl-tmp/borescope-new-seg-data/v1/images/train/992.jpg,train,2,Dent,gt_positive,"[334.5384826660156, 88.46154022216797, 353.76922607421875, 122.30769348144531]","[333, 85, 356, 126]",0
results/fast_repro/exp06_roi/patches/train/Dent/992__gt1.jpg,/root/autodl-tmp/borescope-new-seg-data/v1/images/train/992.jpg,train,2,Dent,gt_positive,"[576.8461303710938, 650.7692260742188, 601.4615478515625, 668.4615478515625]","[574, 649, 604, 670]",1
results/fast_repro/exp06_roi/patches/train/Dent/995__gt0.jpg,/root/autodl-tmp/borescope-new-seg-data/v1/images/train/995.jpg,train,2,Dent,gt_positive,"[250.23077392578125, 31.69230842590332, 266.5384521484375, 46.76923370361328]","[249, 30, 268, 48]",0
results/fast_repro/exp06_roi/patches/train/Dent/996__gt0.jpg,/root/autodl-tmp/borescope-new-seg-data/v1/images/train/996.jpg,train,2,Dent,gt_positive,"[15.461538314819336, 128.0, 40.69230651855469, 181.8461456298828]","[13, 123, 43, 187]",0
results/fast_repro/exp06_roi/patches/train/Dent/997__gt0.jpg,/root/autodl-tmp/borescope-new-seg-data/v1/images/train/997.jpg,train,2,Dent,gt_positive,"[218.23077392578125, 76.0, 235.4615478515625, 96.92308044433594]","[217, 74, 237, 99]",0
results/fast_repro/exp06_roi/patches/train/Dent/998__gt0.jpg,/root/autodl-tmp/borescope-new-seg-data/v1/images/train/998.jpg,train,2,Dent,gt_positive,"[904.5384521484375, 310.76922607421875, 943.0, 348.4615478515625]","[901, 307, 947, 352]",0
results/fast_repro/exp06_roi/patches/train/Dent/999__gt0.jpg,/root/autodl-tmp/borescope-new-seg-data/v1/images/train/999.jpg,train,2,Dent,gt_positive,"[133.54922485351562, 53.49740982055664, 143.9119110107422, 66.58031463623047]","[133, 52, 145, 68]",0
results/fast_repro/exp06_roi/patches/train/Dent/1001__gt0.jpg,/root/autodl-tmp/borescope-new-seg-data/v1/images/train/1001.jpg,train,2,Dent,gt_positive,"[456.84613037109375, 153.84616088867188, 482.2308044433594, 189.23077392578125]","[454, 150, 485, 193]",0
results/fast_repro/exp06_roi/patches/train/Dent/1001__gt1.jpg,/root/autodl-tmp/borescope-new-seg-data/v1/images/train/1001.jpg,train,2,Dent,gt_positive,"[636.8461303710938, 690.7692260742188, 659.923095703125, 705.3846435546875]","[635, 689, 662, 707]",1
results/fast_repro/exp06_roi/patches/train/Dent/1003__gt0.jpg,/root/autodl-tmp/borescope-new-seg-data/v1/images/train/1003.jpg,train,2,Dent,gt_positive,"[103.15385437011719, 2.153846263885498, 118.53846740722656, 21.538461685180664]","[102, 0, 120, 23]",0
results/fast_repro/exp06_roi/patches/train/Dent/1004__gt0.jpg,/root/autodl-tmp/borescope-new-seg-data/v1/images/train/1004.jpg,train,2,Dent,gt_positive,"[153.88601684570312, 216.580322265625, 171.15716552734375, 235.40586853027344]","[152, 215, 173, 237]",0
results/fast_repro/exp06_roi/patches/train/Dent/1005__gt0.jpg,/root/autodl-tmp/borescope-new-seg-data/v1/images/train/1005.jpg,train,2,Dent,gt_positive,"[163.46153259277344, 42.153846740722656, 185.0, 62.153846740722656]","[161, 40, 187, 64]",0
results/fast_repro/exp06_roi/patches/train/Dent/1008__gt0.jpg,/root/autodl-tmp/borescope-new-seg-data/v1/images/train/1008.jpg,train,2,Dent,gt_positive,"[180.07693481445312, 44.0, 191.15383911132812, 57.53845977783203]","[179, 43, 192, 59]",0
results/fast_repro/exp06_roi/patches/val/corrosion/10__gt0.jpg,/root/autodl-tmp/borescope-new-seg-data/v1/images/val/10.png,val,6,corrosion,gt_positive,"[129.0, 180.0, 178.0, 225.0]","[124, 176, 183, 230]",0
results/fast_repro/exp06_roi/patches/val/corrosion/10__gt1.jpg,/root/autodl-tmp/borescope-new-seg-data/v1/images/val/10.png,val,6,corrosion,gt_positive,"[24.0, 106.0, 107.0, 315.0]","[16, 85, 115, 336]",1
results/fast_repro/exp06_roi/patches/val/corrosion/10__gt2.jpg,/root/autodl-tmp/borescope-new-seg-data/v1/images/val/10.png,val,6,corrosion,gt_positive,"[106.0, 323.0, 175.0, 358.0]","[99, 320, 182, 362]",2
results/fast_repro/exp06_roi/patches/val/corrosion/10__gt3.jpg,/root/autodl-tmp/borescope-new-seg-data/v1/images/val/10.png,val,6,corrosion,gt_positive,"[208.0, 281.0, 238.0, 317.0]","[205, 277, 241, 321]",3
results/fast_repro/exp06_roi/patches/val/corrosion/10__gt4.jpg,/root/autodl-tmp/borescope-new-seg-data/v1/images/val/10.png,val,6,corrosion,gt_positive,"[148.0, 239.0, 184.0, 269.0]","[144, 236, 188, 272]",4
results/fast_repro/exp06_roi/patches/val/corrosion/10__gt5.jpg,/root/autodl-tmp/borescope-new-seg-data/v1/images/val/10.png,val,6,corrosion,gt_positive,"[245.0, 218.0, 287.0, 259.0]","[241, 214, 291, 263]",5
results/fast_repro/exp06_roi/patches/val/corrosion/10__gt6.jpg,/root/autodl-tmp/borescope-new-seg-data/v1/images/val/10.png,val,6,corrosion,gt_positive,"[299.0, 232.0, 319.0, 249.99998474121094]","[297, 230, 321, 252]",6
results/fast_repro/exp06_roi/patches/val/corrosion/10__gt7.jpg,/root/autodl-tmp/borescope-new-seg-data/v1/images/val/10.png,val,6,corrosion,gt_positive,"[328.0, 188.0, 362.0, 221.0]","[325, 185, 365, 224]",7
results/fast_repro/exp06_roi/patches/val/corrosion/10__gt8.jpg,/root/autodl-tmp/borescope-new-seg-data/v1/images/val/10.png,val,6,corrosion,gt_positive,"[395.0, 168.0, 421.0, 195.0]","[392, 165, 424, 198]",8
results/fast_repro/exp06_roi/patches/val/corrosion/10__gt9.jpg,/root/autodl-tmp/borescope-new-seg-data/v1/images/val/10.png,val,6,corrosion,gt_positive,"[309.0, 255.0, 353.0, 302.0]","[305, 250, 357, 307]",9
results/fast_repro/exp06_roi/patches/val/corrosion/10__gt10.jpg,/root/autodl-tmp/borescope-new-seg-data/v1/images/val/10.png,val,6,corrosion,gt_positive,"[338.0, 242.0, 417.0, 338.0]","[330, 232, 425, 348]",10
results/fast_repro/exp06_roi/patches/val/corrosion/10__gt11.jpg,/root/autodl-tmp/borescope-new-seg-data/v1/images/val/10.png,val,6,corrosion,gt_positive,"[500.0, 233.0, 525.0, 265.0]","[498, 230, 528, 268]",11
results/fast_repro/exp06_roi/patches/val/corrosion/10__gt12.jpg,/root/autodl-tmp/borescope-new-seg-data/v1/images/val/10.png,val,6,corrosion,gt_positive,"[502.0, 267.0, 520.0, 288.0]","[500, 265, 522, 290]",12
results/fast_repro/exp06_roi/patches/val/corrosion/10__gt13.jpg,/root/autodl-tmp/borescope-new-seg-data/v1/images/val/10.png,val,6,corrosion,gt_positive,"[507.0, 308.0, 525.0, 322.0]","[505, 307, 527, 323]",13
results/fast_repro/exp06_roi/patches/val/corrosion/10__gt14.jpg,/root/autodl-tmp/borescope-new-seg-data/v1/images/val/10.png,val,6,corrosion,gt_positive,"[376.0, 331.0, 420.0, 374.0]","[372, 327, 424, 378]",14
results/fast_repro/exp06_roi/patches/val/corrosion/10__gt15.jpg,/root/autodl-tmp/borescope-new-seg-data/v1/images/val/10.png,val,6,corrosion,gt_positive,"[460.0, 334.0, 484.0, 358.0]","[458, 332, 486, 360]",15
results/fast_repro/exp06_roi/patches/val/corrosion/10__gt16.jpg,/root/autodl-tmp/borescope-new-seg-data/v1/images/val/10.png,val,6,corrosion,gt_positive,"[453.0, 358.0, 480.0, 370.0]","[450, 357, 483, 371]",16
results/fast_repro/exp06_roi/patches/val/corrosion/10__gt17.jpg,/root/autodl-tmp/borescope-new-seg-data/v1/images/val/10.png,val,6,corrosion,gt_positive,"[551.0, 319.0, 576.0, 345.0]","[548, 316, 578, 348]",17
results/fast_repro/exp06_roi/patches/val/corrosion/10__gt18.jpg,/root/autodl-tmp/borescope-new-seg-data/v1/images/val/10.png,val,6,corrosion,gt_positive,"[358.0, 411.0, 390.0, 452.0]","[355, 407, 393, 456]",18
results/fast_repro/exp06_roi/patches/val/corrosion/10__gt19.jpg,/root/autodl-tmp/borescope-new-seg-data/v1/images/val/10.png,val,6,corrosion,gt_positive,"[187.0, 380.0, 224.0, 399.0]","[183, 378, 228, 401]",19
results/fast_repro/exp06_roi/patches/val/corrosion/10__gt20.jpg,/root/autodl-tmp/borescope-new-seg-data/v1/images/val/10.png,val,6,corrosion,gt_positive,"[227.0, 405.0, 261.0, 425.0]","[224, 403, 264, 427]",20
results/fast_repro/exp06_roi/patches/val/corrosion/10__gt21.jpg,/root/autodl-tmp/borescope-new-seg-data/v1/images/val/10.png,val,6,corrosion,gt_positive,"[222.0, 433.0, 238.0, 443.0]","[220, 432, 240, 444]",21
results/fast_repro/exp06_roi/patches/val/corrosion/10__gt22.jpg,/root/autodl-tmp/borescope-new-seg-data/v1/images/val/10.png,val,6,corrosion,gt_positive,"[326.0, 438.0, 351.0, 453.0]","[324, 436, 354, 454]",22
results/fast_repro/exp06_roi/patches/val/corrosion/10__gt23.jpg,/root/autodl-tmp/borescope-new-seg-data/v1/images/val/10.png,val,6,corrosion,gt_positive,"[85.0, 156.0, 107.0, 192.0]","[83, 152, 109, 196]",23
results/fast_repro/exp06_roi/patches/val/corrosion/10__gt24.jpg,/root/autodl-tmp/borescope-new-seg-data/v1/images/val/10.png,val,6,corrosion,gt_positive,"[301.0, 339.0, 329.0, 360.0]","[298, 337, 332, 362]",24
results/fast_repro/exp06_roi/patches/val/corrosion/10__gt25.jpg,/root/autodl-tmp/borescope-new-seg-data/v1/images/val/10.png,val,6,corrosion,gt_positive,"[87.76202392578125, 377.0606994628906, 166.334716796875, 411.645263671875]","[80, 374, 174, 415]",25
results/fast_repro/exp06_roi/patches/val/corrosion/32__gt0.jpg,/root/autodl-tmp/borescope-new-seg-data/v1/images/val/32.png,val,6,corrosion,gt_positive,"[4.007936477661133, 19.365079879760742, 718.0079345703125, 297.36505126953125]","[0, 0, 720, 325]",0
results/fast_repro/exp06_roi/patches/val/corrosion/32__gt1.jpg,/root/autodl-tmp/borescope-new-seg-data/v1/images/val/32.png,val,6,corrosion,gt_positive,"[8.007936477661133, 295.3650817871094, 137.0079345703125, 388.3650817871094]","[0, 286, 150, 398]",1
results/fast_repro/exp06_roi/patches/val/corrosion/32__gt2.jpg,/root/autodl-tmp/borescope-new-seg-data/v1/images/val/32.png,val,6,corrosion,gt_positive,"[127.26190185546875, 426.3650817871094, 168.0079345703125, 457.3650817871094]","[123, 423, 172, 460]",2
results/fast_repro/exp06_roi/patches/val/Material missing/35__gt0.jpg,/root/autodl-tmp/borescope-new-seg-data/v1/images/val/35.png,val,3,Material missing,gt_positive,"[217.37322998046875, 368.8591613769531, 432.37322998046875, 478.8591613769531]","[196, 358, 454, 480]",0
results/fast_repro/exp06_roi/patches/val/corrosion/41__gt0.jpg,/root/autodl-tmp/borescope-new-seg-data/v1/images/val/41.png,val,6,corrosion,gt_positive,"[140.3732452392578, 99.8591537475586, 210.37322998046875, 147.85916137695312]","[133, 95, 217, 153]",0
results/fast_repro/exp06_roi/patches/val/corrosion/41__gt1.jpg,/root/autodl-tmp/borescope-new-seg-data/v1/images/val/41.png,val,6,corrosion,gt_positive,"[2.373239517211914, 220.63380432128906, 35.37323760986328, 236.85916137695312]","[0, 219, 39, 238]",1
results/fast_repro/exp06_roi/patches/val/Burn/42__gt0.jpg,/root/autodl-tmp/borescope-new-seg-data/v1/images/val/42.png,val,0,Burn,gt_positive,"[448.0079650878906, 244.2063446044922, 609.0079345703125, 338.3650817871094]","[432, 235, 625, 348]",0
results/fast_repro/exp06_roi/patches/val/corrosion/42__gt1.jpg,/root/autodl-tmp/borescope-new-seg-data/v1/images/val/42.png,val,6,corrosion,gt_positive,"[630.8333129882812, 186.36508178710938, 716.0079345703125, 222.36508178710938]","[622, 183, 720, 226]",1
results/fast_repro/exp06_roi/patches/val/corrosion/45__gt0.jpg,/root/autodl-tmp/borescope-new-seg-data/v1/images/val/45.png,val,6,corrosion,gt_positive,"[36.0, 81.0, 342.0, 262.0]","[5, 63, 373, 280]",0
results/fast_repro/exp06_roi/patches/val/corrosion/47__gt0.jpg,/root/autodl-tmp/borescope-new-seg-data/v1/images/val/47.png,val,6,corrosion,gt_positive,"[249.0079345703125, 3.365079402923584, 461.0079650878906, 299.3650817871094]","[228, 0, 482, 329]",0
results/fast_repro/exp06_roi/patches/val/corrosion/47__gt1.jpg,/root/autodl-tmp/borescope-new-seg-data/v1/images/val/47.png,val,6,corrosion,gt_positive,"[230.0079345703125, 15.634920120239258, 398.0079345703125, 269.3650817871094]","[213, 0, 415, 295]",1
results/fast_repro/exp06_roi/patches/val/corrosion/47__gt2.jpg,/root/autodl-tmp/borescope-new-seg-data/v1/images/val/47.png,val,6,corrosion,gt_positive,"[257.0079345703125, 376.3650817871094, 321.0079345703125, 428.3650817871094]","[251, 371, 327, 434]",2
results/fast_repro/exp06_roi/patches/val/corrosion/47__gt3.jpg,/root/autodl-tmp/borescope-new-seg-data/v1/images/val/47.png,val,6,corrosion,gt_positive,"[261.0079345703125, 295.0, 315.0079345703125, 320.3650817871094]","[256, 292, 320, 323]",3
results/fast_repro/exp06_roi/patches/val/corrosion/47__gt4.jpg,/root/autodl-tmp/borescope-new-seg-data/v1/images/val/47.png,val,6,corrosion,gt_positive,"[262.579345703125, 238.3650665283203, 290.0079345703125, 266.3650817871094]","[260, 236, 293, 269]",4
results/fast_repro/exp06_roi/patches/val/corrosion/51__gt0.jpg,/root/autodl-tmp/borescope-new-seg-data/v1/images/val/51.png,val,6,corrosion,gt_positive,"[54.246028900146484, 35.36507797241211, 321.0079345703125, 134.6825408935547]","[28, 25, 348, 145]",0
results/fast_repro/exp06_roi/patches/val/corrosion/60__gt0.jpg,/root/autodl-tmp/borescope-new-seg-data/v1/images/val/60.png,val,6,corrosion,gt_positive,"[21.007936477661133, 95.36508178710938, 666.0079345703125, 203.36508178710938]","[0, 85, 720, 214]",0
results/fast_repro/exp06_roi/patches/val/Material missing/60__gt1.jpg,/root/autodl-tmp/borescope-new-seg-data/v1/images/val/60.png,val,3,Material missing,gt_positive,"[638.0, 271.0, 665.0, 321.0]","[635, 266, 668, 326]",1
results/fast_repro/exp06_roi/patches/val/Material missing/60__gt2.jpg,/root/autodl-tmp/borescope-new-seg-data/v1/images/val/60.png,val,3,Material missing,gt_positive,"[163.0, 393.0, 210.0, 425.0]","[158, 390, 215, 428]",2
results/fast_repro/exp06_roi/patches/val/Material missing/60__gt3.jpg,/root/autodl-tmp/borescope-new-seg-data/v1/images/val/60.png,val,3,Material missing,gt_positive,"[233.99998474121094, 441.0, 265.0, 453.0]","[231, 440, 268, 454]",3
results/fast_repro/exp06_roi/patches/val/Burn/61__gt0.jpg,/root/autodl-tmp/borescope-new-seg-data/v1/images/val/61.png,val,0,Burn,gt_positive,"[248.25001525878906, 110.16667175292969, 428.25, 239.16665649414062]","[230, 97, 446, 252]",0
results/fast_repro/exp06_roi/patches/val/Burn/62__gt0.jpg,/root/autodl-tmp/borescope-new-seg-data/v1/images/val/62.png,val,0,Burn,gt_positive,"[133.61111450195312, 2.365079402923584, 358.0079345703125, 111.36507415771484]","[111, 0, 380, 122]",0
results/fast_repro/exp06_roi/patches/val/Burn/62__gt1.jpg,/root/autodl-tmp/borescope-new-seg-data/v1/images/val/62.png,val,0,Burn,gt_positive,"[288.0079345703125, 127.53968048095703, 370.0079345703125, 174.36508178710938]","[280, 123, 378, 179]",1
results/fast_repro/exp06_roi/patches/val/Material missing/62__gt2.jpg,/root/autodl-tmp/borescope-new-seg-data/v1/images/val/62.png,val,3,Material missing,gt_positive,"[373.6904602050781, 3.3333332538604736, 521.0079345703125, 60.365081787109375]","[359, 0, 536, 66]",2
results/fast_repro/exp06_roi/patches/val/corrosion/62__gt3.jpg,/root/autodl-tmp/borescope-new-seg-data/v1/images/val/62.png,val,6,corrosion,gt_positive,"[483.21429443359375, 269.3650817871094, 712.0079345703125, 487.3650817871094]","[460, 248, 720, 509]",3
results/fast_repro/exp06_roi/patches/val/corrosion/62__gt4.jpg,/root/autodl-tmp/borescope-new-seg-data/v1/images/val/62.png,val,6,corrosion,gt_positive,"[4.007936477661133, 16.03174591064453, 114.0079345703125, 111.36507415771484]","[0, 6, 125, 121]",4
results/fast_repro/exp06_roi/patches/val/corrosion/70__gt0.jpg,/root/autodl-tmp/borescope-new-seg-data/v1/images/val/70.png,val,6,corrosion,gt_positive,"[558.042236328125, 8.397246360778809, 588.0687255859375, 26.034414291381836]","[555, 7, 591, 28]",0
results/fast_repro/exp06_roi/patches/val/corrosion/70__gt1.jpg,/root/autodl-tmp/borescope-new-seg-data/v1/images/val/70.png,val,6,corrosion,gt_positive,"[159.0079345703125, 30.365079879760742, 181.0079345703125, 61.36507797241211]","[157, 27, 183, 64]",1
results/fast_repro/exp06_roi/patches/val/corrosion/78__gt0.jpg,/root/autodl-tmp/borescope-new-seg-data/v1/images/val/78.png,val,6,corrosion,gt_positive,"[311.0079345703125, 81.50794219970703, 579.0079345703125, 181.36508178710938]","[284, 72, 606, 191]",0
results/fast_repro/exp06_roi/patches/val/corrosion/87__gt0.jpg,/root/autodl-tmp/borescope-new-seg-data/v1/images/val/87.png,val,6,corrosion,gt_positive,"[110.0079345703125, 95.0, 538.0079345703125, 406.3650817871094]","[67, 64, 581, 438]",0
results/fast_repro/exp06_roi/patches/val/corrosion/90__gt0.jpg,/root/autodl-tmp/borescope-new-seg-data/v1/images/val/90.png,val,6,corrosion,gt_positive,"[122.89682006835938, 0.0, 566.0079345703125, 539.3651123046875]","[79, 0, 610, 540]",0
results/fast_repro/exp06_roi/patches/val/Burn/90__gt1.jpg,/root/autodl-tmp/borescope-new-seg-data/v1/images/val/90.png,val,0,Burn,gt_positive,"[322.8968200683594, 7.365079402923584, 718.0079345703125, 533.3650512695312]","[283, 0, 720, 540]",1
results/fast_repro/exp06_roi/patches/val/Burn/90__gt2.jpg,/root/autodl-tmp/borescope-new-seg-data/v1/images/val/90.png,val,0,Burn,gt_positive,"[429.0079040527344, 10.365079879760742, 717.0079345703125, 389.3650817871094]","[400, 0, 720, 427]",2
results/fast_repro/exp06_roi/patches/val/Burn/92__gt0.jpg,/root/autodl-tmp/borescope-new-seg-data/v1/images/val/92.png,val,0,Burn,gt_positive,"[85.0, 32.0, 491.0, 231.0]","[44, 12, 532, 251]",0
results/fast_repro/exp06_roi/patches/val/corrosion/92__gt1.jpg,/root/autodl-tmp/borescope-new-seg-data/v1/images/val/92.png,val,6,corrosion,gt_positive,"[536.7857055664062, 2.365079402923584, 691.0079345703125, 457.3650817871094]","[521, 0, 706, 503]",1
results/fast_repro/exp06_roi/patches/val/corrosion/92__gt2.jpg,/root/autodl-tmp/borescope-new-seg-data/v1/images/val/92.png,val,6,corrosion,gt_positive,"[676.0079345703125, 118.36508178710938, 712.0079345703125, 312.3650817871094]","[672, 99, 716, 332]",2
results/fast_repro/exp06_roi/patches/val/Burn/92__gt3.jpg,/root/autodl-tmp/borescope-new-seg-data/v1/images/val/92.png,val,0,Burn,gt_positive,"[50.0079345703125, 114.36507415771484, 546.0079345703125, 536.3650512695312]","[0, 72, 596, 540]",3
results/fast_repro/exp06_roi/patches/val/corrosion/160__gt0.jpg,/root/autodl-tmp/borescope-new-seg-data/v1/images/val/160.png,val,6,corrosion,gt_positive,"[580.0, 181.00001525878906, 608.0, 261.0]","[577, 173, 611, 269]",0
results/fast_repro/exp06_roi/patches/val/corrosion/160__gt1.jpg,/root/autodl-tmp/borescope-new-seg-data/v1/images/val/160.png,val,6,corrosion,gt_positive,"[605.0, 55.999996185302734, 638.0, 124.0]","[602, 49, 641, 131]",1
results/fast_repro/exp06_roi/patches/val/corrosion/160__gt2.jpg,/root/autodl-tmp/borescope-new-seg-data/v1/images/val/160.png,val,6,corrosion,gt_positive,"[527.0, 275.0, 553.0, 359.0]","[524, 267, 556, 367]",2
results/fast_repro/exp06_roi/patches/val/corrosion/160__gt3.jpg,/root/autodl-tmp/borescope-new-seg-data/v1/images/val/160.png,val,6,corrosion,gt_positive,"[485.0, 389.0, 534.0, 538.0]","[480, 374, 539, 540]",3
results/fast_repro/exp06_roi/patches/val/corrosion/160__gt4.jpg,/root/autodl-tmp/borescope-new-seg-data/v1/images/val/160.png,val,6,corrosion,gt_positive,"[481.0, 381.0, 499.9999694824219, 442.0]","[479, 375, 502, 448]",4
results/fast_repro/exp06_roi/patches/val/corrosion/172__gt0.jpg,/root/autodl-tmp/borescope-new-seg-data/v1/images/val/172.png,val,6,corrosion,gt_positive,"[161.0, 194.0, 196.0, 247.0]","[158, 189, 200, 252]",0
results/fast_repro/exp06_roi/patches/val/corrosion/172__gt1.jpg,/root/autodl-tmp/borescope-new-seg-data/v1/images/val/172.png,val,6,corrosion,gt_positive,"[170.0, 140.0, 188.0, 203.0]","[168, 134, 190, 209]",1
results/fast_repro/exp06_roi/patches/val/corrosion/172__gt2.jpg,/root/autodl-tmp/borescope-new-seg-data/v1/images/val/172.png,val,6,corrosion,gt_positive,"[314.25, 31.574073791503906, 383.25, 70.16667175292969]","[307, 28, 390, 74]",2
results/fast_repro/exp06_roi/patches/val/corrosion/172__gt3.jpg,/root/autodl-tmp/borescope-new-seg-data/v1/images/val/172.png,val,6,corrosion,gt_positive,"[375.25, 35.166664123535156, 592.25, 130.1666717529297]","[354, 26, 614, 140]",3
results/fast_repro/exp06_roi/patches/val/corrosion/187__gt0.jpg,/root/autodl-tmp/borescope-new-seg-data/v1/images/val/187.png,val,6,corrosion,gt_positive,"[553.0, 321.0, 634.0, 374.0]","[545, 316, 640, 379]",0
results/fast_repro/exp06_roi/patches/val/corrosion/187__gt1.jpg,/root/autodl-tmp/borescope-new-seg-data/v1/images/val/187.png,val,6,corrosion,gt_positive,"[445.0, 376.0, 489.0, 414.0]","[441, 372, 493, 418]",1
results/fast_repro/exp06_roi/patches/val/Crack/204__gt0.jpg,/root/autodl-tmp/borescope-new-seg-data/v1/images/val/204.png,val,1,Crack,gt_positive,"[228.75, 6.1666669845581055, 318.25, 190.16665649414062]","[220, 0, 327, 209]",0
results/fast_repro/exp06_roi/patches/val/Crack/204__gt1.jpg,/root/autodl-tmp/borescope-new-seg-data/v1/images/val/204.png,val,1,Crack,gt_positive,"[232.45370483398438, 334.1666564941406, 350.25, 514.1666870117188]","[221, 316, 362, 532]",1
results/fast_repro/exp06_roi/patches/val/corrosion/211__gt0.jpg,/root/autodl-tmp/borescope-new-seg-data/v1/images/val/211.png,val,6,corrosion,gt_positive,"[540.0, 332.0, 585.0, 352.0]","[536, 330, 590, 354]",0
results/fast_repro/exp06_roi/patches/val/corrosion/211__gt1.jpg,/root/autodl-tmp/borescope-new-seg-data/v1/images/val/211.png,val,6,corrosion,gt_positive,"[585.0, 335.0, 607.0, 349.0]","[583, 334, 609, 350]",1
results/fast_repro/exp06_roi/patches/val/corrosion/211__gt2.jpg,/root/autodl-tmp/borescope-new-seg-data/v1/images/val/211.png,val,6,corrosion,gt_positive,"[608.0, 319.0, 633.0, 333.0]","[606, 318, 636, 334]",2
results/fast_repro/exp06_roi/patches/val/corrosion/231__gt0.jpg,/root/autodl-tmp/borescope-new-seg-data/v1/images/val/231.png,val,6,corrosion,gt_positive,"[609.0, 239.0, 642.0, 298.0]","[606, 233, 645, 304]",0
results/fast_repro/exp06_roi/patches/val/corrosion/231__gt1.jpg,/root/autodl-tmp/borescope-new-seg-data/v1/images/val/231.png,val,6,corrosion,gt_positive,"[11.0, 4.0, 637.0, 66.0]","[0, 0, 700, 72]",1
results/fast_repro/exp06_roi/patches/val/corrosion/241__gt0.jpg,/root/autodl-tmp/borescope-new-seg-data/v1/images/val/241.png,val,6,corrosion,gt_positive,"[459.0511169433594, 35.69342803955078, 507.05108642578125, 191.68614196777344]","[454, 20, 512, 207]",0
results/fast_repro/exp06_roi/patches/val/corrosion/241__gt1.jpg,/root/autodl-tmp/borescope-new-seg-data/v1/images/val/241.png,val,6,corrosion,gt_positive,"[417.05108642578125, 234.9635009765625, 443.57666015625, 315.6861267089844]","[414, 227, 446, 324]",1
results/fast_repro/exp06_roi/patches/val/corrosion/244__gt0.jpg,/root/autodl-tmp/borescope-new-seg-data/v1/images/val/244.png,val,6,corrosion,gt_positive,"[170.0, 89.0, 278.0, 126.0]","[159, 85, 289, 130]",0
results/fast_repro/exp06_roi/patches/val/Burn/245__gt0.jpg,/root/autodl-tmp/borescope-new-seg-data/v1/images/val/245.png,val,0,Burn,gt_positive,"[9.0, 48.0, 152.0, 425.0]","[0, 10, 166, 463]",0
results/fast_repro/exp06_roi/patches/val/Burn/245__gt1.jpg,/root/autodl-tmp/borescope-new-seg-data/v1/images/val/245.png,val,0,Burn,gt_positive,"[203.0, 300.0, 708.0, 428.0]","[152, 287, 720, 441]",1
results/fast_repro/exp06_roi/patches/val/Burn/245__gt2.jpg,/root/autodl-tmp/borescope-new-seg-data/v1/images/val/245.png,val,0,Burn,gt_positive,"[288.0, 142.0, 633.0, 270.0]","[253, 129, 668, 283]",2
results/fast_repro/exp06_roi/patches/val/Burn/245__gt3.jpg,/root/autodl-tmp/borescope-new-seg-data/v1/images/val/245.png,val,0,Burn,gt_positive,"[12.000000953674316, 415.0, 709.0, 538.0]","[0, 403, 720, 540]",3
results/fast_repro/exp06_roi/patches/val/corrosion/251__gt0.jpg,/root/autodl-tmp/borescope-new-seg-data/v1/images/val/251.png,val,6,corrosion,gt_positive,"[84.0, 203.0, 303.0, 276.0000305175781]","[62, 196, 325, 283]",0
results/fast_repro/exp06_roi/patches/val/Burn/256__gt0.jpg,/root/autodl-tmp/borescope-new-seg-data/v1/images/val/256.png,val,0,Burn,gt_positive,"[2.686131477355957, 7.956204414367676, 401.6861267089844, 335.6861267089844]","[0, 0, 442, 368]",0
results/fast_repro/exp06_roi/patches/val/Burn/256__gt1.jpg,/root/autodl-tmp/borescope-new-seg-data/v1/images/val/256.png,val,0,Burn,gt_positive,"[112.6861343383789, 57.591243743896484, 419.6861572265625, 334.6861267089844]","[82, 30, 450, 362]",1
results/fast_repro/exp06_roi/patches/val/Burn/256__gt2.jpg,/root/autodl-tmp/borescope-new-seg-data/v1/images/val/256.png,val,0,Burn,gt_positive,"[166.68614196777344, 58.68613052368164, 718.6861572265625, 520.6861572265625]","[111, 12, 720, 540]",2
results/fast_repro/exp06_roi/patches/val/corrosion/262__gt0.jpg,/root/autodl-tmp/borescope-new-seg-data/v1/images/val/262.png,val,6,corrosion,gt_positive,"[218.0, 315.0, 395.0, 451.0]","[200, 301, 413, 465]",0
results/fast_repro/exp06_roi/patches/val/corrosion/262__gt1.jpg,/root/autodl-tmp/borescope-new-seg-data/v1/images/val/262.png,val,6,corrosion,gt_positive,"[282.0, 107.0, 512.0, 259.0]","[259, 92, 535, 274]",1
results/fast_repro/exp06_roi/patches/val/corrosion/267__gt0.jpg,/root/autodl-tmp/borescope-new-seg-data/v1/images/val/267.png,val,6,corrosion,gt_positive,"[7.445255756378174, 15.68613052368164, 716.6860961914062, 240.68614196777344]","[0, 0, 720, 263]",0
results/fast_repro/exp06_roi/patches/val/corrosion/267__gt1.jpg,/root/autodl-tmp/borescope-new-seg-data/v1/images/val/267.png,val,6,corrosion,gt_positive,"[6.686131477355957, 246.68614196777344, 175.68612670898438, 286.6861267089844]","[0, 243, 193, 291]",1
results/fast_repro/exp06_roi/patches/val/corrosion/267__gt2.jpg,/root/autodl-tmp/borescope-new-seg-data/v1/images/val/267.png,val,6,corrosion,gt_positive,"[216.20437622070312, 250.68612670898438, 270.6861267089844, 267.6861267089844]","[211, 249, 276, 269]",2
results/fast_repro/exp06_roi/patches/val/corrosion/267__gt3.jpg,/root/autodl-tmp/borescope-new-seg-data/v1/images/val/267.png,val,6,corrosion,gt_positive,"[311.09490966796875, 239.68614196777344, 378.6861267089844, 256.6861267089844]","[304, 238, 385, 258]",3
results/fast_repro/exp06_roi/patches/val/Burn/308__gt0.jpg,/root/autodl-tmp/borescope-new-seg-data/v1/images/val/308.png,val,0,Burn,gt_positive,"[13.686131477355957, 44.68613052368164, 376.6861267089844, 243.68612670898438]","[0, 25, 413, 264]",0
results/fast_repro/exp06_roi/patches/val/Burn/308__gt1.jpg,/root/autodl-tmp/borescope-new-seg-data/v1/images/val/308.png,val,0,Burn,gt_positive,"[0.0, 222.5547332763672, 326.6861267089844, 314.6861267089844]","[0, 213, 359, 324]",1
results/fast_repro/exp06_roi/patches/val/Burn/308__gt2.jpg,/root/autodl-tmp/borescope-new-seg-data/v1/images/val/308.png,val,0,Burn,gt_positive,"[239.64773559570312, 65.69023895263672, 410.6477355957031, 130.6902313232422]","[223, 59, 428, 137]",2
results/fast_repro/exp06_roi/patches/val/corrosion/328__gt0.jpg,/root/autodl-tmp/borescope-new-seg-data/v1/images/val/328.png,val,6,corrosion,gt_positive,"[92.0079345703125, 164.84127807617188, 334.0079345703125, 389.3650817871094]","[68, 142, 358, 412]",0
results/fast_repro/exp06_roi/patches/val/corrosion/328__gt1.jpg,/root/autodl-tmp/borescope-new-seg-data/v1/images/val/328.png,val,6,corrosion,gt_positive,"[350.0079345703125, 179.92063903808594, 714.0079345703125, 481.36505126953125]","[314, 150, 720, 512]",1
results/fast_repro/exp06_roi/patches/val/corrosion/328__gt2.jpg,/root/autodl-tmp/borescope-new-seg-data/v1/images/val/328.png,val,6,corrosion,gt_positive,"[70.0079345703125, 250.36508178710938, 92.0079345703125, 278.3650817871094]","[68, 248, 94, 281]",2
results/fast_repro/exp06_roi/patches/val/corrosion/328__gt3.jpg,/root/autodl-tmp/borescope-new-seg-data/v1/images/val/328.png,val,6,corrosion,gt_positive,"[168.0079345703125, 393.3650817871094, 228.0079345703125, 465.3650817871094]","[162, 386, 234, 473]",3
results/fast_repro/exp06_roi/patches/val/corrosion/328__gt4.jpg,/root/autodl-tmp/borescope-new-seg-data/v1/images/val/328.png,val,6,corrosion,gt_positive,"[399.0079345703125, 394.3650817871094, 436.0079345703125, 441.3650817871094]","[395, 390, 440, 446]",4
results/fast_repro/exp06_roi/patches/val/corrosion/328__gt5.jpg,/root/autodl-tmp/borescope-new-seg-data/v1/images/val/328.png,val,6,corrosion,gt_positive,"[537.0079345703125, 457.3650817871094, 586.0079345703125, 500.3650817871094]","[532, 453, 591, 505]",5
results/fast_repro/exp06_roi/patches/val/corrosion/328__gt6.jpg,/root/autodl-tmp/borescope-new-seg-data/v1/images/val/328.png,val,6,corrosion,gt_positive,"[97.5, 55.36507797241211, 653.0079345703125, 194.36508178710938]","[42, 41, 709, 208]",6
results/fast_repro/exp06_roi/patches/val/Material missing/330__gt0.jpg,/root/autodl-tmp/borescope-new-seg-data/v1/images/val/330.png,val,3,Material missing,gt_positive,"[361.0, 252.0, 486.0, 432.0]","[348, 234, 498, 450]",0
results/fast_repro/exp06_roi/patches/val/Material missing/330__gt1.jpg,/root/autodl-tmp/borescope-new-seg-data/v1/images/val/330.png,val,3,Material missing,gt_positive,"[429.0000305175781, 111.99999237060547, 491.0, 227.0]","[423, 100, 497, 238]",1
results/fast_repro/exp06_roi/patches/val/Crack/330__gt2.jpg,/root/autodl-tmp/borescope-new-seg-data/v1/images/val/330.png,val,1,Crack,gt_positive,"[235.25001525878906, 326.16668701171875, 378.75, 372.16668701171875]","[221, 322, 393, 377]",2
results/fast_repro/exp06_roi/patches/val/Crack/330__gt3.jpg,/root/autodl-tmp/borescope-new-seg-data/v1/images/val/330.png,val,1,Crack,gt_positive,"[459.2500305175781, 361.6666564941406, 573.25, 398.16668701171875]","[448, 358, 585, 402]",3
results/fast_repro/exp06_roi/patches/val/Burn/330__gt4.jpg,/root/autodl-tmp/borescope-new-seg-data/v1/images/val/330.png,val,0,Burn,gt_positive,"[63.0, 197.0, 256.0, 453.0]","[44, 171, 275, 479]",4
results/fast_repro/exp06_roi/patches/val/Burn/353__gt0.jpg,/root/autodl-tmp/borescope-new-seg-data/v1/images/val/353.png,val,0,Burn,gt_positive,"[31.0, 45.0, 624.0, 537.0]","[0, 0, 683, 540]",0
results/fast_repro/exp06_roi/patches/val/Burn/361__gt0.jpg,/root/autodl-tmp/borescope-new-seg-data/v1/images/val/361.png,val,0,Burn,gt_positive,"[220.0, 60.0, 707.0, 534.0]","[171, 13, 720, 540]",0
results/fast_repro/exp06_roi/patches/val/Burn/361__gt1.jpg,/root/autodl-tmp/borescope-new-seg-data/v1/images/val/361.png,val,0,Burn,gt_positive,"[12.000000953674316, 5.0, 240.0, 316.0]","[0, 0, 263, 347]",1
results/fast_repro/exp06_roi/patches/val/corrosion/364__gt0.jpg,/root/autodl-tmp/borescope-new-seg-data/v1/images/val/364.png,val,6,corrosion,gt_positive,"[201.07144165039062, 5.365079402923584, 399.0079345703125, 188.36508178710938]","[181, 0, 419, 207]",0
results/fast_repro/exp06_roi/patches/val/corrosion/364__gt1.jpg,/root/autodl-tmp/borescope-new-seg-data/v1/images/val/364.png,val,6,corrosion,gt_positive,"[225.0, 406.0, 277.0, 421.0]","[220, 404, 282, 422]",1
results/fast_repro/exp06_roi/patches/val/corrosion/364__gt2.jpg,/root/autodl-tmp/borescope-new-seg-data/v1/images/val/364.png,val,6,corrosion,gt_positive,"[382.0, 425.0, 425.0, 436.0]","[378, 424, 429, 437]",2
results/fast_repro/exp06_roi/patches/val/corrosion/364__gt3.jpg,/root/autodl-tmp/borescope-new-seg-data/v1/images/val/364.png,val,6,corrosion,gt_positive,"[218.0, 390.0, 270.0, 401.0]","[213, 389, 275, 402]",3
results/fast_repro/exp06_roi/patches/val/corrosion/364__gt4.jpg,/root/autodl-tmp/borescope-new-seg-data/v1/images/val/364.png,val,6,corrosion,gt_positive,"[677.0, 429.0, 697.0, 434.0]","[675, 428, 699, 434]",4
results/fast_repro/exp06_roi/patches/val/Burn/373__gt0.jpg,/root/autodl-tmp/borescope-new-seg-data/v1/images/val/373.png,val,0,Burn,gt_positive,"[214.0, 100.0, 581.0, 452.0]","[177, 65, 618, 487]",0
results/fast_repro/exp06_roi/patches/val/Burn/373__gt1.jpg,/root/autodl-tmp/borescope-new-seg-data/v1/images/val/373.png,val,0,Burn,gt_positive,"[7.000000476837158, 386.0, 180.99998474121094, 538.0]","[0, 371, 198, 540]",1
results/fast_repro/exp06_roi/patches/val/Burn/373__gt2.jpg,/root/autodl-tmp/borescope-new-seg-data/v1/images/val/373.png,val,0,Burn,gt_positive,"[368.1349182128906, 3.365079402923584, 719.9990234375, 231.36508178710938]","[333, 0, 720, 254]",2
results/fast_repro/exp06_roi/patches/val/Burn/380__gt0.jpg,/root/autodl-tmp/borescope-new-seg-data/v1/images/val/380.png,val,0,Burn,gt_positive,"[10.0, 69.00000762939453, 388.0, 441.0]","[0, 32, 426, 478]",0
results/fast_repro/exp06_roi/patches/val/corrosion/380__gt1.jpg,/root/autodl-tmp/borescope-new-seg-data/v1/images/val/380.png,val,6,corrosion,gt_positive,"[501.0079345703125, 2.142857313156128, 680.0079345703125, 393.3650817871094]","[483, 0, 698, 432]",1
results/fast_repro/exp06_roi/patches/val/corrosion/380__gt2.jpg,/root/autodl-tmp/borescope-new-seg-data/v1/images/val/380.png,val,6,corrosion,gt_positive,"[691.0, 53.0, 710.0, 88.0]","[689, 50, 712, 92]",2
results/fast_repro/exp06_roi/patches/val/corrosion/392__gt0.jpg,/root/autodl-tmp/borescope-new-seg-data/v1/images/val/392.png,val,6,corrosion,gt_positive,"[393.0, 355.0, 535.0, 434.0]","[379, 347, 549, 442]",0
results/fast_repro/exp06_roi/patches/val/corrosion/392__gt1.jpg,/root/autodl-tmp/borescope-new-seg-data/v1/images/val/392.png,val,6,corrosion,gt_positive,"[203.0, 443.0, 286.0, 469.0]","[195, 440, 294, 472]",1
results/fast_repro/exp06_roi/patches/val/corrosion/392__gt2.jpg,/root/autodl-tmp/borescope-new-seg-data/v1/images/val/392.png,val,6,corrosion,gt_positive,"[545.0, 339.0, 597.0, 384.0]","[540, 334, 602, 388]",2
results/fast_repro/exp06_roi/patches/val/corrosion/408__gt0.jpg,/root/autodl-tmp/borescope-new-seg-data/v1/images/val/408.png,val,6,corrosion,gt_positive,"[584.0, 156.0, 607.0, 201.0]","[582, 152, 609, 206]",0
results/fast_repro/exp06_roi/patches/val/corrosion/408__gt1.jpg,/root/autodl-tmp/borescope-new-seg-data/v1/images/val/408.png,val,6,corrosion,gt_positive,"[553.0, 142.0, 572.0, 183.0]","[551, 138, 574, 187]",1
results/fast_repro/exp06_roi/patches/val/corrosion/409__gt0.jpg,/root/autodl-tmp/borescope-new-seg-data/v1/images/val/409.png,val,6,corrosion,gt_positive,"[546.0, 316.0, 639.0, 368.0]","[537, 311, 640, 373]",0
results/fast_repro/exp06_roi/patches/val/corrosion/411__gt0.jpg,/root/autodl-tmp/borescope-new-seg-data/v1/images/val/411.png,val,6,corrosion,gt_positive,"[116.0, 57.0, 156.0, 99.0]","[112, 53, 160, 103]",0
results/fast_repro/exp06_roi/patches/val/corrosion/411__gt1.jpg,/root/autodl-tmp/borescope-new-seg-data/v1/images/val/411.png,val,6,corrosion,gt_positive,"[74.0, 99.0, 100.00000762939453, 120.0]","[71, 97, 103, 122]",1
results/fast_repro/exp06_roi/patches/val/corrosion/416__gt0.jpg,/root/autodl-tmp/borescope-new-seg-data/v1/images/val/416.png,val,6,corrosion,gt_positive,"[91.0, 165.0, 618.0, 286.0]","[38, 153, 671, 298]",0
results/fast_repro/exp06_roi/patches/val/corrosion/422__gt0.jpg,/root/autodl-tmp/borescope-new-seg-data/v1/images/val/422.png,val,6,corrosion,gt_positive,"[156.62698364257812, 195.3650665283203, 296.0079345703125, 466.3650817871094]","[143, 168, 310, 493]",0
results/fast_repro/exp06_roi/patches/val/corrosion/432__gt0.jpg,/root/autodl-tmp/borescope-new-seg-data/v1/images/val/432.png,val,6,corrosion,gt_positive,"[216.00001525878906, 66.0, 261.0, 131.0]","[212, 60, 266, 138]",0
results/fast_repro/exp06_roi/patches/val/corrosion/432__gt1.jpg,/root/autodl-tmp/borescope-new-seg-data/v1/images/val/432.png,val,6,corrosion,gt_positive,"[195.0, 184.0, 289.0, 263.0]","[186, 176, 298, 271]",1
results/fast_repro/exp06_roi/patches/val/corrosion/432__gt2.jpg,/root/autodl-tmp/borescope-new-seg-data/v1/images/val/432.png,val,6,corrosion,gt_positive,"[208.0079345703125, 253.36508178710938, 390.0079650878906, 398.3650817871094]","[190, 239, 408, 413]",2
results/fast_repro/exp06_roi/patches/val/corrosion/432__gt3.jpg,/root/autodl-tmp/borescope-new-seg-data/v1/images/val/432.png,val,6,corrosion,gt_positive,"[372.0, 360.0, 411.0, 389.0]","[368, 357, 415, 392]",3
results/fast_repro/exp06_roi/patches/val/corrosion/432__gt4.jpg,/root/autodl-tmp/borescope-new-seg-data/v1/images/val/432.png,val,6,corrosion,gt_positive,"[420.0, 278.0, 475.0, 325.0000305175781]","[414, 273, 480, 330]",4
results/fast_repro/exp06_roi/patches/val/corrosion/432__gt5.jpg,/root/autodl-tmp/borescope-new-seg-data/v1/images/val/432.png,val,6,corrosion,gt_positive,"[552.0, 279.0, 581.0, 300.0]","[549, 277, 584, 302]",5
results/fast_repro/exp06_roi/patches/val/corrosion/432__gt6.jpg,/root/autodl-tmp/borescope-new-seg-data/v1/images/val/432.png,val,6,corrosion,gt_positive,"[645.0, 389.0, 672.0, 413.0]","[642, 387, 675, 415]",6
results/fast_repro/exp06_roi/patches/val/corrosion/432__gt7.jpg,/root/autodl-tmp/borescope-new-seg-data/v1/images/val/432.png,val,6,corrosion,gt_positive,"[287.0, 443.0, 326.0, 478.0]","[283, 440, 330, 482]",7
results/fast_repro/exp06_roi/patches/val/corrosion/432__gt8.jpg,/root/autodl-tmp/borescope-new-seg-data/v1/images/val/432.png,val,6,corrosion,gt_positive,"[159.0, 109.0, 188.0, 146.0]","[156, 105, 191, 150]",8
results/fast_repro/exp06_roi/patches/val/corrosion/432__gt9.jpg,/root/autodl-tmp/borescope-new-seg-data/v1/images/val/432.png,val,6,corrosion,gt_positive,"[481.2301330566406, 455.3650817871094, 508.0079345703125, 480.3650817871094]","[479, 453, 511, 483]",9
results/fast_repro/exp06_roi/patches/val/Tip curl/440__gt0.jpg,/root/autodl-tmp/borescope-new-seg-data/v1/images/val/440.jpg,val,5,Tip curl,gt_positive,"[126.056396484375, 1.700650691986084, 219.33187866210938, 60.91973876953125]","[117, 0, 229, 67]",0
results/fast_repro/exp06_roi/patches/val/Tip curl/460__gt0.jpg,/root/autodl-tmp/borescope-new-seg-data/v1/images/val/460.jpg,val,5,Tip curl,gt_positive,"[672.4137573242188, 176.95924377441406, 756.4263305664062, 263.1661376953125]","[664, 168, 765, 272]",0
results/fast_repro/exp06_roi/patches/val/Tip curl/464__gt0.jpg,/root/autodl-tmp/borescope-new-seg-data/v1/images/val/464.jpg,val,5,Tip curl,gt_positive,"[694.0230102539062, 172.41378784179688, 767.7586059570312, 273.96551513671875]","[687, 162, 775, 284]",0
results/fast_repro/exp06_roi/patches/val/Crack/473__gt0.jpg,/root/autodl-tmp/borescope-new-seg-data/v1/images/val/473.jpg,val,1,Crack,gt_positive,"[54.6781120300293, 25.75757598876953, 565.61083984375, 359.40594482421875]","[4, 0, 617, 393]",0
results/fast_repro/exp06_roi/patches/val/Crack/475__gt0.jpg,/root/autodl-tmp/borescope-new-seg-data/v1/images/val/475.jpg,val,1,Crack,gt_positive,"[330.1423034667969, 235.3169403076172, 387.2646179199219, 335.36895751953125]","[324, 225, 393, 345]",0
results/fast_repro/exp06_roi/patches/val/Crack/479__gt0.jpg,/root/autodl-tmp/borescope-new-seg-data/v1/images/val/479.jpg,val,1,Crack,gt_positive,"[120.87911987304688, 238.9835205078125, 391.75823974609375, 333.21429443359375]","[94, 230, 419, 343]",0
results/fast_repro/exp06_roi/patches/val/Crack/484__gt0.jpg,/root/autodl-tmp/borescope-new-seg-data/v1/images/val/484.jpg,val,1,Crack,gt_positive,"[436.9651794433594, 132.80264282226562, 533.5901489257812, 269.16796875]","[427, 119, 543, 283]",0
results/fast_repro/exp06_roi/patches/val/Crack/500__gt0.jpg,/root/autodl-tmp/borescope-new-seg-data/v1/images/val/500.jpg,val,1,Crack,gt_positive,"[68.47457885742188, 21.186439514160156, 543.0508422851562, 341.18646240234375]","[21, 0, 591, 373]",0
results/fast_repro/exp06_roi/patches/val/Crack/506__gt0.jpg,/root/autodl-tmp/borescope-new-seg-data/v1/images/val/506.jpg,val,1,Crack,gt_positive,"[48.787879943847656, 29.696969985961914, 561.097900390625, 359.1646728515625]","[0, 0, 612, 392]",0
results/fast_repro/exp06_roi/patches/val/Crack/509__gt0.jpg,/root/autodl-tmp/borescope-new-seg-data/v1/images/val/509.jpg,val,1,Crack,gt_positive,"[64.53865814208984, 45.63591003417969, 526.6101684570312, 343.2203369140625]","[18, 16, 573, 373]",0
results/fast_repro/exp06_roi/patches/val/Crack/516__gt0.jpg,/root/autodl-tmp/borescope-new-seg-data/v1/images/val/516.jpg,val,1,Crack,gt_positive,"[62.66968536376953, 216.2895965576172, 311.9909362792969, 286.6515808105469]","[38, 209, 337, 294]",0
results/fast_repro/exp06_roi/patches/val/Crack/517__gt0.jpg,/root/autodl-tmp/borescope-new-seg-data/v1/images/val/517.jpg,val,1,Crack,gt_positive,"[282.125244140625, 258.44403076171875, 311.0691833496094, 312.8747863769531]","[279, 253, 314, 318]",0
results/fast_repro/exp06_roi/patches/val/Crack/517__gt1.jpg,/root/autodl-tmp/borescope-new-seg-data/v1/images/val/517.jpg,val,1,Crack,gt_positive,"[316.7195739746094, 325.0440979003906, 333.8271789550781, 350.44091796875]","[315, 323, 336, 353]",1
results/fast_repro/exp06_roi/patches/val/Crack/519__gt0.jpg,/root/autodl-tmp/borescope-new-seg-data/v1/images/val/519.jpg,val,1,Crack,gt_positive,"[583.71044921875, 110.18099212646484, 709.9547729492188, 224.66062927246094]","[571, 99, 723, 236]",0
results/fast_repro/exp06_roi/patches/val/Crack/522__gt0.jpg,/root/autodl-tmp/borescope-new-seg-data/v1/images/val/522.jpg,val,1,Crack,gt_positive,"[441.0, 126.66666412353516, 552.935791015625, 263.1595458984375]","[430, 113, 564, 277]",0
results/fast_repro/exp06_roi/patches/val/Crack/523__gt0.jpg,/root/autodl-tmp/borescope-new-seg-data/v1/images/val/523.jpg,val,1,Crack,gt_positive,"[56.68016052246094, 211.33602905273438, 304.45343017578125, 286.6396789550781]","[32, 204, 329, 294]",0
results/fast_repro/exp06_roi/patches/val/Crack/525__gt0.jpg,/root/autodl-tmp/borescope-new-seg-data/v1/images/val/525.jpg,val,1,Crack,gt_positive,"[436.2025146484375, 193.67088317871094, 487.3626708984375, 297.25274658203125]","[431, 183, 492, 308]",0
results/fast_repro/exp06_roi/patches/val/Crack/527__gt0.jpg,/root/autodl-tmp/borescope-new-seg-data/v1/images/val/527.jpg,val,1,Crack,gt_positive,"[54.04412078857422, 25.367645263671875, 562.1848754882812, 359.1036376953125]","[3, 0, 613, 392]",0
results/fast_repro/exp06_roi/patches/val/Crack/535__gt0.jpg,/root/autodl-tmp/borescope-new-seg-data/v1/images/val/535.jpg,val,1,Crack,gt_positive,"[313.97515869140625, 159.45652770996094, 503.2608642578125, 285.38818359375]","[295, 147, 522, 298]",0
results/fast_repro/exp06_roi/patches/val/Crack/538__gt0.jpg,/root/autodl-tmp/borescope-new-seg-data/v1/images/val/538.jpg,val,1,Crack,gt_positive,"[605.7627563476562, 108.1355972290039, 722.0338745117188, 225.76271057128906]","[594, 96, 734, 238]",0
results/fast_repro/exp06_roi/patches/val/Crack/543__gt0.jpg,/root/autodl-tmp/borescope-new-seg-data/v1/images/val/543.jpg,val,1,Crack,gt_positive,"[49.07597351074219, 32.648868560791016, 527.5336303710938, 345.51568603515625]","[1, 1, 575, 377]",0
results/fast_repro/exp06_roi/patches/val/Crack/545__gt0.jpg,/root/autodl-tmp/borescope-new-seg-data/v1/images/val/545.jpg,val,1,Crack,gt_positive,"[118.90274047851562, 231.6708221435547, 387.73065185546875, 323.44140625]","[92, 222, 415, 333]",0
results/fast_repro/exp06_roi/patches/val/Crack/548__gt0.jpg,/root/autodl-tmp/borescope-new-seg-data/v1/images/val/548.jpg,val,1,Crack,gt_positive,"[66.76692199707031, 20.58823585510254, 546.15380859375, 340.49774169921875]","[19, 0, 594, 372]",0
results/fast_repro/exp06_roi/patches/val/Burn/550__gt0.jpg,/root/autodl-tmp/borescope-new-seg-data/v1/images/val/550.jpg,val,0,Burn,gt_positive,"[111.34327697753906, 124.9552230834961, 354.02984619140625, 182.86566162109375]","[87, 119, 378, 189]",0
results/fast_repro/exp06_roi/patches/val/Burn/552__gt0.jpg,/root/autodl-tmp/borescope-new-seg-data/v1/images/val/552.jpg,val,0,Burn,gt_positive,"[215.223876953125, 193.3134307861328, 253.1343231201172, 201.67164611816406]","[211, 192, 257, 203]",0
results/fast_repro/exp06_roi/patches/val/Burn/552__gt1.jpg,/root/autodl-tmp/borescope-new-seg-data/v1/images/val/552.jpg,val,0,Burn,gt_positive,"[288.9552307128906, 178.3880615234375, 384.1791076660156, 216.0]","[279, 175, 394, 220]",1
results/fast_repro/exp06_roi/patches/val/Burn/555__gt0.jpg,/root/autodl-tmp/borescope-new-seg-data/v1/images/val/555.jpg,val,0,Burn,gt_positive,"[0.0, 45.86956787109375, 796.3043212890625, 719.0]","[0, 0, 876, 720]",0
results/fast_repro/exp06_roi/patches/val/Burn/561__gt0.jpg,/root/autodl-tmp/borescope-new-seg-data/v1/images/val/561.jpg,val,0,Burn,gt_positive,"[439.5121765136719, 24.780487060546875, 493.4417419433594, 178.98101806640625]","[434, 9, 499, 194]",0
results/fast_repro/exp06_roi/patches/val/Burn/565__gt0.jpg,/root/autodl-tmp/borescope-new-seg-data/v1/images/val/565.jpg,val,0,Burn,gt_positive,"[274.6268615722656, 38.98507308959961, 491.6418151855469, 137.49253845214844]","[253, 29, 513, 147]",0
results/fast_repro/exp06_roi/patches/val/Burn/565__gt1.jpg,/root/autodl-tmp/borescope-new-seg-data/v1/images/val/565.jpg,val,0,Burn,gt_positive,"[318.5074462890625, 134.50746154785156, 327.1641845703125, 138.3880615234375]","[318, 134, 328, 139]",1
results/fast_repro/exp06_roi/patches/val/Burn/565__gt2.jpg,/root/autodl-tmp/borescope-new-seg-data/v1/images/val/565.jpg,val,0,Burn,gt_positive,"[289.55224609375, 150.9253692626953, 303.8805847167969, 158.0895538330078]","[288, 150, 305, 159]",2
results/fast_repro/exp06_roi/patches/val/Burn/565__gt3.jpg,/root/autodl-tmp/borescope-new-seg-data/v1/images/val/565.jpg,val,0,Burn,gt_positive,"[309.8507385253906, 147.34329223632812, 328.0596923828125, 155.7014923095703]","[308, 147, 330, 157]",3
results/fast_repro/exp06_roi/patches/val/Burn/565__gt4.jpg,/root/autodl-tmp/borescope-new-seg-data/v1/images/val/565.jpg,val,0,Burn,gt_positive,"[341.7910461425781, 143.16416931152344, 350.44775390625, 149.1343231201172]","[341, 143, 351, 150]",4
results/fast_repro/exp06_roi/patches/val/Burn/566__gt0.jpg,/root/autodl-tmp/borescope-new-seg-data/v1/images/val/566.jpg,val,0,Burn,gt_positive,"[280.2984924316406, 59.88059997558594, 499.40301513671875, 156.0]","[258, 50, 521, 166]",0
results/fast_repro/exp06_roi/patches/val/Burn/566__gt1.jpg,/root/autodl-tmp/borescope-new-seg-data/v1/images/val/566.jpg,val,0,Burn,gt_positive,"[294.6268615722656, 167.64178466796875, 311.64178466796875, 174.80596923828125]","[293, 167, 313, 176]",1
results/fast_repro/exp06_roi/patches/val/Burn/566__gt2.jpg,/root/autodl-tmp/borescope-new-seg-data/v1/images/val/566.jpg,val,0,Burn,gt_positive,"[315.223876953125, 166.7462615966797, 325.6716613769531, 174.50746154785156]","[314, 166, 327, 175]",2
results/fast_repro/exp06_roi/patches/val/Burn/566__gt3.jpg,/root/autodl-tmp/borescope-new-seg-data/v1/images/val/566.jpg,val,0,Burn,gt_positive,"[325.6716613769531, 150.9253692626953, 335.52239990234375, 156.59701538085938]","[325, 150, 337, 157]",3
results/fast_repro/exp06_roi/patches/val/Burn/566__gt4.jpg,/root/autodl-tmp/borescope-new-seg-data/v1/images/val/566.jpg,val,0,Burn,gt_positive,"[325.97015380859375, 163.46267700195312, 335.52239990234375, 169.1343231201172]","[325, 163, 336, 170]",4
results/fast_repro/exp06_roi/patches/val/Burn/566__gt5.jpg,/root/autodl-tmp/borescope-new-seg-data/v1/images/val/566.jpg,val,0,Burn,gt_positive,"[349.55224609375, 161.37313842773438, 357.91046142578125, 167.34329223632812]","[349, 161, 359, 168]",5
results/fast_repro/exp06_roi/patches/val/Burn/566__gt6.jpg,/root/autodl-tmp/borescope-new-seg-data/v1/images/val/566.jpg,val,0,Burn,gt_positive,"[344.1791076660156, 141.67164611816406, 353.7313537597656, 147.34329223632812]","[343, 141, 355, 148]",6
results/fast_repro/exp06_roi/patches/val/Burn/568__gt0.jpg,/root/autodl-tmp/borescope-new-seg-data/v1/images/val/568.jpg,val,0,Burn,gt_positive,"[0.0, 0.22312986850738525, 391.41302490234375, 204.56521606445312]","[0, 0, 431, 225]",0
results/fast_repro/exp06_roi/patches/val/Burn/568__gt1.jpg,/root/autodl-tmp/borescope-new-seg-data/v1/images/val/568.jpg,val,0,Burn,gt_positive,"[115.32608795166016, 200.21739196777344, 365.3260803222656, 526.3043212890625]","[90, 168, 390, 559]",1
results/fast_repro/exp06_roi/patches/val/Burn/568__gt2.jpg,/root/autodl-tmp/borescope-new-seg-data/v1/images/val/568.jpg,val,0,Burn,gt_positive,"[174.89878845214844, 165.99191284179688, 199.59515380859375, 191.09312438964844]","[172, 163, 202, 194]",2
results/fast_repro/exp06_roi/patches/val/Burn/571__gt0.jpg,/root/autodl-tmp/borescope-new-seg-data/v1/images/val/571.jpg,val,0,Burn,gt_positive,"[214.9253692626953, 191.223876953125, 255.223876953125, 198.68658447265625]","[211, 190, 259, 199]",0
results/fast_repro/exp06_roi/patches/val/Burn/571__gt1.jpg,/root/autodl-tmp/borescope-new-seg-data/v1/images/val/571.jpg,val,0,Burn,gt_positive,"[279.4029846191406, 177.1940460205078, 369.55224609375, 213.3134307861328]","[270, 174, 379, 217]",1
results/fast_repro/exp06_roi/patches/val/Burn/574__gt0.jpg,/root/autodl-tmp/borescope-new-seg-data/v1/images/val/574.jpg,val,0,Burn,gt_positive,"[0.0, 0.7608696222305298, 395.7608642578125, 214.34783935546875]","[0, 0, 435, 236]",0
results/fast_repro/exp06_roi/patches/val/Burn/574__gt1.jpg,/root/autodl-tmp/borescope-new-seg-data/v1/images/val/574.jpg,val,0,Burn,gt_positive,"[116.9565200805664, 199.13043212890625, 389.7826232910156, 524.1304321289062]","[90, 167, 417, 557]",1
results/fast_repro/exp06_roi/patches/val/Burn/576__gt0.jpg,/root/autodl-tmp/borescope-new-seg-data/v1/images/val/576.jpg,val,0,Burn,gt_positive,"[274.6268615722656, 40.17910385131836, 492.8358154296875, 139.28358459472656]","[253, 30, 515, 149]",0
results/fast_repro/exp06_roi/patches/val/Burn/576__gt1.jpg,/root/autodl-tmp/borescope-new-seg-data/v1/images/val/576.jpg,val,0,Burn,gt_positive,"[288.7214660644531, 151.266357421875, 303.1811218261719, 157.6590576171875]","[287, 151, 305, 158]",1
results/fast_repro/exp06_roi/patches/val/Burn/576__gt2.jpg,/root/autodl-tmp/borescope-new-seg-data/v1/images/val/576.jpg,val,0,Burn,gt_positive,"[308.2039794921875, 148.22222900390625, 316.7275390625, 155.68035888671875]","[307, 147, 318, 156]",2
results/fast_repro/exp06_roi/patches/val/Burn/576__gt3.jpg,/root/autodl-tmp/borescope-new-seg-data/v1/images/val/576.jpg,val,0,Burn,gt_positive,"[317.64080810546875, 145.4824981689453, 327.2298583984375, 151.11416625976562]","[317, 145, 328, 152]",3
results/fast_repro/exp06_roi/patches/val/Burn/576__gt4.jpg,/root/autodl-tmp/borescope-new-seg-data/v1/images/val/576.jpg,val,0,Burn,gt_positive,"[317.0319519042969, 133.45814514160156, 326.46881103515625, 138.6331787109375]","[316, 133, 327, 139]",4
results/fast_repro/exp06_roi/patches/val/Burn/576__gt5.jpg,/root/autodl-tmp/borescope-new-seg-data/v1/images/val/576.jpg,val,0,Burn,gt_positive,"[334.99237060546875, 123.2602767944336, 344.5814208984375, 128.5875244140625]","[334, 123, 346, 129]",5
results/fast_repro/exp06_roi/patches/val/Burn/576__gt6.jpg,/root/autodl-tmp/borescope-new-seg-data/v1/images/val/576.jpg,val,0,Burn,gt_positive,"[341.0806579589844, 141.37290954589844, 349.14764404296875, 147.61338806152344]","[340, 141, 350, 148]",6
results/fast_repro/exp06_roi/patches/val/Burn/577__gt0.jpg,/root/autodl-tmp/borescope-new-seg-data/v1/images/val/577.jpg,val,0,Burn,gt_positive,"[277.3134460449219, 55.402984619140625, 508.65673828125, 144.72361755371094]","[254, 46, 532, 154]",0
results/fast_repro/exp06_roi/patches/val/Burn/577__gt1.jpg,/root/autodl-tmp/borescope-new-seg-data/v1/images/val/577.jpg,val,0,Burn,gt_positive,"[295.795654296875, 160.46900939941406, 303.8358459472656, 166.33164978027344]","[295, 160, 305, 167]",1
results/fast_repro/exp06_roi/patches/val/Burn/577__gt2.jpg,/root/autodl-tmp/borescope-new-seg-data/v1/images/val/577.jpg,val,0,Burn,gt_positive,"[313.8860778808594, 159.7989959716797, 319.7487487792969, 164.1540985107422]","[313, 159, 320, 165]",2
results/fast_repro/exp06_roi/patches/val/Burn/577__gt3.jpg,/root/autodl-tmp/borescope-new-seg-data/v1/images/val/577.jpg,val,0,Burn,gt_positive,"[322.4288330078125, 145.22613525390625, 328.96148681640625, 148.74371337890625]","[322, 145, 330, 149]",3
results/fast_repro/exp06_roi/patches/val/Burn/577__gt4.jpg,/root/autodl-tmp/borescope-new-seg-data/v1/images/val/577.jpg,val,0,Burn,gt_positive,"[323.93634033203125, 157.2864227294922, 331.64154052734375, 161.64154052734375]","[323, 157, 332, 162]",4
results/fast_repro/exp06_roi/patches/val/Burn/589__gt0.jpg,/root/autodl-tmp/borescope-new-seg-data/v1/images/val/589.jpg,val,0,Burn,gt_positive,"[233.1343231201172, 188.8358154296875, 274.92535400390625, 199.88059997558594]","[229, 188, 279, 201]",0
results/fast_repro/exp06_roi/patches/val/Burn/589__gt1.jpg,/root/autodl-tmp/borescope-new-seg-data/v1/images/val/589.jpg,val,0,Burn,gt_positive,"[307.1641845703125, 170.02984619140625, 454.62689208984375, 215.10447692871094]","[292, 166, 469, 220]",1
results/fast_repro/exp06_roi/patches/val/Burn/595__gt0.jpg,/root/autodl-tmp/borescope-new-seg-data/v1/images/val/595.jpg,val,0,Burn,gt_positive,"[239.19598388671875, 4.643216133117676, 274.49749755859375, 97.60803985595703]","[236, 0, 278, 107]",0
results/fast_repro/exp06_roi/patches/val/Burn/596__gt0.jpg,/root/autodl-tmp/borescope-new-seg-data/v1/images/val/596.jpg,val,0,Burn,gt_positive,"[491.27374267578125, 35.8916015625, 536.2601318359375, 200.93223571777344]","[487, 19, 541, 217]",0
results/fast_repro/exp06_roi/patches/val/Burn/599__gt0.jpg,/root/autodl-tmp/borescope-new-seg-data/v1/images/val/599.jpg,val,0,Burn,gt_positive,"[223.09820556640625, 7.466113567352295, 256.5698547363281, 95.57122802734375]","[220, 0, 260, 104]",0
results/fast_repro/exp06_roi/patches/val/Burn/600__gt0.jpg,/root/autodl-tmp/borescope-new-seg-data/v1/images/val/600.jpg,val,0,Burn,gt_positive,"[0.1086956188082695, 0.0, 854.45654296875, 595.9375]","[0, 0, 940, 656]",0
results/fast_repro/exp06_roi/patches/val/Burn/607__gt0.jpg,/root/autodl-tmp/borescope-new-seg-data/v1/images/val/607.jpg,val,0,Burn,gt_positive,"[0.0, 0.7608696222305298, 532.1738891601562, 719.0]","[0, 0, 585, 720]",0
results/fast_repro/exp06_roi/patches/val/Burn/607__gt1.jpg,/root/autodl-tmp/borescope-new-seg-data/v1/images/val/607.jpg,val,0,Burn,gt_positive,"[327.20098876953125, 133.2142791748047, 380.76922607421875, 158.489013671875]","[322, 131, 386, 161]",1
results/fast_repro/exp06_roi/patches/val/Burn/607__gt2.jpg,/root/autodl-tmp/borescope-new-seg-data/v1/images/val/607.jpg,val,0,Burn,gt_positive,"[393.9949035644531, 152.41729736328125, 416.3867492675781, 175.95419311523438]","[392, 150, 419, 178]",2
results/fast_repro/exp06_roi/patches/val/Burn/607__gt3.jpg,/root/autodl-tmp/borescope-new-seg-data/v1/images/val/607.jpg,val,0,Burn,gt_positive,"[420.7126770019531, 178.37416076660156, 609.3541259765625, 446.9710388183594]","[402, 152, 628, 474]",3
results/fast_repro/exp06_roi/patches/val/Burn/607__gt4.jpg,/root/autodl-tmp/borescope-new-seg-data/v1/images/val/607.jpg,val,0,Burn,gt_positive,"[669.4877319335938, 679.4877319335938, 687.52783203125, 705.9910888671875]","[668, 677, 689, 709]",4
results/fast_repro/exp06_roi/patches/val/Burn/607__gt5.jpg,/root/autodl-tmp/borescope-new-seg-data/v1/images/val/607.jpg,val,0,Burn,gt_positive,"[660.1336059570312, 708.4409790039062, 672.160400390625, 719.0]","[659, 707, 673, 720]",5
results/fast_repro/exp06_roi/patches/val/Burn/607__gt6.jpg,/root/autodl-tmp/borescope-new-seg-data/v1/images/val/607.jpg,val,0,Burn,gt_positive,"[604.2671508789062, 583.0983276367188, 616.1409912109375, 597.940673828125]","[603, 582, 617, 599]",6
results/fast_repro/exp06_roi/patches/val/Burn/614__gt0.jpg,/root/autodl-tmp/borescope-new-seg-data/v1/images/val/614.jpg,val,0,Burn,gt_positive,"[0.0, 0.22010867297649384, 347.9347839355469, 131.19564819335938]","[0, 0, 383, 144]",0
results/fast_repro/exp06_roi/patches/val/Burn/614__gt1.jpg,/root/autodl-tmp/borescope-new-seg-data/v1/images/val/614.jpg,val,0,Burn,gt_positive,"[70.76087188720703, 205.1086883544922, 304.45654296875, 537.1738891601562]","[47, 172, 328, 570]",1
results/fast_repro/exp06_roi/patches/val/Burn/614__gt2.jpg,/root/autodl-tmp/borescope-new-seg-data/v1/images/val/614.jpg,val,0,Burn,gt_positive,"[132.71739196777344, 173.04347229003906, 151.7391357421875, 194.7825927734375]","[131, 171, 154, 197]",2
results/fast_repro/exp06_roi/patches/val/Burn/625__gt0.jpg,/root/autodl-tmp/borescope-new-seg-data/v1/images/val/625.jpg,val,0,Burn,gt_positive,"[0.0, 147.5, 944.6738891601562, 718.6956176757812]","[0, 90, 960, 720]",0
results/fast_repro/exp06_roi/patches/val/Burn/625__gt1.jpg,/root/autodl-tmp/borescope-new-seg-data/v1/images/val/625.jpg,val,0,Burn,gt_positive,"[564.2391357421875, 452.39129638671875, 620.7608642578125, 521.4130859375]","[559, 445, 626, 528]",1
results/fast_repro/exp06_roi/patches/val/Burn/625__gt2.jpg,/root/autodl-tmp/borescope-new-seg-data/v1/images/val/625.jpg,val,0,Burn,gt_positive,"[633.2608642578125, 520.3261108398438, 890.2142944335938, 719.0]","[608, 500, 916, 720]",2
results/fast_repro/exp06_roi/patches/val/Material missing/643__gt0.jpg,/root/autodl-tmp/borescope-new-seg-data/v1/images/val/643.jpg,val,3,Material missing,gt_positive,"[417.7842712402344, 210.78717041015625, 521.5743408203125, 350.145751953125]","[407, 197, 532, 364]",0
results/fast_repro/exp06_roi/patches/val/Material missing/644__gt0.jpg,/root/autodl-tmp/borescope-new-seg-data/v1/images/val/644.jpg,val,3,Material missing,gt_positive,"[236.69232177734375, 17.230770111083984, 285.0, 53.5384635925293]","[232, 14, 290, 57]",0
results/fast_repro/exp06_roi/patches/val/Material missing/646__gt0.jpg,/root/autodl-tmp/borescope-new-seg-data/v1/images/val/646.jpg,val,3,Material missing,gt_positive,"[23.153846740722656, 124.30769348144531, 62.53845977783203, 185.53846740722656]","[19, 118, 66, 192]",0
results/fast_repro/exp06_roi/patches/val/Material missing/648__gt0.jpg,/root/autodl-tmp/borescope-new-seg-data/v1/images/val/648.jpg,val,3,Material missing,gt_positive,"[25.615385055541992, 124.9230728149414, 67.46153259277344, 167.07691955566406]","[21, 121, 72, 171]",0
results/fast_repro/exp06_roi/patches/val/Material missing/651__gt0.jpg,/root/autodl-tmp/borescope-new-seg-data/v1/images/val/651.jpg,val,3,Material missing,gt_positive,"[30.846153259277344, 136.61538696289062, 48.384613037109375, 171.6923065185547]","[29, 133, 50, 175]",0
results/fast_repro/exp06_roi/patches/val/Material missing/660__gt0.jpg,/root/autodl-tmp/borescope-new-seg-data/v1/images/val/660.jpg,val,3,Material missing,gt_positive,"[103.15385437011719, 8.923076629638672, 123.46154022216797, 42.153846740722656]","[101, 6, 125, 45]",0
results/fast_repro/exp06_roi/patches/val/Material missing/668__gt0.jpg,/root/autodl-tmp/borescope-new-seg-data/v1/images/val/668.jpg,val,3,Material missing,gt_positive,"[262.4871826171875, 230.12820434570312, 399.66668701171875, 356.4102478027344]","[249, 218, 413, 369]",0
results/fast_repro/exp06_roi/patches/val/Material missing/671__gt0.jpg,/root/autodl-tmp/borescope-new-seg-data/v1/images/val/671.jpg,val,3,Material missing,gt_positive,"[67.15384674072266, 117.53845977783203, 107.15384674072266, 159.6923065185547]","[63, 113, 111, 164]",0
results/fast_repro/exp06_roi/patches/val/Material missing/677__gt0.jpg,/root/autodl-tmp/borescope-new-seg-data/v1/images/val/677.jpg,val,3,Material missing,gt_positive,"[25.307693481445312, 7.384615421295166, 76.69230651855469, 37.5384635925293]","[20, 4, 82, 41]",0
results/fast_repro/exp06_roi/patches/val/Material missing/681__gt0.jpg,/root/autodl-tmp/borescope-new-seg-data/v1/images/val/681.jpg,val,3,Material missing,gt_positive,"[421.54339599609375, 209.64630126953125, 526.3665771484375, 349.5177001953125]","[411, 196, 537, 364]",0
results/fast_repro/exp06_roi/patches/val/Material missing/684__gt0.jpg,/root/autodl-tmp/borescope-new-seg-data/v1/images/val/684.jpg,val,3,Material missing,gt_positive,"[244.38461303710938, 32.0, 258.8461608886719, 57.846153259277344]","[243, 29, 260, 60]",0
results/fast_repro/exp06_roi/patches/val/Material missing/700__gt0.jpg,/root/autodl-tmp/borescope-new-seg-data/v1/images/val/700.jpg,val,3,Material missing,gt_positive,"[320.4615478515625, 239.10256958007812, 444.1794738769531, 385.8974304199219]","[308, 224, 457, 401]",0
results/fast_repro/exp06_roi/patches/val/Material missing/703__gt0.jpg,/root/autodl-tmp/borescope-new-seg-data/v1/images/val/703.jpg,val,3,Material missing,gt_positive,"[75.76923370361328, 121.53845977783203, 100.07691955566406, 164.0]","[73, 117, 103, 168]",0
results/fast_repro/exp06_roi/patches/val/Material missing/704__gt0.jpg,/root/autodl-tmp/borescope-new-seg-data/v1/images/val/704.jpg,val,3,Material missing,gt_positive,"[63.46154022216797, 119.69231414794922, 101.9230728149414, 177.8461456298828]","[60, 114, 106, 184]",0
results/fast_repro/exp06_roi/patches/val/Material missing/706__gt0.jpg,/root/autodl-tmp/borescope-new-seg-data/v1/images/val/706.jpg,val,3,Material missing,gt_positive,"[300.30767822265625, 199.35897827148438, 438.76922607421875, 326.28204345703125]","[286, 187, 453, 339]",0
results/fast_repro/exp06_roi/patches/val/Material missing/709__gt0.jpg,/root/autodl-tmp/borescope-new-seg-data/v1/images/val/709.jpg,val,3,Material missing,gt_positive,"[132.6923065185547, 12.307692527770996, 155.15383911132812, 41.84615707397461]","[130, 9, 157, 45]",0
results/fast_repro/exp06_roi/patches/val/Material missing/722__gt0.jpg,/root/autodl-tmp/borescope-new-seg-data/v1/images/val/722.jpg,val,3,Material missing,gt_positive,"[373.0496520996094, 226.9503631591797, 479.0780029296875, 363.1205749511719]","[362, 213, 490, 377]",0
results/fast_repro/exp06_roi/patches/val/Material missing/729__gt0.jpg,/root/autodl-tmp/borescope-new-seg-data/v1/images/val/729.jpg,val,3,Material missing,gt_positive,"[30.538461685180664, 128.0, 53.30768966674805, 182.76922607421875]","[28, 123, 56, 188]",0
results/fast_repro/exp06_roi/patches/val/Material missing/730__gt0.jpg,/root/autodl-tmp/borescope-new-seg-data/v1/images/val/730.jpg,val,3,Material missing,gt_positive,"[729.4359130859375, 133.97434997558594, 879.0, 453.20513916015625]","[714, 102, 880, 485]",0
results/fast_repro/exp06_roi/patches/val/Material missing/738__gt0.jpg,/root/autodl-tmp/borescope-new-seg-data/v1/images/val/738.jpg,val,3,Material missing,gt_positive,"[174.5384521484375, 10.769230842590332, 225.0, 44.92308044433594]","[169, 7, 230, 48]",0
results/fast_repro/exp06_roi/patches/val/Material missing/749__gt0.jpg,/root/autodl-tmp/borescope-new-seg-data/v1/images/val/749.jpg,val,3,Material missing,gt_positive,"[270.17950439453125, 225.6410369873047, 408.0, 350.6410217285156]","[256, 213, 422, 363]",0
results/fast_repro/exp06_roi/patches/val/Material missing/750__gt0.jpg,/root/autodl-tmp/borescope-new-seg-data/v1/images/val/750.jpg,val,3,Material missing,gt_positive,"[577.894775390625, 184.2105255126953, 669.4736938476562, 335.2631530761719]","[569, 169, 679, 350]",0
results/fast_repro/exp06_roi/patches/val/Material missing/752__gt0.jpg,/root/autodl-tmp/borescope-new-seg-data/v1/images/val/752.jpg,val,3,Material missing,gt_positive,"[266.3333435058594, 227.56410217285156, 402.23077392578125, 358.33331298828125]","[253, 214, 416, 371]",0
results/fast_repro/exp06_roi/patches/val/Material missing/757__gt0.jpg,/root/autodl-tmp/borescope-new-seg-data/v1/images/val/757.jpg,val,3,Material missing,gt_positive,"[254.23077392578125, 38.76923370361328, 266.5384521484375, 53.5384635925293]","[253, 37, 268, 55]",0
results/fast_repro/exp06_roi/patches/val/Material missing/767__gt0.jpg,/root/autodl-tmp/borescope-new-seg-data/v1/images/val/767.jpg,val,3,Material missing,gt_positive,"[99.76922607421875, 225.53846740722656, 110.53845977783203, 249.23077392578125]","[99, 223, 112, 252]",0
results/fast_repro/exp06_roi/patches/val/Tears/776__gt0.jpg,/root/autodl-tmp/borescope-new-seg-data/v1/images/val/776.jpg,val,4,Tears,gt_positive,"[276.3846130371094, 67.07691955566406, 288.3846130371094, 89.53845977783203]","[275, 65, 290, 92]",0
results/fast_repro/exp06_roi/patches/val/Tears/781__gt0.jpg,/root/autodl-tmp/borescope-new-seg-data/v1/images/val/781.jpg,val,4,Tears,gt_positive,"[350.84613037109375, 85.84615325927734, 360.0769348144531, 101.23076629638672]","[350, 84, 361, 103]",0
results/fast_repro/exp06_roi/patches/val/Tears/783__gt0.jpg,/root/autodl-tmp/borescope-new-seg-data/v1/images/val/783.jpg,val,4,Tears,gt_positive,"[150.5384521484375, 52.30769348144531, 165.92308044433594, 80.0]","[149, 50, 167, 83]",0
results/fast_repro/exp06_roi/patches/val/Tears/785__gt0.jpg,/root/autodl-tmp/borescope-new-seg-data/v1/images/val/785.jpg,val,4,Tears,gt_positive,"[6.230769157409668, 36.30769348144531, 41.0, 99.38461303710938]","[3, 30, 44, 106]",0
results/fast_repro/exp06_roi/patches/val/Tears/792__gt0.jpg,/root/autodl-tmp/borescope-new-seg-data/v1/images/val/792.jpg,val,4,Tears,gt_positive,"[34.53845977783203, 49.230770111083984, 50.846153259277344, 81.84615325927734]","[33, 46, 52, 85]",0
results/fast_repro/exp06_roi/patches/val/Tears/793__gt0.jpg,/root/autodl-tmp/borescope-new-seg-data/v1/images/val/793.jpg,val,4,Tears,gt_positive,"[9.923076629638672, 26.76923179626465, 45.615386962890625, 80.0]","[6, 21, 49, 85]",0
results/fast_repro/exp06_roi/patches/val/Tears/801__gt0.jpg,/root/autodl-tmp/borescope-new-seg-data/v1/images/val/801.jpg,val,4,Tears,gt_positive,"[125.9230728149414, 30.153846740722656, 164.6923065185547, 87.0769271850586]","[122, 24, 169, 93]",0
results/fast_repro/exp06_roi/patches/val/Tears/820__gt0.jpg,/root/autodl-tmp/borescope-new-seg-data/v1/images/val/820.jpg,val,4,Tears,gt_positive,"[338.23077392578125, 15.076923370361328, 370.5384521484375, 36.61538314819336]","[335, 13, 374, 39]",0
results/fast_repro/exp06_roi/patches/val/Tears/824__gt0.jpg,/root/autodl-tmp/borescope-new-seg-data/v1/images/val/824.jpg,val,4,Tears,gt_positive,"[128.38461303710938, 30.76923179626465, 169.92308044433594, 87.0769271850586]","[124, 25, 174, 93]",0
results/fast_repro/exp06_roi/patches/val/Tears/836__gt0.jpg,/root/autodl-tmp/borescope-new-seg-data/v1/images/val/836.jpg,val,4,Tears,gt_positive,"[78.53845977783203, 31.076923370361328, 108.38461303710938, 62.153846740722656]","[76, 28, 111, 65]",0
results/fast_repro/exp06_roi/patches/val/Dent/842__gt0.jpg,/root/autodl-tmp/borescope-new-seg-data/v1/images/val/842.jpg,val,2,Dent,gt_positive,"[233.65020751953125, 216.92015075683594, 247.33840942382812, 238.02281188964844]","[232, 215, 249, 240]",0
results/fast_repro/exp06_roi/patches/val/Dent/843__gt0.jpg,/root/autodl-tmp/borescope-new-seg-data/v1/images/val/843.jpg,val,2,Dent,gt_positive,"[347.1538391113281, 113.53846740722656, 373.6153869628906, 148.0]","[345, 110, 376, 151]",0
results/fast_repro/exp06_roi/patches/val/Dent/857__gt0.jpg,/root/autodl-tmp/borescope-new-seg-data/v1/images/val/857.jpg,val,2,Dent,gt_positive,"[442.23077392578125, 561.5384521484375, 469.9230651855469, 583.8461303710938]","[439, 559, 473, 586]",0
results/fast_repro/exp06_roi/patches/val/Dent/857__gt1.jpg,/root/autodl-tmp/borescope-new-seg-data/v1/images/val/857.jpg,val,2,Dent,gt_positive,"[173.7692413330078, 30.0, 189.15383911132812, 60.0]","[172, 27, 191, 63]",1
results/fast_repro/exp06_roi/patches/val/Dent/858__gt0.jpg,/root/autodl-tmp/borescope-new-seg-data/v1/images/val/858.jpg,val,2,Dent,gt_positive,"[253.84616088867188, 63.579280853271484, 264.36419677734375, 78.49293518066406]","[253, 62, 265, 80]",0
results/fast_repro/exp06_roi/patches/val/Dent/864__gt0.jpg,/root/autodl-tmp/borescope-new-seg-data/v1/images/val/864.jpg,val,2,Dent,gt_positive,"[327.76922607421875, 43.69231033325195, 336.3846130371094, 52.92307662963867]","[327, 43, 337, 54]",0
results/fast_repro/exp06_roi/patches/val/Dent/865__gt0.jpg,/root/autodl-tmp/borescope-new-seg-data/v1/images/val/865.jpg,val,2,Dent,gt_positive,"[248.69232177734375, 48.615386962890625, 259.1538391113281, 61.23076629638672]","[248, 47, 260, 62]",0
results/fast_repro/exp06_roi/patches/val/Dent/877__gt0.jpg,/root/autodl-tmp/borescope-new-seg-data/v1/images/val/877.jpg,val,2,Dent,gt_positive,"[670.6923217773438, 297.6922912597656, 713.0, 336.1538391113281]","[666, 294, 717, 340]",0
results/fast_repro/exp06_roi/patches/val/Dent/878__gt0.jpg,/root/autodl-tmp/borescope-new-seg-data/v1/images/val/878.jpg,val,2,Dent,gt_positive,"[236.07691955566406, 72.30769348144531, 250.84616088867188, 103.69230651855469]","[235, 69, 252, 107]",0
results/fast_repro/exp06_roi/patches/val/Dent/881__gt0.jpg,/root/autodl-tmp/borescope-new-seg-data/v1/images/val/881.jpg,val,2,Dent,gt_positive,"[837.6154174804688, 241.5384521484375, 881.4615478515625, 283.8461608886719]","[833, 237, 886, 288]",0
results/fast_repro/exp06_roi/patches/val/Dent/888__gt0.jpg,/root/autodl-tmp/borescope-new-seg-data/v1/images/val/888.jpg,val,2,Dent,gt_positive,"[96.38461303710938, 46.4615364074707, 108.0769271850586, 58.46154022216797]","[95, 45, 109, 60]",0
results/fast_repro/exp06_roi/patches/val/Dent/896__gt0.jpg,/root/autodl-tmp/borescope-new-seg-data/v1/images/val/896.jpg,val,2,Dent,gt_positive,"[90.53845977783203, 57.230770111083984, 102.84615325927734, 86.15384674072266]","[89, 54, 104, 89]",0
results/fast_repro/exp06_roi/patches/val/Dent/897__gt0.jpg,/root/autodl-tmp/borescope-new-seg-data/v1/images/val/897.jpg,val,2,Dent,gt_positive,"[352.46112060546875, 82.2538833618164, 359.8445739746094, 94.94818878173828]","[352, 81, 361, 96]",0
results/fast_repro/exp06_roi/patches/val/Dent/905__gt0.jpg,/root/autodl-tmp/borescope-new-seg-data/v1/images/val/905.jpg,val,2,Dent,gt_positive,"[152.38461303710938, 33.846153259277344, 164.07691955566406, 48.30769348144531]","[151, 32, 165, 50]",0
results/fast_repro/exp06_roi/patches/val/Dent/907__gt0.jpg,/root/autodl-tmp/borescope-new-seg-data/v1/images/val/907.jpg,val,2,Dent,gt_positive,"[74.47698974609375, 149.5815887451172, 89.3305435180664, 177.61505126953125]","[73, 147, 91, 180]",0
results/fast_repro/exp06_roi/patches/val/Dent/910__gt0.jpg,/root/autodl-tmp/borescope-new-seg-data/v1/images/val/910.jpg,val,2,Dent,gt_positive,"[207.61538696289062, 33.07692337036133, 219.92306518554688, 66.92308044433594]","[206, 30, 221, 70]",0
results/fast_repro/exp06_roi/patches/val/Dent/910__gt1.jpg,/root/autodl-tmp/borescope-new-seg-data/v1/images/val/910.jpg,val,2,Dent,gt_positive,"[473.0, 583.076904296875, 500.6922912597656, 607.6923217773438]","[470, 581, 503, 610]",1
results/fast_repro/exp06_roi/patches/val/Dent/925__gt0.jpg,/root/autodl-tmp/borescope-new-seg-data/v1/images/val/925.jpg,val,2,Dent,gt_positive,"[119.15384674072266, 55.38461685180664, 132.6923065185547, 86.15384674072266]","[118, 52, 134, 89]",0
results/fast_repro/exp06_roi/patches/val/Dent/926__gt0.jpg,/root/autodl-tmp/borescope-new-seg-data/v1/images/val/926.jpg,val,2,Dent,gt_positive,"[84.38461303710938, 56.615386962890625, 97.0, 84.92308044433594]","[83, 54, 98, 88]",0
results/fast_repro/exp06_roi/patches/val/Dent/939__gt0.jpg,/root/autodl-tmp/borescope-new-seg-data/v1/images/val/939.jpg,val,2,Dent,gt_positive,"[240.07693481445312, 62.769229888916016, 249.92308044433594, 72.30769348144531]","[239, 62, 251, 73]",0
results/fast_repro/exp06_roi/patches/val/Dent/940__gt0.jpg,/root/autodl-tmp/borescope-new-seg-data/v1/images/val/940.jpg,val,2,Dent,gt_positive,"[754.5384521484375, 173.07691955566406, 800.6922607421875, 220.0]","[750, 168, 805, 225]",0
results/fast_repro/exp06_roi/patches/val/Dent/946__gt0.jpg,/root/autodl-tmp/borescope-new-seg-data/v1/images/val/946.jpg,val,2,Dent,gt_positive,"[120.38461303710938, 66.15384674072266, 139.76922607421875, 88.0]","[118, 64, 142, 90]",0
results/fast_repro/exp06_roi/patches/val/Dent/951__gt0.jpg,/root/autodl-tmp/borescope-new-seg-data/v1/images/val/951.jpg,val,2,Dent,gt_positive,"[899.923095703125, 523.8461303710938, 936.8461303710938, 560.7692260742188]","[896, 520, 941, 564]",0
results/fast_repro/exp06_roi/patches/val/Dent/955__gt0.jpg,/root/autodl-tmp/borescope-new-seg-data/v1/images/val/955.jpg,val,2,Dent,gt_positive,"[268.2509460449219, 216.92015075683594, 280.7984924316406, 236.12167358398438]","[267, 215, 282, 238]",0
results/fast_repro/exp06_roi/patches/val/Dent/956__gt0.jpg,/root/autodl-tmp/borescope-new-seg-data/v1/images/val/956.jpg,val,2,Dent,gt_positive,"[741.4615478515625, 358.4615173339844, 783.0, 390.0]","[737, 355, 787, 393]",0
results/fast_repro/exp06_roi/patches/val/Dent/962__gt0.jpg,/root/autodl-tmp/borescope-new-seg-data/v1/images/val/962.jpg,val,2,Dent,gt_positive,"[247.76922607421875, 75.0769271850586, 261.923095703125, 106.15383911132812]","[246, 72, 263, 109]",0
results/fast_repro/exp06_roi/patches/val/Dent/965__gt0.jpg,/root/autodl-tmp/borescope-new-seg-data/v1/images/val/965.jpg,val,2,Dent,gt_positive,"[173.7692413330078, 36.92307662963867, 190.6923065185547, 69.23077392578125]","[172, 34, 192, 72]",0
results/fast_repro/exp06_roi/patches/val/Dent/967__gt0.jpg,/root/autodl-tmp/borescope-new-seg-data/v1/images/val/967.jpg,val,2,Dent,gt_positive,"[123.76922607421875, 60.0, 138.84616088867188, 86.76922607421875]","[122, 57, 140, 89]",0
results/fast_repro/exp06_roi/patches/val/Dent/972__gt0.jpg,/root/autodl-tmp/borescope-new-seg-data/v1/images/val/972.jpg,val,2,Dent,gt_positive,"[363.76922607421875, 120.0, 400.6922912597656, 162.3076934814453]","[360, 116, 404, 167]",0
results/fast_repro/exp06_roi/patches/val/Dent/975__gt0.jpg,/root/autodl-tmp/borescope-new-seg-data/v1/images/val/975.jpg,val,2,Dent,gt_positive,"[663.0, 100.76923370361328, 706.0769653320312, 149.23077392578125]","[659, 96, 710, 154]",0
results/fast_repro/exp06_roi/patches/val/Dent/987__gt0.jpg,/root/autodl-tmp/borescope-new-seg-data/v1/images/val/987.jpg,val,2,Dent,gt_positive,"[570.6923217773438, 242.3076934814453, 619.1538696289062, 293.8461608886719]","[566, 237, 624, 299]",0
results/fast_repro/exp06_roi/patches/val/Dent/989__gt0.jpg,/root/autodl-tmp/borescope-new-seg-data/v1/images/val/989.jpg,val,2,Dent,gt_positive,"[230.5384521484375, 80.30769348144531, 251.46153259277344, 99.38461303710938]","[228, 78, 254, 101]",0
results/fast_repro/exp06_roi/patches/val/Dent/990__gt0.jpg,/root/autodl-tmp/borescope-new-seg-data/v1/images/val/990.jpg,val,2,Dent,gt_positive,"[84.07691955566406, 62.153846740722656, 96.69230651855469, 89.84616088867188]","[83, 59, 98, 93]",0
results/fast_repro/exp06_roi/patches/val/Dent/994__gt0.jpg,/root/autodl-tmp/borescope-new-seg-data/v1/images/val/994.jpg,val,2,Dent,gt_positive,"[393.0, 115.3846206665039, 413.0, 150.76922607421875]","[391, 112, 415, 154]",0
results/fast_repro/exp06_roi/patches/val/Dent/994__gt1.jpg,/root/autodl-tmp/borescope-new-seg-data/v1/images/val/994.jpg,val,2,Dent,gt_positive,"[606.076904296875, 672.3076782226562, 629.15380859375, 686.923095703125]","[604, 671, 631, 688]",1
results/fast_repro/exp06_roi/patches/val/Dent/1000__gt0.jpg,/root/autodl-tmp/borescope-new-seg-data/v1/images/val/1000.jpg,val,2,Dent,gt_positive,"[149.3076934814453, 49.230770111083984, 158.5384521484375, 61.5384635925293]","[148, 48, 159, 63]",0
results/fast_repro/exp06_roi/patches/val/Dent/1007__gt0.jpg,/root/autodl-tmp/borescope-new-seg-data/v1/images/val/1007.jpg,val,2,Dent,gt_positive,"[57.61538314819336, 2.153846263885498, 72.38461303710938, 23.69230842590332]","[56, 0, 74, 26]",0
results/fast_repro/exp06_roi/patches/train/background/412__hard0.jpg,/root/autodl-tmp/borescope-new-seg-data/v1/images/train/412.png,train,7,background,hard_fp_background,"[7.2996673583984375, 265.87701416015625, 129.9968719482422, 348.70294189453125]","[0, 258, 142, 357]",0
results/fast_repro/exp06_roi/patches/train/background/155__hard2.jpg,/root/autodl-tmp/borescope-new-seg-data/v1/images/train/155.png,train,7,background,hard_fp_background,"[113.83964538574219, 347.09478759765625, 151.35125732421875, 367.58154296875]","[110, 345, 155, 370]",2
results/fast_repro/exp06_roi/patches/train/background/71__hard0.jpg,/root/autodl-tmp/borescope-new-seg-data/v1/images/train/71.png,train,7,background,hard_fp_background,"[666.10302734375, 125.70571899414062, 688.7825927734375, 158.8512725830078]","[664, 122, 691, 162]",0
results/fast_repro/exp06_roi/patches/train/background/7__hard4.jpg,/root/autodl-tmp/borescope-new-seg-data/v1/images/train/7.png,train,7,background,hard_fp_background,"[184.35928344726562, 312.18475341796875, 225.49488830566406, 333.5096435546875]","[180, 310, 230, 336]",4
results/fast_repro/exp06_roi/patches/train/background/54__hard5.jpg,/root/autodl-tmp/borescope-new-seg-data/v1/images/train/54.png,train,7,background,hard_fp_background,"[679.49658203125, 170.4908905029297, 709.6463623046875, 208.12057495117188]","[676, 167, 713, 212]",5
results/fast_repro/exp06_roi/patches/train/background/209__hard0.jpg,/root/autodl-tmp/borescope-new-seg-data/v1/images/train/209.png,train,7,background,hard_fp_background,"[676.6868286132812, 188.91859436035156, 716.5965576171875, 242.66049194335938]","[673, 184, 720, 248]",0
results/fast_repro/exp06_roi/patches/train/background/95__hard0.jpg,/root/autodl-tmp/borescope-new-seg-data/v1/images/train/95.png,train,7,background,hard_fp_background,"[7.009706497192383, 10.855728149414062, 196.52346801757812, 281.580810546875]","[0, 0, 215, 309]",0
results/fast_repro/exp06_roi/patches/train/background/316__hard0.jpg,/root/autodl-tmp/borescope-new-seg-data/v1/images/train/316.png,train,7,background,hard_fp_background,"[486.3446350097656, 145.2447509765625, 710.9422607421875, 351.53900146484375]","[464, 125, 720, 372]",0
results/fast_repro/exp06_roi/patches/train/background/608__hard1.jpg,/root/autodl-tmp/borescope-new-seg-data/v1/images/train/608.jpg,train,7,background,hard_fp_background,"[302.62884521484375, 119.87640380859375, 420.94537353515625, 149.25811767578125]","[291, 117, 433, 152]",1
results/fast_repro/exp06_roi/patches/train/background/334__hard0.jpg,/root/autodl-tmp/borescope-new-seg-data/v1/images/train/334.png,train,7,background,hard_fp_background,"[649.6180419921875, 146.3350830078125, 678.480712890625, 199.37411499023438]","[647, 141, 681, 205]",0
results/fast_repro/exp06_roi/patches/train/background/131__hard0.jpg,/root/autodl-tmp/borescope-new-seg-data/v1/images/train/131.png,train,7,background,hard_fp_background,"[684.5762939453125, 49.31434631347656, 706.8509521484375, 64.76675415039062]","[682, 48, 709, 66]",0
results/fast_repro/exp06_roi/patches/train/background/124__hard0.jpg,/root/autodl-tmp/borescope-new-seg-data/v1/images/train/124.png,train,7,background,hard_fp_background,"[70.87718200683594, 91.32357788085938, 618.4912719726562, 420.7595520019531]","[16, 58, 673, 454]",0
results/fast_repro/exp06_roi/patches/train/background/154__hard0.jpg,/root/autodl-tmp/borescope-new-seg-data/v1/images/train/154.png,train,7,background,hard_fp_background,"[269.7050476074219, 63.10107421875, 411.6977233886719, 182.04331970214844]","[256, 51, 426, 194]",0
results/fast_repro/exp06_roi/patches/train/background/169__hard2.jpg,/root/autodl-tmp/borescope-new-seg-data/v1/images/train/169.png,train,7,background,hard_fp_background,"[258.2792663574219, 397.6081848144531, 307.3988037109375, 455.0911865234375]","[253, 392, 312, 461]",2
results/fast_repro/exp06_roi/patches/train/background/153__hard0.jpg,/root/autodl-tmp/borescope-new-seg-data/v1/images/train/153.png,train,7,background,hard_fp_background,"[273.5466613769531, 98.85470581054688, 682.2103271484375, 350.30499267578125]","[233, 74, 720, 375]",0
results/fast_repro/exp06_roi/patches/train/background/155__hard3.jpg,/root/autodl-tmp/borescope-new-seg-data/v1/images/train/155.png,train,7,background,hard_fp_background,"[625.2485961914062, 322.4648742675781, 677.89013671875, 349.6362609863281]","[620, 320, 683, 352]",3
results/fast_repro/exp06_roi/patches/train/background/113__hard0.jpg,/root/autodl-tmp/borescope-new-seg-data/v1/images/train/113.png,train,7,background,hard_fp_background,"[108.69677734375, 107.09959411621094, 351.3541259765625, 285.07958984375]","[84, 89, 376, 303]",0
results/fast_repro/exp06_roi/patches/train/background/188__hard0.jpg,/root/autodl-tmp/borescope-new-seg-data/v1/images/train/188.png,train,7,background,hard_fp_background,"[494.5824279785156, 377.69793701171875, 556.978515625, 415.3836669921875]","[488, 374, 563, 419]",0
results/fast_repro/exp06_roi/patches/train/background/210__hard5.jpg,/root/autodl-tmp/borescope-new-seg-data/v1/images/train/210.png,train,7,background,hard_fp_background,"[684.5164794921875, 500.55865478515625, 716.8248291015625, 538.6831665039062]","[681, 497, 720, 540]",5
results/fast_repro/exp06_roi/patches/train/background/288__hard0.jpg,/root/autodl-tmp/borescope-new-seg-data/v1/images/train/288.png,train,7,background,hard_fp_background,"[355.6200256347656, 57.36823654174805, 380.322998046875, 95.2237548828125]","[353, 54, 383, 99]",0
results/fast_repro/exp06_roi/patches/train/background/322__hard3.jpg,/root/autodl-tmp/borescope-new-seg-data/v1/images/train/322.png,train,7,background,hard_fp_background,"[604.6694946289062, 314.0394592285156, 638.1105346679688, 344.32208251953125]","[601, 311, 641, 347]",3
results/fast_repro/exp06_roi/patches/train/background/135__hard1.jpg,/root/autodl-tmp/borescope-new-seg-data/v1/images/train/135.png,train,7,background,hard_fp_background,"[331.178466796875, 157.89749145507812, 377.8921203613281, 187.2395782470703]","[327, 155, 383, 190]",1
results/fast_repro/exp06_roi/patches/train/background/537__hard2.jpg,/root/autodl-tmp/borescope-new-seg-data/v1/images/train/537.jpg,train,7,background,hard_fp_background,"[254.67425537109375, 165.62754821777344, 391.10211181640625, 291.55987548828125]","[241, 153, 405, 304]",2
results/fast_repro/exp06_roi/patches/train/background/37__hard3.jpg,/root/autodl-tmp/borescope-new-seg-data/v1/images/train/37.png,train,7,background,hard_fp_background,"[188.501708984375, 171.42945861816406, 220.23687744140625, 195.14173889160156]","[185, 169, 223, 198]",3
results/fast_repro/exp06_roi/patches/train/background/171__hard1.jpg,/root/autodl-tmp/borescope-new-seg-data/v1/images/train/171.png,train,7,background,hard_fp_background,"[379.15728759765625, 411.7757568359375, 424.0906677246094, 436.7052307128906]","[375, 409, 429, 439]",1
results/fast_repro/exp06_roi/patches/train/background/384__hard1.jpg,/root/autodl-tmp/borescope-new-seg-data/v1/images/train/384.png,train,7,background,hard_fp_background,"[295.3611755371094, 213.8517608642578, 690.7205200195312, 517.8485107421875]","[256, 183, 720, 540]",1
results/fast_repro/exp06_roi/patches/train/background/368__hard0.jpg,/root/autodl-tmp/borescope-new-seg-data/v1/images/train/368.png,train,7,background,hard_fp_background,"[582.7318725585938, 84.22949981689453, 651.0219116210938, 123.83857727050781]","[576, 80, 658, 128]",0
results/fast_repro/exp06_roi/patches/train/background/290__hard0.jpg,/root/autodl-tmp/borescope-new-seg-data/v1/images/train/290.png,train,7,background,hard_fp_background,"[516.20263671875, 344.721923828125, 713.5932006835938, 536.294189453125]","[496, 326, 720, 540]",0
results/fast_repro/exp06_roi/patches/train/background/307__hard3.jpg,/root/autodl-tmp/borescope-new-seg-data/v1/images/train/307.png,train,7,background,hard_fp_background,"[159.74240112304688, 450.1307373046875, 180.87950134277344, 459.84442138671875]","[158, 449, 183, 461]",3
results/fast_repro/exp06_roi/patches/train/background/98__hard5.jpg,/root/autodl-tmp/borescope-new-seg-data/v1/images/train/98.png,train,7,background,hard_fp_background,"[186.87123107910156, 144.21527099609375, 290.7837219238281, 220.34124755859375]","[176, 137, 301, 228]",5
results/fast_repro/exp06_roi/patches/train/background/98__hard6.jpg,/root/autodl-tmp/borescope-new-seg-data/v1/images/train/98.png,train,7,background,hard_fp_background,"[617.3924560546875, 291.23260498046875, 655.7463989257812, 342.6988525390625]","[614, 286, 660, 348]",6
results/fast_repro/exp06_roi/patches/train/background/228__hard1.jpg,/root/autodl-tmp/borescope-new-seg-data/v1/images/train/228.png,train,7,background,hard_fp_background,"[223.23333740234375, 192.53660583496094, 270.9295654296875, 215.16226196289062]","[218, 190, 276, 217]",1
results/fast_repro/exp06_roi/patches/train/background/314__hard2.jpg,/root/autodl-tmp/borescope-new-seg-data/v1/images/train/314.png,train,7,background,hard_fp_background,"[401.55938720703125, 323.745361328125, 451.277587890625, 359.21246337890625]","[397, 320, 456, 363]",2
results/fast_repro/exp06_roi/patches/train/background/154__hard1.jpg,/root/autodl-tmp/borescope-new-seg-data/v1/images/train/154.png,train,7,background,hard_fp_background,"[52.762184143066406, 118.23049926757812, 201.5349578857422, 249.48536682128906]","[38, 105, 216, 263]",1
results/fast_repro/exp06_roi/patches/train/background/275__hard2.jpg,/root/autodl-tmp/borescope-new-seg-data/v1/images/train/275.png,train,7,background,hard_fp_background,"[251.3975067138672, 332.649658203125, 270.6507568359375, 358.6046142578125]","[249, 330, 273, 361]",2
results/fast_repro/exp06_roi/patches/train/background/173__hard0.jpg,/root/autodl-tmp/borescope-new-seg-data/v1/images/train/173.png,train,7,background,hard_fp_background,"[179.48707580566406, 61.03947448730469, 384.90283203125, 520.1553955078125]","[159, 15, 405, 540]",0
results/fast_repro/exp06_roi/patches/train/background/175__hard0.jpg,/root/autodl-tmp/borescope-new-seg-data/v1/images/train/175.png,train,7,background,hard_fp_background,"[398.62847900390625, 336.6960754394531, 714.0842895507812, 537.8372192382812]","[367, 317, 720, 540]",0
results/fast_repro/exp06_roi/patches/train/background/471__hard1.jpg,/root/autodl-tmp/borescope-new-seg-data/v1/images/train/471.jpg,train,7,background,hard_fp_background,"[194.44589233398438, 247.33575439453125, 206.29342651367188, 290.4136047363281]","[193, 243, 207, 295]",1
results/fast_repro/exp06_roi/patches/train/background/111__hard0.jpg,/root/autodl-tmp/borescope-new-seg-data/v1/images/train/111.png,train,7,background,hard_fp_background,"[1.920459508895874, 429.3787536621094, 18.633747100830078, 457.02764892578125]","[0, 427, 20, 460]",0
results/fast_repro/exp06_roi/patches/train/background/2__hard1.jpg,/root/autodl-tmp/borescope-new-seg-data/v1/images/train/2.png,train,7,background,hard_fp_background,"[331.17095947265625, 102.5712890625, 362.25250244140625, 128.75534057617188]","[328, 100, 365, 131]",1
results/fast_repro/exp06_roi/patches/train/background/407__hard0.jpg,/root/autodl-tmp/borescope-new-seg-data/v1/images/train/407.png,train,7,background,hard_fp_background,"[505.4472351074219, 210.4029541015625, 714.1734619140625, 521.4407348632812]","[485, 179, 720, 540]",0
results/fast_repro/exp06_roi/patches/train/background/318__hard0.jpg,/root/autodl-tmp/borescope-new-seg-data/v1/images/train/318.png,train,7,background,hard_fp_background,"[244.00625610351562, 45.408172607421875, 328.3532409667969, 79.94732666015625]","[236, 42, 337, 83]",0
results/fast_repro/exp06_roi/patches/train/background/136__hard1.jpg,/root/autodl-tmp/borescope-new-seg-data/v1/images/train/136.png,train,7,background,hard_fp_background,"[291.1885070800781, 241.63409423828125, 333.2381286621094, 291.6246337890625]","[287, 237, 337, 297]",1
results/fast_repro/exp06_roi/patches/train/background/428__hard0.jpg,/root/autodl-tmp/borescope-new-seg-data/v1/images/train/428.png,train,7,background,hard_fp_background,"[17.60535430908203, 126.50071716308594, 73.49777221679688, 161.5226287841797]","[12, 123, 79, 165]",0
results/fast_repro/exp06_roi/patches/train/background/236__hard2.jpg,/root/autodl-tmp/borescope-new-seg-data/v1/images/train/236.png,train,7,background,hard_fp_background,"[646.0914306640625, 266.0091552734375, 715.196533203125, 312.28521728515625]","[639, 261, 720, 317]",2
results/fast_repro/exp06_roi/patches/train/background/113__hard1.jpg,/root/autodl-tmp/borescope-new-seg-data/v1/images/train/113.png,train,7,background,hard_fp_background,"[350.8822021484375, 24.0439453125, 452.72216796875, 69.95919799804688]","[341, 19, 463, 75]",1
results/fast_repro/exp06_roi/patches/train/background/238__hard0.jpg,/root/autodl-tmp/borescope-new-seg-data/v1/images/train/238.png,train,7,background,hard_fp_background,"[504.696533203125, 343.09759521484375, 556.9479370117188, 376.40692138671875]","[499, 340, 562, 380]",0
results/fast_repro/exp06_roi/patches/train/background/313__hard0.jpg,/root/autodl-tmp/borescope-new-seg-data/v1/images/train/313.png,train,7,background,hard_fp_background,"[23.073177337646484, 180.2478790283203, 397.0489501953125, 535.0389404296875]","[0, 145, 434, 540]",0
results/fast_repro/exp06_roi/patches/train/background/103__hard2.jpg,/root/autodl-tmp/borescope-new-seg-data/v1/images/train/103.png,train,7,background,hard_fp_background,"[330.73394775390625, 86.57957458496094, 349.3277587890625, 104.86021423339844]","[329, 85, 351, 107]",2
results/fast_repro/exp06_roi/patches/train/background/274__hard0.jpg,/root/autodl-tmp/borescope-new-seg-data/v1/images/train/274.png,train,7,background,hard_fp_background,"[483.731201171875, 146.3583526611328, 589.93212890625, 268.55377197265625]","[473, 134, 601, 281]",0
results/fast_repro/exp06_roi/patches/train/background/228__hard3.jpg,/root/autodl-tmp/borescope-new-seg-data/v1/images/train/228.png,train,7,background,hard_fp_background,"[30.62849235534668, 233.09263610839844, 54.56031036376953, 243.87660217285156]","[28, 232, 57, 245]",3
results/fast_repro/exp06_roi/patches/train/background/98__hard7.jpg,/root/autodl-tmp/borescope-new-seg-data/v1/images/train/98.png,train,7,background,hard_fp_background,"[40.08292007446289, 195.90103149414062, 69.2463150024414, 243.37631225585938]","[37, 191, 72, 248]",7
results/fast_repro/exp06_roi/patches/train/background/541__hard0.jpg,/root/autodl-tmp/borescope-new-seg-data/v1/images/train/541.jpg,train,7,background,hard_fp_background,"[681.3616333007812, 185.28268432617188, 696.3211669921875, 255.7968292236328]","[680, 178, 698, 263]",0
results/fast_repro/exp06_roi/patches/train/background/415__hard1.jpg,/root/autodl-tmp/borescope-new-seg-data/v1/images/train/415.png,train,7,background,hard_fp_background,"[458.01348876953125, 4.466208457946777, 531.2471313476562, 139.36355590820312]","[451, 0, 539, 153]",1
results/fast_repro/exp06_roi/patches/train/background/314__hard3.jpg,/root/autodl-tmp/borescope-new-seg-data/v1/images/train/314.png,train,7,background,hard_fp_background,"[151.98953247070312, 284.7703857421875, 229.21017456054688, 394.13226318359375]","[144, 274, 237, 405]",3
results/fast_repro/exp06_roi/patches/train/background/670__hard1.jpg,/root/autodl-tmp/borescope-new-seg-data/v1/images/train/670.jpg,train,7,background,hard_fp_background,"[2.833059310913086, 98.55377197265625, 60.625091552734375, 345.61407470703125]","[0, 74, 66, 370]",1
results/fast_repro/exp06_roi/patches/train/background/508__hard0.jpg,/root/autodl-tmp/borescope-new-seg-data/v1/images/train/508.jpg,train,7,background,hard_fp_background,"[382.6440124511719, 216.5153350830078, 410.74365234375, 272.677001953125]","[380, 211, 414, 278]",0
results/fast_repro/exp06_roi/patches/train/background/405__hard0.jpg,/root/autodl-tmp/borescope-new-seg-data/v1/images/train/405.png,train,7,background,hard_fp_background,"[314.14044189453125, 200.6251220703125, 351.2867431640625, 214.3482666015625]","[310, 199, 355, 216]",0
results/fast_repro/exp06_roi/patches/train/background/489__hard0.jpg,/root/autodl-tmp/borescope-new-seg-data/v1/images/train/489.jpg,train,7,background,hard_fp_background,"[532.623779296875, 192.07545471191406, 566.997802734375, 319.536865234375]","[529, 179, 570, 332]",0
results/fast_repro/exp06_roi/patches/train/background/272__hard0.jpg,/root/autodl-tmp/borescope-new-seg-data/v1/images/train/272.png,train,7,background,hard_fp_background,"[262.94482421875, 238.87841796875, 630.59521484375, 467.94775390625]","[226, 216, 640, 480]",0
results/fast_repro/exp06_roi/patches/train/background/386__hard0.jpg,/root/autodl-tmp/borescope-new-seg-data/v1/images/train/386.png,train,7,background,hard_fp_background,"[394.397216796875, 247.01846313476562, 615.0999145507812, 441.6102294921875]","[372, 228, 637, 461]",0
results/fast_repro/exp06_roi/patches/train/background/198__hard0.jpg,/root/autodl-tmp/borescope-new-seg-data/v1/images/train/198.png,train,7,background,hard_fp_background,"[433.51019287109375, 55.625823974609375, 638.15283203125, 535.6143798828125]","[413, 8, 659, 540]",0
results/fast_repro/exp06_roi/patches/train/background/67__hard0.jpg,/root/autodl-tmp/borescope-new-seg-data/v1/images/train/67.png,train,7,background,hard_fp_background,"[58.99811935424805, 327.29986572265625, 84.8317642211914, 342.0999755859375]","[56, 326, 87, 344]",0
results/fast_repro/exp06_roi/patches/train/background/110__hard1.jpg,/root/autodl-tmp/borescope-new-seg-data/v1/images/train/110.png,train,7,background,hard_fp_background,"[403.30584716796875, 224.00010681152344, 670.3914184570312, 340.7012939453125]","[377, 212, 697, 352]",1
results/fast_repro/exp06_roi/patches/train/background/33__hard18.jpg,/root/autodl-tmp/borescope-new-seg-data/v1/images/train/33.png,train,7,background,hard_fp_background,"[364.36767578125, 281.6406555175781, 396.6348876953125, 311.1350402832031]","[361, 279, 400, 314]",18
results/fast_repro/exp06_roi/patches/train/background/76__hard0.jpg,/root/autodl-tmp/borescope-new-seg-data/v1/images/train/76.png,train,7,background,hard_fp_background,"[355.6719970703125, 454.6763610839844, 385.5615539550781, 538.5352783203125]","[353, 446, 389, 540]",0
results/fast_repro/exp06_roi/patches/train/background/299__hard0.jpg,/root/autodl-tmp/borescope-new-seg-data/v1/images/train/299.png,train,7,background,hard_fp_background,"[551.844482421875, 6.11857795715332, 587.1861572265625, 79.91930389404297]","[548, 0, 591, 87]",0
results/fast_repro/exp06_roi/patches/train/background/105__hard1.jpg,/root/autodl-tmp/borescope-new-seg-data/v1/images/train/105.png,train,7,background,hard_fp_background,"[565.9637451171875, 100.93778228759766, 641.4071044921875, 137.4635467529297]","[558, 97, 649, 141]",1
results/fast_repro/exp06_roi/patches/train/background/238__hard1.jpg,/root/autodl-tmp/borescope-new-seg-data/v1/images/train/238.png,train,7,background,hard_fp_background,"[570.8848266601562, 341.4879150390625, 600.484130859375, 355.89508056640625]","[568, 340, 603, 357]",1
results/fast_repro/exp06_roi/patches/train/background/273__hard1.jpg,/root/autodl-tmp/borescope-new-seg-data/v1/images/train/273.png,train,7,background,hard_fp_background,"[59.866416931152344, 455.49761962890625, 116.64756774902344, 490.1064147949219]","[54, 452, 122, 494]",1
results/fast_repro/exp06_roi/patches/train/background/613__hard1.jpg,/root/autodl-tmp/borescope-new-seg-data/v1/images/train/613.jpg,train,7,background,hard_fp_background,"[324.2849426269531, 0.0, 343.2486877441406, 6.3225555419921875]","[322, 0, 345, 7]",1
results/fast_repro/exp06_roi/patches/train/background/384__hard3.jpg,/root/autodl-tmp/borescope-new-seg-data/v1/images/train/384.png,train,7,background,hard_fp_background,"[142.00698852539062, 341.19146728515625, 162.1865997314453, 364.38031005859375]","[140, 339, 164, 367]",3
results/fast_repro/exp06_roi/patches/train/background/469__hard1.jpg,/root/autodl-tmp/borescope-new-seg-data/v1/images/train/469.jpg,train,7,background,hard_fp_background,"[387.3078918457031, 154.73487854003906, 680.17431640625, 323.1158447265625]","[358, 138, 709, 340]",1
results/fast_repro/exp06_roi/patches/train/background/83__hard1.jpg,/root/autodl-tmp/borescope-new-seg-data/v1/images/train/83.png,train,7,background,hard_fp_background,"[243.4762725830078, 194.50453186035156, 696.7810668945312, 449.4832763671875]","[198, 169, 720, 475]",1
results/fast_repro/exp06_roi/patches/train/background/110__hard2.jpg,/root/autodl-tmp/borescope-new-seg-data/v1/images/train/110.png,train,7,background,hard_fp_background,"[28.263900756835938, 469.57421875, 53.105857849121094, 503.717529296875]","[26, 466, 56, 507]",2
results/fast_repro/exp06_roi/patches/train/background/98__hard8.jpg,/root/autodl-tmp/borescope-new-seg-data/v1/images/train/98.png,train,7,background,hard_fp_background,"[379.83148193359375, 157.89968872070312, 714.9474487304688, 517.4110107421875]","[346, 122, 720, 540]",8
results/fast_repro/exp06_roi/patches/train/background/58__hard6.jpg,/root/autodl-tmp/borescope-new-seg-data/v1/images/train/58.png,train,7,background,hard_fp_background,"[257.3897705078125, 260.7626953125, 278.32562255859375, 276.85711669921875]","[255, 259, 280, 278]",6
results/fast_repro/exp06_roi/patches/train/background/59__hard0.jpg,/root/autodl-tmp/borescope-new-seg-data/v1/images/train/59.png,train,7,background,hard_fp_background,"[250.37937927246094, 310.0393981933594, 347.1159973144531, 354.1363830566406]","[241, 306, 357, 359]",0
results/fast_repro/exp06_roi/patches/train/background/209__hard1.jpg,/root/autodl-tmp/borescope-new-seg-data/v1/images/train/209.png,train,7,background,hard_fp_background,"[311.77978515625, 240.42755126953125, 328.263671875, 286.9648132324219]","[310, 236, 330, 292]",1
results/fast_repro/exp06_roi/patches/train/background/44__hard1.jpg,/root/autodl-tmp/borescope-new-seg-data/v1/images/train/44.png,train,7,background,hard_fp_background,"[338.85174560546875, 112.36538696289062, 718.5783081054688, 234.86843872070312]","[301, 100, 720, 247]",1
results/fast_repro/exp06_roi/patches/train/background/346__hard0.jpg,/root/autodl-tmp/borescope-new-seg-data/v1/images/train/346.png,train,7,background,hard_fp_background,"[157.2971649169922, 290.91510009765625, 193.42037963867188, 311.709716796875]","[154, 289, 197, 314]",0
results/fast_repro/exp06_roi/patches/train/background/185__hard2.jpg,/root/autodl-tmp/borescope-new-seg-data/v1/images/train/185.png,train,7,background,hard_fp_background,"[498.85845947265625, 89.42424774169922, 521.425048828125, 106.79067993164062]","[497, 88, 524, 109]",2
results/fast_repro/exp06_roi/patches/train/background/141__hard0.jpg,/root/autodl-tmp/borescope-new-seg-data/v1/images/train/141.png,train,7,background,hard_fp_background,"[8.979452133178711, 0.0, 110.09718322753906, 226.31198120117188]","[0, 0, 120, 249]",0
results/fast_repro/exp06_roi/patches/train/background/582__hard1.jpg,/root/autodl-tmp/borescope-new-seg-data/v1/images/train/582.jpg,train,7,background,hard_fp_background,"[0.0, 0.0, 400.30206298828125, 714.8574829101562]","[0, 0, 440, 720]",1
results/fast_repro/exp06_roi/patches/train/background/389__hard0.jpg,/root/autodl-tmp/borescope-new-seg-data/v1/images/train/389.png,train,7,background,hard_fp_background,"[503.64886474609375, 325.33074951171875, 612.5664672851562, 452.4862976074219]","[493, 313, 623, 465]",0
results/fast_repro/exp06_roi/patches/train/background/314__hard4.jpg,/root/autodl-tmp/borescope-new-seg-data/v1/images/train/314.png,train,7,background,hard_fp_background,"[260.08465576171875, 353.43402099609375, 286.68231201171875, 371.6290283203125]","[257, 352, 289, 373]",4
results/fast_repro/exp06_roi/patches/train/background/307__hard4.jpg,/root/autodl-tmp/borescope-new-seg-data/v1/images/train/307.png,train,7,background,hard_fp_background,"[582.9947509765625, 341.8225402832031, 609.9758911132812, 355.75946044921875]","[580, 340, 613, 357]",4
results/fast_repro/exp06_roi/patches/train/background/210__hard6.jpg,/root/autodl-tmp/borescope-new-seg-data/v1/images/train/210.png,train,7,background,hard_fp_background,"[300.9498291015625, 371.11785888671875, 334.3557434082031, 405.3466491699219]","[298, 368, 338, 409]",6
results/fast_repro/exp06_roi/patches/train/background/510__hard1.jpg,/root/autodl-tmp/borescope-new-seg-data/v1/images/train/510.jpg,train,7,background,hard_fp_background,"[236.39599609375, 282.21624755859375, 272.9525146484375, 361.90179443359375]","[233, 274, 277, 370]",1
results/fast_repro/exp06_roi/patches/train/background/49__hard1.jpg,/root/autodl-tmp/borescope-new-seg-data/v1/images/train/49.png,train,7,background,hard_fp_background,"[263.55419921875, 368.52252197265625, 340.61956787109375, 410.52764892578125]","[256, 364, 348, 415]",1
results/fast_repro/exp06_roi/patches/train/background/213__hard1.jpg,/root/autodl-tmp/borescope-new-seg-data/v1/images/train/213.png,train,7,background,hard_fp_background,"[149.72207641601562, 64.40748596191406, 182.80795288085938, 78.43861389160156]","[146, 63, 186, 80]",1
results/fast_repro/exp06_roi/patches/train/background/108__hard0.jpg,/root/autodl-tmp/borescope-new-seg-data/v1/images/train/108.png,train,7,background,hard_fp_background,"[201.62213134765625, 261.1279296875, 601.536376953125, 535.6950073242188]","[162, 234, 642, 540]",0
results/fast_repro/exp06_roi/patches/train/background/964__hard1.jpg,/root/autodl-tmp/borescope-new-seg-data/v1/images/train/964.jpg,train,7,background,hard_fp_background,"[677.7997436523438, 302.5318908691406, 697.826416015625, 365.0569152832031]","[676, 296, 700, 371]",1
results/fast_repro/exp06_roi/patches/train/background/391__hard3.jpg,/root/autodl-tmp/borescope-new-seg-data/v1/images/train/391.png,train,7,background,hard_fp_background,"[390.0816650390625, 11.111675262451172, 553.3209228515625, 325.7864074707031]","[374, 0, 570, 357]",3
results/fast_repro/exp06_roi/patches/train/background/627__hard2.jpg,/root/autodl-tmp/borescope-new-seg-data/v1/images/train/627.jpg,train,7,background,hard_fp_background,"[291.96527099609375, 166.44186401367188, 376.0921630859375, 214.19485473632812]","[284, 162, 385, 219]",2
results/fast_repro/exp06_roi/patches/train/background/758__hard1.jpg,/root/autodl-tmp/borescope-new-seg-data/v1/images/train/758.jpg,train,7,background,hard_fp_background,"[131.44143676757812, 469.04736328125, 194.1536407470703, 523.6305541992188]","[125, 464, 200, 529]",1
results/fast_repro/exp06_roi/patches/train/background/322__hard5.jpg,/root/autodl-tmp/borescope-new-seg-data/v1/images/train/322.png,train,7,background,hard_fp_background,"[609.0044555664062, 306.590576171875, 658.4517211914062, 336.2726135253906]","[604, 304, 663, 339]",5
results/fast_repro/exp06_roi/patches/train/background/195__hard0.jpg,/root/autodl-tmp/borescope-new-seg-data/v1/images/train/195.png,train,7,background,hard_fp_background,"[121.61080932617188, 20.638778686523438, 215.05419921875, 189.1158447265625]","[112, 4, 224, 206]",0
results/fast_repro/exp06_roi/patches/train/background/210__hard7.jpg,/root/autodl-tmp/borescope-new-seg-data/v1/images/train/210.png,train,7,background,hard_fp_background,"[280.4763488769531, 196.70213317871094, 694.6865234375, 460.3530578613281]","[239, 170, 720, 487]",7
results/fast_repro/exp06_roi/patches/train/background/314__hard5.jpg,/root/autodl-tmp/borescope-new-seg-data/v1/images/train/314.png,train,7,background,hard_fp_background,"[388.7947998046875, 319.36761474609375, 541.7160034179688, 409.86627197265625]","[374, 310, 557, 419]",5
results/fast_repro/exp06_roi/patches/train/background/337__hard3.jpg,/root/autodl-tmp/borescope-new-seg-data/v1/images/train/337.png,train,7,background,hard_fp_background,"[5.144657135009766, 234.01065063476562, 132.20301818847656, 278.9532470703125]","[0, 230, 145, 283]",3
results/fast_repro/exp06_roi/patches/train/background/471__hard2.jpg,/root/autodl-tmp/borescope-new-seg-data/v1/images/train/471.jpg,train,7,background,hard_fp_background,"[193.83450317382812, 248.32664489746094, 214.91932678222656, 296.21270751953125]","[192, 244, 217, 301]",2
results/fast_repro/exp06_roi/patches/train/background/213__hard2.jpg,/root/autodl-tmp/borescope-new-seg-data/v1/images/train/213.png,train,7,background,hard_fp_background,"[137.111572265625, 63.8050537109375, 183.12118530273438, 83.39633178710938]","[133, 62, 188, 85]",2
results/fast_repro/exp06_roi/patches/train/background/129__hard0.jpg,/root/autodl-tmp/borescope-new-seg-data/v1/images/train/129.png,train,7,background,hard_fp_background,"[17.284481048583984, 385.3323974609375, 311.1825866699219, 540.0]","[0, 370, 341, 540]",0
results/fast_repro/exp06_roi/patches/train/background/384__hard4.jpg,/root/autodl-tmp/borescope-new-seg-data/v1/images/train/384.png,train,7,background,hard_fp_background,"[29.272144317626953, 165.7132110595703, 559.1461791992188, 348.27886962890625]","[0, 147, 612, 367]",4
results/fast_repro/exp06_roi/patches/train/background/536__hard2.jpg,/root/autodl-tmp/borescope-new-seg-data/v1/images/train/536.jpg,train,7,background,hard_fp_background,"[228.28948974609375, 120.04472351074219, 372.0004577636719, 262.9774169921875]","[214, 106, 386, 277]",2
results/fast_repro/exp06_roi/patches/train/background/55__hard0.jpg,/root/autodl-tmp/borescope-new-seg-data/v1/images/train/55.png,train,7,background,hard_fp_background,"[168.99310302734375, 201.640625, 248.00930786132812, 248.7724609375]","[161, 197, 256, 253]",0
results/fast_repro/exp06_roi/patches/train/background/365__hard2.jpg,/root/autodl-tmp/borescope-new-seg-data/v1/images/train/365.png,train,7,background,hard_fp_background,"[238.47335815429688, 7.825089454650879, 427.6452941894531, 146.35018920898438]","[220, 0, 447, 160]",2
results/fast_repro/exp06_roi/patches/train/background/393__hard0.jpg,/root/autodl-tmp/borescope-new-seg-data/v1/images/train/393.png,train,7,background,hard_fp_background,"[237.39927673339844, 149.36453247070312, 314.140625, 182.99404907226562]","[230, 146, 322, 186]",0
results/fast_repro/exp06_roi/patches/train/background/65__hard2.jpg,/root/autodl-tmp/borescope-new-seg-data/v1/images/train/65.png,train,7,background,hard_fp_background,"[20.637548446655273, 173.28048706054688, 80.72147369384766, 205.58578491210938]","[15, 170, 87, 209]",2
results/fast_repro/exp06_roi/patches/train/background/156__hard1.jpg,/root/autodl-tmp/borescope-new-seg-data/v1/images/train/156.png,train,7,background,hard_fp_background,"[3.4594810009002686, 389.2014465332031, 22.790748596191406, 425.4695129394531]","[2, 386, 25, 429]",1
results/fast_repro/exp06_roi/patches/train/background/59__hard1.jpg,/root/autodl-tmp/borescope-new-seg-data/v1/images/train/59.png,train,7,background,hard_fp_background,"[380.5331115722656, 330.301025390625, 401.0287780761719, 344.14373779296875]","[378, 329, 403, 346]",1
results/fast_repro/exp06_roi/patches/train/background/305__hard0.jpg,/root/autodl-tmp/borescope-new-seg-data/v1/images/train/305.png,train,7,background,hard_fp_background,"[441.6673889160156, 0.0, 710.727294921875, 166.24957275390625]","[415, 0, 720, 183]",0
results/fast_repro/exp06_roi/patches/train/background/15__hard0.jpg,/root/autodl-tmp/borescope-new-seg-data/v1/images/train/15.png,train,7,background,hard_fp_background,"[484.9851379394531, 205.21890258789062, 638.4063110351562, 379.715576171875]","[470, 188, 654, 397]",0
results/fast_repro/exp06_roi/patches/train/background/213__hard3.jpg,/root/autodl-tmp/borescope-new-seg-data/v1/images/train/213.png,train,7,background,hard_fp_background,"[2.2381629943847656, 121.49462890625, 57.593387603759766, 150.48876953125]","[0, 119, 63, 153]",3
results/fast_repro/exp06_roi/patches/train/background/213__hard4.jpg,/root/autodl-tmp/borescope-new-seg-data/v1/images/train/213.png,train,7,background,hard_fp_background,"[138.09217834472656, 70.45162963867188, 171.0488739013672, 90.04916381835938]","[135, 68, 174, 92]",4
results/fast_repro/exp06_roi/patches/train/background/305__hard1.jpg,/root/autodl-tmp/borescope-new-seg-data/v1/images/train/305.png,train,7,background,hard_fp_background,"[566.2332763671875, 300.5697937011719, 712.5582885742188, 479.6078796386719]","[552, 283, 720, 498]",1
results/fast_repro/exp06_roi/patches/train/background/921__hard1.jpg,/root/autodl-tmp/borescope-new-seg-data/v1/images/train/921.jpg,train,7,background,hard_fp_background,"[667.046630859375, 667.8424072265625, 784.2652587890625, 720.0]","[655, 663, 796, 720]",1
results/fast_repro/exp06_roi/patches/train/background/173__hard2.jpg,/root/autodl-tmp/borescope-new-seg-data/v1/images/train/173.png,train,7,background,hard_fp_background,"[533.1896362304688, 0.41962623596191406, 709.6508178710938, 95.92595672607422]","[516, 0, 720, 105]",2
results/fast_repro/exp06_roi/patches/train/background/157__hard3.jpg,/root/autodl-tmp/borescope-new-seg-data/v1/images/train/157.png,train,7,background,hard_fp_background,"[174.97406005859375, 354.132080078125, 200.49041748046875, 375.8101806640625]","[172, 352, 203, 378]",3
results/fast_repro/exp06_roi/patches/train/background/582__hard3.jpg,/root/autodl-tmp/borescope-new-seg-data/v1/images/train/582.jpg,train,7,background,hard_fp_background,"[534.3092651367188, 8.23883056640625, 888.2572631835938, 104.04093933105469]","[499, 0, 924, 114]",3
results/fast_repro/exp06_roi/patches/train/background/153__hard1.jpg,/root/autodl-tmp/borescope-new-seg-data/v1/images/train/153.png,train,7,background,hard_fp_background,"[312.8623962402344, 225.7421875, 420.6216735839844, 337.39007568359375]","[302, 215, 431, 349]",1
results/fast_repro/exp06_roi/patches/train/background/337__hard4.jpg,/root/autodl-tmp/borescope-new-seg-data/v1/images/train/337.png,train,7,background,hard_fp_background,"[151.20867919921875, 389.55438232421875, 407.74871826171875, 538.446533203125]","[126, 375, 433, 540]",4
results/fast_repro/exp06_roi/patches/train/background/541__hard1.jpg,/root/autodl-tmp/borescope-new-seg-data/v1/images/train/541.jpg,train,7,background,hard_fp_background,"[681.8994750976562, 195.16175842285156, 707.2965087890625, 306.1846008300781]","[679, 184, 710, 317]",1
results/fast_repro/exp06_roi/patches/train/background/764__hard1.jpg,/root/autodl-tmp/borescope-new-seg-data/v1/images/train/764.jpg,train,7,background,hard_fp_background,"[355.783203125, 54.856544494628906, 370.26568603515625, 81.81857299804688]","[354, 52, 372, 85]",1
results/fast_repro/exp06_roi/patches/train/background/153__hard2.jpg,/root/autodl-tmp/borescope-new-seg-data/v1/images/train/153.png,train,7,background,hard_fp_background,"[35.25715255737305, 124.12367248535156, 510.5584716796875, 354.92425537109375]","[0, 101, 558, 378]",2
results/fast_repro/exp06_roi/patches/train/background/84__hard0.jpg,/root/autodl-tmp/borescope-new-seg-data/v1/images/train/84.png,train,7,background,hard_fp_background,"[346.66259765625, 176.32485961914062, 703.5512084960938, 492.2110595703125]","[311, 145, 720, 524]",0
results/fast_repro/exp06_roi/patches/train/background/209__hard2.jpg,/root/autodl-tmp/borescope-new-seg-data/v1/images/train/209.png,train,7,background,hard_fp_background,"[116.83357238769531, 224.41546630859375, 188.29180908203125, 369.950927734375]","[110, 210, 195, 385]",2
results/fast_repro/exp06_roi/patches/train/background/209__hard3.jpg,/root/autodl-tmp/borescope-new-seg-data/v1/images/train/209.png,train,7,background,hard_fp_background,"[5.454651832580566, 418.8276062011719, 117.98175811767578, 537.8840942382812]","[0, 407, 129, 540]",3
results/fast_repro/exp06_roi/patches/train/background/401__hard0.jpg,/root/autodl-tmp/borescope-new-seg-data/v1/images/train/401.png,train,7,background,hard_fp_background,"[335.3168029785156, 465.2234802246094, 361.7409973144531, 487.27764892578125]","[333, 463, 364, 489]",0
results/fast_repro/exp06_roi/patches/train/background/109__hard3.jpg,/root/autodl-tmp/borescope-new-seg-data/v1/images/train/109.png,train,7,background,hard_fp_background,"[353.1634521484375, 34.69801712036133, 441.7355651855469, 238.15798950195312]","[344, 14, 451, 259]",3
results/fast_repro/exp06_roi/patches/train/background/243__hard0.jpg,/root/autodl-tmp/borescope-new-seg-data/v1/images/train/243.png,train,7,background,hard_fp_background,"[552.8826293945312, 463.25616455078125, 590.611328125, 488.0025329589844]","[549, 461, 594, 490]",0
results/fast_repro/exp06_roi/patches/train/background/79__hard0.jpg,/root/autodl-tmp/borescope-new-seg-data/v1/images/train/79.png,train,7,background,hard_fp_background,"[472.42041015625, 9.792749404907227, 650.01123046875, 78.2279052734375]","[455, 3, 668, 85]",0
results/fast_repro/exp06_roi/patches/train/background/345__hard4.jpg,/root/autodl-tmp/borescope-new-seg-data/v1/images/train/345.png,train,7,background,hard_fp_background,"[398.2662048339844, 423.38232421875, 435.9464111328125, 456.144775390625]","[394, 420, 440, 459]",4
results/fast_repro/exp06_roi/patches/train/background/88__hard0.jpg,/root/autodl-tmp/borescope-new-seg-data/v1/images/train/88.png,train,7,background,hard_fp_background,"[656.9837646484375, 41.01305389404297, 697.2291870117188, 92.16004943847656]","[653, 36, 701, 97]",0
results/fast_repro/exp06_roi/patches/train/background/157__hard4.jpg,/root/autodl-tmp/borescope-new-seg-data/v1/images/train/157.png,train,7,background,hard_fp_background,"[319.0769958496094, 352.3898010253906, 348.2912292480469, 375.1026306152344]","[316, 350, 351, 377]",4
results/fast_repro/exp06_roi/patches/train/background/177__hard1.jpg,/root/autodl-tmp/borescope-new-seg-data/v1/images/train/177.png,train,7,background,hard_fp_background,"[133.15753173828125, 39.509307861328125, 360.5650634765625, 534.0540161132812]","[110, 0, 383, 540]",1
results/fast_repro/exp06_roi/patches/train/background/50__hard3.jpg,/root/autodl-tmp/borescope-new-seg-data/v1/images/train/50.png,train,7,background,hard_fp_background,"[5.7256622314453125, 359.00970458984375, 570.2330932617188, 538.5986328125]","[0, 341, 627, 540]",3
results/fast_repro/exp06_roi/patches/train/background/221__hard0.jpg,/root/autodl-tmp/borescope-new-seg-data/v1/images/train/221.png,train,7,background,hard_fp_background,"[268.3896484375, 92.5859375, 364.6934814453125, 126.53515625]","[259, 89, 374, 130]",0
results/fast_repro/exp06_roi/patches/train/background/54__hard8.jpg,/root/autodl-tmp/borescope-new-seg-data/v1/images/train/54.png,train,7,background,hard_fp_background,"[421.0546569824219, 199.98626708984375, 481.48468017578125, 244.482666015625]","[415, 196, 488, 249]",8
results/fast_repro/exp06_roi/patches/train/background/257__hard0.jpg,/root/autodl-tmp/borescope-new-seg-data/v1/images/train/257.png,train,7,background,hard_fp_background,"[65.42256164550781, 138.46920776367188, 117.93605041503906, 180.80487060546875]","[60, 134, 123, 185]",0
results/fast_repro/exp06_roi/patches/train/background/54__hard9.jpg,/root/autodl-tmp/borescope-new-seg-data/v1/images/train/54.png,train,7,background,hard_fp_background,"[525.52099609375, 237.0091552734375, 552.8906860351562, 256.5354309082031]","[523, 235, 556, 258]",9
results/fast_repro/exp06_roi/patches/train/background/151__hard0.jpg,/root/autodl-tmp/borescope-new-seg-data/v1/images/train/151.png,train,7,background,hard_fp_background,"[453.171875, 177.89324951171875, 571.912841796875, 240.88812255859375]","[441, 172, 584, 247]",0
results/fast_repro/exp06_roi/patches/train/background/386__hard1.jpg,/root/autodl-tmp/borescope-new-seg-data/v1/images/train/386.png,train,7,background,hard_fp_background,"[212.05337524414062, 299.7877197265625, 352.9703369140625, 428.1646728515625]","[198, 287, 367, 441]",1
results/fast_repro/exp06_roi/patches/train/background/50__hard4.jpg,/root/autodl-tmp/borescope-new-seg-data/v1/images/train/50.png,train,7,background,hard_fp_background,"[397.70892333984375, 12.492073059082031, 589.1407470703125, 283.4057312011719]","[379, 0, 608, 310]",4
results/fast_repro/exp06_roi/patches/train/background/222__hard0.jpg,/root/autodl-tmp/borescope-new-seg-data/v1/images/train/222.png,train,7,background,hard_fp_background,"[149.5328826904297, 96.29962921142578, 190.599853515625, 113.73973846435547]","[145, 95, 195, 115]",0
results/fast_repro/exp06_roi/patches/train/background/386__hard2.jpg,/root/autodl-tmp/borescope-new-seg-data/v1/images/train/386.png,train,7,background,hard_fp_background,"[589.39794921875, 13.657773971557617, 676.0765380859375, 82.0216064453125]","[581, 7, 685, 89]",2
results/fast_repro/exp06_roi/patches/train/background/123__hard1.jpg,/root/autodl-tmp/borescope-new-seg-data/v1/images/train/123.png,train,7,background,hard_fp_background,"[66.71923828125, 402.85906982421875, 89.99485778808594, 418.4850769042969]","[64, 401, 92, 420]",1
results/fast_repro/exp06_roi/patches/train/background/327__hard3.jpg,/root/autodl-tmp/borescope-new-seg-data/v1/images/train/327.png,train,7,background,hard_fp_background,"[7.7089996337890625, 250.39556884765625, 146.36053466796875, 293.058349609375]","[0, 246, 160, 297]",3
results/fast_repro/exp06_roi/patches/train/background/117__hard1.jpg,/root/autodl-tmp/borescope-new-seg-data/v1/images/train/117.png,train,7,background,hard_fp_background,"[571.4934692382812, 42.558837890625, 631.4161987304688, 78.2838363647461]","[566, 39, 637, 82]",1
results/fast_repro/exp06_roi/patches/train/background/171__hard5.jpg,/root/autodl-tmp/borescope-new-seg-data/v1/images/train/171.png,train,7,background,hard_fp_background,"[74.35970306396484, 518.380126953125, 99.46704864501953, 533.0935668945312]","[72, 517, 102, 535]",5
results/fast_repro/exp06_roi/patches/train/background/482__hard0.jpg,/root/autodl-tmp/borescope-new-seg-data/v1/images/train/482.jpg,train,7,background,hard_fp_background,"[608.2700805664062, 183.49630737304688, 634.7866821289062, 311.6752624511719]","[606, 171, 637, 324]",0
results/fast_repro/exp06_roi/patches/train/background/197__hard2.jpg,/root/autodl-tmp/borescope-new-seg-data/v1/images/train/197.png,train,7,background,hard_fp_background,"[221.9453125, 319.93572998046875, 321.513916015625, 469.9580383300781]","[212, 305, 331, 485]",2
results/fast_repro/exp06_roi/patches/train/background/348__hard1.jpg,/root/autodl-tmp/borescope-new-seg-data/v1/images/train/348.png,train,7,background,hard_fp_background,"[334.3094482421875, 391.29510498046875, 365.9993591308594, 404.1212158203125]","[331, 390, 369, 405]",1
results/fast_repro/exp06_roi/patches/train/background/270__hard1.jpg,/root/autodl-tmp/borescope-new-seg-data/v1/images/train/270.png,train,7,background,hard_fp_background,"[334.8630065917969, 258.6175537109375, 361.80462646484375, 316.24578857421875]","[332, 253, 364, 322]",1
results/fast_repro/exp06_roi/patches/train/background/228__hard4.jpg,/root/autodl-tmp/borescope-new-seg-data/v1/images/train/228.png,train,7,background,hard_fp_background,"[241.40554809570312, 191.9948272705078, 271.29913330078125, 213.98379516601562]","[238, 190, 274, 216]",4
results/fast_repro/exp06_roi/patches/train/background/584__hard6.jpg,/root/autodl-tmp/borescope-new-seg-data/v1/images/train/584.jpg,train,7,background,hard_fp_background,"[341.7227783203125, 270.84600830078125, 365.33428955078125, 281.43194580078125]","[339, 270, 368, 282]",6
results/fast_repro/exp06_roi/patches/train/background/141__hard1.jpg,/root/autodl-tmp/borescope-new-seg-data/v1/images/train/141.png,train,7,background,hard_fp_background,"[118.73477172851562, 31.530813217163086, 439.6303405761719, 470.23291015625]","[87, 0, 472, 514]",1
results/fast_repro/exp06_roi/patches/train/background/405__hard1.jpg,/root/autodl-tmp/borescope-new-seg-data/v1/images/train/405.png,train,7,background,hard_fp_background,"[273.9205017089844, 255.15286254882812, 320.65216064453125, 274.69000244140625]","[269, 253, 325, 277]",1
results/fast_repro/exp06_roi/patches/train/background/296__hard0.jpg,/root/autodl-tmp/borescope-new-seg-data/v1/images/train/296.png,train,7,background,hard_fp_background,"[376.4916687011719, 121.51661682128906, 435.72296142578125, 166.23269653320312]","[371, 117, 442, 171]",0
results/fast_repro/exp06_roi/patches/train/background/401__hard2.jpg,/root/autodl-tmp/borescope-new-seg-data/v1/images/train/401.png,train,7,background,hard_fp_background,"[585.6781005859375, 248.68893432617188, 713.916015625, 323.6943664550781]","[573, 241, 720, 331]",2
results/fast_repro/exp06_roi/patches/train/background/338__hard1.jpg,/root/autodl-tmp/borescope-new-seg-data/v1/images/train/338.png,train,7,background,hard_fp_background,"[175.87246704101562, 75.49495697021484, 248.02896118164062, 161.7044677734375]","[169, 67, 255, 170]",1
results/fast_repro/exp06_roi/patches/train/background/139__hard1.jpg,/root/autodl-tmp/borescope-new-seg-data/v1/images/train/139.png,train,7,background,hard_fp_background,"[20.187255859375, 186.03297424316406, 64.84317779541016, 209.81137084960938]","[16, 184, 69, 212]",1
results/fast_repro/exp06_roi/patches/train/background/95__hard2.jpg,/root/autodl-tmp/borescope-new-seg-data/v1/images/train/95.png,train,7,background,hard_fp_background,"[76.65681457519531, 470.5655212402344, 111.35345458984375, 540.0]","[73, 464, 115, 540]",2
results/fast_repro/exp06_roi/patches/train/background/289__hard1.jpg,/root/autodl-tmp/borescope-new-seg-data/v1/images/train/289.png,train,7,background,hard_fp_background,"[555.05224609375, 384.71722412109375, 584.7645263671875, 396.19281005859375]","[552, 384, 588, 397]",1
results/fast_repro/exp06_roi/patches/train/background/98__hard10.jpg,/root/autodl-tmp/borescope-new-seg-data/v1/images/train/98.png,train,7,background,hard_fp_background,"[602.6818237304688, 288.3435363769531, 673.15087890625, 345.92486572265625]","[596, 283, 680, 352]",10
results/fast_repro/exp06_roi/patches/train/background/289__hard2.jpg,/root/autodl-tmp/borescope-new-seg-data/v1/images/train/289.png,train,7,background,hard_fp_background,"[196.95989990234375, 368.83563232421875, 531.2496948242188, 426.30523681640625]","[164, 363, 565, 432]",2
results/fast_repro/exp06_roi/patches/train/background/228__hard5.jpg,/root/autodl-tmp/borescope-new-seg-data/v1/images/train/228.png,train,7,background,hard_fp_background,"[5.927639007568359, 135.11329650878906, 101.91544342041016, 204.8545379638672]","[0, 128, 112, 212]",5
results/fast_repro/exp06_roi/patches/train/background/98__hard11.jpg,/root/autodl-tmp/borescope-new-seg-data/v1/images/train/98.png,train,7,background,hard_fp_background,"[626.33056640625, 294.9434814453125, 647.8324584960938, 340.5758972167969]","[624, 290, 650, 345]",11
results/fast_repro/exp06_roi/patches/train/background/314__hard6.jpg,/root/autodl-tmp/borescope-new-seg-data/v1/images/train/314.png,train,7,background,hard_fp_background,"[156.55258178710938, 283.21429443359375, 209.92526245117188, 361.83636474609375]","[151, 275, 215, 370]",6
results/fast_repro/exp06_roi/patches/train/background/413__hard4.jpg,/root/autodl-tmp/borescope-new-seg-data/v1/images/train/413.png,train,7,background,hard_fp_background,"[210.58580017089844, 245.27175903320312, 310.31597900390625, 495.50103759765625]","[201, 220, 320, 521]",4
results/fast_repro/exp06_roi/patches/train/background/207__hard2.jpg,/root/autodl-tmp/borescope-new-seg-data/v1/images/train/207.png,train,7,background,hard_fp_background,"[291.1162109375, 367.56805419921875, 316.86761474609375, 433.13104248046875]","[289, 361, 319, 440]",2
results/fast_repro/exp06_roi/patches/train/background/34__hard1.jpg,/root/autodl-tmp/borescope-new-seg-data/v1/images/train/34.png,train,7,background,hard_fp_background,"[616.287109375, 256.2578430175781, 659.4139404296875, 301.9131774902344]","[612, 252, 664, 306]",1
results/fast_repro/exp06_roi/patches/train/background/337__hard5.jpg,/root/autodl-tmp/borescope-new-seg-data/v1/images/train/337.png,train,7,background,hard_fp_background,"[448.73260498046875, 322.5325012207031, 496.12786865234375, 522.6224365234375]","[444, 303, 501, 540]",5
results/fast_repro/exp06_roi/patches/train/background/321__hard2.jpg,/root/autodl-tmp/borescope-new-seg-data/v1/images/train/321.png,train,7,background,hard_fp_background,"[501.0951232910156, 240.32379150390625, 667.363525390625, 295.077880859375]","[484, 235, 684, 301]",2
results/fast_repro/exp06_roi/patches/train/background/197__hard3.jpg,/root/autodl-tmp/borescope-new-seg-data/v1/images/train/197.png,train,7,background,hard_fp_background,"[596.4498901367188, 205.89353942871094, 676.92431640625, 257.254638671875]","[588, 201, 685, 262]",3
results/fast_repro/exp06_roi/patches/train/background/314__hard7.jpg,/root/autodl-tmp/borescope-new-seg-data/v1/images/train/314.png,train,7,background,hard_fp_background,"[97.76429748535156, 327.9781494140625, 111.06941223144531, 342.0126953125]","[96, 327, 112, 343]",7
results/fast_repro/exp06_roi/patches/train/background/192__hard0.jpg,/root/autodl-tmp/borescope-new-seg-data/v1/images/train/192.png,train,7,background,hard_fp_background,"[66.6668930053711, 295.017578125, 628.0462036132812, 419.1775207519531]","[11, 283, 684, 432]",0
results/fast_repro/exp06_roi/patches/train/background/235__hard4.jpg,/root/autodl-tmp/borescope-new-seg-data/v1/images/train/235.png,train,7,background,hard_fp_background,"[136.37632751464844, 339.1658020019531, 161.67803955078125, 358.2388916015625]","[134, 337, 164, 360]",4
results/fast_repro/exp06_roi/patches/train/background/157__hard6.jpg,/root/autodl-tmp/borescope-new-seg-data/v1/images/train/157.png,train,7,background,hard_fp_background,"[385.6869201660156, 346.87286376953125, 419.9342956542969, 365.89068603515625]","[382, 345, 423, 368]",6
results/fast_repro/exp06_roi/patches/train/background/567__hard1.jpg,/root/autodl-tmp/borescope-new-seg-data/v1/images/train/567.jpg,train,7,background,hard_fp_background,"[122.91058349609375, 10.449531555175781, 159.4421844482422, 40.27379608154297]","[119, 7, 163, 43]",1
results/fast_repro/exp06_roi/patches/train/background/235__hard5.jpg,/root/autodl-tmp/borescope-new-seg-data/v1/images/train/235.png,train,7,background,hard_fp_background,"[615.2601318359375, 344.59075927734375, 683.4562377929688, 372.7467041015625]","[608, 342, 690, 376]",5
results/fast_repro/exp06_roi/patches/train/background/167__hard0.jpg,/root/autodl-tmp/borescope-new-seg-data/v1/images/train/167.png,train,7,background,hard_fp_background,"[209.90145874023438, 353.71246337890625, 313.4903869628906, 458.2020568847656]","[200, 343, 324, 469]",0
results/fast_repro/exp06_roi/patches/train/background/613__hard2.jpg,/root/autodl-tmp/borescope-new-seg-data/v1/images/train/613.jpg,train,7,background,hard_fp_background,"[243.225341796875, 0.0, 264.8175354003906, 6.5528411865234375]","[241, 0, 267, 7]",2
results/fast_repro/exp06_roi/patches/train/background/288__hard1.jpg,/root/autodl-tmp/borescope-new-seg-data/v1/images/train/288.png,train,7,background,hard_fp_background,"[282.6326904296875, 206.8158416748047, 333.9418640136719, 276.32373046875]","[278, 200, 339, 283]",1
results/fast_repro/exp06_roi/patches/train/background/185__hard5.jpg,/root/autodl-tmp/borescope-new-seg-data/v1/images/train/185.png,train,7,background,hard_fp_background,"[184.67495727539062, 0.0, 542.5819091796875, 413.996337890625]","[149, 0, 578, 455]",5
results/fast_repro/exp06_roi/patches/train/background/155__hard7.jpg,/root/autodl-tmp/borescope-new-seg-data/v1/images/train/155.png,train,7,background,hard_fp_background,"[534.2694091796875, 324.83123779296875, 593.231201171875, 355.14031982421875]","[528, 322, 599, 358]",7
results/fast_repro/exp06_roi/patches/train/background/302__hard0.jpg,/root/autodl-tmp/borescope-new-seg-data/v1/images/train/302.png,train,7,background,hard_fp_background,"[60.640625, 246.09463500976562, 100.08377838134766, 311.7516174316406]","[57, 240, 104, 318]",0
results/fast_repro/exp06_roi/patches/train/background/627__hard3.jpg,/root/autodl-tmp/borescope-new-seg-data/v1/images/train/627.jpg,train,7,background,hard_fp_background,"[228.11087036132812, 12.74652099609375, 528.4414672851562, 119.26748657226562]","[198, 2, 558, 130]",3
results/fast_repro/exp06_roi/patches/train/background/8__hard0.jpg,/root/autodl-tmp/borescope-new-seg-data/v1/images/train/8.png,train,7,background,hard_fp_background,"[328.1092529296875, 144.81178283691406, 356.75921630859375, 170.99154663085938]","[325, 142, 360, 174]",0
results/fast_repro/exp06_roi/patches/train/background/135__hard2.jpg,/root/autodl-tmp/borescope-new-seg-data/v1/images/train/135.png,train,7,background,hard_fp_background,"[398.9034729003906, 76.1623764038086, 424.0275573730469, 89.80574798583984]","[396, 75, 427, 91]",2
results/fast_repro/exp06_roi/patches/train/background/157__hard7.jpg,/root/autodl-tmp/borescope-new-seg-data/v1/images/train/157.png,train,7,background,hard_fp_background,"[246.87416076660156, 355.984619140625, 276.690185546875, 377.31640625]","[244, 354, 280, 379]",7
results/fast_repro/exp06_roi/patches/train/background/55__hard1.jpg,/root/autodl-tmp/borescope-new-seg-data/v1/images/train/55.png,train,7,background,hard_fp_background,"[31.508880615234375, 166.1646728515625, 187.36184692382812, 226.30108642578125]","[16, 160, 203, 232]",1
results/fast_repro/exp06_roi/patches/train/background/65__hard3.jpg,/root/autodl-tmp/borescope-new-seg-data/v1/images/train/65.png,train,7,background,hard_fp_background,"[5.612133979797363, 165.6750946044922, 106.82645416259766, 316.9533386230469]","[0, 151, 117, 332]",3
results/fast_repro/exp06_roi/patches/train/background/103__hard3.jpg,/root/autodl-tmp/borescope-new-seg-data/v1/images/train/103.png,train,7,background,hard_fp_background,"[289.6881103515625, 134.69757080078125, 385.57940673828125, 211.40933227539062]","[280, 127, 395, 219]",3
results/fast_repro/exp06_roi/patches/train/background/313__hard1.jpg,/root/autodl-tmp/borescope-new-seg-data/v1/images/train/313.png,train,7,background,hard_fp_background,"[489.6556396484375, 78.93017578125, 716.8445434570312, 357.6995849609375]","[467, 51, 720, 386]",1
results/fast_repro/exp06_roi/patches/train/background/67__hard1.jpg,/root/autodl-tmp/borescope-new-seg-data/v1/images/train/67.png,train,7,background,hard_fp_background,"[685.6622924804688, 489.9072265625, 712.0512084960938, 517.4805908203125]","[683, 487, 715, 520]",1
results/fast_repro/exp06_roi/patches/train/background/190__hard2.jpg,/root/autodl-tmp/borescope-new-seg-data/v1/images/train/190.png,train,7,background,hard_fp_background,"[24.81252670288086, 273.2353515625, 109.59075164794922, 315.3501892089844]","[16, 269, 118, 320]",2
results/fast_repro/exp06_roi/patches/train/background/314__hard8.jpg,/root/autodl-tmp/borescope-new-seg-data/v1/images/train/314.png,train,7,background,hard_fp_background,"[16.618515014648438, 40.73505401611328, 93.49217224121094, 199.7412109375]","[9, 25, 101, 216]",8
results/fast_repro/exp06_roi/patches/train/background/417__hard1.jpg,/root/autodl-tmp/borescope-new-seg-data/v1/images/train/417.png,train,7,background,hard_fp_background,"[412.5706787109375, 425.47247314453125, 577.519287109375, 539.39453125]","[396, 414, 594, 540]",1
results/fast_repro/exp06_roi/patches/train/background/285__hard0.jpg,/root/autodl-tmp/borescope-new-seg-data/v1/images/train/285.png,train,7,background,hard_fp_background,"[96.87220764160156, 112.4183578491211, 254.6260986328125, 263.7642517089844]","[81, 97, 270, 279]",0
results/fast_repro/exp06_roi/patches/train/background/314__hard9.jpg,/root/autodl-tmp/borescope-new-seg-data/v1/images/train/314.png,train,7,background,hard_fp_background,"[316.33575439453125, 337.6029968261719, 345.80999755859375, 362.9520568847656]","[313, 335, 349, 365]",9
results/fast_repro/exp06_roi/patches/train/background/333__hard4.jpg,/root/autodl-tmp/borescope-new-seg-data/v1/images/train/333.png,train,7,background,hard_fp_background,"[3.7202281951904297, 272.04901123046875, 22.01331329345703, 287.110595703125]","[2, 271, 24, 289]",4
results/fast_repro/exp06_roi/patches/train/background/33__hard25.jpg,/root/autodl-tmp/borescope-new-seg-data/v1/images/train/33.png,train,7,background,hard_fp_background,"[312.5362854003906, 349.24432373046875, 408.85308837890625, 386.14080810546875]","[303, 346, 418, 390]",25
results/fast_repro/exp06_roi/patches/train/background/314__hard10.jpg,/root/autodl-tmp/borescope-new-seg-data/v1/images/train/314.png,train,7,background,hard_fp_background,"[402.9159240722656, 332.92376708984375, 440.2698669433594, 358.88970947265625]","[399, 330, 444, 361]",10
results/fast_repro/exp06_roi/patches/train/background/170__hard0.jpg,/root/autodl-tmp/borescope-new-seg-data/v1/images/train/170.png,train,7,background,hard_fp_background,"[4.0834808349609375, 9.093006134033203, 378.27056884765625, 283.84906005859375]","[0, 0, 416, 311]",0
results/fast_repro/exp06_roi/patches/train/background/49__hard2.jpg,/root/autodl-tmp/borescope-new-seg-data/v1/images/train/49.png,train,7,background,hard_fp_background,"[285.6039733886719, 503.75048828125, 317.946044921875, 531.0679931640625]","[282, 501, 321, 534]",2
results/fast_repro/exp06_roi/patches/train/background/292__hard0.jpg,/root/autodl-tmp/borescope-new-seg-data/v1/images/train/292.png,train,7,background,hard_fp_background,"[79.50525665283203, 15.581737518310547, 557.88623046875, 340.8708801269531]","[32, 0, 606, 373]",0
results/fast_repro/exp06_roi/patches/train/background/9__hard6.jpg,/root/autodl-tmp/borescope-new-seg-data/v1/images/train/9.png,train,7,background,hard_fp_background,"[284.0885925292969, 192.6140899658203, 413.83233642578125, 281.5037841796875]","[271, 184, 427, 290]",6
results/fast_repro/exp06_roi/patches/train/background/228__hard6.jpg,/root/autodl-tmp/borescope-new-seg-data/v1/images/train/228.png,train,7,background,hard_fp_background,"[147.06643676757812, 185.04547119140625, 184.4588165283203, 199.0386505126953]","[143, 184, 188, 200]",6
results/fast_repro/exp06_roi/patches/train/background/1__hard0.jpg,/root/autodl-tmp/borescope-new-seg-data/v1/images/train/1.png,train,7,background,hard_fp_background,"[545.5908203125, 59.089656829833984, 592.0449829101562, 99.52215576171875]","[541, 55, 597, 104]",0
results/fast_repro/exp06_roi/patches/train/background/205__hard2.jpg,/root/autodl-tmp/borescope-new-seg-data/v1/images/train/205.png,train,7,background,hard_fp_background,"[426.0693359375, 218.48406982421875, 456.9837646484375, 236.55352783203125]","[423, 217, 460, 238]",2
results/fast_repro/exp06_roi/patches/train/background/98__hard12.jpg,/root/autodl-tmp/borescope-new-seg-data/v1/images/train/98.png,train,7,background,hard_fp_background,"[141.5989532470703, 142.8839569091797, 294.8233337402344, 237.44418334960938]","[126, 133, 310, 247]",12
results/fast_repro/exp06_roi/patches/train/background/58__hard9.jpg,/root/autodl-tmp/borescope-new-seg-data/v1/images/train/58.png,train,7,background,hard_fp_background,"[20.699615478515625, 232.18731689453125, 47.58638000488281, 256.1575622558594]","[18, 230, 50, 259]",9
results/fast_repro/exp06_roi/patches/train/background/76__hard2.jpg,/root/autodl-tmp/borescope-new-seg-data/v1/images/train/76.png,train,7,background,hard_fp_background,"[275.8977966308594, 49.806243896484375, 452.0970764160156, 205.37525939941406]","[258, 34, 470, 221]",2
results/fast_repro/exp06_roi/patches/train/background/417__hard2.jpg,/root/autodl-tmp/borescope-new-seg-data/v1/images/train/417.png,train,7,background,hard_fp_background,"[137.12637329101562, 3.495128631591797, 444.656005859375, 384.0289306640625]","[106, 0, 475, 422]",2
results/fast_repro/exp06_roi/patches/train/background/135__hard3.jpg,/root/autodl-tmp/borescope-new-seg-data/v1/images/train/135.png,train,7,background,hard_fp_background,"[279.5201416015625, 90.80603790283203, 301.7452087402344, 104.23263549804688]","[277, 89, 304, 106]",3
results/fast_repro/exp06_roi/patches/train/background/240__hard2.jpg,/root/autodl-tmp/borescope-new-seg-data/v1/images/train/240.png,train,7,background,hard_fp_background,"[41.59794616699219, 0.0, 607.7432250976562, 173.84933471679688]","[0, 0, 664, 191]",2
results/fast_repro/exp06_roi/patches/train/background/12__hard2.jpg,/root/autodl-tmp/borescope-new-seg-data/v1/images/train/12.png,train,7,background,hard_fp_background,"[440.14422607421875, 349.20440673828125, 517.6489868164062, 387.10760498046875]","[432, 345, 525, 391]",2
results/fast_repro/exp06_roi/patches/train/background/14__hard2.jpg,/root/autodl-tmp/borescope-new-seg-data/v1/images/train/14.png,train,7,background,hard_fp_background,"[5.641084671020508, 73.60350799560547, 256.1725158691406, 536.4759521484375]","[0, 27, 281, 540]",2
results/fast_repro/exp06_roi/patches/train/background/480__hard2.jpg,/root/autodl-tmp/borescope-new-seg-data/v1/images/train/480.jpg,train,7,background,hard_fp_background,"[223.9600830078125, 120.22430419921875, 378.38751220703125, 265.1448669433594]","[209, 106, 394, 280]",2
results/fast_repro/exp06_roi/patches/train/background/65__hard4.jpg,/root/autodl-tmp/borescope-new-seg-data/v1/images/train/65.png,train,7,background,hard_fp_background,"[22.70214080810547, 173.04733276367188, 54.981475830078125, 199.63954162597656]","[19, 170, 58, 202]",4
results/fast_repro/exp06_roi/patches/train/background/54__hard10.jpg,/root/autodl-tmp/borescope-new-seg-data/v1/images/train/54.png,train,7,background,hard_fp_background,"[526.1331787109375, 233.02784729003906, 576.046875, 259.78314208984375]","[521, 230, 581, 262]",10
results/fast_repro/exp06_roi/patches/train/background/235__hard6.jpg,/root/autodl-tmp/borescope-new-seg-data/v1/images/train/235.png,train,7,background,hard_fp_background,"[384.478271484375, 300.0528259277344, 417.9056701660156, 318.2516784667969]","[381, 298, 421, 320]",6
results/fast_repro/exp06_roi/patches/train/background/209__hard4.jpg,/root/autodl-tmp/borescope-new-seg-data/v1/images/train/209.png,train,7,background,hard_fp_background,"[354.2219543457031, 79.80891418457031, 457.9158630371094, 264.4078369140625]","[344, 61, 468, 283]",4
results/fast_repro/exp06_roi/patches/train/background/154__hard2.jpg,/root/autodl-tmp/borescope-new-seg-data/v1/images/train/154.png,train,7,background,hard_fp_background,"[284.72113037109375, 195.83642578125, 627.2029418945312, 378.9014892578125]","[250, 178, 661, 397]",2
results/fast_repro/exp06_roi/patches/train/background/83__hard3.jpg,/root/autodl-tmp/borescope-new-seg-data/v1/images/train/83.png,train,7,background,hard_fp_background,"[132.17503356933594, 305.2334289550781, 347.30908203125, 494.67742919921875]","[111, 286, 369, 514]",3
results/fast_repro/exp06_roi/patches/train/background/52__hard0.jpg,/root/autodl-tmp/borescope-new-seg-data/v1/images/train/52.png,train,7,background,hard_fp_background,"[0.0, 112.18325805664062, 70.12004089355469, 363.0240783691406]","[0, 87, 77, 388]",0
results/fast_repro/exp06_roi/patches/train/background/295__hard2.jpg,/root/autodl-tmp/borescope-new-seg-data/v1/images/train/295.png,train,7,background,hard_fp_background,"[427.2630310058594, 49.257598876953125, 473.9866638183594, 81.8738784790039]","[423, 46, 479, 85]",2
results/fast_repro/exp06_roi/patches/train/background/37__hard5.jpg,/root/autodl-tmp/borescope-new-seg-data/v1/images/train/37.png,train,7,background,hard_fp_background,"[525.0271606445312, 387.09173583984375, 553.7908935546875, 400.3646545410156]","[522, 386, 557, 402]",5
results/fast_repro/exp06_roi/patches/train/background/175__hard1.jpg,/root/autodl-tmp/borescope-new-seg-data/v1/images/train/175.png,train,7,background,hard_fp_background,"[314.3759765625, 402.38421630859375, 421.08990478515625, 539.0353393554688]","[304, 389, 432, 540]",1
results/fast_repro/exp06_roi/patches/train/background/102__hard2.jpg,/root/autodl-tmp/borescope-new-seg-data/v1/images/train/102.png,train,7,background,hard_fp_background,"[214.87510681152344, 184.522705078125, 433.7782287597656, 324.0739440917969]","[193, 171, 456, 338]",2
results/fast_repro/exp06_roi/patches/train/background/135__hard4.jpg,/root/autodl-tmp/borescope-new-seg-data/v1/images/train/135.png,train,7,background,hard_fp_background,"[226.30734252929688, 97.46682739257812, 246.37228393554688, 112.18795776367188]","[224, 96, 248, 114]",4
results/fast_repro/exp06_roi/patches/train/background/627__hard5.jpg,/root/autodl-tmp/borescope-new-seg-data/v1/images/train/627.jpg,train,7,background,hard_fp_background,"[0.0, 3.6112060546875, 254.7509307861328, 720.0]","[0, 0, 280, 720]",5
results/fast_repro/exp06_roi/patches/train/background/169__hard7.jpg,/root/autodl-tmp/borescope-new-seg-data/v1/images/train/169.png,train,7,background,hard_fp_background,"[257.91363525390625, 135.70823669433594, 372.1684875488281, 221.35792541503906]","[246, 127, 384, 230]",7
results/fast_repro/exp06_roi/patches/train/background/588__hard3.jpg,/root/autodl-tmp/borescope-new-seg-data/v1/images/train/588.jpg,train,7,background,hard_fp_background,"[347.5364990234375, 146.7069091796875, 397.2559814453125, 167.74273681640625]","[343, 145, 402, 170]",3
results/fast_repro/exp06_roi/patches/train/background/287__hard0.jpg,/root/autodl-tmp/borescope-new-seg-data/v1/images/train/287.png,train,7,background,hard_fp_background,"[518.9716796875, 214.74989318847656, 557.6669311523438, 246.4405059814453]","[515, 212, 562, 250]",0
results/fast_repro/exp06_roi/patches/train/background/37__hard6.jpg,/root/autodl-tmp/borescope-new-seg-data/v1/images/train/37.png,train,7,background,hard_fp_background,"[145.36439514160156, 159.41505432128906, 177.1890411376953, 181.6991729736328]","[142, 157, 180, 184]",6
results/fast_repro/exp06_roi/patches/train/background/95__hard3.jpg,/root/autodl-tmp/borescope-new-seg-data/v1/images/train/95.png,train,7,background,hard_fp_background,"[540.8314208984375, 236.41177368164062, 714.6470336914062, 538.3273315429688]","[523, 206, 720, 540]",3
results/fast_repro/exp06_roi/patches/train/background/314__hard11.jpg,/root/autodl-tmp/borescope-new-seg-data/v1/images/train/314.png,train,7,background,hard_fp_background,"[315.335693359375, 336.01507568359375, 358.16961669921875, 362.92755126953125]","[311, 333, 362, 366]",11
results/fast_repro/exp06_roi/patches/train/background/505__hard4.jpg,/root/autodl-tmp/borescope-new-seg-data/v1/images/train/505.jpg,train,7,background,hard_fp_background,"[549.5213623046875, 10.620267868041992, 563.9171142578125, 85.83475494384766]","[548, 3, 565, 93]",4
results/fast_repro/exp06_roi/patches/train/background/207__hard4.jpg,/root/autodl-tmp/borescope-new-seg-data/v1/images/train/207.png,train,7,background,hard_fp_background,"[492.4554443359375, 0.0, 698.379150390625, 519.0592041015625]","[472, 0, 719, 540]",4
results/fast_repro/exp06_roi/patches/train/background/474__hard2.jpg,/root/autodl-tmp/borescope-new-seg-data/v1/images/train/474.jpg,train,7,background,hard_fp_background,"[528.3919677734375, 120.20037841796875, 541.5393676757812, 195.5559844970703]","[527, 113, 543, 203]",2
results/fast_repro/exp06_roi/patches/train/background/137__hard1.jpg,/root/autodl-tmp/borescope-new-seg-data/v1/images/train/137.png,train,7,background,hard_fp_background,"[616.4004516601562, 305.412353515625, 682.6416625976562, 332.113525390625]","[610, 303, 689, 335]",1
results/fast_repro/exp06_roi/patches/train/background/141__hard2.jpg,/root/autodl-tmp/borescope-new-seg-data/v1/images/train/141.png,train,7,background,hard_fp_background,"[460.3114318847656, 6.995613098144531, 662.7586059570312, 359.1540222167969]","[440, 0, 683, 394]",2
results/fast_repro/exp06_roi/patches/train/background/54__hard11.jpg,/root/autodl-tmp/borescope-new-seg-data/v1/images/train/54.png,train,7,background,hard_fp_background,"[119.31392669677734, 167.05694580078125, 147.29153442382812, 196.7777099609375]","[117, 164, 150, 200]",11
results/fast_repro/exp06_roi/patches/train/background/213__hard5.jpg,/root/autodl-tmp/borescope-new-seg-data/v1/images/train/213.png,train,7,background,hard_fp_background,"[134.81423950195312, 64.43630981445312, 185.89373779296875, 89.79403686523438]","[130, 62, 191, 92]",5
results/fast_repro/exp06_roi/patches/train/background/139__hard2.jpg,/root/autodl-tmp/borescope-new-seg-data/v1/images/train/139.png,train,7,background,hard_fp_background,"[146.71908569335938, 252.3280792236328, 175.61618041992188, 267.36944580078125]","[144, 251, 179, 269]",2
results/fast_repro/exp06_roi/patches/train/background/173__hard4.jpg,/root/autodl-tmp/borescope-new-seg-data/v1/images/train/173.png,train,7,background,hard_fp_background,"[393.75543212890625, 395.3150634765625, 690.6383056640625, 538.755615234375]","[364, 381, 720, 540]",4
results/fast_repro/exp06_roi/patches/train/background/401__hard3.jpg,/root/autodl-tmp/borescope-new-seg-data/v1/images/train/401.png,train,7,background,hard_fp_background,"[43.89415740966797, 0.0, 646.1929321289062, 235.91348266601562]","[0, 0, 706, 260]",3
results/fast_repro/exp06_roi/patches/train/background/49__hard3.jpg,/root/autodl-tmp/borescope-new-seg-data/v1/images/train/49.png,train,7,background,hard_fp_background,"[682.0263061523438, 343.61077880859375, 713.593017578125, 376.70391845703125]","[679, 340, 717, 380]",3
results/fast_repro/exp06_roi/patches/train/background/195__hard1.jpg,/root/autodl-tmp/borescope-new-seg-data/v1/images/train/195.png,train,7,background,hard_fp_background,"[314.36810302734375, 294.51971435546875, 332.8697204589844, 305.94677734375]","[313, 293, 335, 307]",1
results/fast_repro/exp06_roi/patches/train/background/401__hard4.jpg,/root/autodl-tmp/borescope-new-seg-data/v1/images/train/401.png,train,7,background,hard_fp_background,"[113.56732177734375, 2.0433883666992188, 678.7677612304688, 351.9055480957031]","[57, 0, 720, 387]",4
results/fast_repro/exp06_roi/patches/train/background/12__hard3.jpg,/root/autodl-tmp/borescope-new-seg-data/v1/images/train/12.png,train,7,background,hard_fp_background,"[439.0757141113281, 351.96636962890625, 498.29278564453125, 387.06329345703125]","[433, 348, 504, 391]",3
results/fast_repro/exp06_roi/patches/train/background/286__hard0.jpg,/root/autodl-tmp/borescope-new-seg-data/v1/images/train/286.png,train,7,background,hard_fp_background,"[392.6297302246094, 4.436450958251953, 500.02288818359375, 60.3570671081543]","[382, 0, 511, 66]",0
results/fast_repro/exp06_roi/patches/train/background/24__hard3.jpg,/root/autodl-tmp/borescope-new-seg-data/v1/images/train/24.png,train,7,background,hard_fp_background,"[294.4515075683594, 8.357505798339844, 426.6229553222656, 165.91366577148438]","[281, 0, 440, 182]",3
results/fast_repro/exp06_roi/patches/train/background/146__hard0.jpg,/root/autodl-tmp/borescope-new-seg-data/v1/images/train/146.png,train,7,background,hard_fp_background,"[154.85545349121094, 262.73016357421875, 479.09423828125, 477.81298828125]","[122, 241, 512, 480]",0
results/fast_repro/exp06_roi/patches/train/background/285__hard1.jpg,/root/autodl-tmp/borescope-new-seg-data/v1/images/train/285.png,train,7,background,hard_fp_background,"[136.0639190673828, 312.8430480957031, 306.9222412109375, 380.46026611328125]","[119, 306, 324, 387]",1
results/fast_repro/exp06_roi/patches/train/background/198__hard2.jpg,/root/autodl-tmp/borescope-new-seg-data/v1/images/train/198.png,train,7,background,hard_fp_background,"[454.44573974609375, 199.66229248046875, 654.9153442382812, 532.52783203125]","[434, 166, 675, 540]",2
results/fast_repro/exp06_roi/patches/train/background/119__hard0.jpg,/root/autodl-tmp/borescope-new-seg-data/v1/images/train/119.png,train,7,background,hard_fp_background,"[200.07290649414062, 280.9772644042969, 641.8477783203125, 409.4349060058594]","[156, 268, 686, 422]",0
results/fast_repro/exp06_roi/patches/train/background/52__hard1.jpg,/root/autodl-tmp/borescope-new-seg-data/v1/images/train/52.png,train,7,background,hard_fp_background,"[283.3638916015625, 255.18701171875, 556.7456665039062, 476.9517822265625]","[256, 233, 584, 480]",1
results/fast_repro/exp06_roi/patches/train/background/295__hard3.jpg,/root/autodl-tmp/borescope-new-seg-data/v1/images/train/295.png,train,7,background,hard_fp_background,"[149.85934448242188, 337.86572265625, 261.4334716796875, 538.3433837890625]","[139, 318, 273, 540]",3
results/fast_repro/exp06_roi/patches/train/background/384__hard5.jpg,/root/autodl-tmp/borescope-new-seg-data/v1/images/train/384.png,train,7,background,hard_fp_background,"[229.69142150878906, 231.9253692626953, 252.82044982910156, 262.7333068847656]","[227, 229, 255, 266]",5
results/fast_repro/exp06_roi/patches/train/background/415__hard3.jpg,/root/autodl-tmp/borescope-new-seg-data/v1/images/train/415.png,train,7,background,hard_fp_background,"[474.7497863769531, 6.61226749420166, 531.1979370117188, 103.00025939941406]","[469, 0, 537, 113]",3
results/fast_repro/exp06_roi/patches/train/background/213__hard6.jpg,/root/autodl-tmp/borescope-new-seg-data/v1/images/train/213.png,train,7,background,hard_fp_background,"[158.19305419921875, 64.46226501464844, 181.63607788085938, 77.72431945800781]","[156, 63, 184, 79]",6
results/fast_repro/exp06_roi/patches/train/background/404__hard0.jpg,/root/autodl-tmp/borescope-new-seg-data/v1/images/train/404.png,train,7,background,hard_fp_background,"[476.52593994140625, 256.2240295410156, 550.6466064453125, 314.3334045410156]","[469, 250, 558, 320]",0
results/fast_repro/exp06_roi/patches/train/background/894__hard2.jpg,/root/autodl-tmp/borescope-new-seg-data/v1/images/train/894.jpg,train,7,background,hard_fp_background,"[722.960205078125, 104.22697448730469, 777.4791870117188, 155.1643524169922]","[718, 99, 783, 160]",2
results/fast_repro/exp06_roi/patches/train/background/228__hard7.jpg,/root/autodl-tmp/borescope-new-seg-data/v1/images/train/228.png,train,7,background,hard_fp_background,"[33.15959930419922, 255.08633422851562, 54.059871673583984, 265.0421447753906]","[31, 254, 56, 266]",7
results/fast_repro/exp06_roi/patches/train/background/558__hard2.jpg,/root/autodl-tmp/borescope-new-seg-data/v1/images/train/558.jpg,train,7,background,hard_fp_background,"[424.4658203125, 0.0, 445.0394287109375, 8.735794067382812]","[422, 0, 447, 10]",2
results/fast_repro/exp06_roi/patches/train/background/95__hard4.jpg,/root/autodl-tmp/borescope-new-seg-data/v1/images/train/95.png,train,7,background,hard_fp_background,"[638.0706787109375, 116.1535873413086, 662.5361328125, 147.5749969482422]","[636, 113, 665, 151]",4
results/fast_repro/exp06_roi/patches/train/background/420__hard1.jpg,/root/autodl-tmp/borescope-new-seg-data/v1/images/train/420.png,train,7,background,hard_fp_background,"[482.6097412109375, 331.2166442871094, 509.5192565917969, 343.79583740234375]","[480, 330, 512, 345]",1
results/fast_repro/exp06_roi/patches/train/background/94__hard0.jpg,/root/autodl-tmp/borescope-new-seg-data/v1/images/train/94.png,train,7,background,hard_fp_background,"[512.1082153320312, 303.8028564453125, 710.9686889648438, 538.4326782226562]","[492, 280, 720, 540]",0
results/fast_repro/exp06_roi/patches/train/background/206__hard9.jpg,/root/autodl-tmp/borescope-new-seg-data/v1/images/train/206.png,train,7,background,hard_fp_background,"[140.2506866455078, 375.2955017089844, 230.3456573486328, 495.9489440917969]","[131, 363, 239, 508]",9
results/fast_repro/exp06_roi/patches/train/background/296__hard1.jpg,/root/autodl-tmp/borescope-new-seg-data/v1/images/train/296.png,train,7,background,hard_fp_background,"[362.4884033203125, 112.61854553222656, 444.65802001953125, 171.014892578125]","[354, 107, 453, 177]",1
results/fast_repro/exp06_roi/patches/train/background/404__hard1.jpg,/root/autodl-tmp/borescope-new-seg-data/v1/images/train/404.png,train,7,background,hard_fp_background,"[297.1080017089844, 327.27569580078125, 418.57904052734375, 532.6197509765625]","[285, 307, 431, 540]",1
results/fast_repro/exp06_roi/patches/train/background/401__hard5.jpg,/root/autodl-tmp/borescope-new-seg-data/v1/images/train/401.png,train,7,background,hard_fp_background,"[33.26108169555664, 203.0752716064453, 64.65000915527344, 237.9368133544922]","[30, 200, 68, 241]",5
results/fast_repro/exp06_roi/patches/train/background/482__hard1.jpg,/root/autodl-tmp/borescope-new-seg-data/v1/images/train/482.jpg,train,7,background,hard_fp_background,"[605.35009765625, 189.31288146972656, 617.4453125, 233.64442443847656]","[604, 185, 619, 238]",1
results/fast_repro/exp06_roi/patches/train/background/483__hard1.jpg,/root/autodl-tmp/borescope-new-seg-data/v1/images/train/483.jpg,train,7,background,hard_fp_background,"[518.082275390625, 295.5521545410156, 530.7484741210938, 377.02752685546875]","[517, 287, 532, 385]",1
results/fast_repro/exp06_roi/patches/train/background/63__hard0.jpg,/root/autodl-tmp/borescope-new-seg-data/v1/images/train/63.png,train,7,background,hard_fp_background,"[8.273683547973633, 10.595901489257812, 187.27980041503906, 444.10699462890625]","[0, 0, 205, 487]",0
results/fast_repro/exp06_roi/patches/train/background/101__hard0.jpg,/root/autodl-tmp/borescope-new-seg-data/v1/images/train/101.png,train,7,background,hard_fp_background,"[526.7124633789062, 14.144674301147461, 680.329345703125, 169.8489990234375]","[511, 0, 696, 185]",0
results/fast_repro/exp06_roi/patches/train/background/269__hard1.jpg,/root/autodl-tmp/borescope-new-seg-data/v1/images/train/269.png,train,7,background,hard_fp_background,"[236.64344787597656, 336.2030029296875, 311.7188415527344, 418.6589660644531]","[229, 328, 319, 427]",1
results/fast_repro/exp06_roi/patches/train/background/68__hard3.jpg,/root/autodl-tmp/borescope-new-seg-data/v1/images/train/68.png,train,7,background,hard_fp_background,"[102.0102310180664, 452.18280029296875, 215.5881805419922, 537.5353393554688]","[91, 444, 227, 540]",3
results/fast_repro/exp06_roi/patches/train/background/225__hard1.jpg,/root/autodl-tmp/borescope-new-seg-data/v1/images/train/225.png,train,7,background,hard_fp_background,"[112.51416015625, 154.53382873535156, 651.423095703125, 534.5638427734375]","[59, 117, 705, 540]",1
results/fast_repro/exp06_roi/patches/train/background/337__hard6.jpg,/root/autodl-tmp/borescope-new-seg-data/v1/images/train/337.png,train,7,background,hard_fp_background,"[241.17507934570312, 386.949951171875, 413.60772705078125, 505.1405944824219]","[224, 375, 431, 517]",6
results/fast_repro/exp06_roi/patches/train/background/266__hard4.jpg,/root/autodl-tmp/borescope-new-seg-data/v1/images/train/266.png,train,7,background,hard_fp_background,"[603.114501953125, 172.2366485595703, 717.9005126953125, 351.265380859375]","[592, 154, 720, 369]",4
results/fast_repro/exp06_roi/patches/train/background/418__hard1.jpg,/root/autodl-tmp/borescope-new-seg-data/v1/images/train/418.png,train,7,background,hard_fp_background,"[502.5311279296875, 277.72998046875, 545.6410522460938, 350.2504577636719]","[498, 270, 550, 358]",1
results/fast_repro/exp06_roi/patches/train/background/410__hard0.jpg,/root/autodl-tmp/borescope-new-seg-data/v1/images/train/410.png,train,7,background,hard_fp_background,"[383.3414306640625, 223.80743408203125, 407.91314697265625, 238.7541961669922]","[381, 222, 410, 240]",0
results/fast_repro/exp06_roi/patches/train/background/96__hard1.jpg,/root/autodl-tmp/borescope-new-seg-data/v1/images/train/96.png,train,7,background,hard_fp_background,"[581.1972045898438, 37.00693130493164, 696.1491088867188, 166.55345153808594]","[570, 24, 708, 180]",1
results/fast_repro/exp06_roi/patches/train/background/257__hard1.jpg,/root/autodl-tmp/borescope-new-seg-data/v1/images/train/257.png,train,7,background,hard_fp_background,"[381.56201171875, 130.23977661132812, 563.4373779296875, 225.04830932617188]","[363, 121, 582, 235]",1
results/fast_repro/exp06_roi/patches/train/background/33__hard27.jpg,/root/autodl-tmp/borescope-new-seg-data/v1/images/train/33.png,train,7,background,hard_fp_background,"[514.779296875, 5.064062118530273, 544.8519287109375, 38.016075134277344]","[512, 2, 548, 41]",27
results/fast_repro/exp06_roi/patches/train/background/377__hard5.jpg,/root/autodl-tmp/borescope-new-seg-data/v1/images/train/377.png,train,7,background,hard_fp_background,"[198.46449279785156, 3.486339569091797, 425.2406005859375, 271.9147033691406]","[176, 0, 448, 299]",5
results/fast_repro/exp06_roi/patches/train/background/286__hard1.jpg,/root/autodl-tmp/borescope-new-seg-data/v1/images/train/286.png,train,7,background,hard_fp_background,"[396.5416259765625, 32.35186767578125, 479.6976318359375, 63.89502716064453]","[388, 29, 488, 67]",1
results/fast_repro/exp06_roi/patches/train/background/314__hard12.jpg,/root/autodl-tmp/borescope-new-seg-data/v1/images/train/314.png,train,7,background,hard_fp_background,"[297.95672607421875, 36.98664855957031, 471.30596923828125, 105.65510559082031]","[281, 30, 489, 113]",12
results/fast_repro/exp06_roi/patches/train/background/243__hard1.jpg,/root/autodl-tmp/borescope-new-seg-data/v1/images/train/243.png,train,7,background,hard_fp_background,"[8.954200744628906, 257.04278564453125, 368.450439453125, 338.42730712890625]","[0, 249, 404, 347]",1
results/fast_repro/exp06_roi/patches/train/background/252__hard5.jpg,/root/autodl-tmp/borescope-new-seg-data/v1/images/train/252.png,train,7,background,hard_fp_background,"[66.47947692871094, 104.9600830078125, 147.90753173828125, 183.20498657226562]","[58, 97, 156, 191]",5
results/fast_repro/exp06_roi/patches/train/background/374__hard4.jpg,/root/autodl-tmp/borescope-new-seg-data/v1/images/train/374.png,train,7,background,hard_fp_background,"[435.29864501953125, 166.71841430664062, 613.8692016601562, 355.0876770019531]","[417, 148, 632, 374]",4
results/fast_repro/exp06_roi/patches/train/background/55__hard3.jpg,/root/autodl-tmp/borescope-new-seg-data/v1/images/train/55.png,train,7,background,hard_fp_background,"[110.9984359741211, 202.52987670898438, 243.16226196289062, 247.22622680664062]","[98, 198, 256, 252]",3
results/fast_repro/exp06_roi/patches/train/background/213__hard7.jpg,/root/autodl-tmp/borescope-new-seg-data/v1/images/train/213.png,train,7,background,hard_fp_background,"[0.4662895202636719, 322.22772216796875, 56.433494567871094, 370.31646728515625]","[0, 317, 62, 375]",7
results/fast_repro/exp06_roi/patches/train/background/337__hard7.jpg,/root/autodl-tmp/borescope-new-seg-data/v1/images/train/337.png,train,7,background,hard_fp_background,"[214.982421875, 385.951416015625, 416.1927795410156, 540.0]","[195, 371, 436, 540]",7
results/fast_repro/exp06_roi/patches/train/background/316__hard1.jpg,/root/autodl-tmp/borescope-new-seg-data/v1/images/train/316.png,train,7,background,hard_fp_background,"[517.5635375976562, 178.60430908203125, 709.1533813476562, 343.215087890625]","[498, 162, 720, 360]",1
results/fast_repro/exp06_roi/patches/train/background/124__hard1.jpg,/root/autodl-tmp/borescope-new-seg-data/v1/images/train/124.png,train,7,background,hard_fp_background,"[105.51681518554688, 116.05503845214844, 717.8980712890625, 446.9007568359375]","[44, 83, 720, 480]",1
results/fast_repro/exp06_roi/patches/train/background/20__hard6.jpg,/root/autodl-tmp/borescope-new-seg-data/v1/images/train/20.png,train,7,background,hard_fp_background,"[4.007726669311523, 272.4111633300781, 221.31578063964844, 335.6568298339844]","[0, 266, 243, 342]",6
results/fast_repro/exp06_roi/patches/train/background/123__hard2.jpg,/root/autodl-tmp/borescope-new-seg-data/v1/images/train/123.png,train,7,background,hard_fp_background,"[219.5559844970703, 257.3724060058594, 268.0167541503906, 272.7048034667969]","[215, 256, 273, 274]",2
results/fast_repro/exp06_roi/patches/train/background/326__hard2.jpg,/root/autodl-tmp/borescope-new-seg-data/v1/images/train/326.png,train,7,background,hard_fp_background,"[193.18695068359375, 365.28704833984375, 253.72537231445312, 395.6734313964844]","[187, 362, 260, 399]",2
results/fast_repro/exp06_roi/patches/train/background/141__hard3.jpg,/root/autodl-tmp/borescope-new-seg-data/v1/images/train/141.png,train,7,background,hard_fp_background,"[484.9374084472656, 0.0, 717.8333129882812, 530.6171875]","[462, 0, 720, 540]",3
results/fast_repro/exp06_roi/patches/train/background/207__hard5.jpg,/root/autodl-tmp/borescope-new-seg-data/v1/images/train/207.png,train,7,background,hard_fp_background,"[385.28546142578125, 351.7279052734375, 492.5838317871094, 487.1642150878906]","[375, 338, 503, 501]",5
results/fast_repro/exp06_roi/patches/train/background/9__hard7.jpg,/root/autodl-tmp/borescope-new-seg-data/v1/images/train/9.png,train,7,background,hard_fp_background,"[297.0848693847656, 196.441162109375, 400.0371398925781, 241.63055419921875]","[287, 192, 410, 246]",7
results/fast_repro/exp06_roi/patches/train/background/821__hard1.jpg,/root/autodl-tmp/borescope-new-seg-data/v1/images/train/821.jpg,train,7,background,hard_fp_background,"[349.80462646484375, 116.66458892822266, 365.44110107421875, 124.84720611572266]","[348, 116, 367, 126]",1
results/fast_repro/exp06_roi/patches/train/background/546__hard2.jpg,/root/autodl-tmp/borescope-new-seg-data/v1/images/train/546.jpg,train,7,background,hard_fp_background,"[466.3294677734375, 208.32144165039062, 476.6731872558594, 242.76231384277344]","[465, 205, 478, 246]",2
results/fast_repro/exp06_roi/patches/train/background/572__hard2.jpg,/root/autodl-tmp/borescope-new-seg-data/v1/images/train/572.jpg,train,7,background,hard_fp_background,"[605.95556640625, 34.513092041015625, 658.3204345703125, 51.99224853515625]","[601, 33, 664, 54]",2
results/fast_repro/exp06_roi/patches/train/background/366__hard2.jpg,/root/autodl-tmp/borescope-new-seg-data/v1/images/train/366.png,train,7,background,hard_fp_background,"[274.87249755859375, 121.25027465820312, 296.65667724609375, 135.27911376953125]","[273, 120, 299, 137]",2
results/fast_repro/exp06_roi/patches/train/background/325__hard1.jpg,/root/autodl-tmp/borescope-new-seg-data/v1/images/train/325.png,train,7,background,hard_fp_background,"[10.93630599975586, 3.1737442016601562, 350.90313720703125, 160.38209533691406]","[0, 0, 385, 176]",1
results/fast_repro/exp06_roi/patches/train/background/189__hard0.jpg,/root/autodl-tmp/borescope-new-seg-data/v1/images/train/189.png,train,7,background,hard_fp_background,"[143.19039916992188, 176.50445556640625, 169.83590698242188, 233.30467224121094]","[141, 171, 173, 239]",0
results/fast_repro/exp06_roi/patches/train/background/141__hard4.jpg,/root/autodl-tmp/borescope-new-seg-data/v1/images/train/141.png,train,7,background,hard_fp_background,"[2.7261714935302734, 292.45648193359375, 95.3956527709961, 538.6760864257812]","[0, 268, 105, 540]",4
results/fast_repro/exp06_roi/patches/train/background/71__hard2.jpg,/root/autodl-tmp/borescope-new-seg-data/v1/images/train/71.png,train,7,background,hard_fp_background,"[287.3498229980469, 71.72127532958984, 306.916259765625, 99.09738159179688]","[285, 69, 309, 102]",2
results/fast_repro/exp06_roi/patches/train/background/155__hard10.jpg,/root/autodl-tmp/borescope-new-seg-data/v1/images/train/155.png,train,7,background,hard_fp_background,"[511.01800537109375, 329.23046875, 576.772705078125, 351.55413818359375]","[504, 327, 583, 354]",10
results/fast_repro/exp06_roi/patches/train/background/59__hard3.jpg,/root/autodl-tmp/borescope-new-seg-data/v1/images/train/59.png,train,7,background,hard_fp_background,"[250.24862670898438, 310.4248046875, 444.6658630371094, 358.40472412109375]","[231, 306, 464, 363]",3
results/fast_repro/exp06_roi/patches/train/background/6__hard2.jpg,/root/autodl-tmp/borescope-new-seg-data/v1/images/train/6.png,train,7,background,hard_fp_background,"[434.618408203125, 368.14910888671875, 490.94134521484375, 387.34814453125]","[429, 366, 497, 389]",2
results/fast_repro/exp06_roi/patches/train/background/175__hard3.jpg,/root/autodl-tmp/borescope-new-seg-data/v1/images/train/175.png,train,7,background,hard_fp_background,"[373.5389404296875, 163.53399658203125, 719.9666748046875, 319.2835388183594]","[339, 148, 720, 335]",3
results/fast_repro/exp06_roi/patches/train/background/151__hard1.jpg,/root/autodl-tmp/borescope-new-seg-data/v1/images/train/151.png,train,7,background,hard_fp_background,"[478.9483947753906, 241.7442626953125, 638.3446044921875, 439.4127197265625]","[463, 222, 640, 459]",1
results/fast_repro/exp06_roi/patches/train/background/144__hard1.jpg,/root/autodl-tmp/borescope-new-seg-data/v1/images/train/144.png,train,7,background,hard_fp_background,"[90.9367904663086, 5.349878311157227, 185.53518676757812, 187.9988555908203]","[81, 0, 195, 206]",1
results/fast_repro/exp06_roi/patches/train/background/234__hard1.jpg,/root/autodl-tmp/borescope-new-seg-data/v1/images/train/234.png,train,7,background,hard_fp_background,"[161.75189208984375, 191.161376953125, 326.40484619140625, 247.134033203125]","[145, 186, 343, 253]",1
results/fast_repro/exp06_roi/patches/train/background/76__hard4.jpg,/root/autodl-tmp/borescope-new-seg-data/v1/images/train/76.png,train,7,background,hard_fp_background,"[595.3025512695312, 148.7545928955078, 715.032958984375, 329.85089111328125]","[583, 131, 720, 348]",4
results/fast_repro/exp06_roi/patches/train/background/311__hard1.jpg,/root/autodl-tmp/borescope-new-seg-data/v1/images/train/311.png,train,7,background,hard_fp_background,"[394.8528137207031, 250.7875213623047, 496.3735046386719, 276.2267150878906]","[385, 248, 507, 279]",1
results/fast_repro/exp06_roi/patches/train/background/102__hard3.jpg,/root/autodl-tmp/borescope-new-seg-data/v1/images/train/102.png,train,7,background,hard_fp_background,"[2.533747673034668, 363.2799072265625, 43.79814910888672, 433.25579833984375]","[0, 356, 48, 440]",3
results/fast_repro/exp06_roi/patches/train/background/266__hard5.jpg,/root/autodl-tmp/borescope-new-seg-data/v1/images/train/266.png,train,7,background,hard_fp_background,"[569.4254760742188, 143.35873413085938, 718.589599609375, 536.81298828125]","[555, 104, 720, 540]",5
results/fast_repro/exp06_roi/patches/train/background/101__hard1.jpg,/root/autodl-tmp/borescope-new-seg-data/v1/images/train/101.png,train,7,background,hard_fp_background,"[500.9986572265625, 5.420757293701172, 709.6180419921875, 171.8021697998047]","[480, 0, 720, 188]",1
results/fast_repro/exp06_roi/patches/train/background/173__hard5.jpg,/root/autodl-tmp/borescope-new-seg-data/v1/images/train/173.png,train,7,background,hard_fp_background,"[174.77281188964844, 4.962018013000488, 290.967041015625, 116.06632995605469]","[163, 0, 303, 127]",5
results/fast_repro/exp06_roi/patches/train/background/487__hard2.jpg,/root/autodl-tmp/borescope-new-seg-data/v1/images/train/487.jpg,train,7,background,hard_fp_background,"[337.20556640625, 225.80104064941406, 401.58197021484375, 298.36566162109375]","[331, 219, 408, 306]",2
results/fast_repro/exp06_roi/patches/train/background/410__hard1.jpg,/root/autodl-tmp/borescope-new-seg-data/v1/images/train/410.png,train,7,background,hard_fp_background,"[328.56353759765625, 16.568790435791016, 359.3507995605469, 35.139068603515625]","[325, 15, 362, 37]",1
results/fast_repro/exp06_roi/patches/train/background/352__hard1.jpg,/root/autodl-tmp/borescope-new-seg-data/v1/images/train/352.png,train,7,background,hard_fp_background,"[125.52072143554688, 266.0047607421875, 562.0055541992188, 525.2874755859375]","[82, 240, 606, 540]",1
results/fast_repro/exp06_roi/patches/train/background/243__hard2.jpg,/root/autodl-tmp/borescope-new-seg-data/v1/images/train/243.png,train,7,background,hard_fp_background,"[541.6796264648438, 462.1014404296875, 593.1812744140625, 490.69500732421875]","[537, 459, 598, 494]",2
results/fast_repro/exp06_roi/patches/train/background/721__hard1.jpg,/root/autodl-tmp/borescope-new-seg-data/v1/images/train/721.jpg,train,7,background,hard_fp_background,"[428.94580078125, 119.98394012451172, 446.81390380859375, 136.6085662841797]","[427, 118, 449, 138]",1
results/fast_repro/exp06_roi/patches/train/background/99__hard1.jpg,/root/autodl-tmp/borescope-new-seg-data/v1/images/train/99.png,train,7,background,hard_fp_background,"[273.8482360839844, 98.47474670410156, 304.16363525390625, 117.22315979003906]","[271, 97, 307, 119]",1
results/fast_repro/exp06_roi/patches/train/background/84__hard1.jpg,/root/autodl-tmp/borescope-new-seg-data/v1/images/train/84.png,train,7,background,hard_fp_background,"[318.00091552734375, 157.80198669433594, 695.7191772460938, 411.6978759765625]","[280, 132, 720, 437]",1
results/fast_repro/exp06_roi/patches/train/background/613__hard3.jpg,/root/autodl-tmp/borescope-new-seg-data/v1/images/train/613.jpg,train,7,background,hard_fp_background,"[284.3948974609375, 0.0, 306.6187744140625, 5.4876708984375]","[282, 0, 309, 6]",3
results/fast_repro/exp06_roi/patches/train/background/119__hard1.jpg,/root/autodl-tmp/borescope-new-seg-data/v1/images/train/119.png,train,7,background,hard_fp_background,"[555.8482666015625, 142.266357421875, 586.78857421875, 162.03224182128906]","[553, 140, 590, 164]",1
results/fast_repro/exp06_roi/patches/train/background/358__hard6.jpg,/root/autodl-tmp/borescope-new-seg-data/v1/images/train/358.png,train,7,background,hard_fp_background,"[418.98785400390625, 438.4720764160156, 445.2066650390625, 458.7791442871094]","[416, 436, 448, 461]",6
results/fast_repro/exp06_roi/patches/train/background/428__hard2.jpg,/root/autodl-tmp/borescope-new-seg-data/v1/images/train/428.png,train,7,background,hard_fp_background,"[15.853612899780273, 116.45965576171875, 75.57929229736328, 164.07412719726562]","[10, 112, 82, 169]",2
results/fast_repro/exp06_roi/patches/train/background/235__hard8.jpg,/root/autodl-tmp/borescope-new-seg-data/v1/images/train/235.png,train,7,background,hard_fp_background,"[491.983154296875, 322.2814025878906, 515.8138427734375, 334.2038269042969]","[490, 321, 518, 335]",8
results/fast_repro/exp06_roi/patches/train/background/410__hard2.jpg,/root/autodl-tmp/borescope-new-seg-data/v1/images/train/410.png,train,7,background,hard_fp_background,"[531.444091796875, 312.7484130859375, 549.866943359375, 334.32501220703125]","[530, 311, 552, 336]",2
results/fast_repro/exp06_roi/patches/train/background/169__hard8.jpg,/root/autodl-tmp/borescope-new-seg-data/v1/images/train/169.png,train,7,background,hard_fp_background,"[96.83181762695312, 39.45038604736328, 420.216064453125, 224.28280639648438]","[64, 21, 453, 243]",8
results/fast_repro/exp06_roi/patches/train/background/209__hard5.jpg,/root/autodl-tmp/borescope-new-seg-data/v1/images/train/209.png,train,7,background,hard_fp_background,"[310.6604309082031, 200.15194702148438, 328.77935791015625, 288.7801513671875]","[309, 191, 331, 298]",5
results/fast_repro/exp06_roi/patches/train/background/257__hard2.jpg,/root/autodl-tmp/borescope-new-seg-data/v1/images/train/257.png,train,7,background,hard_fp_background,"[64.6201171875, 134.2913818359375, 123.42626953125, 182.90042114257812]","[59, 129, 129, 188]",2
results/fast_repro/exp06_roi/patches/train/background/209__hard6.jpg,/root/autodl-tmp/borescope-new-seg-data/v1/images/train/209.png,train,7,background,hard_fp_background,"[294.0900573730469, 348.75604248046875, 450.7762451171875, 539.8243408203125]","[278, 330, 466, 540]",6
results/fast_repro/exp06_roi/patches/train/background/58__hard10.jpg,/root/autodl-tmp/borescope-new-seg-data/v1/images/train/58.png,train,7,background,hard_fp_background,"[219.23231506347656, 247.9212646484375, 240.59275817871094, 262.208984375]","[217, 246, 243, 264]",10
results/fast_repro/exp06_roi/patches/train/background/143__hard0.jpg,/root/autodl-tmp/borescope-new-seg-data/v1/images/train/143.png,train,7,background,hard_fp_background,"[698.2277221679688, 335.53814697265625, 718.0047607421875, 363.8067321777344]","[696, 333, 720, 367]",0
results/fast_repro/exp06_roi/patches/train/background/54__hard12.jpg,/root/autodl-tmp/borescope-new-seg-data/v1/images/train/54.png,train,7,background,hard_fp_background,"[145.25686645507812, 199.72506713867188, 162.16619873046875, 215.42108154296875]","[144, 198, 164, 217]",12
results/fast_repro/exp06_roi/patches/train/background/99__hard2.jpg,/root/autodl-tmp/borescope-new-seg-data/v1/images/train/99.png,train,7,background,hard_fp_background,"[77.90479278564453, 274.4683532714844, 257.0216064453125, 535.4349365234375]","[60, 248, 275, 540]",2
results/fast_repro/exp06_roi/patches/train/background/103__hard4.jpg,/root/autodl-tmp/borescope-new-seg-data/v1/images/train/103.png,train,7,background,hard_fp_background,"[442.39794921875, 24.306015014648438, 502.8944396972656, 78.95228576660156]","[436, 19, 509, 84]",4
results/fast_repro/exp06_roi/patches/train/background/339__hard2.jpg,/root/autodl-tmp/borescope-new-seg-data/v1/images/train/339.png,train,7,background,hard_fp_background,"[53.125572204589844, 120.65980529785156, 81.61114501953125, 133.62356567382812]","[50, 119, 84, 135]",2
results/fast_repro/exp06_roi/patches/train/background/9__hard8.jpg,/root/autodl-tmp/borescope-new-seg-data/v1/images/train/9.png,train,7,background,hard_fp_background,"[266.6735534667969, 182.73831176757812, 306.19464111328125, 217.76470947265625]","[263, 179, 310, 221]",8
results/fast_repro/exp06_roi/patches/train/background/348__hard3.jpg,/root/autodl-tmp/borescope-new-seg-data/v1/images/train/348.png,train,7,background,hard_fp_background,"[222.70028686523438, 377.9259033203125, 602.5165405273438, 459.1816101074219]","[185, 370, 640, 467]",3
results/fast_repro/exp06_roi/patches/train/background/800__hard1.jpg,/root/autodl-tmp/borescope-new-seg-data/v1/images/train/800.jpg,train,7,background,hard_fp_background,"[261.53399658203125, 61.658241271972656, 273.0735778808594, 72.94237518310547]","[260, 61, 274, 74]",1
results/fast_repro/exp06_roi/patches/train/background/257__hard3.jpg,/root/autodl-tmp/borescope-new-seg-data/v1/images/train/257.png,train,7,background,hard_fp_background,"[122.31317138671875, 113.8453369140625, 564.1368408203125, 244.69091796875]","[78, 101, 608, 258]",3
results/fast_repro/exp06_roi/patches/train/background/483__hard2.jpg,/root/autodl-tmp/borescope-new-seg-data/v1/images/train/483.jpg,train,7,background,hard_fp_background,"[517.7418212890625, 295.1560363769531, 528.5098266601562, 328.81231689453125]","[517, 292, 530, 332]",2
results/fast_repro/exp06_roi/patches/train/background/31__hard3.jpg,/root/autodl-tmp/borescope-new-seg-data/v1/images/train/31.png,train,7,background,hard_fp_background,"[68.9817123413086, 0.0, 478.97308349609375, 462.0238952636719]","[28, 0, 520, 508]",3
results/fast_repro/exp06_roi/patches/train/background/305__hard2.jpg,/root/autodl-tmp/borescope-new-seg-data/v1/images/train/305.png,train,7,background,hard_fp_background,"[159.64195251464844, 112.80348205566406, 244.95660400390625, 165.67576599121094]","[151, 108, 253, 171]",2
results/fast_repro/exp06_roi/patches/train/background/209__hard7.jpg,/root/autodl-tmp/borescope-new-seg-data/v1/images/train/209.png,train,7,background,hard_fp_background,"[196.75033569335938, 56.242103576660156, 325.3548278808594, 303.1108703613281]","[184, 32, 338, 328]",7
results/fast_repro/exp06_roi/patches/train/background/254__hard1.jpg,/root/autodl-tmp/borescope-new-seg-data/v1/images/train/254.png,train,7,background,hard_fp_background,"[329.10882568359375, 74.5942153930664, 365.63787841796875, 93.31285858154297]","[325, 73, 369, 95]",1
results/fast_repro/exp06_roi/patches/train/background/672__hard1.jpg,/root/autodl-tmp/borescope-new-seg-data/v1/images/train/672.jpg,train,7,background,hard_fp_background,"[358.6363220214844, 136.31529235839844, 370.94000244140625, 152.3809051513672]","[357, 135, 372, 154]",1
results/fast_repro/exp06_roi/patches/train/background/104__hard5.jpg,/root/autodl-tmp/borescope-new-seg-data/v1/images/train/104.png,train,7,background,hard_fp_background,"[373.4991149902344, 500.21014404296875, 435.51025390625, 521.6829223632812]","[367, 498, 442, 524]",5
results/fast_repro/exp06_roi/patches/train/background/305__hard3.jpg,/root/autodl-tmp/borescope-new-seg-data/v1/images/train/305.png,train,7,background,hard_fp_background,"[27.187969207763672, 448.70465087890625, 148.9928436279297, 538.8628540039062]","[15, 440, 161, 540]",3
results/fast_repro/exp06_roi/patches/train/background/266__hard6.jpg,/root/autodl-tmp/borescope-new-seg-data/v1/images/train/266.png,train,7,background,hard_fp_background,"[261.34210205078125, 30.259952545166016, 292.9062194824219, 82.2231216430664]","[258, 25, 296, 87]",6
results/fast_repro/exp06_roi/patches/train/background/238__hard2.jpg,/root/autodl-tmp/borescope-new-seg-data/v1/images/train/238.png,train,7,background,hard_fp_background,"[93.0317611694336, 315.6133728027344, 566.959716796875, 476.65435791015625]","[46, 300, 614, 493]",2
results/fast_repro/exp06_roi/patches/train/background/103__hard5.jpg,/root/autodl-tmp/borescope-new-seg-data/v1/images/train/103.png,train,7,background,hard_fp_background,"[174.29727172851562, 340.8167724609375, 231.19093322753906, 380.16265869140625]","[169, 337, 237, 384]",5
results/fast_repro/exp06_roi/patches/train/background/482__hard2.jpg,/root/autodl-tmp/borescope-new-seg-data/v1/images/train/482.jpg,train,7,background,hard_fp_background,"[604.41796875, 192.73355102539062, 626.7837524414062, 266.67364501953125]","[602, 185, 629, 274]",2
results/fast_repro/exp06_roi/patches/train/background/294__hard2.jpg,/root/autodl-tmp/borescope-new-seg-data/v1/images/train/294.png,train,7,background,hard_fp_background,"[178.04685974121094, 284.302001953125, 438.4425964355469, 334.0027770996094]","[152, 279, 464, 339]",2
results/fast_repro/exp06_roi/patches/train/background/120__hard2.jpg,/root/autodl-tmp/borescope-new-seg-data/v1/images/train/120.png,train,7,background,hard_fp_background,"[16.08501434326172, 410.5941162109375, 390.22454833984375, 538.2105712890625]","[0, 398, 428, 540]",2
results/fast_repro/exp06_roi/patches/train/background/345__hard6.jpg,/root/autodl-tmp/borescope-new-seg-data/v1/images/train/345.png,train,7,background,hard_fp_background,"[671.135009765625, 201.55819702148438, 718.4811401367188, 241.257568359375]","[666, 198, 720, 245]",6
results/fast_repro/exp06_roi/patches/train/background/170__hard1.jpg,/root/autodl-tmp/borescope-new-seg-data/v1/images/train/170.png,train,7,background,hard_fp_background,"[284.70001220703125, 11.432682037353516, 702.03173828125, 226.42822265625]","[243, 0, 720, 248]",1
results/fast_repro/exp06_roi/patches/train/background/622__hard2.jpg,/root/autodl-tmp/borescope-new-seg-data/v1/images/train/622.jpg,train,7,background,hard_fp_background,"[269.7013854980469, 0.0, 289.5276184082031, 5.707244873046875]","[268, 0, 292, 6]",2
results/fast_repro/exp06_roi/patches/train/background/355__hard1.jpg,/root/autodl-tmp/borescope-new-seg-data/v1/images/train/355.png,train,7,background,hard_fp_background,"[580.105712890625, 315.5150451660156, 661.1994018554688, 533.160888671875]","[572, 294, 669, 540]",1
results/fast_repro/exp06_roi/patches/train/background/222__hard2.jpg,/root/autodl-tmp/borescope-new-seg-data/v1/images/train/222.png,train,7,background,hard_fp_background,"[47.21369171142578, 214.23361206054688, 160.666259765625, 343.3487854003906]","[36, 201, 172, 356]",2
results/fast_repro/exp06_roi/patches/train/background/900__hard2.jpg,/root/autodl-tmp/borescope-new-seg-data/v1/images/train/900.jpg,train,7,background,hard_fp_background,"[761.3095703125, 360.6847229003906, 834.7516479492188, 444.0727844238281]","[754, 352, 842, 452]",2
results/fast_repro/exp06_roi/patches/train/background/154__hard3.jpg,/root/autodl-tmp/borescope-new-seg-data/v1/images/train/154.png,train,7,background,hard_fp_background,"[282.8822937011719, 186.61624145507812, 661.3536376953125, 380.8768310546875]","[245, 167, 699, 400]",3
results/fast_repro/exp06_roi/patches/train/background/135__hard5.jpg,/root/autodl-tmp/borescope-new-seg-data/v1/images/train/135.png,train,7,background,hard_fp_background,"[492.4910888671875, 152.22012329101562, 516.6341552734375, 166.44195556640625]","[490, 151, 519, 168]",5
results/fast_repro/exp06_roi/patches/train/background/233__hard2.jpg,/root/autodl-tmp/borescope-new-seg-data/v1/images/train/233.png,train,7,background,hard_fp_background,"[461.7138977050781, 193.22146606445312, 512.319091796875, 326.2451477050781]","[457, 180, 517, 340]",2
results/fast_repro/exp06_roi/patches/train/background/84__hard2.jpg,/root/autodl-tmp/borescope-new-seg-data/v1/images/train/84.png,train,7,background,hard_fp_background,"[385.8093566894531, 308.96905517578125, 613.5728149414062, 461.4129333496094]","[363, 294, 636, 477]",2
results/fast_repro/exp06_roi/patches/train/background/199__hard4.jpg,/root/autodl-tmp/borescope-new-seg-data/v1/images/train/199.png,train,7,background,hard_fp_background,"[550.0696411132812, 83.118408203125, 588.7496948242188, 115.31751251220703]","[546, 80, 593, 119]",4
results/fast_repro/exp06_roi/patches/train/background/43__hard1.jpg,/root/autodl-tmp/borescope-new-seg-data/v1/images/train/43.png,train,7,background,hard_fp_background,"[286.1172790527344, 494.5519714355469, 312.5113830566406, 518.27197265625]","[283, 492, 315, 521]",1
results/fast_repro/exp06_roi/patches/train/background/275__hard5.jpg,/root/autodl-tmp/borescope-new-seg-data/v1/images/train/275.png,train,7,background,hard_fp_background,"[397.99169921875, 362.0662536621094, 439.84930419921875, 390.46453857421875]","[394, 359, 444, 393]",5
results/fast_repro/exp06_roi/patches/train/background/175__hard4.jpg,/root/autodl-tmp/borescope-new-seg-data/v1/images/train/175.png,train,7,background,hard_fp_background,"[408.1302185058594, 384.4997863769531, 588.802734375, 540.0]","[390, 369, 607, 540]",4
results/fast_repro/exp06_roi/patches/train/background/343__hard3.jpg,/root/autodl-tmp/borescope-new-seg-data/v1/images/train/343.png,train,7,background,hard_fp_background,"[525.47607421875, 11.887189865112305, 712.87451171875, 164.93666076660156]","[507, 0, 720, 180]",3
results/fast_repro/exp06_roi/patches/train/background/303__hard2.jpg,/root/autodl-tmp/borescope-new-seg-data/v1/images/train/303.png,train,7,background,hard_fp_background,"[634.0584716796875, 486.09710693359375, 713.0751953125, 530.1641845703125]","[626, 482, 720, 535]",2
results/fast_repro/exp06_roi/patches/train/background/281__hard1.jpg,/root/autodl-tmp/borescope-new-seg-data/v1/images/train/281.png,train,7,background,hard_fp_background,"[133.85511779785156, 159.5276336669922, 168.16696166992188, 182.0107421875]","[130, 157, 172, 184]",1
results/fast_repro/exp06_roi/patches/train/background/254__hard2.jpg,/root/autodl-tmp/borescope-new-seg-data/v1/images/train/254.png,train,7,background,hard_fp_background,"[430.57012939453125, 66.39604187011719, 446.88470458984375, 78.3267822265625]","[429, 65, 449, 80]",2
results/fast_repro/exp06_roi/patches/train/background/3__hard3.jpg,/root/autodl-tmp/borescope-new-seg-data/v1/images/train/3.png,train,7,background,hard_fp_background,"[243.42758178710938, 45.569908142089844, 318.5565185546875, 179.5499725341797]","[236, 32, 326, 193]",3
results/fast_repro/exp06_roi/patches/train/background/49__hard4.jpg,/root/autodl-tmp/borescope-new-seg-data/v1/images/train/49.png,train,7,background,hard_fp_background,"[385.94415283203125, 346.7254333496094, 407.03424072265625, 359.0949401855469]","[384, 345, 409, 360]",4
results/fast_repro/exp06_roi/patches/train/background/286__hard2.jpg,/root/autodl-tmp/borescope-new-seg-data/v1/images/train/286.png,train,7,background,hard_fp_background,"[14.834220886230469, 8.142105102539062, 328.6273498535156, 394.2446594238281]","[0, 0, 360, 433]",2
results/fast_repro/exp06_roi/patches/train/background/337__hard10.jpg,/root/autodl-tmp/borescope-new-seg-data/v1/images/train/337.png,train,7,background,hard_fp_background,"[8.810820579528809, 80.11831665039062, 72.55762481689453, 137.33311462402344]","[2, 74, 79, 143]",10
results/fast_repro/exp06_roi/patches/train/background/358__hard7.jpg,/root/autodl-tmp/borescope-new-seg-data/v1/images/train/358.png,train,7,background,hard_fp_background,"[498.86383056640625, 306.6127624511719, 588.432861328125, 380.29669189453125]","[490, 299, 597, 388]",7
results/fast_repro/exp06_roi/patches/train/background/377__hard7.jpg,/root/autodl-tmp/borescope-new-seg-data/v1/images/train/377.png,train,7,background,hard_fp_background,"[34.73767852783203, 184.9976348876953, 101.47473907470703, 300.4961853027344]","[28, 173, 108, 312]",7
results/fast_repro/exp06_roi/patches/train/background/355__hard2.jpg,/root/autodl-tmp/borescope-new-seg-data/v1/images/train/355.png,train,7,background,hard_fp_background,"[626.4359130859375, 147.32347106933594, 715.9254150390625, 371.03448486328125]","[617, 125, 720, 393]",2
results/fast_repro/exp06_roi/patches/train/background/114__hard0.jpg,/root/autodl-tmp/borescope-new-seg-data/v1/images/train/114.png,train,7,background,hard_fp_background,"[3.7923173904418945, 108.00015258789062, 102.07858276367188, 294.9410400390625]","[0, 89, 112, 314]",0
results/fast_repro/exp06_roi/patches/train/background/275__hard6.jpg,/root/autodl-tmp/borescope-new-seg-data/v1/images/train/275.png,train,7,background,hard_fp_background,"[7.435375213623047, 395.7542419433594, 555.5457763671875, 540.0]","[0, 381, 610, 540]",6
results/fast_repro/exp06_roi/patches/train/background/151__hard2.jpg,/root/autodl-tmp/borescope-new-seg-data/v1/images/train/151.png,train,7,background,hard_fp_background,"[27.928794860839844, 95.94366455078125, 266.4378967285156, 478.93438720703125]","[4, 58, 290, 480]",2
results/fast_repro/exp06_roi/patches/train/background/53__hard1.jpg,/root/autodl-tmp/borescope-new-seg-data/v1/images/train/53.png,train,7,background,hard_fp_background,"[19.72711944580078, 362.4945068359375, 597.191162109375, 520.754638671875]","[0, 347, 655, 537]",1
results/fast_repro/exp06_roi/patches/train/background/334__hard2.jpg,/root/autodl-tmp/borescope-new-seg-data/v1/images/train/334.png,train,7,background,hard_fp_background,"[658.6158447265625, 213.97378540039062, 674.0061645507812, 226.19674682617188]","[657, 213, 676, 227]",2
results/fast_repro/exp06_roi/patches/train/background/54__hard13.jpg,/root/autodl-tmp/borescope-new-seg-data/v1/images/train/54.png,train,7,background,hard_fp_background,"[348.8939208984375, 277.9126892089844, 390.76715087890625, 299.32794189453125]","[345, 276, 395, 301]",13
results/fast_repro/exp06_roi/patches/train/background/101__hard2.jpg,/root/autodl-tmp/borescope-new-seg-data/v1/images/train/101.png,train,7,background,hard_fp_background,"[334.271484375, 382.0858459472656, 355.96160888671875, 446.1239929199219]","[332, 376, 358, 453]",2
results/fast_repro/exp06_roi/patches/train/background/590__hard2.jpg,/root/autodl-tmp/borescope-new-seg-data/v1/images/train/590.jpg,train,7,background,hard_fp_background,"[292.9095153808594, 232.11517333984375, 316.2583312988281, 243.46307373046875]","[291, 231, 319, 245]",2
results/fast_repro/exp06_roi/patches/train/background/96__hard2.jpg,/root/autodl-tmp/borescope-new-seg-data/v1/images/train/96.png,train,7,background,hard_fp_background,"[123.39439392089844, 5.883556365966797, 330.2532958984375, 302.12774658203125]","[103, 0, 351, 332]",2
results/fast_repro/exp06_roi/patches/train/background/225__hard2.jpg,/root/autodl-tmp/borescope-new-seg-data/v1/images/train/225.png,train,7,background,hard_fp_background,"[48.14270782470703, 116.35690307617188, 720.0, 540.0]","[0, 74, 720, 540]",2
results/fast_repro/exp06_roi/patches/train/background/270__hard5.jpg,/root/autodl-tmp/borescope-new-seg-data/v1/images/train/270.png,train,7,background,hard_fp_background,"[330.5242614746094, 249.16162109375, 359.82391357421875, 301.9071044921875]","[328, 244, 363, 307]",5
results/fast_repro/exp06_roi/patches/train/background/973__hard1.jpg,/root/autodl-tmp/borescope-new-seg-data/v1/images/train/973.jpg,train,7,background,hard_fp_background,"[567.5741577148438, 670.443603515625, 662.2171630859375, 715.9808349609375]","[558, 666, 672, 720]",1
results/fast_repro/exp06_roi/patches/train/background/155__hard11.jpg,/root/autodl-tmp/borescope-new-seg-data/v1/images/train/155.png,train,7,background,hard_fp_background,"[678.3237915039062, 385.7617492675781, 695.7047119140625, 398.6634521484375]","[677, 384, 697, 400]",11
results/fast_repro/exp06_roi/patches/train/background/724__hard1.jpg,/root/autodl-tmp/borescope-new-seg-data/v1/images/train/724.jpg,train,7,background,hard_fp_background,"[162.9451446533203, 314.69049072265625, 202.1291961669922, 340.4818115234375]","[159, 312, 206, 343]",1
results/fast_repro/exp06_roi/patches/train/background/55__hard5.jpg,/root/autodl-tmp/borescope-new-seg-data/v1/images/train/55.png,train,7,background,hard_fp_background,"[227.74957275390625, 201.21224975585938, 245.3388671875, 212.20779418945312]","[226, 200, 247, 213]",5
results/fast_repro/exp06_roi/patches/train/background/240__hard4.jpg,/root/autodl-tmp/borescope-new-seg-data/v1/images/train/240.png,train,7,background,hard_fp_background,"[577.0482177734375, 250.42359924316406, 713.8629150390625, 325.0179443359375]","[563, 243, 720, 332]",4
results/fast_repro/exp06_roi/patches/train/background/482__hard3.jpg,/root/autodl-tmp/borescope-new-seg-data/v1/images/train/482.jpg,train,7,background,hard_fp_background,"[603.1134643554688, 197.464111328125, 628.5457153320312, 318.9543762207031]","[601, 185, 631, 331]",3
results/fast_repro/exp06_roi/patches/train/background/471__hard3.jpg,/root/autodl-tmp/borescope-new-seg-data/v1/images/train/471.jpg,train,7,background,hard_fp_background,"[194.49981689453125, 247.2864990234375, 226.09619140625, 306.7073974609375]","[191, 241, 229, 313]",3
results/fast_repro/exp06_roi/patches/train/background/37__hard9.jpg,/root/autodl-tmp/borescope-new-seg-data/v1/images/train/37.png,train,7,background,hard_fp_background,"[221.57583618164062, 412.1023864746094, 278.34967041015625, 433.316650390625]","[216, 410, 284, 435]",9
results/fast_repro/exp06_roi/patches/train/background/489__hard1.jpg,/root/autodl-tmp/borescope-new-seg-data/v1/images/train/489.jpg,train,7,background,hard_fp_background,"[528.0836181640625, 199.7945098876953, 557.1793212890625, 324.5858459472656]","[525, 187, 560, 337]",1
results/fast_repro/exp06_roi/patches/train/background/396__hard0.jpg,/root/autodl-tmp/borescope-new-seg-data/v1/images/train/396.png,train,7,background,hard_fp_background,"[185.14390563964844, 329.81170654296875, 247.57412719726562, 364.1233825683594]","[179, 326, 254, 368]",0
results/fast_repro/exp06_roi/patches/train/background/58__hard11.jpg,/root/autodl-tmp/borescope-new-seg-data/v1/images/train/58.png,train,7,background,hard_fp_background,"[48.92168045043945, 179.58001708984375, 93.18395233154297, 206.66525268554688]","[44, 177, 98, 209]",11
results/fast_repro/exp06_roi/patches/train/background/277__hard0.jpg,/root/autodl-tmp/borescope-new-seg-data/v1/images/train/277.png,train,7,background,hard_fp_background,"[629.3995361328125, 368.0085754394531, 648.3649291992188, 395.66192626953125]","[628, 365, 650, 398]",0
results/fast_repro/exp06_roi/patches/train/background/413__hard7.jpg,/root/autodl-tmp/borescope-new-seg-data/v1/images/train/413.png,train,7,background,hard_fp_background,"[330.38848876953125, 2.379458427429199, 587.3435668945312, 120.48716735839844]","[305, 0, 613, 132]",7
results/fast_repro/exp06_roi/patches/train/background/386__hard3.jpg,/root/autodl-tmp/borescope-new-seg-data/v1/images/train/386.png,train,7,background,hard_fp_background,"[393.7388000488281, 240.25811767578125, 616.1189575195312, 439.9942321777344]","[372, 220, 638, 460]",3
results/fast_repro/exp06_roi/patches/train/background/54__hard14.jpg,/root/autodl-tmp/borescope-new-seg-data/v1/images/train/54.png,train,7,background,hard_fp_background,"[176.01394653320312, 129.49972534179688, 673.2760009765625, 341.4652099609375]","[126, 108, 720, 363]",14
results/fast_repro/exp06_roi/patches/train/background/303__hard3.jpg,/root/autodl-tmp/borescope-new-seg-data/v1/images/train/303.png,train,7,background,hard_fp_background,"[499.7645568847656, 382.25555419921875, 523.9732055664062, 399.60968017578125]","[497, 381, 526, 401]",3
results/fast_repro/exp06_roi/patches/train/background/179__hard0.jpg,/root/autodl-tmp/borescope-new-seg-data/v1/images/train/179.png,train,7,background,hard_fp_background,"[0.471343994140625, 180.40029907226562, 24.34688949584961, 232.84396362304688]","[0, 175, 27, 238]",0
results/fast_repro/exp06_roi/patches/train/background/157__hard8.jpg,/root/autodl-tmp/borescope-new-seg-data/v1/images/train/157.png,train,7,background,hard_fp_background,"[72.97900390625, 330.2908935546875, 576.6006469726562, 480.0]","[23, 315, 627, 480]",8
results/fast_repro/exp06_roi/patches/train/background/279__hard1.jpg,/root/autodl-tmp/borescope-new-seg-data/v1/images/train/279.png,train,7,background,hard_fp_background,"[229.05931091308594, 164.13958740234375, 368.9171142578125, 288.5193176269531]","[215, 152, 383, 301]",1
results/fast_repro/exp06_roi/patches/train/background/209__hard8.jpg,/root/autodl-tmp/borescope-new-seg-data/v1/images/train/209.png,train,7,background,hard_fp_background,"[543.0390014648438, 371.0052185058594, 570.36767578125, 390.214111328125]","[540, 369, 573, 392]",8
results/fast_repro/exp06_roi/patches/train/background/633__hard7.jpg,/root/autodl-tmp/borescope-new-seg-data/v1/images/train/633.jpg,train,7,background,hard_fp_background,"[317.94964599609375, 265.71954345703125, 336.20013427734375, 277.56634521484375]","[316, 265, 338, 279]",7
results/fast_repro/exp06_roi/patches/train/background/559__hard4.jpg,/root/autodl-tmp/borescope-new-seg-data/v1/images/train/559.jpg,train,7,background,hard_fp_background,"[0.0, 0.0, 251.8338623046875, 712.6104736328125]","[0, 0, 277, 720]",4
results/fast_repro/exp06_roi/patches/train/background/83__hard4.jpg,/root/autodl-tmp/borescope-new-seg-data/v1/images/train/83.png,train,7,background,hard_fp_background,"[376.1915283203125, 109.08940124511719, 423.58624267578125, 131.46311950683594]","[371, 107, 428, 134]",4
results/fast_repro/exp06_roi/patches/train/background/622__hard3.jpg,/root/autodl-tmp/borescope-new-seg-data/v1/images/train/622.jpg,train,7,background,hard_fp_background,"[203.61898803710938, 0.0, 224.32833862304688, 6.043060302734375]","[202, 0, 226, 7]",3
results/fast_repro/exp06_roi/patches/train/background/190__hard3.jpg,/root/autodl-tmp/borescope-new-seg-data/v1/images/train/190.png,train,7,background,hard_fp_background,"[21.545330047607422, 274.78497314453125, 95.47334289550781, 309.0028991699219]","[14, 271, 103, 312]",3
results/fast_repro/exp06_roi/patches/train/background/412__hard1.jpg,/root/autodl-tmp/borescope-new-seg-data/v1/images/train/412.png,train,7,background,hard_fp_background,"[215.05386352539062, 368.64678955078125, 270.3846740722656, 383.89398193359375]","[210, 367, 276, 385]",1
results/fast_repro/exp06_roi/patches/train/background/37__hard10.jpg,/root/autodl-tmp/borescope-new-seg-data/v1/images/train/37.png,train,7,background,hard_fp_background,"[234.819580078125, 413.8266296386719, 278.19000244140625, 432.6445617675781]","[230, 412, 283, 435]",10
results/fast_repro/exp06_roi/patches/train/background/261__hard1.jpg,/root/autodl-tmp/borescope-new-seg-data/v1/images/train/261.png,train,7,background,hard_fp_background,"[114.66327667236328, 105.08759307861328, 593.76318359375, 284.6097106933594]","[67, 87, 642, 303]",1
results/fast_repro/exp06_roi/patches/train/background/334__hard3.jpg,/root/autodl-tmp/borescope-new-seg-data/v1/images/train/334.png,train,7,background,hard_fp_background,"[325.5343017578125, 285.9508361816406, 365.39215087890625, 313.1457214355469]","[322, 283, 369, 316]",3
results/fast_repro/exp06_roi/patches/train/background/623__hard6.jpg,/root/autodl-tmp/borescope-new-seg-data/v1/images/train/623.jpg,train,7,background,hard_fp_background,"[388.8815002441406, 105.57431030273438, 430.4263000488281, 130.421630859375]","[385, 103, 435, 133]",6
results/fast_repro/exp06_roi/patches/train/background/228__hard8.jpg,/root/autodl-tmp/borescope-new-seg-data/v1/images/train/228.png,train,7,background,hard_fp_background,"[625.743896484375, 37.20082092285156, 649.5875244140625, 51.03205871582031]","[623, 36, 652, 52]",8
results/fast_repro/exp06_roi/patches/train/background/173__hard6.jpg,/root/autodl-tmp/borescope-new-seg-data/v1/images/train/173.png,train,7,background,hard_fp_background,"[699.4788208007812, 377.7393493652344, 719.7518920898438, 422.25128173828125]","[697, 373, 720, 427]",6
results/fast_repro/exp06_roi/patches/train/background/572__hard3.jpg,/root/autodl-tmp/borescope-new-seg-data/v1/images/train/572.jpg,train,7,background,hard_fp_background,"[605.9412231445312, 32.557777404785156, 669.5645141601562, 54.645057678222656]","[600, 30, 676, 57]",3
results/fast_repro/exp06_roi/patches/train/background/387__hard1.jpg,/root/autodl-tmp/borescope-new-seg-data/v1/images/train/387.png,train,7,background,hard_fp_background,"[336.7521057128906, 347.10888671875, 362.50653076171875, 360.6124572753906]","[334, 346, 365, 362]",1
results/fast_repro/exp06_roi/patches/train/background/289__hard4.jpg,/root/autodl-tmp/borescope-new-seg-data/v1/images/train/289.png,train,7,background,hard_fp_background,"[147.60964965820312, 371.3031005859375, 358.1412658691406, 417.54046630859375]","[127, 367, 379, 422]",4
results/fast_repro/exp06_roi/patches/train/background/233__hard3.jpg,/root/autodl-tmp/borescope-new-seg-data/v1/images/train/233.png,train,7,background,hard_fp_background,"[462.8633728027344, 202.51205444335938, 503.31756591796875, 295.0725402832031]","[459, 193, 507, 304]",3
results/fast_repro/exp06_roi/patches/train/background/58__hard13.jpg,/root/autodl-tmp/borescope-new-seg-data/v1/images/train/58.png,train,7,background,hard_fp_background,"[141.84750366210938, 185.89822387695312, 171.49366760253906, 202.27072143554688]","[139, 184, 174, 204]",13
results/fast_repro/exp06_roi/patches/train/background/546__hard3.jpg,/root/autodl-tmp/borescope-new-seg-data/v1/images/train/546.jpg,train,7,background,hard_fp_background,"[465.87347412109375, 208.25753784179688, 478.25115966796875, 287.1719970703125]","[465, 200, 479, 295]",3
results/fast_repro/exp06_roi/patches/train/background/167__hard1.jpg,/root/autodl-tmp/borescope-new-seg-data/v1/images/train/167.png,train,7,background,hard_fp_background,"[267.8602294921875, 213.99081420898438, 459.4130554199219, 449.77655029296875]","[249, 190, 479, 473]",1
results/fast_repro/exp06_roi/patches/train/background/352__hard3.jpg,/root/autodl-tmp/borescope-new-seg-data/v1/images/train/352.png,train,7,background,hard_fp_background,"[3.362494468688965, 98.37362670898438, 132.6856231689453, 312.0427551269531]","[0, 77, 146, 333]",3
results/fast_repro/exp06_roi/patches/train/background/167__hard2.jpg,/root/autodl-tmp/borescope-new-seg-data/v1/images/train/167.png,train,7,background,hard_fp_background,"[203.72679138183594, 333.5068054199219, 406.2005615234375, 533.1094970703125]","[183, 314, 426, 540]",2
results/fast_repro/exp06_roi/patches/train/background/240__hard5.jpg,/root/autodl-tmp/borescope-new-seg-data/v1/images/train/240.png,train,7,background,hard_fp_background,"[471.6340637207031, 362.93017578125, 550.2457885742188, 405.94854736328125]","[464, 359, 558, 410]",5
results/fast_repro/exp06_roi/patches/train/background/210__hard11.jpg,/root/autodl-tmp/borescope-new-seg-data/v1/images/train/210.png,train,7,background,hard_fp_background,"[389.6705017089844, 373.4290466308594, 406.54083251953125, 385.59942626953125]","[388, 372, 408, 387]",11
results/fast_repro/exp06_roi/patches/train/background/268__hard1.jpg,/root/autodl-tmp/borescope-new-seg-data/v1/images/train/268.png,train,7,background,hard_fp_background,"[24.58168601989746, 348.70880126953125, 106.49185180664062, 387.16973876953125]","[16, 345, 115, 391]",1
results/fast_repro/exp06_roi/patches/train/background/2__hard2.jpg,/root/autodl-tmp/borescope-new-seg-data/v1/images/train/2.png,train,7,background,hard_fp_background,"[47.294921875, 80.2664794921875, 130.18161010742188, 114.81753540039062]","[39, 77, 138, 118]",2
results/fast_repro/exp06_roi/patches/train/background/197__hard5.jpg,/root/autodl-tmp/borescope-new-seg-data/v1/images/train/197.png,train,7,background,hard_fp_background,"[359.7760925292969, 317.59423828125, 450.0411376953125, 385.6091003417969]","[351, 311, 459, 392]",5
results/fast_repro/exp06_roi/patches/train/background/413__hard8.jpg,/root/autodl-tmp/borescope-new-seg-data/v1/images/train/413.png,train,7,background,hard_fp_background,"[150.6722412109375, 5.273351669311523, 303.7132568359375, 83.4505844116211]","[135, 0, 319, 91]",8
results/fast_repro/exp06_roi/patches/train/background/641__hard1.jpg,/root/autodl-tmp/borescope-new-seg-data/v1/images/train/641.jpg,train,7,background,hard_fp_background,"[0.0, 244.54165649414062, 26.715343475341797, 348.54986572265625]","[0, 234, 29, 359]",1
results/fast_repro/exp06_roi/patches/train/background/284__hard0.jpg,/root/autodl-tmp/borescope-new-seg-data/v1/images/train/284.png,train,7,background,hard_fp_background,"[136.6951904296875, 364.9937744140625, 308.8170166015625, 532.31884765625]","[119, 348, 326, 540]",0
results/fast_repro/exp06_roi/patches/train/background/800__hard2.jpg,/root/autodl-tmp/borescope-new-seg-data/v1/images/train/800.jpg,train,7,background,hard_fp_background,"[262.9635009765625, 63.18239212036133, 272.2308654785156, 72.67578887939453]","[262, 62, 273, 74]",2
results/fast_repro/exp06_roi/patches/train/background/238__hard3.jpg,/root/autodl-tmp/borescope-new-seg-data/v1/images/train/238.png,train,7,background,hard_fp_background,"[612.9244995117188, 339.9548034667969, 632.0333251953125, 353.64898681640625]","[611, 339, 634, 355]",3
results/fast_repro/exp06_roi/patches/train/background/153__hard5.jpg,/root/autodl-tmp/borescope-new-seg-data/v1/images/train/153.png,train,7,background,hard_fp_background,"[40.08418273925781, 175.15536499023438, 160.67727661132812, 257.24993896484375]","[28, 167, 173, 265]",5
results/fast_repro/exp06_roi/patches/train/background/318__hard2.jpg,/root/autodl-tmp/borescope-new-seg-data/v1/images/train/318.png,train,7,background,hard_fp_background,"[525.3434448242188, 112.29669189453125, 555.3206176757812, 148.72946166992188]","[522, 109, 558, 152]",2
results/fast_repro/exp06_roi/patches/train/background/541__hard3.jpg,/root/autodl-tmp/borescope-new-seg-data/v1/images/train/541.jpg,train,7,background,hard_fp_background,"[683.9957275390625, 185.27967834472656, 698.5943603515625, 287.34368896484375]","[683, 175, 700, 298]",3
results/fast_repro/exp06_roi/patches/train/background/297__hard2.jpg,/root/autodl-tmp/borescope-new-seg-data/v1/images/train/297.png,train,7,background,hard_fp_background,"[404.15618896484375, 82.29290008544922, 530.5834350585938, 128.10960388183594]","[392, 78, 543, 133]",2
results/fast_repro/exp06_roi/patches/train/background/76__hard6.jpg,/root/autodl-tmp/borescope-new-seg-data/v1/images/train/76.png,train,7,background,hard_fp_background,"[270.7371520996094, 63.868812561035156, 428.1382141113281, 192.30084228515625]","[255, 51, 444, 205]",6
results/fast_repro/exp06_roi/patches/train/background/207__hard8.jpg,/root/autodl-tmp/borescope-new-seg-data/v1/images/train/207.png,train,7,background,hard_fp_background,"[348.5998229980469, 354.855224609375, 489.0643005371094, 482.816162109375]","[335, 342, 503, 496]",8
results/fast_repro/exp06_roi/patches/train/background/337__hard11.jpg,/root/autodl-tmp/borescope-new-seg-data/v1/images/train/337.png,train,7,background,hard_fp_background,"[582.521484375, 254.11363220214844, 619.220458984375, 395.84063720703125]","[579, 240, 623, 410]",11
results/fast_repro/exp06_roi/patches/train/background/544__hard1.jpg,/root/autodl-tmp/borescope-new-seg-data/v1/images/train/544.jpg,train,7,background,hard_fp_background,"[395.0302734375, 137.76397705078125, 573.919921875, 285.0458679199219]","[377, 123, 592, 300]",1
results/fast_repro/exp06_roi/patches/train/background/297__hard3.jpg,/root/autodl-tmp/borescope-new-seg-data/v1/images/train/297.png,train,7,background,hard_fp_background,"[320.376220703125, 324.4110107421875, 346.1728210449219, 334.5608825683594]","[318, 323, 349, 336]",3
results/fast_repro/exp06_roi/patches/train/background/334__hard4.jpg,/root/autodl-tmp/borescope-new-seg-data/v1/images/train/334.png,train,7,background,hard_fp_background,"[183.95425415039062, 383.34161376953125, 201.82598876953125, 398.1412353515625]","[182, 382, 204, 400]",4
results/fast_repro/exp06_roi/patches/train/background/170__hard2.jpg,/root/autodl-tmp/borescope-new-seg-data/v1/images/train/170.png,train,7,background,hard_fp_background,"[267.880859375, 12.515685081481934, 716.3763427734375, 224.50885009765625]","[223, 0, 720, 246]",2
results/fast_repro/exp06_roi/patches/train/background/155__hard12.jpg,/root/autodl-tmp/borescope-new-seg-data/v1/images/train/155.png,train,7,background,hard_fp_background,"[354.06787109375, 425.11663818359375, 389.8096923828125, 445.34954833984375]","[350, 423, 393, 447]",12
results/fast_repro/exp06_roi/patches/train/background/941__hard1.jpg,/root/autodl-tmp/borescope-new-seg-data/v1/images/train/941.jpg,train,7,background,hard_fp_background,"[346.57501220703125, 122.74061584472656, 365.0201721191406, 155.802978515625]","[345, 119, 367, 159]",1
results/fast_repro/exp06_roi/patches/train/background/2__hard3.jpg,/root/autodl-tmp/borescope-new-seg-data/v1/images/train/2.png,train,7,background,hard_fp_background,"[130.52088928222656, 0.0, 570.6812744140625, 138.46768188476562]","[87, 0, 615, 152]",3
results/fast_repro/exp06_roi/patches/train/background/319__hard0.jpg,/root/autodl-tmp/borescope-new-seg-data/v1/images/train/319.png,train,7,background,hard_fp_background,"[117.74246978759766, 320.47991943359375, 426.0263977050781, 387.05718994140625]","[87, 314, 457, 394]",0
results/fast_repro/exp06_roi/patches/train/background/76__hard7.jpg,/root/autodl-tmp/borescope-new-seg-data/v1/images/train/76.png,train,7,background,hard_fp_background,"[435.31390380859375, 222.1988983154297, 487.8753662109375, 255.462890625]","[430, 219, 493, 259]",7
results/fast_repro/exp06_roi/patches/train/background/98__hard13.jpg,/root/autodl-tmp/borescope-new-seg-data/v1/images/train/98.png,train,7,background,hard_fp_background,"[138.21658325195312, 143.0731964111328, 294.0467529296875, 278.7675476074219]","[123, 130, 310, 292]",13
results/fast_repro/exp06_roi/patches/train/background/64__hard1.jpg,/root/autodl-tmp/borescope-new-seg-data/v1/images/train/64.png,train,7,background,hard_fp_background,"[692.9979248046875, 150.4924774169922, 715.975830078125, 183.60719299316406]","[691, 147, 718, 187]",1
results/fast_repro/exp06_roi/patches/train/background/238__hard4.jpg,/root/autodl-tmp/borescope-new-seg-data/v1/images/train/238.png,train,7,background,hard_fp_background,"[327.3228454589844, 341.3111572265625, 353.46624755859375, 359.44696044921875]","[325, 339, 356, 361]",4
results/fast_repro/exp06_roi/patches/train/background/260__hard1.jpg,/root/autodl-tmp/borescope-new-seg-data/v1/images/train/260.png,train,7,background,hard_fp_background,"[284.7689208984375, 350.5625305175781, 347.2928771972656, 412.2677917480469]","[279, 344, 354, 418]",1
results/fast_repro/exp06_roi/patches/train/background/209__hard9.jpg,/root/autodl-tmp/borescope-new-seg-data/v1/images/train/209.png,train,7,background,hard_fp_background,"[306.974609375, 17.080650329589844, 489.59075927734375, 536.4908447265625]","[289, 0, 508, 540]",9
results/fast_repro/exp06_roi/patches/train/background/171__hard6.jpg,/root/autodl-tmp/borescope-new-seg-data/v1/images/train/171.png,train,7,background,hard_fp_background,"[105.23568725585938, 483.14520263671875, 153.4483642578125, 500.51171875]","[100, 481, 158, 502]",6
results/fast_repro/exp06_roi/patches/train/background/339__hard3.jpg,/root/autodl-tmp/borescope-new-seg-data/v1/images/train/339.png,train,7,background,hard_fp_background,"[416.65423583984375, 277.42138671875, 534.119384765625, 359.7957763671875]","[405, 269, 546, 368]",3
results/fast_repro/exp06_roi/patches/train/background/190__hard4.jpg,/root/autodl-tmp/borescope-new-seg-data/v1/images/train/190.png,train,7,background,hard_fp_background,"[44.11065673828125, 294.59014892578125, 425.9300537109375, 533.2552490234375]","[6, 271, 464, 540]",4
results/fast_repro/exp06_roi/patches/train/background/185__hard6.jpg,/root/autodl-tmp/borescope-new-seg-data/v1/images/train/185.png,train,7,background,hard_fp_background,"[214.483642578125, 141.08779907226562, 296.33453369140625, 214.53675842285156]","[206, 134, 305, 222]",6
results/fast_repro/exp06_roi/patches/train/background/274__hard1.jpg,/root/autodl-tmp/borescope-new-seg-data/v1/images/train/274.png,train,7,background,hard_fp_background,"[659.2399291992188, 4.828817367553711, 712.4786987304688, 46.147300720214844]","[654, 1, 718, 50]",1
results/fast_repro/exp06_roi/patches/train/background/44__hard5.jpg,/root/autodl-tmp/borescope-new-seg-data/v1/images/train/44.png,train,7,background,hard_fp_background,"[179.6087188720703, 29.04436683654785, 432.8038330078125, 105.1707992553711]","[154, 21, 458, 113]",5
results/fast_repro/exp06_roi/patches/train/background/154__hard4.jpg,/root/autodl-tmp/borescope-new-seg-data/v1/images/train/154.png,train,7,background,hard_fp_background,"[289.0692443847656, 247.47329711914062, 493.5596923828125, 377.0873718261719]","[269, 235, 514, 390]",4
results/fast_repro/exp06_roi/patches/train/background/578__hard4.jpg,/root/autodl-tmp/borescope-new-seg-data/v1/images/train/578.jpg,train,7,background,hard_fp_background,"[356.05010986328125, 136.30645751953125, 406.15301513671875, 157.96246337890625]","[351, 134, 411, 160]",4
results/fast_repro/exp06_roi/patches/train/background/356__hard0.jpg,/root/autodl-tmp/borescope-new-seg-data/v1/images/train/356.png,train,7,background,hard_fp_background,"[419.0319519042969, 415.4736022949219, 462.66839599609375, 436.22265625]","[415, 413, 467, 438]",0
results/fast_repro/exp06_roi/patches/train/background/114__hard1.jpg,/root/autodl-tmp/borescope-new-seg-data/v1/images/train/114.png,train,7,background,hard_fp_background,"[319.7967529296875, 375.5404968261719, 377.114501953125, 430.0424499511719]","[314, 370, 383, 435]",1
results/fast_repro/exp06_roi/patches/train/background/110__hard3.jpg,/root/autodl-tmp/borescope-new-seg-data/v1/images/train/110.png,train,7,background,hard_fp_background,"[230.89906311035156, 223.74996948242188, 568.82666015625, 331.83099365234375]","[197, 213, 603, 343]",3
results/fast_repro/exp06_roi/patches/train/background/348__hard5.jpg,/root/autodl-tmp/borescope-new-seg-data/v1/images/train/348.png,train,7,background,hard_fp_background,"[522.9990234375, 216.76890563964844, 537.4674072265625, 228.6734161376953]","[522, 216, 539, 230]",5
results/fast_repro/exp06_roi/patches/train/background/100__hard0.jpg,/root/autodl-tmp/borescope-new-seg-data/v1/images/train/100.png,train,7,background,hard_fp_background,"[665.7249145507812, 504.7045593261719, 719.2138061523438, 537.8702392578125]","[660, 501, 720, 540]",0
results/fast_repro/exp06_roi/patches/train/background/153__hard6.jpg,/root/autodl-tmp/borescope-new-seg-data/v1/images/train/153.png,train,7,background,hard_fp_background,"[279.2276916503906, 111.0918960571289, 436.558349609375, 183.83648681640625]","[263, 104, 452, 191]",6
results/fast_repro/exp06_roi/patches/train/background/141__hard5.jpg,/root/autodl-tmp/borescope-new-seg-data/v1/images/train/141.png,train,7,background,hard_fp_background,"[455.0346984863281, 0.0, 687.1387939453125, 454.8814392089844]","[432, 0, 710, 500]",5
results/fast_repro/exp06_roi/patches/train/background/368__hard2.jpg,/root/autodl-tmp/borescope-new-seg-data/v1/images/train/368.png,train,7,background,hard_fp_background,"[504.2247619628906, 61.685211181640625, 647.7905883789062, 118.16053771972656]","[490, 56, 662, 124]",2
results/fast_repro/exp06_roi/patches/train/background/173__hard8.jpg,/root/autodl-tmp/borescope-new-seg-data/v1/images/train/173.png,train,7,background,hard_fp_background,"[625.029541015625, 140.01333618164062, 712.8720703125, 235.145263671875]","[616, 131, 720, 245]",8
results/fast_repro/exp06_roi/patches/train/background/632__hard2.jpg,/root/autodl-tmp/borescope-new-seg-data/v1/images/train/632.jpg,train,7,background,hard_fp_background,"[409.6672058105469, 252.21722412109375, 426.7706604003906, 261.11553955078125]","[408, 251, 428, 262]",2
results/fast_repro/exp06_roi/patches/train/background/209__hard10.jpg,/root/autodl-tmp/borescope-new-seg-data/v1/images/train/209.png,train,7,background,hard_fp_background,"[465.0517578125, 0.9222335815429688, 715.5210571289062, 540.0]","[440, 0, 720, 540]",10
results/fast_repro/exp06_roi/patches/train/background/76__hard8.jpg,/root/autodl-tmp/borescope-new-seg-data/v1/images/train/76.png,train,7,background,hard_fp_background,"[402.6387023925781, 244.05592346191406, 708.2462158203125, 432.0555419921875]","[372, 225, 720, 451]",8
results/fast_repro/exp06_roi/patches/train/background/124__hard2.jpg,/root/autodl-tmp/borescope-new-seg-data/v1/images/train/124.png,train,7,background,hard_fp_background,"[483.0646667480469, 106.69094848632812, 711.5189208984375, 189.02365112304688]","[460, 98, 720, 197]",2
results/fast_repro/exp06_roi/patches/train/background/215__hard2.jpg,/root/autodl-tmp/borescope-new-seg-data/v1/images/train/215.png,train,7,background,hard_fp_background,"[183.50584411621094, 8.313835144042969, 267.60845947265625, 230.3505859375]","[175, 0, 276, 253]",2
results/fast_repro/exp06_roi/patches/train/background/98__hard14.jpg,/root/autodl-tmp/borescope-new-seg-data/v1/images/train/98.png,train,7,background,hard_fp_background,"[139.54185485839844, 230.72508239746094, 183.1372528076172, 281.60345458984375]","[135, 226, 187, 287]",14
results/fast_repro/exp06_roi/patches/train/background/208__hard0.jpg,/root/autodl-tmp/borescope-new-seg-data/v1/images/train/208.png,train,7,background,hard_fp_background,"[564.8753051757812, 371.275146484375, 717.580078125, 525.6080322265625]","[550, 356, 720, 540]",0
results/fast_repro/exp06_roi/patches/train/background/210__hard12.jpg,/root/autodl-tmp/borescope-new-seg-data/v1/images/train/210.png,train,7,background,hard_fp_background,"[116.04839324951172, 263.962646484375, 164.0045623779297, 311.369384765625]","[111, 259, 169, 316]",12
results/fast_repro/exp06_roi/patches/train/background/345__hard8.jpg,/root/autodl-tmp/borescope-new-seg-data/v1/images/train/345.png,train,7,background,hard_fp_background,"[339.1361389160156, 265.384033203125, 384.08587646484375, 311.64910888671875]","[335, 261, 389, 316]",8
results/fast_repro/exp06_roi/patches/train/background/391__hard5.jpg,/root/autodl-tmp/borescope-new-seg-data/v1/images/train/391.png,train,7,background,hard_fp_background,"[399.20098876953125, 249.1007080078125, 471.24822998046875, 312.48797607421875]","[392, 243, 478, 319]",5
results/fast_repro/exp06_roi/patches/train/background/426__hard4.jpg,/root/autodl-tmp/borescope-new-seg-data/v1/images/train/426.png,train,7,background,hard_fp_background,"[638.4781494140625, 186.62454223632812, 689.4766845703125, 254.10284423828125]","[633, 180, 695, 261]",4
results/fast_repro/exp06_roi/patches/train/background/337__hard12.jpg,/root/autodl-tmp/borescope-new-seg-data/v1/images/train/337.png,train,7,background,hard_fp_background,"[221.64466857910156, 390.53179931640625, 295.7550354003906, 455.61163330078125]","[214, 384, 303, 462]",12
results/fast_repro/exp06_roi/patches/train/background/895__hard1.jpg,/root/autodl-tmp/borescope-new-seg-data/v1/images/train/895.jpg,train,7,background,hard_fp_background,"[241.50538635253906, 188.87945556640625, 249.93409729003906, 205.18228149414062]","[241, 187, 251, 207]",1
results/fast_repro/exp06_roi/patches/train/background/582__hard5.jpg,/root/autodl-tmp/borescope-new-seg-data/v1/images/train/582.jpg,train,7,background,hard_fp_background,"[889.427490234375, 31.323760986328125, 917.4415283203125, 63.091827392578125]","[887, 28, 920, 66]",5
results/fast_repro/exp06_roi/patches/train/background/305__hard4.jpg,/root/autodl-tmp/borescope-new-seg-data/v1/images/train/305.png,train,7,background,hard_fp_background,"[178.6644744873047, 250.08865356445312, 332.015869140625, 363.44427490234375]","[163, 239, 347, 375]",4
results/fast_repro/exp06_roi/patches/train/background/289__hard5.jpg,/root/autodl-tmp/borescope-new-seg-data/v1/images/train/289.png,train,7,background,hard_fp_background,"[244.19786071777344, 373.6522521972656, 500.896240234375, 425.7549133300781]","[219, 368, 527, 431]",5
results/fast_repro/exp06_roi/patches/train/background/43__hard2.jpg,/root/autodl-tmp/borescope-new-seg-data/v1/images/train/43.png,train,7,background,hard_fp_background,"[32.49042892456055, 193.94143676757812, 62.855037689208984, 227.964599609375]","[29, 191, 66, 231]",2
results/fast_repro/exp06_roi/patches/train/background/50__hard7.jpg,/root/autodl-tmp/borescope-new-seg-data/v1/images/train/50.png,train,7,background,hard_fp_background,"[140.00616455078125, 6.737468719482422, 261.07568359375, 137.53567504882812]","[128, 0, 273, 151]",7
results/fast_repro/exp06_roi/patches/train/background/632__hard3.jpg,/root/autodl-tmp/borescope-new-seg-data/v1/images/train/632.jpg,train,7,background,hard_fp_background,"[400.040283203125, 182.52395629882812, 469.404541015625, 222.91683959960938]","[393, 178, 476, 227]",3
results/fast_repro/exp06_roi/patches/train/background/259__hard4.jpg,/root/autodl-tmp/borescope-new-seg-data/v1/images/train/259.png,train,7,background,hard_fp_background,"[5.983772277832031, 82.27359008789062, 308.94976806640625, 492.45111083984375]","[0, 41, 339, 533]",4
results/fast_repro/exp06_roi/patches/train/background/312__hard0.jpg,/root/autodl-tmp/borescope-new-seg-data/v1/images/train/312.png,train,7,background,hard_fp_background,"[588.5040893554688, 23.085296630859375, 609.02490234375, 47.28690719604492]","[586, 21, 611, 50]",0
results/fast_repro/exp06_roi/patches/train/background/227__hard0.jpg,/root/autodl-tmp/borescope-new-seg-data/v1/images/train/227.png,train,7,background,hard_fp_background,"[528.9581909179688, 446.3882141113281, 649.7908935546875, 537.94091796875]","[517, 437, 662, 540]",0
results/fast_repro/exp06_roi/patches/train/background/205__hard3.jpg,/root/autodl-tmp/borescope-new-seg-data/v1/images/train/205.png,train,7,background,hard_fp_background,"[9.630803108215332, 182.586669921875, 37.78242874145508, 202.6007080078125]","[7, 181, 41, 205]",3
results/fast_repro/exp06_roi/patches/train/background/9__hard9.jpg,/root/autodl-tmp/borescope-new-seg-data/v1/images/train/9.png,train,7,background,hard_fp_background,"[280.3778991699219, 189.0314178466797, 306.3074951171875, 214.55348205566406]","[278, 186, 309, 217]",9
results/fast_repro/exp06_roi/patches/train/background/143__hard1.jpg,/root/autodl-tmp/borescope-new-seg-data/v1/images/train/143.png,train,7,background,hard_fp_background,"[261.063232421875, 301.0611572265625, 315.6322021484375, 349.52117919921875]","[256, 296, 321, 354]",1
results/fast_repro/exp06_roi/patches/train/background/307__hard7.jpg,/root/autodl-tmp/borescope-new-seg-data/v1/images/train/307.png,train,7,background,hard_fp_background,"[159.2378692626953, 450.0974426269531, 181.94650268554688, 463.88958740234375]","[157, 449, 184, 465]",7
results/fast_repro/exp06_roi/patches/train/background/489__hard2.jpg,/root/autodl-tmp/borescope-new-seg-data/v1/images/train/489.jpg,train,7,background,hard_fp_background,"[535.3901977539062, 212.29226684570312, 561.8755493164062, 320.3697509765625]","[533, 201, 565, 331]",2
results/fast_repro/exp06_roi/patches/train/background/413__hard10.jpg,/root/autodl-tmp/borescope-new-seg-data/v1/images/train/413.png,train,7,background,hard_fp_background,"[134.58065795898438, 2.9441299438476562, 309.7626037597656, 316.2574462890625]","[117, 0, 327, 348]",10
results/fast_repro/exp06_roi/patches/train/background/141__hard6.jpg,/root/autodl-tmp/borescope-new-seg-data/v1/images/train/141.png,train,7,background,hard_fp_background,"[205.63848876953125, 40.55149841308594, 458.01751708984375, 477.46142578125]","[180, 0, 483, 521]",6
results/fast_repro/exp06_roi/patches/train/background/304__hard3.jpg,/root/autodl-tmp/borescope-new-seg-data/v1/images/train/304.png,train,7,background,hard_fp_background,"[313.54718017578125, 430.3355712890625, 394.9444885253906, 470.98773193359375]","[305, 426, 403, 475]",3
results/fast_repro/exp06_roi/patches/train/background/141__hard7.jpg,/root/autodl-tmp/borescope-new-seg-data/v1/images/train/141.png,train,7,background,hard_fp_background,"[469.9981994628906, 12.012142181396484, 633.0419311523438, 210.95346069335938]","[454, 0, 649, 231]",7
results/fast_repro/exp06_roi/patches/train/background/240__hard6.jpg,/root/autodl-tmp/borescope-new-seg-data/v1/images/train/240.png,train,7,background,hard_fp_background,"[333.9082336425781, 466.08447265625, 356.03167724609375, 486.0310363769531]","[332, 464, 358, 488]",6
results/fast_repro/exp06_roi/patches/train/background/68__hard5.jpg,/root/autodl-tmp/borescope-new-seg-data/v1/images/train/68.png,train,7,background,hard_fp_background,"[100.17572021484375, 452.1346435546875, 217.2990264892578, 536.564697265625]","[88, 444, 229, 540]",5
results/fast_repro/exp06_roi/patches/train/background/358__hard9.jpg,/root/autodl-tmp/borescope-new-seg-data/v1/images/train/358.png,train,7,background,hard_fp_background,"[9.351751327514648, 205.0074920654297, 213.2954864501953, 396.68121337890625]","[0, 186, 234, 416]",9
results/fast_repro/exp06_roi/patches/train/background/944__hard1.jpg,/root/autodl-tmp/borescope-new-seg-data/v1/images/train/944.jpg,train,7,background,hard_fp_background,"[79.97856903076172, 15.229326248168945, 97.62004852294922, 79.69123840332031]","[78, 9, 99, 86]",1
results/fast_repro/exp06_roi/patches/train/background/338__hard2.jpg,/root/autodl-tmp/borescope-new-seg-data/v1/images/train/338.png,train,7,background,hard_fp_background,"[9.24557876586914, 91.777587890625, 276.02996826171875, 538.6094970703125]","[0, 47, 303, 540]",2
results/fast_repro/exp06_roi/patches/train/background/482__hard4.jpg,/root/autodl-tmp/borescope-new-seg-data/v1/images/train/482.jpg,train,7,background,hard_fp_background,"[607.254150390625, 198.9757080078125, 623.5303344726562, 263.51910400390625]","[606, 193, 625, 270]",4
results/fast_repro/exp06_roi/patches/train/background/210__hard13.jpg,/root/autodl-tmp/borescope-new-seg-data/v1/images/train/210.png,train,7,background,hard_fp_background,"[84.95590209960938, 177.7877197265625, 618.0362548828125, 523.3645629882812]","[32, 143, 671, 540]",13
results/fast_repro/exp06_roi/patches/train/background/139__hard3.jpg,/root/autodl-tmp/borescope-new-seg-data/v1/images/train/139.png,train,7,background,hard_fp_background,"[176.39068603515625, 228.99545288085938, 199.3375244140625, 240.6779022216797]","[174, 228, 202, 242]",3
results/fast_repro/exp06_roi/patches/train/background/413__hard11.jpg,/root/autodl-tmp/borescope-new-seg-data/v1/images/train/413.png,train,7,background,hard_fp_background,"[180.49998474121094, 143.77630615234375, 324.9471130371094, 383.94854736328125]","[166, 120, 339, 408]",11
results/fast_repro/exp06_roi/patches/train/background/43__hard3.jpg,/root/autodl-tmp/borescope-new-seg-data/v1/images/train/43.png,train,7,background,hard_fp_background,"[610.6359252929688, 363.1849365234375, 669.756103515625, 414.06329345703125]","[605, 358, 676, 419]",3
results/fast_repro/exp06_roi/patches/train/background/197__hard6.jpg,/root/autodl-tmp/borescope-new-seg-data/v1/images/train/197.png,train,7,background,hard_fp_background,"[595.5732421875, 207.87574768066406, 641.037109375, 253.44415283203125]","[591, 203, 646, 258]",6
results/fast_repro/exp06_roi/patches/train/background/273__hard7.jpg,/root/autodl-tmp/borescope-new-seg-data/v1/images/train/273.png,train,7,background,hard_fp_background,"[67.44146728515625, 378.0499267578125, 103.28980255126953, 391.4842834472656]","[64, 377, 107, 393]",7
results/fast_repro/exp06_roi/patches/train/background/268__hard2.jpg,/root/autodl-tmp/borescope-new-seg-data/v1/images/train/268.png,train,7,background,hard_fp_background,"[20.655807495117188, 199.63525390625, 479.3437194824219, 380.4964294433594]","[0, 182, 525, 399]",2
results/fast_repro/exp06_roi/patches/train/background/99__hard3.jpg,/root/autodl-tmp/borescope-new-seg-data/v1/images/train/99.png,train,7,background,hard_fp_background,"[518.141845703125, 73.40875244140625, 615.4685668945312, 255.735595703125]","[508, 55, 625, 274]",3
results/fast_repro/exp06_roi/patches/train/background/322__hard6.jpg,/root/autodl-tmp/borescope-new-seg-data/v1/images/train/322.png,train,7,background,hard_fp_background,"[631.525146484375, 307.78460693359375, 659.9451904296875, 334.37890625]","[629, 305, 663, 337]",6
results/fast_repro/exp06_roi/patches/train/background/54__hard17.jpg,/root/autodl-tmp/borescope-new-seg-data/v1/images/train/54.png,train,7,background,hard_fp_background,"[387.15362548828125, 299.8004455566406, 418.43218994140625, 319.1190185546875]","[384, 298, 422, 321]",17
results/fast_repro/exp06_roi/patches/train/background/295__hard5.jpg,/root/autodl-tmp/borescope-new-seg-data/v1/images/train/295.png,train,7,background,hard_fp_background,"[3.611583709716797, 0.0, 90.18925476074219, 155.8438720703125]","[0, 0, 99, 171]",5
results/fast_repro/exp06_roi/patches/train/background/83__hard5.jpg,/root/autodl-tmp/borescope-new-seg-data/v1/images/train/83.png,train,7,background,hard_fp_background,"[647.533203125, 161.4991912841797, 703.7393798828125, 207.21107482910156]","[642, 157, 709, 212]",5
results/fast_repro/exp06_roi/patches/train/background/529__hard3.jpg,/root/autodl-tmp/borescope-new-seg-data/v1/images/train/529.jpg,train,7,background,hard_fp_background,"[216.04916381835938, 121.20556640625, 355.9747314453125, 260.6095275878906]","[202, 107, 370, 275]",3
results/fast_repro/exp06_roi/patches/train/background/344__hard0.jpg,/root/autodl-tmp/borescope-new-seg-data/v1/images/train/344.png,train,7,background,hard_fp_background,"[77.32418060302734, 254.00953674316406, 392.4469909667969, 382.85748291015625]","[46, 241, 424, 396]",0
results/fast_repro/exp06_roi/patches/train/background/119__hard2.jpg,/root/autodl-tmp/borescope-new-seg-data/v1/images/train/119.png,train,7,background,hard_fp_background,"[434.02923583984375, 297.931884765625, 475.3550109863281, 316.3606262207031]","[430, 296, 479, 318]",2
results/fast_repro/exp06_roi/patches/train/background/800__hard3.jpg,/root/autodl-tmp/borescope-new-seg-data/v1/images/train/800.jpg,train,7,background,hard_fp_background,"[265.3172302246094, 63.519874572753906, 273.8304748535156, 73.55885314941406]","[264, 63, 275, 75]",3
results/fast_repro/exp06_roi/patches/train/background/307__hard8.jpg,/root/autodl-tmp/borescope-new-seg-data/v1/images/train/307.png,train,7,background,hard_fp_background,"[591.1436157226562, 312.704833984375, 612.3855590820312, 325.880859375]","[589, 311, 615, 327]",8
results/fast_repro/exp06_roi/patches/train/background/99__hard4.jpg,/root/autodl-tmp/borescope-new-seg-data/v1/images/train/99.png,train,7,background,hard_fp_background,"[272.3110656738281, 94.70297241210938, 306.9066162109375, 118.24581909179688]","[269, 92, 310, 121]",4
results/fast_repro/exp06_roi/patches/train/background/76__hard9.jpg,/root/autodl-tmp/borescope-new-seg-data/v1/images/train/76.png,train,7,background,hard_fp_background,"[351.30157470703125, 172.2806396484375, 700.7979736328125, 423.6243591308594]","[316, 147, 720, 449]",9
results/fast_repro/exp06_roi/patches/train/background/124__hard3.jpg,/root/autodl-tmp/borescope-new-seg-data/v1/images/train/124.png,train,7,background,hard_fp_background,"[57.984127044677734, 85.2734375, 142.16726684570312, 116.63179016113281]","[50, 82, 151, 120]",3
results/fast_repro/exp06_roi/patches/train/background/292__hard1.jpg,/root/autodl-tmp/borescope-new-seg-data/v1/images/train/292.png,train,7,background,hard_fp_background,"[436.6457824707031, 50.89653396606445, 487.3174743652344, 84.84658813476562]","[432, 48, 492, 88]",1
results/fast_repro/exp06_roi/patches/train/background/365__hard3.jpg,/root/autodl-tmp/borescope-new-seg-data/v1/images/train/365.png,train,7,background,hard_fp_background,"[4.287483215332031, 212.21603393554688, 86.09452819824219, 369.5094909667969]","[0, 196, 94, 385]",3
results/fast_repro/exp06_roi/patches/train/background/123__hard3.jpg,/root/autodl-tmp/borescope-new-seg-data/v1/images/train/123.png,train,7,background,hard_fp_background,"[246.23040771484375, 459.2644958496094, 270.1879577636719, 495.84100341796875]","[244, 456, 273, 499]",3
results/fast_repro/exp06_roi/patches/train/background/123__hard4.jpg,/root/autodl-tmp/borescope-new-seg-data/v1/images/train/123.png,train,7,background,hard_fp_background,"[1.6160202026367188, 359.16363525390625, 22.664310455322266, 393.9313659667969]","[0, 356, 25, 397]",4
results/fast_repro/exp06_roi/patches/train/background/65__hard5.jpg,/root/autodl-tmp/borescope-new-seg-data/v1/images/train/65.png,train,7,background,hard_fp_background,"[5.576351165771484, 152.21792602539062, 107.49066162109375, 318.4111328125]","[0, 136, 118, 335]",5
results/fast_repro/exp06_roi/patches/train/background/37__hard11.jpg,/root/autodl-tmp/borescope-new-seg-data/v1/images/train/37.png,train,7,background,hard_fp_background,"[228.7272491455078, 293.5318603515625, 246.89361572265625, 311.6385498046875]","[227, 292, 249, 313]",11
results/fast_repro/exp06_roi/patches/train/background/139__hard4.jpg,/root/autodl-tmp/borescope-new-seg-data/v1/images/train/139.png,train,7,background,hard_fp_background,"[4.257682800292969, 175.6727294921875, 579.9429931640625, 288.5389709472656]","[0, 164, 638, 300]",4
results/fast_repro/exp06_roi/patches/train/background/415__hard4.jpg,/root/autodl-tmp/borescope-new-seg-data/v1/images/train/415.png,train,7,background,hard_fp_background,"[580.4375, 262.7367248535156, 711.0523071289062, 441.9212646484375]","[567, 245, 720, 460]",4
results/fast_repro/exp06_roi/patches/train/background/478__hard1.jpg,/root/autodl-tmp/borescope-new-seg-data/v1/images/train/478.jpg,train,7,background,hard_fp_background,"[100.48558044433594, 225.30715942382812, 154.7435302734375, 284.01397705078125]","[95, 219, 160, 290]",1
results/fast_repro/exp06_roi/patches/train/background/71__hard3.jpg,/root/autodl-tmp/borescope-new-seg-data/v1/images/train/71.png,train,7,background,hard_fp_background,"[42.387176513671875, 0.0, 637.7688598632812, 127.48027038574219]","[0, 0, 697, 140]",3
results/fast_repro/exp06_roi/patches/train/background/96__hard4.jpg,/root/autodl-tmp/borescope-new-seg-data/v1/images/train/96.png,train,7,background,hard_fp_background,"[106.46589660644531, 158.891357421875, 335.8537292480469, 429.76214599609375]","[84, 132, 359, 457]",4
results/fast_repro/exp06_roi/patches/train/background/266__hard9.jpg,/root/autodl-tmp/borescope-new-seg-data/v1/images/train/266.png,train,7,background,hard_fp_background,"[293.2592468261719, 58.657020568847656, 414.57220458984375, 423.1873779296875]","[281, 22, 427, 460]",9
results/fast_repro/exp06_roi/patches/train/background/327__hard4.jpg,/root/autodl-tmp/borescope-new-seg-data/v1/images/train/327.png,train,7,background,hard_fp_background,"[25.09332275390625, 77.33120727539062, 483.16162109375, 250.73147583007812]","[0, 60, 529, 268]",4
results/fast_repro/exp06_roi/patches/train/background/12__hard7.jpg,/root/autodl-tmp/borescope-new-seg-data/v1/images/train/12.png,train,7,background,hard_fp_background,"[65.16951751708984, 274.260986328125, 87.44244384765625, 316.0291442871094]","[63, 270, 90, 320]",7
results/fast_repro/exp06_roi/patches/train/background/900__hard3.jpg,/root/autodl-tmp/borescope-new-seg-data/v1/images/train/900.jpg,train,7,background,hard_fp_background,"[832.7045288085938, 362.3015441894531, 858.2682495117188, 385.7183532714844]","[830, 360, 861, 388]",3
results/fast_repro/exp06_roi/patches/train/background/59__hard4.jpg,/root/autodl-tmp/borescope-new-seg-data/v1/images/train/59.png,train,7,background,hard_fp_background,"[364.78302001953125, 330.6487121582031, 646.2894287109375, 397.04144287109375]","[337, 324, 674, 404]",4
results/fast_repro/exp06_roi/patches/train/background/335__hard3.jpg,/root/autodl-tmp/borescope-new-seg-data/v1/images/train/335.png,train,7,background,hard_fp_background,"[235.06884765625, 159.32901000976562, 315.18609619140625, 189.48165893554688]","[227, 156, 323, 192]",3
results/fast_repro/exp06_roi/patches/train/background/278__hard1.jpg,/root/autodl-tmp/borescope-new-seg-data/v1/images/train/278.png,train,7,background,hard_fp_background,"[538.507568359375, 234.61666870117188, 716.2262573242188, 539.547119140625]","[521, 204, 720, 540]",1
results/fast_repro/exp06_roi/patches/train/background/63__hard1.jpg,/root/autodl-tmp/borescope-new-seg-data/v1/images/train/63.png,train,7,background,hard_fp_background,"[1.0659141540527344, 0.0, 297.56536865234375, 501.1163024902344]","[0, 0, 327, 540]",1
results/fast_repro/exp06_roi/patches/train/background/301__hard1.jpg,/root/autodl-tmp/borescope-new-seg-data/v1/images/train/301.png,train,7,background,hard_fp_background,"[463.1927490234375, 115.97918701171875, 508.064697265625, 161.95486450195312]","[459, 111, 513, 167]",1
results/fast_repro/exp06_roi/patches/train/background/188__hard3.jpg,/root/autodl-tmp/borescope-new-seg-data/v1/images/train/188.png,train,7,background,hard_fp_background,"[136.08236694335938, 415.3386535644531, 246.09693908691406, 431.3028259277344]","[125, 414, 257, 433]",3
results/fast_repro/exp06_roi/patches/train/background/270__hard6.jpg,/root/autodl-tmp/borescope-new-seg-data/v1/images/train/270.png,train,7,background,hard_fp_background,"[327.8196716308594, 9.947364807128906, 672.6570434570312, 313.60418701171875]","[293, 0, 707, 344]",6
results/fast_repro/exp06_roi/patches/train/background/240__hard7.jpg,/root/autodl-tmp/borescope-new-seg-data/v1/images/train/240.png,train,7,background,hard_fp_background,"[46.867401123046875, 5.89940071105957, 246.0502166748047, 86.2004623413086]","[27, 0, 266, 94]",7
results/fast_repro/exp06_roi/patches/train/background/104__hard7.jpg,/root/autodl-tmp/borescope-new-seg-data/v1/images/train/104.png,train,7,background,hard_fp_background,"[472.01983642578125, 467.6706237792969, 524.0494384765625, 489.70562744140625]","[467, 465, 529, 492]",7
results/fast_repro/exp06_roi/patches/train/background/417__hard4.jpg,/root/autodl-tmp/borescope-new-seg-data/v1/images/train/417.png,train,7,background,hard_fp_background,"[30.746234893798828, 4.700431823730469, 448.3868713378906, 236.62689208984375]","[0, 0, 490, 260]",4
results/fast_repro/exp06_roi/patches/train/background/169__hard10.jpg,/root/autodl-tmp/borescope-new-seg-data/v1/images/train/169.png,train,7,background,hard_fp_background,"[132.42628479003906, 386.1839904785156, 311.7598571777344, 484.85015869140625]","[114, 376, 330, 495]",10
results/fast_repro/exp06_roi/patches/train/background/579__hard3.jpg,/root/autodl-tmp/borescope-new-seg-data/v1/images/train/579.jpg,train,7,background,hard_fp_background,"[344.92352294921875, 152.20758056640625, 397.39263916015625, 169.82427978515625]","[340, 150, 403, 172]",3
results/fast_repro/exp06_roi/patches/train/background/38__hard0.jpg,/root/autodl-tmp/borescope-new-seg-data/v1/images/train/38.png,train,7,background,hard_fp_background,"[507.3763122558594, 352.551513671875, 578.2987060546875, 458.296142578125]","[500, 342, 585, 469]",0
results/fast_repro/exp06_roi/patches/train/background/207__hard9.jpg,/root/autodl-tmp/borescope-new-seg-data/v1/images/train/207.png,train,7,background,hard_fp_background,"[43.50043487548828, 318.51611328125, 103.9836196899414, 390.1690673828125]","[37, 311, 110, 397]",9
results/fast_repro/exp06_roi/patches/train/background/20__hard8.jpg,/root/autodl-tmp/borescope-new-seg-data/v1/images/train/20.png,train,7,background,hard_fp_background,"[0.6493778228759766, 177.34579467773438, 214.93191528320312, 425.6506652832031]","[0, 153, 236, 450]",8
results/fast_repro/exp06_roi/patches/train/background/631__hard4.jpg,/root/autodl-tmp/borescope-new-seg-data/v1/images/train/631.jpg,train,7,background,hard_fp_background,"[372.12310791015625, 246.02349853515625, 385.31915283203125, 253.61468505859375]","[371, 245, 387, 254]",4
results/fast_repro/exp06_roi/patches/train/background/171__hard7.jpg,/root/autodl-tmp/borescope-new-seg-data/v1/images/train/171.png,train,7,background,hard_fp_background,"[172.80519104003906, 471.12786865234375, 330.5904235839844, 531.750732421875]","[157, 465, 346, 538]",7
results/fast_repro/exp06_roi/patches/train/background/533__hard1.jpg,/root/autodl-tmp/borescope-new-seg-data/v1/images/train/533.jpg,train,7,background,hard_fp_background,"[216.93222045898438, 232.74111938476562, 254.77481079101562, 289.9470520019531]","[213, 227, 259, 296]",1
results/fast_repro/exp06_roi/patches/train/background/332__hard2.jpg,/root/autodl-tmp/borescope-new-seg-data/v1/images/train/332.png,train,7,background,hard_fp_background,"[619.1015625, 80.299072265625, 648.0554809570312, 108.29501342773438]","[616, 77, 651, 111]",2
results/fast_repro/exp06_roi/patches/train/background/562__hard5.jpg,/root/autodl-tmp/borescope-new-seg-data/v1/images/train/562.jpg,train,7,background,hard_fp_background,"[349.1613464355469, 196.22561645507812, 958.7997436523438, 720.0]","[288, 144, 960, 720]",5
results/fast_repro/exp06_roi/patches/train/background/744__hard1.jpg,/root/autodl-tmp/borescope-new-seg-data/v1/images/train/744.jpg,train,7,background,hard_fp_background,"[449.5517272949219, 115.21092224121094, 467.33038330078125, 131.01100158691406]","[448, 114, 469, 133]",1
results/fast_repro/exp06_roi/patches/train/background/63__hard2.jpg,/root/autodl-tmp/borescope-new-seg-data/v1/images/train/63.png,train,7,background,hard_fp_background,"[6.008697509765625, 0.0, 401.48065185546875, 516.5399169921875]","[0, 0, 441, 540]",2
results/fast_repro/exp06_roi/patches/train/background/120__hard3.jpg,/root/autodl-tmp/borescope-new-seg-data/v1/images/train/120.png,train,7,background,hard_fp_background,"[54.665496826171875, 422.59136962890625, 243.6114501953125, 540.0]","[36, 411, 263, 540]",3
results/fast_repro/exp06_roi/patches/train/background/265__hard1.jpg,/root/autodl-tmp/borescope-new-seg-data/v1/images/train/265.png,train,7,background,hard_fp_background,"[0.0, 47.250308990478516, 567.261474609375, 279.203369140625]","[0, 24, 624, 302]",1
results/fast_repro/exp06_roi/patches/train/background/623__hard9.jpg,/root/autodl-tmp/borescope-new-seg-data/v1/images/train/623.jpg,train,7,background,hard_fp_background,"[352.6092224121094, 90.83049774169922, 429.9931640625, 131.83303833007812]","[345, 87, 438, 136]",9
results/fast_repro/exp06_roi/patches/train/background/64__hard2.jpg,/root/autodl-tmp/borescope-new-seg-data/v1/images/train/64.png,train,7,background,hard_fp_background,"[667.436767578125, 337.0674133300781, 713.4716796875, 402.900634765625]","[663, 330, 718, 409]",2
results/fast_repro/exp06_roi/patches/train/background/103__hard7.jpg,/root/autodl-tmp/borescope-new-seg-data/v1/images/train/103.png,train,7,background,hard_fp_background,"[254.8223876953125, 135.9592742919922, 385.1943359375, 263.8213195800781]","[242, 123, 398, 277]",7
results/fast_repro/exp06_roi/patches/train/background/498__hard1.jpg,/root/autodl-tmp/borescope-new-seg-data/v1/images/train/498.jpg,train,7,background,hard_fp_background,"[334.69415283203125, 238.10235595703125, 409.4315185546875, 307.4989013671875]","[327, 231, 417, 314]",1
results/fast_repro/exp06_roi/patches/train/background/314__hard14.jpg,/root/autodl-tmp/borescope-new-seg-data/v1/images/train/314.png,train,7,background,hard_fp_background,"[351.0412902832031, 360.337890625, 382.1988220214844, 377.357666015625]","[348, 359, 385, 379]",14
results/fast_repro/exp06_roi/patches/train/background/345__hard9.jpg,/root/autodl-tmp/borescope-new-seg-data/v1/images/train/345.png,train,7,background,hard_fp_background,"[116.89057922363281, 267.9435729980469, 327.3863525390625, 534.6820678710938]","[96, 241, 348, 540]",9
results/fast_repro/exp06_roi/patches/train/background/243__hard4.jpg,/root/autodl-tmp/borescope-new-seg-data/v1/images/train/243.png,train,7,background,hard_fp_background,"[496.533203125, 479.7420654296875, 556.44677734375, 509.227294921875]","[491, 477, 562, 512]",4
results/fast_repro/exp06_roi/patches/train/background/57__hard3.jpg,/root/autodl-tmp/borescope-new-seg-data/v1/images/train/57.png,train,7,background,hard_fp_background,"[53.75843811035156, 296.022705078125, 162.11703491210938, 523.95556640625]","[43, 273, 173, 540]",3
results/fast_repro/exp06_roi/patches/train/background/290__hard1.jpg,/root/autodl-tmp/borescope-new-seg-data/v1/images/train/290.png,train,7,background,hard_fp_background,"[456.5124816894531, 243.69334411621094, 499.16778564453125, 309.36968994140625]","[452, 237, 503, 316]",1
results/fast_repro/exp06_roi/patches/train/background/835__hard1.jpg,/root/autodl-tmp/borescope-new-seg-data/v1/images/train/835.jpg,train,7,background,hard_fp_background,"[299.9808349609375, 26.978715896606445, 349.16015625, 74.54768371582031]","[295, 22, 354, 79]",1
results/fast_repro/exp06_roi/patches/train/background/471__hard4.jpg,/root/autodl-tmp/borescope-new-seg-data/v1/images/train/471.jpg,train,7,background,hard_fp_background,"[351.5140075683594, 249.47076416015625, 370.00146484375, 273.69573974609375]","[350, 247, 372, 276]",4
results/fast_repro/exp06_roi/patches/train/background/117__hard2.jpg,/root/autodl-tmp/borescope-new-seg-data/v1/images/train/117.png,train,7,background,hard_fp_background,"[118.28504180908203, 469.3194580078125, 169.93148803710938, 518.7093505859375]","[113, 464, 175, 524]",2
results/fast_repro/exp06_roi/patches/train/background/135__hard6.jpg,/root/autodl-tmp/borescope-new-seg-data/v1/images/train/135.png,train,7,background,hard_fp_background,"[414.79638671875, 155.37757873535156, 432.3504638671875, 167.18211364746094]","[413, 154, 434, 168]",6
results/fast_repro/exp06_roi/patches/train/background/284__hard1.jpg,/root/autodl-tmp/borescope-new-seg-data/v1/images/train/284.png,train,7,background,hard_fp_background,"[601.3663330078125, 324.73773193359375, 717.4356689453125, 521.1861572265625]","[590, 305, 720, 540]",1
results/fast_repro/exp06_roi/patches/train/background/405__hard3.jpg,/root/autodl-tmp/borescope-new-seg-data/v1/images/train/405.png,train,7,background,hard_fp_background,"[345.661865234375, 139.28443908691406, 381.17779541015625, 157.83506774902344]","[342, 137, 385, 160]",3
results/fast_repro/exp06_roi/patches/train/background/622__hard4.jpg,/root/autodl-tmp/borescope-new-seg-data/v1/images/train/622.jpg,train,7,background,hard_fp_background,"[302.37896728515625, 0.0, 317.69293212890625, 7.30303955078125]","[301, 0, 319, 8]",4
results/fast_repro/exp06_roi/patches/train/background/233__hard4.jpg,/root/autodl-tmp/borescope-new-seg-data/v1/images/train/233.png,train,7,background,hard_fp_background,"[512.728515625, 213.79847717285156, 618.7027587890625, 294.48468017578125]","[502, 206, 629, 303]",4
results/fast_repro/exp06_roi/patches/train/background/413__hard12.jpg,/root/autodl-tmp/borescope-new-seg-data/v1/images/train/413.png,train,7,background,hard_fp_background,"[41.90245056152344, 130.85997009277344, 104.48243713378906, 161.4489288330078]","[36, 128, 111, 165]",12
results/fast_repro/exp06_roi/patches/train/background/631__hard5.jpg,/root/autodl-tmp/borescope-new-seg-data/v1/images/train/631.jpg,train,7,background,hard_fp_background,"[370.9630126953125, 182.451904296875, 431.435302734375, 221.06878662109375]","[365, 179, 437, 225]",5
results/fast_repro/exp06_roi/patches/train/background/124__hard4.jpg,/root/autodl-tmp/borescope-new-seg-data/v1/images/train/124.png,train,7,background,hard_fp_background,"[90.02006530761719, 397.33221435546875, 231.18833923339844, 539.1683349609375]","[76, 383, 245, 540]",4
results/fast_repro/exp06_roi/patches/train/background/369__hard2.jpg,/root/autodl-tmp/borescope-new-seg-data/v1/images/train/369.png,train,7,background,hard_fp_background,"[140.8856964111328, 175.140869140625, 570.044677734375, 312.1741943359375]","[98, 161, 613, 326]",2
results/fast_repro/exp06_roi/patches/train/background/9__hard10.jpg,/root/autodl-tmp/borescope-new-seg-data/v1/images/train/9.png,train,7,background,hard_fp_background,"[311.015869140625, 195.9247283935547, 403.8653259277344, 227.46044921875]","[302, 193, 413, 231]",10
results/fast_repro/exp06_roi/patches/train/background/297__hard4.jpg,/root/autodl-tmp/borescope-new-seg-data/v1/images/train/297.png,train,7,background,hard_fp_background,"[146.22105407714844, 122.95173645019531, 384.8309326171875, 237.4722900390625]","[122, 111, 409, 249]",4
results/fast_repro/exp06_roi/patches/train/background/48__hard4.jpg,/root/autodl-tmp/borescope-new-seg-data/v1/images/train/48.png,train,7,background,hard_fp_background,"[0.7865352630615234, 147.03717041015625, 92.39977264404297, 407.7787780761719]","[0, 121, 102, 434]",4
results/fast_repro/exp06_roi/patches/train/background/338__hard3.jpg,/root/autodl-tmp/borescope-new-seg-data/v1/images/train/338.png,train,7,background,hard_fp_background,"[3.6582326889038086, 394.1390380859375, 79.58721923828125, 537.2496948242188]","[0, 380, 87, 540]",3
results/fast_repro/exp06_roi/patches/train/background/266__hard10.jpg,/root/autodl-tmp/borescope-new-seg-data/v1/images/train/266.png,train,7,background,hard_fp_background,"[0.4307241439819336, 248.73500061035156, 44.14352035522461, 440.9931335449219]","[0, 230, 49, 460]",10
results/fast_repro/exp06_roi/patches/train/background/413__hard13.jpg,/root/autodl-tmp/borescope-new-seg-data/v1/images/train/413.png,train,7,background,hard_fp_background,"[144.8356170654297, 4.90458869934082, 298.7627258300781, 91.67457580566406]","[129, 0, 314, 100]",13
results/fast_repro/exp06_roi/patches/train/background/109__hard4.jpg,/root/autodl-tmp/borescope-new-seg-data/v1/images/train/109.png,train,7,background,hard_fp_background,"[355.73944091796875, 73.13381958007812, 431.1532897949219, 322.7613830566406]","[348, 48, 439, 348]",4
results/fast_repro/exp06_roi/patches/train/background/132__hard2.jpg,/root/autodl-tmp/borescope-new-seg-data/v1/images/train/132.png,train,7,background,hard_fp_background,"[256.0158386230469, 368.5365905761719, 280.31610107421875, 392.8707580566406]","[254, 366, 283, 395]",2
results/fast_repro/exp06_roi/patches/train/background/369__hard3.jpg,/root/autodl-tmp/borescope-new-seg-data/v1/images/train/369.png,train,7,background,hard_fp_background,"[662.6130981445312, 117.44884490966797, 717.4505615234375, 282.64862060546875]","[657, 101, 720, 299]",3
results/fast_repro/exp06_roi/patches/train/background/265__hard2.jpg,/root/autodl-tmp/borescope-new-seg-data/v1/images/train/265.png,train,7,background,hard_fp_background,"[8.432830810546875, 136.35153198242188, 347.2747497558594, 292.9149475097656]","[0, 121, 381, 309]",2
results/fast_repro/exp06_roi/patches/train/background/227__hard1.jpg,/root/autodl-tmp/borescope-new-seg-data/v1/images/train/227.png,train,7,background,hard_fp_background,"[526.044921875, 443.9011535644531, 648.236083984375, 538.3492431640625]","[514, 434, 660, 540]",1
results/fast_repro/exp06_roi/patches/train/background/110__hard5.jpg,/root/autodl-tmp/borescope-new-seg-data/v1/images/train/110.png,train,7,background,hard_fp_background,"[388.6480712890625, 217.13796997070312, 641.9156494140625, 322.7593078613281]","[363, 207, 667, 333]",5
results/fast_repro/exp06_roi/patches/train/background/85__hard1.jpg,/root/autodl-tmp/borescope-new-seg-data/v1/images/train/85.png,train,7,background,hard_fp_background,"[149.2080841064453, 191.29066467285156, 167.725341796875, 313.96673583984375]","[147, 179, 170, 326]",1
results/fast_repro/exp06_roi/patches/train/background/119__hard3.jpg,/root/autodl-tmp/borescope-new-seg-data/v1/images/train/119.png,train,7,background,hard_fp_background,"[480.55419921875, 246.4470977783203, 518.5875244140625, 268.05059814453125]","[477, 244, 522, 270]",3
results/fast_repro/exp06_roi/patches/train/background/656__hard1.jpg,/root/autodl-tmp/borescope-new-seg-data/v1/images/train/656.jpg,train,7,background,hard_fp_background,"[180.0813751220703, 143.90829467773438, 187.48419189453125, 150.669677734375]","[179, 143, 188, 151]",1
results/fast_repro/exp06_roi/patches/train/background/489__hard3.jpg,/root/autodl-tmp/borescope-new-seg-data/v1/images/train/489.jpg,train,7,background,hard_fp_background,"[528.3571166992188, 201.8450164794922, 557.4735107421875, 285.8316650390625]","[525, 193, 560, 294]",3
results/fast_repro/exp06_roi/patches/train/background/284__hard2.jpg,/root/autodl-tmp/borescope-new-seg-data/v1/images/train/284.png,train,7,background,hard_fp_background,"[334.85223388671875, 32.789039611816406, 517.6669311523438, 534.15673828125]","[317, 0, 536, 540]",2
results/fast_repro/exp06_roi/patches/train/background/210__hard14.jpg,/root/autodl-tmp/borescope-new-seg-data/v1/images/train/210.png,train,7,background,hard_fp_background,"[543.0289916992188, 282.39813232421875, 606.979736328125, 419.3451232910156]","[537, 269, 613, 433]",14
results/fast_repro/exp06_roi/patches/train/background/175__hard5.jpg,/root/autodl-tmp/borescope-new-seg-data/v1/images/train/175.png,train,7,background,hard_fp_background,"[7.729087829589844, 233.03408813476562, 421.4064025878906, 363.5945129394531]","[0, 220, 463, 377]",5
results/fast_repro/exp06_roi/patches/train/background/124__hard5.jpg,/root/autodl-tmp/borescope-new-seg-data/v1/images/train/124.png,train,7,background,hard_fp_background,"[161.30270385742188, 81.83001708984375, 459.4621887207031, 191.4549560546875]","[131, 71, 489, 202]",5
results/fast_repro/exp06_roi/patches/train/background/66__hard3.jpg,/root/autodl-tmp/borescope-new-seg-data/v1/images/train/66.png,train,7,background,hard_fp_background,"[276.47265625, 349.03692626953125, 410.24163818359375, 468.35797119140625]","[263, 337, 424, 480]",3
results/fast_repro/exp06_roi/patches/train/background/49__hard6.jpg,/root/autodl-tmp/borescope-new-seg-data/v1/images/train/49.png,train,7,background,hard_fp_background,"[401.71514892578125, 410.0671691894531, 432.4325256347656, 437.5395812988281]","[399, 407, 436, 440]",6
results/fast_repro/exp06_roi/patches/train/background/38__random0.jpg,/root/autodl-tmp/borescope-new-seg-data/v1/images/train/38.png,train,7,background,random_background,"[52, 279, 287, 514]","[52, 279, 287, 514]",0
results/fast_repro/exp06_roi/patches/train/background/129__random1.jpg,/root/autodl-tmp/borescope-new-seg-data/v1/images/train/129.png,train,7,background,random_background,"[223, 238, 237, 246]","[223, 238, 237, 246]",1
results/fast_repro/exp06_roi/patches/train/background/770__random2.jpg,/root/autodl-tmp/borescope-new-seg-data/v1/images/train/770.jpg,train,7,background,random_background,"[665, 558, 683, 590]","[665, 558, 683, 590]",2
results/fast_repro/exp06_roi/patches/train/background/632__random3.jpg,/root/autodl-tmp/borescope-new-seg-data/v1/images/train/632.jpg,train,7,background,random_background,"[6, 81, 25, 97]","[6, 81, 25, 97]",3
results/fast_repro/exp06_roi/patches/train/background/636__random4.jpg,/root/autodl-tmp/borescope-new-seg-data/v1/images/train/636.jpg,train,7,background,random_background,"[781, 344, 861, 359]","[781, 344, 861, 359]",4
results/fast_repro/exp06_roi/patches/train/background/384__random5.jpg,/root/autodl-tmp/borescope-new-seg-data/v1/images/train/384.png,train,7,background,random_background,"[387, 40, 468, 70]","[387, 40, 468, 70]",5
results/fast_repro/exp06_roi/patches/train/background/113__random6.jpg,/root/autodl-tmp/borescope-new-seg-data/v1/images/train/113.png,train,7,background,random_background,"[58, 325, 610, 466]","[58, 325, 610, 466]",6
results/fast_repro/exp06_roi/patches/train/background/536__random7.jpg,/root/autodl-tmp/borescope-new-seg-data/v1/images/train/536.jpg,train,7,background,random_background,"[273, 699, 307, 718]","[273, 699, 307, 718]",7
results/fast_repro/exp06_roi/patches/train/background/1001__random8.jpg,/root/autodl-tmp/borescope-new-seg-data/v1/images/train/1001.jpg,train,7,background,random_background,"[746, 250, 851, 318]","[746, 250, 851, 318]",8
results/fast_repro/exp06_roi/patches/train/background/250__random9.jpg,/root/autodl-tmp/borescope-new-seg-data/v1/images/train/250.png,train,7,background,random_background,"[655, 224, 683, 241]","[655, 224, 683, 241]",9
results/fast_repro/exp06_roi/patches/train/background/468__random10.jpg,/root/autodl-tmp/borescope-new-seg-data/v1/images/train/468.jpg,train,7,background,random_background,"[323, 410, 337, 423]","[323, 410, 337, 423]",10
results/fast_repro/exp06_roi/patches/train/background/388__random11.jpg,/root/autodl-tmp/borescope-new-seg-data/v1/images/train/388.png,train,7,background,random_background,"[322, 217, 343, 245]","[322, 217, 343, 245]",11
results/fast_repro/exp06_roi/patches/train/background/762__random12.jpg,/root/autodl-tmp/borescope-new-seg-data/v1/images/train/762.jpg,train,7,background,random_background,"[73, 135, 85, 154]","[73, 135, 85, 154]",12
results/fast_repro/exp06_roi/patches/train/background/604__random13.jpg,/root/autodl-tmp/borescope-new-seg-data/v1/images/train/604.jpg,train,7,background,random_background,"[521, 505, 606, 627]","[521, 505, 606, 627]",13
results/fast_repro/exp06_roi/patches/train/background/135__random14.jpg,/root/autodl-tmp/borescope-new-seg-data/v1/images/train/135.png,train,7,background,random_background,"[163, 432, 207, 460]","[163, 432, 207, 460]",14
results/fast_repro/exp06_roi/patches/train/background/916__random15.jpg,/root/autodl-tmp/borescope-new-seg-data/v1/images/train/916.jpg,train,7,background,random_background,"[239, 67, 295, 251]","[239, 67, 295, 251]",15
results/fast_repro/exp06_roi/patches/train/background/362__random16.jpg,/root/autodl-tmp/borescope-new-seg-data/v1/images/train/362.png,train,7,background,random_background,"[117, 273, 143, 298]","[117, 273, 143, 298]",16
results/fast_repro/exp06_roi/patches/train/background/991__random17.jpg,/root/autodl-tmp/borescope-new-seg-data/v1/images/train/991.jpg,train,7,background,random_background,"[232, 1, 306, 17]","[232, 1, 306, 17]",17
results/fast_repro/exp06_roi/patches/train/background/382__random18.jpg,/root/autodl-tmp/borescope-new-seg-data/v1/images/train/382.png,train,7,background,random_background,"[108, 320, 222, 459]","[108, 320, 222, 459]",18
results/fast_repro/exp06_roi/patches/train/background/434__random19.jpg,/root/autodl-tmp/borescope-new-seg-data/v1/images/train/434.jpg,train,7,background,random_background,"[195, 41, 337, 162]","[195, 41, 337, 162]",19
results/fast_repro/exp06_roi/patches/train/background/817__random20.jpg,/root/autodl-tmp/borescope-new-seg-data/v1/images/train/817.jpg,train,7,background,random_background,"[250, 4, 337, 165]","[250, 4, 337, 165]",20
results/fast_repro/exp06_roi/patches/train/background/741__random21.jpg,/root/autodl-tmp/borescope-new-seg-data/v1/images/train/741.jpg,train,7,background,random_background,"[32, 0, 194, 288]","[32, 0, 194, 288]",21
results/fast_repro/exp06_roi/patches/train/background/724__random22.jpg,/root/autodl-tmp/borescope-new-seg-data/v1/images/train/724.jpg,train,7,background,random_background,"[621, 433, 658, 487]","[621, 433, 658, 487]",22
results/fast_repro/exp06_roi/patches/train/background/306__random23.jpg,/root/autodl-tmp/borescope-new-seg-data/v1/images/train/306.png,train,7,background,random_background,"[319, 204, 369, 275]","[319, 204, 369, 275]",23
results/fast_repro/exp06_roi/patches/train/background/1004__random24.jpg,/root/autodl-tmp/borescope-new-seg-data/v1/images/train/1004.jpg,train,7,background,random_background,"[61, 63, 99, 105]","[61, 63, 99, 105]",24
results/fast_repro/exp06_roi/patches/train/background/326__random25.jpg,/root/autodl-tmp/borescope-new-seg-data/v1/images/train/326.png,train,7,background,random_background,"[117, 301, 402, 531]","[117, 301, 402, 531]",25
results/fast_repro/exp06_roi/patches/train/background/318__random26.jpg,/root/autodl-tmp/borescope-new-seg-data/v1/images/train/318.png,train,7,background,random_background,"[234, 34, 258, 48]","[234, 34, 258, 48]",26
results/fast_repro/exp06_roi/patches/train/background/53__random27.jpg,/root/autodl-tmp/borescope-new-seg-data/v1/images/train/53.png,train,7,background,random_background,"[497, 109, 599, 261]","[497, 109, 599, 261]",27
results/fast_repro/exp06_roi/patches/train/background/817__random28.jpg,/root/autodl-tmp/borescope-new-seg-data/v1/images/train/817.jpg,train,7,background,random_background,"[147, 60, 353, 257]","[147, 60, 353, 257]",28
results/fast_repro/exp06_roi/patches/train/background/652__random29.jpg,/root/autodl-tmp/borescope-new-seg-data/v1/images/train/652.jpg,train,7,background,random_background,"[55, 344, 371, 573]","[55, 344, 371, 573]",29
results/fast_repro/exp06_roi/patches/train/background/998__random30.jpg,/root/autodl-tmp/borescope-new-seg-data/v1/images/train/998.jpg,train,7,background,random_background,"[819, 111, 832, 143]","[819, 111, 832, 143]",30
results/fast_repro/exp06_roi/patches/train/background/402__random31.jpg,/root/autodl-tmp/borescope-new-seg-data/v1/images/train/402.png,train,7,background,random_background,"[453, 413, 582, 449]","[453, 413, 582, 449]",31
results/fast_repro/exp06_roi/patches/train/background/834__random32.jpg,/root/autodl-tmp/borescope-new-seg-data/v1/images/train/834.jpg,train,7,background,random_background,"[7, 0, 72, 288]","[7, 0, 72, 288]",32
results/fast_repro/exp06_roi/patches/train/background/341__random33.jpg,/root/autodl-tmp/borescope-new-seg-data/v1/images/train/341.png,train,7,background,random_background,"[410, 30, 509, 72]","[410, 30, 509, 72]",33
results/fast_repro/exp06_roi/patches/train/background/252__random34.jpg,/root/autodl-tmp/borescope-new-seg-data/v1/images/train/252.png,train,7,background,random_background,"[465, 146, 496, 205]","[465, 146, 496, 205]",34
results/fast_repro/exp06_roi/patches/train/background/637__random35.jpg,/root/autodl-tmp/borescope-new-seg-data/v1/images/train/637.jpg,train,7,background,random_background,"[194, 303, 252, 340]","[194, 303, 252, 340]",35
results/fast_repro/exp06_roi/patches/train/background/315__random36.jpg,/root/autodl-tmp/borescope-new-seg-data/v1/images/train/315.png,train,7,background,random_background,"[321, 29, 354, 61]","[321, 29, 354, 61]",36
results/fast_repro/exp06_roi/patches/train/background/79__random37.jpg,/root/autodl-tmp/borescope-new-seg-data/v1/images/train/79.png,train,7,background,random_background,"[543, 80, 559, 112]","[543, 80, 559, 112]",37
results/fast_repro/exp06_roi/patches/train/background/86__random38.jpg,/root/autodl-tmp/borescope-new-seg-data/v1/images/train/86.png,train,7,background,random_background,"[609, 34, 703, 180]","[609, 34, 703, 180]",38
results/fast_repro/exp06_roi/patches/train/background/338__random39.jpg,/root/autodl-tmp/borescope-new-seg-data/v1/images/train/338.png,train,7,background,random_background,"[252, 296, 321, 332]","[252, 296, 321, 332]",39
results/fast_repro/exp06_roi/patches/train/background/697__random40.jpg,/root/autodl-tmp/borescope-new-seg-data/v1/images/train/697.jpg,train,7,background,random_background,"[109, 129, 157, 170]","[109, 129, 157, 170]",40
results/fast_repro/exp06_roi/patches/train/background/413__random41.jpg,/root/autodl-tmp/borescope-new-seg-data/v1/images/train/413.png,train,7,background,random_background,"[309, 313, 345, 383]","[309, 313, 345, 383]",41
results/fast_repro/exp06_roi/patches/train/background/804__random42.jpg,/root/autodl-tmp/borescope-new-seg-data/v1/images/train/804.jpg,train,7,background,random_background,"[339, 53, 369, 68]","[339, 53, 369, 68]",42
results/fast_repro/exp06_roi/patches/train/background/202__random43.jpg,/root/autodl-tmp/borescope-new-seg-data/v1/images/train/202.png,train,7,background,random_background,"[566, 79, 606, 195]","[566, 79, 606, 195]",43
results/fast_repro/exp06_roi/patches/train/background/394__random44.jpg,/root/autodl-tmp/borescope-new-seg-data/v1/images/train/394.png,train,7,background,random_background,"[104, 351, 368, 411]","[104, 351, 368, 411]",44
results/fast_repro/exp06_roi/patches/train/background/976__random45.jpg,/root/autodl-tmp/borescope-new-seg-data/v1/images/train/976.jpg,train,7,background,random_background,"[0, 5, 384, 257]","[0, 5, 384, 257]",45
results/fast_repro/exp06_roi/patches/train/background/976__random46.jpg,/root/autodl-tmp/borescope-new-seg-data/v1/images/train/976.jpg,train,7,background,random_background,"[42, 33, 339, 184]","[42, 33, 339, 184]",46
results/fast_repro/exp06_roi/patches/train/background/981__random47.jpg,/root/autodl-tmp/borescope-new-seg-data/v1/images/train/981.jpg,train,7,background,random_background,"[11, 0, 381, 288]","[11, 0, 381, 288]",47
results/fast_repro/exp06_roi/patches/train/background/860__random48.jpg,/root/autodl-tmp/borescope-new-seg-data/v1/images/train/860.jpg,train,7,background,random_background,"[707, 152, 718, 161]","[707, 152, 718, 161]",48
results/fast_repro/exp06_roi/patches/train/background/828__random49.jpg,/root/autodl-tmp/borescope-new-seg-data/v1/images/train/828.jpg,train,7,background,random_background,"[37, 0, 178, 288]","[37, 0, 178, 288]",49
results/fast_repro/exp06_roi/patches/train/background/192__random50.jpg,/root/autodl-tmp/borescope-new-seg-data/v1/images/train/192.png,train,7,background,random_background,"[40, 460, 101, 497]","[40, 460, 101, 497]",50
results/fast_repro/exp06_roi/patches/train/background/528__random51.jpg,/root/autodl-tmp/borescope-new-seg-data/v1/images/train/528.jpg,train,7,background,random_background,"[362, 573, 386, 589]","[362, 573, 386, 589]",51
results/fast_repro/exp06_roi/patches/train/background/617__random52.jpg,/root/autodl-tmp/borescope-new-seg-data/v1/images/train/617.jpg,train,7,background,random_background,"[166, 181, 299, 325]","[166, 181, 299, 325]",52
results/fast_repro/exp06_roi/patches/train/background/623__random53.jpg,/root/autodl-tmp/borescope-new-seg-data/v1/images/train/623.jpg,train,7,background,random_background,"[801, 421, 809, 447]","[801, 421, 809, 447]",53
results/fast_repro/exp06_roi/patches/train/background/715__random54.jpg,/root/autodl-tmp/borescope-new-seg-data/v1/images/train/715.jpg,train,7,background,random_background,"[89, 78, 245, 179]","[89, 78, 245, 179]",54
results/fast_repro/exp06_roi/patches/train/background/814__random55.jpg,/root/autodl-tmp/borescope-new-seg-data/v1/images/train/814.jpg,train,7,background,random_background,"[0, 0, 384, 288]","[0, 0, 384, 288]",55
results/fast_repro/exp06_roi/patches/train/background/893__random56.jpg,/root/autodl-tmp/borescope-new-seg-data/v1/images/train/893.jpg,train,7,background,random_background,"[176, 186, 236, 221]","[176, 186, 236, 221]",56
results/fast_repro/exp06_roi/patches/train/background/455__random57.jpg,/root/autodl-tmp/borescope-new-seg-data/v1/images/train/455.jpg,train,7,background,random_background,"[394, 460, 412, 588]","[394, 460, 412, 588]",57
results/fast_repro/exp06_roi/patches/train/background/889__random58.jpg,/root/autodl-tmp/borescope-new-seg-data/v1/images/train/889.jpg,train,7,background,random_background,"[0, 100, 23, 123]","[0, 100, 23, 123]",58
results/fast_repro/exp06_roi/patches/train/background/534__random59.jpg,/root/autodl-tmp/borescope-new-seg-data/v1/images/train/534.jpg,train,7,background,random_background,"[338, 319, 668, 588]","[338, 319, 668, 588]",59
results/fast_repro/exp06_roi/patches/train/background/455__random60.jpg,/root/autodl-tmp/borescope-new-seg-data/v1/images/train/455.jpg,train,7,background,random_background,"[316, 209, 463, 516]","[316, 209, 463, 516]",60
results/fast_repro/exp06_roi/patches/train/background/470__random61.jpg,/root/autodl-tmp/borescope-new-seg-data/v1/images/train/470.jpg,train,7,background,random_background,"[196, 430, 234, 453]","[196, 430, 234, 453]",61
results/fast_repro/exp06_roi/patches/train/background/563__random62.jpg,/root/autodl-tmp/borescope-new-seg-data/v1/images/train/563.jpg,train,7,background,random_background,"[280, 0, 458, 71]","[280, 0, 458, 71]",62
results/fast_repro/exp06_roi/patches/train/background/443__random63.jpg,/root/autodl-tmp/borescope-new-seg-data/v1/images/train/443.jpg,train,7,background,random_background,"[310, 82, 384, 217]","[310, 82, 384, 217]",63
results/fast_repro/exp06_roi/patches/train/background/708__random64.jpg,/root/autodl-tmp/borescope-new-seg-data/v1/images/train/708.jpg,train,7,background,random_background,"[484, 406, 497, 500]","[484, 406, 497, 500]",64
results/fast_repro/exp06_roi/patches/train/background/258__random65.jpg,/root/autodl-tmp/borescope-new-seg-data/v1/images/train/258.png,train,7,background,random_background,"[634, 171, 669, 201]","[634, 171, 669, 201]",65
results/fast_repro/exp06_roi/patches/train/background/137__random66.jpg,/root/autodl-tmp/borescope-new-seg-data/v1/images/train/137.png,train,7,background,random_background,"[203, 75, 335, 241]","[203, 75, 335, 241]",66
results/fast_repro/exp06_roi/patches/train/background/38__random67.jpg,/root/autodl-tmp/borescope-new-seg-data/v1/images/train/38.png,train,7,background,random_background,"[74, 233, 103, 285]","[74, 233, 103, 285]",67
results/fast_repro/exp06_roi/patches/train/background/626__random68.jpg,/root/autodl-tmp/borescope-new-seg-data/v1/images/train/626.jpg,train,7,background,random_background,"[506, 409, 519, 429]","[506, 409, 519, 429]",68
results/fast_repro/exp06_roi/patches/train/background/349__random69.jpg,/root/autodl-tmp/borescope-new-seg-data/v1/images/train/349.png,train,7,background,random_background,"[109, 398, 179, 447]","[109, 398, 179, 447]",69
results/fast_repro/exp06_roi/patches/train/background/639__random70.jpg,/root/autodl-tmp/borescope-new-seg-data/v1/images/train/639.jpg,train,7,background,random_background,"[530, 475, 580, 536]","[530, 475, 580, 536]",70
results/fast_repro/exp06_roi/patches/train/background/79__random71.jpg,/root/autodl-tmp/borescope-new-seg-data/v1/images/train/79.png,train,7,background,random_background,"[467, 68, 505, 138]","[467, 68, 505, 138]",71
results/fast_repro/exp06_roi/patches/train/background/769__random72.jpg,/root/autodl-tmp/borescope-new-seg-data/v1/images/train/769.jpg,train,7,background,random_background,"[10, 95, 341, 270]","[10, 95, 341, 270]",72
results/fast_repro/exp06_roi/patches/train/background/724__random73.jpg,/root/autodl-tmp/borescope-new-seg-data/v1/images/train/724.jpg,train,7,background,random_background,"[652, 141, 673, 255]","[652, 141, 673, 255]",73
results/fast_repro/exp06_roi/patches/train/background/795__random74.jpg,/root/autodl-tmp/borescope-new-seg-data/v1/images/train/795.jpg,train,7,background,random_background,"[39, 182, 145, 218]","[39, 182, 145, 218]",74
results/fast_repro/exp06_roi/patches/train/background/415__random75.jpg,/root/autodl-tmp/borescope-new-seg-data/v1/images/train/415.png,train,7,background,random_background,"[82, 70, 271, 242]","[82, 70, 271, 242]",75
results/fast_repro/exp06_roi/patches/train/background/225__random76.jpg,/root/autodl-tmp/borescope-new-seg-data/v1/images/train/225.png,train,7,background,random_background,"[219, 32, 305, 163]","[219, 32, 305, 163]",76
results/fast_repro/exp06_roi/patches/train/background/626__random77.jpg,/root/autodl-tmp/borescope-new-seg-data/v1/images/train/626.jpg,train,7,background,random_background,"[63, 211, 265, 313]","[63, 211, 265, 313]",77
results/fast_repro/exp06_roi/patches/train/background/887__random78.jpg,/root/autodl-tmp/borescope-new-seg-data/v1/images/train/887.jpg,train,7,background,random_background,"[152, 199, 197, 224]","[152, 199, 197, 224]",78
results/fast_repro/exp06_roi/patches/train/background/632__random79.jpg,/root/autodl-tmp/borescope-new-seg-data/v1/images/train/632.jpg,train,7,background,random_background,"[225, 249, 301, 296]","[225, 249, 301, 296]",79
results/fast_repro/exp06_roi/patches/train/background/615__random80.jpg,/root/autodl-tmp/borescope-new-seg-data/v1/images/train/615.jpg,train,7,background,random_background,"[546, 13, 569, 27]","[546, 13, 569, 27]",80
results/fast_repro/exp06_roi/patches/train/background/590__random81.jpg,/root/autodl-tmp/borescope-new-seg-data/v1/images/train/590.jpg,train,7,background,random_background,"[438, 69, 453, 84]","[438, 69, 453, 84]",81
results/fast_repro/exp06_roi/patches/train/background/470__random82.jpg,/root/autodl-tmp/borescope-new-seg-data/v1/images/train/470.jpg,train,7,background,random_background,"[192, 431, 960, 630]","[192, 431, 960, 630]",82
results/fast_repro/exp06_roi/patches/train/background/325__random83.jpg,/root/autodl-tmp/borescope-new-seg-data/v1/images/train/325.png,train,7,background,random_background,"[31, 126, 92, 240]","[31, 126, 92, 240]",83
results/fast_repro/exp06_roi/patches/train/background/292__random84.jpg,/root/autodl-tmp/borescope-new-seg-data/v1/images/train/292.png,train,7,background,random_background,"[484, 342, 602, 446]","[484, 342, 602, 446]",84
results/fast_repro/exp06_roi/patches/train/background/544__random85.jpg,/root/autodl-tmp/borescope-new-seg-data/v1/images/train/544.jpg,train,7,background,random_background,"[735, 117, 794, 137]","[735, 117, 794, 137]",85
results/fast_repro/exp06_roi/patches/train/background/250__random86.jpg,/root/autodl-tmp/borescope-new-seg-data/v1/images/train/250.png,train,7,background,random_background,"[319, 294, 360, 328]","[319, 294, 360, 328]",86
results/fast_repro/exp06_roi/patches/train/background/558__random87.jpg,/root/autodl-tmp/borescope-new-seg-data/v1/images/train/558.jpg,train,7,background,random_background,"[248, 52, 292, 118]","[248, 52, 292, 118]",87
results/fast_repro/exp06_roi/patches/train/background/439__random88.jpg,/root/autodl-tmp/borescope-new-seg-data/v1/images/train/439.jpg,train,7,background,random_background,"[579, 42, 600, 93]","[579, 42, 600, 93]",88
results/fast_repro/exp06_roi/patches/train/background/503__random89.jpg,/root/autodl-tmp/borescope-new-seg-data/v1/images/train/503.jpg,train,7,background,random_background,"[518, 174, 666, 517]","[518, 174, 666, 517]",89
results/fast_repro/exp06_roi/patches/train/background/18__random90.jpg,/root/autodl-tmp/borescope-new-seg-data/v1/images/train/18.png,train,7,background,random_background,"[370, 325, 483, 404]","[370, 325, 483, 404]",90
results/fast_repro/exp06_roi/patches/train/background/816__random91.jpg,/root/autodl-tmp/borescope-new-seg-data/v1/images/train/816.jpg,train,7,background,random_background,"[151, 68, 301, 143]","[151, 68, 301, 143]",91
results/fast_repro/exp06_roi/patches/train/background/466__random92.jpg,/root/autodl-tmp/borescope-new-seg-data/v1/images/train/466.jpg,train,7,background,random_background,"[461, 249, 498, 296]","[461, 249, 498, 296]",92
results/fast_repro/exp06_roi/patches/train/background/707__random93.jpg,/root/autodl-tmp/borescope-new-seg-data/v1/images/train/707.jpg,train,7,background,random_background,"[29, 506, 52, 518]","[29, 506, 52, 518]",93
results/fast_repro/exp06_roi/patches/train/background/468__random94.jpg,/root/autodl-tmp/borescope-new-seg-data/v1/images/train/468.jpg,train,7,background,random_background,"[264, 174, 431, 402]","[264, 174, 431, 402]",94
results/fast_repro/exp06_roi/patches/train/background/404__random95.jpg,/root/autodl-tmp/borescope-new-seg-data/v1/images/train/404.png,train,7,background,random_background,"[10, 264, 32, 294]","[10, 264, 32, 294]",95
results/fast_repro/exp06_roi/patches/train/background/283__random96.jpg,/root/autodl-tmp/borescope-new-seg-data/v1/images/train/283.png,train,7,background,random_background,"[568, 388, 644, 444]","[568, 388, 644, 444]",96
results/fast_repro/exp06_roi/patches/train/background/844__random97.jpg,/root/autodl-tmp/borescope-new-seg-data/v1/images/train/844.jpg,train,7,background,random_background,"[563, 338, 656, 512]","[563, 338, 656, 512]",97
results/fast_repro/exp06_roi/patches/train/background/513__random98.jpg,/root/autodl-tmp/borescope-new-seg-data/v1/images/train/513.jpg,train,7,background,random_background,"[61, 24, 586, 546]","[61, 24, 586, 546]",98
results/fast_repro/exp06_roi/patches/train/background/457__random99.jpg,/root/autodl-tmp/borescope-new-seg-data/v1/images/train/457.jpg,train,7,background,random_background,"[706, 189, 758, 253]","[706, 189, 758, 253]",99
results/fast_repro/exp06_roi/patches/train/background/284__random100.jpg,/root/autodl-tmp/borescope-new-seg-data/v1/images/train/284.png,train,7,background,random_background,"[537, 305, 685, 356]","[537, 305, 685, 356]",100
results/fast_repro/exp06_roi/patches/train/background/441__random101.jpg,/root/autodl-tmp/borescope-new-seg-data/v1/images/train/441.jpg,train,7,background,random_background,"[46, 55, 100, 91]","[46, 55, 100, 91]",101
results/fast_repro/exp06_roi/patches/train/background/844__random102.jpg,/root/autodl-tmp/borescope-new-seg-data/v1/images/train/844.jpg,train,7,background,random_background,"[889, 502, 901, 510]","[889, 502, 901, 510]",102
results/fast_repro/exp06_roi/patches/train/background/275__random103.jpg,/root/autodl-tmp/borescope-new-seg-data/v1/images/train/275.png,train,7,background,random_background,"[116, 420, 161, 455]","[116, 420, 161, 455]",103
results/fast_repro/exp06_roi/patches/train/background/223__random104.jpg,/root/autodl-tmp/borescope-new-seg-data/v1/images/train/223.png,train,7,background,random_background,"[254, 121, 273, 144]","[254, 121, 273, 144]",104
results/fast_repro/exp06_roi/patches/train/background/855__random105.jpg,/root/autodl-tmp/borescope-new-seg-data/v1/images/train/855.jpg,train,7,background,random_background,"[115, 198, 191, 263]","[115, 198, 191, 263]",105
results/fast_repro/exp06_roi/patches/train/background/797__random106.jpg,/root/autodl-tmp/borescope-new-seg-data/v1/images/train/797.jpg,train,7,background,random_background,"[301, 219, 346, 240]","[301, 219, 346, 240]",106
results/fast_repro/exp06_roi/patches/train/background/444__random107.jpg,/root/autodl-tmp/borescope-new-seg-data/v1/images/train/444.jpg,train,7,background,random_background,"[757, 101, 775, 116]","[757, 101, 775, 116]",107
results/fast_repro/exp06_roi/patches/train/background/302__random108.jpg,/root/autodl-tmp/borescope-new-seg-data/v1/images/train/302.png,train,7,background,random_background,"[245, 88, 276, 119]","[245, 88, 276, 119]",108
results/fast_repro/exp06_roi/patches/train/background/290__random109.jpg,/root/autodl-tmp/borescope-new-seg-data/v1/images/train/290.png,train,7,background,random_background,"[152, 136, 177, 236]","[152, 136, 177, 236]",109
results/fast_repro/exp06_roi/patches/train/background/215__random110.jpg,/root/autodl-tmp/borescope-new-seg-data/v1/images/train/215.png,train,7,background,random_background,"[609, 383, 692, 471]","[609, 383, 692, 471]",110
results/fast_repro/exp06_roi/patches/train/background/874__random111.jpg,/root/autodl-tmp/borescope-new-seg-data/v1/images/train/874.jpg,train,7,background,random_background,"[155, 206, 178, 221]","[155, 206, 178, 221]",111
results/fast_repro/exp06_roi/patches/train/background/394__random112.jpg,/root/autodl-tmp/borescope-new-seg-data/v1/images/train/394.png,train,7,background,random_background,"[612, 20, 651, 50]","[612, 20, 651, 50]",112
results/fast_repro/exp06_roi/patches/train/background/653__random113.jpg,/root/autodl-tmp/borescope-new-seg-data/v1/images/train/653.jpg,train,7,background,random_background,"[234, 21, 305, 39]","[234, 21, 305, 39]",113
results/fast_repro/exp06_roi/patches/train/background/389__random114.jpg,/root/autodl-tmp/borescope-new-seg-data/v1/images/train/389.png,train,7,background,random_background,"[481, 452, 491, 477]","[481, 452, 491, 477]",114
results/fast_repro/exp06_roi/patches/train/background/401__random115.jpg,/root/autodl-tmp/borescope-new-seg-data/v1/images/train/401.png,train,7,background,random_background,"[503, 496, 564, 531]","[503, 496, 564, 531]",115
results/fast_repro/exp06_roi/patches/train/background/135__random116.jpg,/root/autodl-tmp/borescope-new-seg-data/v1/images/train/135.png,train,7,background,random_background,"[343, 53, 597, 121]","[343, 53, 597, 121]",116
results/fast_repro/exp06_roi/patches/train/background/240__random117.jpg,/root/autodl-tmp/borescope-new-seg-data/v1/images/train/240.png,train,7,background,random_background,"[339, 483, 600, 530]","[339, 483, 600, 530]",117
results/fast_repro/exp06_roi/patches/train/background/608__random118.jpg,/root/autodl-tmp/borescope-new-seg-data/v1/images/train/608.jpg,train,7,background,random_background,"[258, 165, 276, 186]","[258, 165, 276, 186]",118
results/fast_repro/exp06_roi/patches/train/background/175__random119.jpg,/root/autodl-tmp/borescope-new-seg-data/v1/images/train/175.png,train,7,background,random_background,"[1, 336, 94, 380]","[1, 336, 94, 380]",119
results/fast_repro/exp06_roi/patches/train/background/822__random120.jpg,/root/autodl-tmp/borescope-new-seg-data/v1/images/train/822.jpg,train,7,background,random_background,"[185, 255, 214, 267]","[185, 255, 214, 267]",120
results/fast_repro/exp06_roi/patches/train/background/963__random121.jpg,/root/autodl-tmp/borescope-new-seg-data/v1/images/train/963.jpg,train,7,background,random_background,"[281, 33, 333, 115]","[281, 33, 333, 115]",121
results/fast_repro/exp06_roi/patches/train/background/418__random122.jpg,/root/autodl-tmp/borescope-new-seg-data/v1/images/train/418.png,train,7,background,random_background,"[29, 322, 63, 374]","[29, 322, 63, 374]",122
results/fast_repro/exp06_roi/patches/train/background/936__random123.jpg,/root/autodl-tmp/borescope-new-seg-data/v1/images/train/936.jpg,train,7,background,random_background,"[14, 565, 62, 574]","[14, 565, 62, 574]",123
results/fast_repro/exp06_roi/patches/train/background/618__random124.jpg,/root/autodl-tmp/borescope-new-seg-data/v1/images/train/618.jpg,train,7,background,random_background,"[116, 472, 144, 505]","[116, 472, 144, 505]",124
results/fast_repro/exp06_roi/patches/train/background/177__random125.jpg,/root/autodl-tmp/borescope-new-seg-data/v1/images/train/177.png,train,7,background,random_background,"[260, 361, 652, 476]","[260, 361, 652, 476]",125
results/fast_repro/exp06_roi/patches/train/background/835__random126.jpg,/root/autodl-tmp/borescope-new-seg-data/v1/images/train/835.jpg,train,7,background,random_background,"[69, 17, 194, 85]","[69, 17, 194, 85]",126
results/fast_repro/exp06_roi/patches/train/background/398__random127.jpg,/root/autodl-tmp/borescope-new-seg-data/v1/images/train/398.png,train,7,background,random_background,"[273, 420, 339, 485]","[273, 420, 339, 485]",127
results/fast_repro/exp06_roi/patches/train/background/3__random128.jpg,/root/autodl-tmp/borescope-new-seg-data/v1/images/train/3.png,train,7,background,random_background,"[593, 337, 639, 368]","[593, 337, 639, 368]",128
results/fast_repro/exp06_roi/patches/train/background/746__random129.jpg,/root/autodl-tmp/borescope-new-seg-data/v1/images/train/746.jpg,train,7,background,random_background,"[340, 565, 369, 609]","[340, 565, 369, 609]",129
results/fast_repro/exp06_roi/patches/train/background/825__random130.jpg,/root/autodl-tmp/borescope-new-seg-data/v1/images/train/825.jpg,train,7,background,random_background,"[96, 178, 224, 218]","[96, 178, 224, 218]",130
results/fast_repro/exp06_roi/patches/train/background/344__random131.jpg,/root/autodl-tmp/borescope-new-seg-data/v1/images/train/344.png,train,7,background,random_background,"[420, 44, 440, 65]","[420, 44, 440, 65]",131
results/fast_repro/exp06_roi/patches/train/background/459__random132.jpg,/root/autodl-tmp/borescope-new-seg-data/v1/images/train/459.jpg,train,7,background,random_background,"[395, 339, 482, 459]","[395, 339, 482, 459]",132
results/fast_repro/exp06_roi/patches/train/background/1008__random133.jpg,/root/autodl-tmp/borescope-new-seg-data/v1/images/train/1008.jpg,train,7,background,random_background,"[257, 37, 289, 288]","[257, 37, 289, 288]",133
results/fast_repro/exp06_roi/patches/train/background/480__random134.jpg,/root/autodl-tmp/borescope-new-seg-data/v1/images/train/480.jpg,train,7,background,random_background,"[538, 467, 836, 631]","[538, 467, 836, 631]",134
results/fast_repro/exp06_roi/patches/train/background/714__random135.jpg,/root/autodl-tmp/borescope-new-seg-data/v1/images/train/714.jpg,train,7,background,random_background,"[41, 436, 627, 600]","[41, 436, 627, 600]",135
results/fast_repro/exp06_roi/patches/train/background/474__random136.jpg,/root/autodl-tmp/borescope-new-seg-data/v1/images/train/474.jpg,train,7,background,random_background,"[735, 454, 864, 571]","[735, 454, 864, 571]",136
results/fast_repro/exp06_roi/patches/train/background/744__random137.jpg,/root/autodl-tmp/borescope-new-seg-data/v1/images/train/744.jpg,train,7,background,random_background,"[646, 294, 657, 313]","[646, 294, 657, 313]",137
results/fast_repro/exp06_roi/patches/train/background/254__random138.jpg,/root/autodl-tmp/borescope-new-seg-data/v1/images/train/254.png,train,7,background,random_background,"[57, 150, 103, 287]","[57, 150, 103, 287]",138
results/fast_repro/exp06_roi/patches/train/background/529__random139.jpg,/root/autodl-tmp/borescope-new-seg-data/v1/images/train/529.jpg,train,7,background,random_background,"[421, 579, 495, 627]","[421, 579, 495, 627]",139
results/fast_repro/exp06_roi/patches/train/background/271__random140.jpg,/root/autodl-tmp/borescope-new-seg-data/v1/images/train/271.png,train,7,background,random_background,"[391, 317, 422, 368]","[391, 317, 422, 368]",140
results/fast_repro/exp06_roi/patches/train/background/346__random141.jpg,/root/autodl-tmp/borescope-new-seg-data/v1/images/train/346.png,train,7,background,random_background,"[472, 260, 484, 268]","[472, 260, 484, 268]",141
results/fast_repro/exp06_roi/patches/train/background/830__random142.jpg,/root/autodl-tmp/borescope-new-seg-data/v1/images/train/830.jpg,train,7,background,random_background,"[300, 76, 330, 157]","[300, 76, 330, 157]",142
results/fast_repro/exp06_roi/patches/train/background/985__random143.jpg,/root/autodl-tmp/borescope-new-seg-data/v1/images/train/985.jpg,train,7,background,random_background,"[154, 50, 162, 88]","[154, 50, 162, 88]",143
results/fast_repro/exp06_roi/patches/train/background/428__random144.jpg,/root/autodl-tmp/borescope-new-seg-data/v1/images/train/428.png,train,7,background,random_background,"[140, 4, 304, 180]","[140, 4, 304, 180]",144
results/fast_repro/exp06_roi/patches/train/background/871__random145.jpg,/root/autodl-tmp/borescope-new-seg-data/v1/images/train/871.jpg,train,7,background,random_background,"[146, 117, 171, 134]","[146, 117, 171, 134]",145
results/fast_repro/exp06_roi/patches/train/background/934__random146.jpg,/root/autodl-tmp/borescope-new-seg-data/v1/images/train/934.jpg,train,7,background,random_background,"[64, 4, 243, 272]","[64, 4, 243, 272]",146
results/fast_repro/exp06_roi/patches/train/background/968__random147.jpg,/root/autodl-tmp/borescope-new-seg-data/v1/images/train/968.jpg,train,7,background,random_background,"[0, 201, 384, 276]","[0, 201, 384, 276]",147
results/fast_repro/exp06_roi/patches/train/background/666__random148.jpg,/root/autodl-tmp/borescope-new-seg-data/v1/images/train/666.jpg,train,7,background,random_background,"[92, 465, 149, 595]","[92, 465, 149, 595]",148
results/fast_repro/exp06_roi/patches/train/background/428__random149.jpg,/root/autodl-tmp/borescope-new-seg-data/v1/images/train/428.png,train,7,background,random_background,"[135, 402, 235, 426]","[135, 402, 235, 426]",149
results/fast_repro/exp06_roi/patches/train/background/734__random150.jpg,/root/autodl-tmp/borescope-new-seg-data/v1/images/train/734.jpg,train,7,background,random_background,"[117, 479, 151, 489]","[117, 479, 151, 489]",150
results/fast_repro/exp06_roi/patches/train/background/854__random151.jpg,/root/autodl-tmp/borescope-new-seg-data/v1/images/train/854.jpg,train,7,background,random_background,"[135, 137, 160, 230]","[135, 137, 160, 230]",151
results/fast_repro/exp06_roi/patches/train/background/984__random152.jpg,/root/autodl-tmp/borescope-new-seg-data/v1/images/train/984.jpg,train,7,background,random_background,"[6, 158, 166, 265]","[6, 158, 166, 265]",152
results/fast_repro/exp06_roi/patches/train/background/860__random153.jpg,/root/autodl-tmp/borescope-new-seg-data/v1/images/train/860.jpg,train,7,background,random_background,"[64, 650, 185, 689]","[64, 650, 185, 689]",153
results/fast_repro/exp06_roi/patches/train/background/707__random154.jpg,/root/autodl-tmp/borescope-new-seg-data/v1/images/train/707.jpg,train,7,background,random_background,"[46, 38, 402, 117]","[46, 38, 402, 117]",154
results/fast_repro/exp06_roi/patches/train/background/443__random155.jpg,/root/autodl-tmp/borescope-new-seg-data/v1/images/train/443.jpg,train,7,background,random_background,"[275, 34, 365, 124]","[275, 34, 365, 124]",155
results/fast_repro/exp06_roi/patches/train/background/632__random156.jpg,/root/autodl-tmp/borescope-new-seg-data/v1/images/train/632.jpg,train,7,background,random_background,"[212, 50, 371, 146]","[212, 50, 371, 146]",156
results/fast_repro/exp06_roi/patches/train/background/746__random157.jpg,/root/autodl-tmp/borescope-new-seg-data/v1/images/train/746.jpg,train,7,background,random_background,"[33, 379, 57, 420]","[33, 379, 57, 420]",157
results/fast_repro/exp06_roi/patches/train/background/315__random158.jpg,/root/autodl-tmp/borescope-new-seg-data/v1/images/train/315.png,train,7,background,random_background,"[371, 50, 387, 170]","[371, 50, 387, 170]",158
results/fast_repro/exp06_roi/patches/train/background/542__random159.jpg,/root/autodl-tmp/borescope-new-seg-data/v1/images/train/542.jpg,train,7,background,random_background,"[62, 407, 97, 449]","[62, 407, 97, 449]",159
results/fast_repro/exp06_roi/patches/train/background/398__random160.jpg,/root/autodl-tmp/borescope-new-seg-data/v1/images/train/398.png,train,7,background,random_background,"[465, 46, 550, 120]","[465, 46, 550, 120]",160
results/fast_repro/exp06_roi/patches/train/background/307__random161.jpg,/root/autodl-tmp/borescope-new-seg-data/v1/images/train/307.png,train,7,background,random_background,"[341, 249, 365, 277]","[341, 249, 365, 277]",161
results/fast_repro/exp06_roi/patches/train/background/190__random162.jpg,/root/autodl-tmp/borescope-new-seg-data/v1/images/train/190.png,train,7,background,random_background,"[567, 106, 606, 178]","[567, 106, 606, 178]",162
results/fast_repro/exp06_roi/patches/train/background/901__random163.jpg,/root/autodl-tmp/borescope-new-seg-data/v1/images/train/901.jpg,train,7,background,random_background,"[75, 0, 169, 141]","[75, 0, 169, 141]",163
results/fast_repro/exp06_roi/patches/train/background/399__random164.jpg,/root/autodl-tmp/borescope-new-seg-data/v1/images/train/399.png,train,7,background,random_background,"[178, 56, 335, 115]","[178, 56, 335, 115]",164
results/fast_repro/exp06_roi/patches/train/background/171__random165.jpg,/root/autodl-tmp/borescope-new-seg-data/v1/images/train/171.png,train,7,background,random_background,"[525, 303, 583, 500]","[525, 303, 583, 500]",165
results/fast_repro/exp06_roi/patches/train/background/166__random166.jpg,/root/autodl-tmp/borescope-new-seg-data/v1/images/train/166.png,train,7,background,random_background,"[22, 372, 274, 462]","[22, 372, 274, 462]",166
results/fast_repro/exp06_roi/patches/train/background/795__random167.jpg,/root/autodl-tmp/borescope-new-seg-data/v1/images/train/795.jpg,train,7,background,random_background,"[15, 122, 197, 272]","[15, 122, 197, 272]",167
results/fast_repro/exp06_roi/patches/train/background/610__random168.jpg,/root/autodl-tmp/borescope-new-seg-data/v1/images/train/610.jpg,train,7,background,random_background,"[454, 75, 768, 246]","[454, 75, 768, 246]",168
results/fast_repro/exp06_roi/patches/train/background/114__random169.jpg,/root/autodl-tmp/borescope-new-seg-data/v1/images/train/114.png,train,7,background,random_background,"[281, 332, 342, 351]","[281, 332, 342, 351]",169
results/fast_repro/exp06_roi/patches/train/background/569__random170.jpg,/root/autodl-tmp/borescope-new-seg-data/v1/images/train/569.jpg,train,7,background,random_background,"[440, 50, 468, 109]","[440, 50, 468, 109]",170
results/fast_repro/exp06_roi/patches/train/background/173__random171.jpg,/root/autodl-tmp/borescope-new-seg-data/v1/images/train/173.png,train,7,background,random_background,"[462, 454, 508, 505]","[462, 454, 508, 505]",171
results/fast_repro/exp06_roi/patches/train/background/141__random172.jpg,/root/autodl-tmp/borescope-new-seg-data/v1/images/train/141.png,train,7,background,random_background,"[383, 156, 432, 173]","[383, 156, 432, 173]",172
results/fast_repro/exp06_roi/patches/train/background/721__random173.jpg,/root/autodl-tmp/borescope-new-seg-data/v1/images/train/721.jpg,train,7,background,random_background,"[442, 98, 711, 167]","[442, 98, 711, 167]",173
results/fast_repro/exp06_roi/patches/train/background/553__random174.jpg,/root/autodl-tmp/borescope-new-seg-data/v1/images/train/553.jpg,train,7,background,random_background,"[575, 575, 678, 668]","[575, 575, 678, 668]",174
results/fast_repro/exp06_roi/patches/train/background/476__random175.jpg,/root/autodl-tmp/borescope-new-seg-data/v1/images/train/476.jpg,train,7,background,random_background,"[481, 192, 869, 566]","[481, 192, 869, 566]",175
results/fast_repro/exp06_roi/patches/train/background/637__random176.jpg,/root/autodl-tmp/borescope-new-seg-data/v1/images/train/637.jpg,train,7,background,random_background,"[360, 106, 420, 138]","[360, 106, 420, 138]",176
results/fast_repro/exp06_roi/patches/train/background/510__random177.jpg,/root/autodl-tmp/borescope-new-seg-data/v1/images/train/510.jpg,train,7,background,random_background,"[587, 231, 618, 284]","[587, 231, 618, 284]",177
results/fast_repro/exp06_roi/patches/train/background/645__random178.jpg,/root/autodl-tmp/borescope-new-seg-data/v1/images/train/645.jpg,train,7,background,random_background,"[628, 570, 641, 592]","[628, 570, 641, 592]",178
results/fast_repro/exp06_roi/patches/train/background/43__random179.jpg,/root/autodl-tmp/borescope-new-seg-data/v1/images/train/43.png,train,7,background,random_background,"[273, 14, 388, 117]","[273, 14, 388, 117]",179
results/fast_repro/exp06_roi/patches/train/background/271__random180.jpg,/root/autodl-tmp/borescope-new-seg-data/v1/images/train/271.png,train,7,background,random_background,"[347, 359, 359, 379]","[347, 359, 359, 379]",180
results/fast_repro/exp06_roi/patches/train/background/9__random181.jpg,/root/autodl-tmp/borescope-new-seg-data/v1/images/train/9.png,train,7,background,random_background,"[410, 35, 468, 71]","[410, 35, 468, 71]",181
results/fast_repro/exp06_roi/patches/train/background/689__random182.jpg,/root/autodl-tmp/borescope-new-seg-data/v1/images/train/689.jpg,train,7,background,random_background,"[332, 581, 438, 695]","[332, 581, 438, 695]",182
results/fast_repro/exp06_roi/patches/train/background/916__random183.jpg,/root/autodl-tmp/borescope-new-seg-data/v1/images/train/916.jpg,train,7,background,random_background,"[316, 25, 360, 50]","[316, 25, 360, 50]",183
results/fast_repro/exp06_roi/patches/train/background/115__random184.jpg,/root/autodl-tmp/borescope-new-seg-data/v1/images/train/115.png,train,7,background,random_background,"[621, 226, 653, 287]","[621, 226, 653, 287]",184
results/fast_repro/exp06_roi/patches/train/background/626__random185.jpg,/root/autodl-tmp/borescope-new-seg-data/v1/images/train/626.jpg,train,7,background,random_background,"[353, 440, 363, 461]","[353, 440, 363, 461]",185
results/fast_repro/exp06_roi/patches/train/background/168__random186.jpg,/root/autodl-tmp/borescope-new-seg-data/v1/images/train/168.png,train,7,background,random_background,"[539, 341, 564, 379]","[539, 341, 564, 379]",186
results/fast_repro/exp06_roi/patches/train/background/447__random187.jpg,/root/autodl-tmp/borescope-new-seg-data/v1/images/train/447.jpg,train,7,background,random_background,"[56, 3, 157, 196]","[56, 3, 157, 196]",187
results/fast_repro/exp06_roi/patches/train/background/299__random188.jpg,/root/autodl-tmp/borescope-new-seg-data/v1/images/train/299.png,train,7,background,random_background,"[391, 130, 610, 270]","[391, 130, 610, 270]",188
results/fast_repro/exp06_roi/patches/train/background/420__random189.jpg,/root/autodl-tmp/borescope-new-seg-data/v1/images/train/420.png,train,7,background,random_background,"[440, 89, 528, 133]","[440, 89, 528, 133]",189
results/fast_repro/exp06_roi/patches/train/background/195__random190.jpg,/root/autodl-tmp/borescope-new-seg-data/v1/images/train/195.png,train,7,background,random_background,"[572, 426, 622, 458]","[572, 426, 622, 458]",190
results/fast_repro/exp06_roi/patches/train/background/518__random191.jpg,/root/autodl-tmp/borescope-new-seg-data/v1/images/train/518.jpg,train,7,background,random_background,"[446, 9, 538, 229]","[446, 9, 538, 229]",191
results/fast_repro/exp06_roi/patches/train/background/698__random192.jpg,/root/autodl-tmp/borescope-new-seg-data/v1/images/train/698.jpg,train,7,background,random_background,"[587, 414, 628, 437]","[587, 414, 628, 437]",192
results/fast_repro/exp06_roi/patches/train/background/986__random193.jpg,/root/autodl-tmp/borescope-new-seg-data/v1/images/train/986.jpg,train,7,background,random_background,"[166, 43, 238, 116]","[166, 43, 238, 116]",193
results/fast_repro/exp06_roi/patches/train/background/950__random194.jpg,/root/autodl-tmp/borescope-new-seg-data/v1/images/train/950.jpg,train,7,background,random_background,"[45, 111, 65, 233]","[45, 111, 65, 233]",194
results/fast_repro/exp06_roi/patches/train/background/156__random195.jpg,/root/autodl-tmp/borescope-new-seg-data/v1/images/train/156.png,train,7,background,random_background,"[2, 101, 699, 414]","[2, 101, 699, 414]",195
results/fast_repro/exp06_roi/patches/train/background/449__random196.jpg,/root/autodl-tmp/borescope-new-seg-data/v1/images/train/449.jpg,train,7,background,random_background,"[39, 261, 458, 527]","[39, 261, 458, 527]",196
results/fast_repro/exp06_roi/patches/train/background/512__random197.jpg,/root/autodl-tmp/borescope-new-seg-data/v1/images/train/512.jpg,train,7,background,random_background,"[202, 177, 261, 230]","[202, 177, 261, 230]",197
results/fast_repro/exp06_roi/patches/train/background/923__random198.jpg,/root/autodl-tmp/borescope-new-seg-data/v1/images/train/923.jpg,train,7,background,random_background,"[22, 160, 322, 274]","[22, 160, 322, 274]",198
results/fast_repro/exp06_roi/patches/train/background/754__random199.jpg,/root/autodl-tmp/borescope-new-seg-data/v1/images/train/754.jpg,train,7,background,random_background,"[0, 41, 880, 578]","[0, 41, 880, 578]",199
results/fast_repro/exp06_roi/patches/train/background/966__random200.jpg,/root/autodl-tmp/borescope-new-seg-data/v1/images/train/966.jpg,train,7,background,random_background,"[226, 155, 241, 170]","[226, 155, 241, 170]",200
results/fast_repro/exp06_roi/patches/train/background/397__random201.jpg,/root/autodl-tmp/borescope-new-seg-data/v1/images/train/397.png,train,7,background,random_background,"[317, 236, 341, 273]","[317, 236, 341, 273]",201
results/fast_repro/exp06_roi/patches/train/background/685__random202.jpg,/root/autodl-tmp/borescope-new-seg-data/v1/images/train/685.jpg,train,7,background,random_background,"[78, 330, 194, 554]","[78, 330, 194, 554]",202
results/fast_repro/exp06_roi/patches/train/background/133__random203.jpg,/root/autodl-tmp/borescope-new-seg-data/v1/images/train/133.png,train,7,background,random_background,"[594, 42, 604, 54]","[594, 42, 604, 54]",203
results/fast_repro/exp06_roi/patches/train/background/682__random204.jpg,/root/autodl-tmp/borescope-new-seg-data/v1/images/train/682.jpg,train,7,background,random_background,"[487, 513, 495, 524]","[487, 513, 495, 524]",204
results/fast_repro/exp06_roi/patches/train/background/225__random205.jpg,/root/autodl-tmp/borescope-new-seg-data/v1/images/train/225.png,train,7,background,random_background,"[351, 365, 391, 412]","[351, 365, 391, 412]",205
results/fast_repro/exp06_roi/patches/train/background/663__random206.jpg,/root/autodl-tmp/borescope-new-seg-data/v1/images/train/663.jpg,train,7,background,random_background,"[381, 469, 507, 589]","[381, 469, 507, 589]",206
results/fast_repro/exp06_roi/patches/train/background/971__random207.jpg,/root/autodl-tmp/borescope-new-seg-data/v1/images/train/971.jpg,train,7,background,random_background,"[197, 72, 237, 111]","[197, 72, 237, 111]",207
results/fast_repro/exp06_roi/patches/train/background/363__random208.jpg,/root/autodl-tmp/borescope-new-seg-data/v1/images/train/363.png,train,7,background,random_background,"[596, 339, 630, 370]","[596, 339, 630, 370]",208
results/fast_repro/exp06_roi/patches/train/background/213__random209.jpg,/root/autodl-tmp/borescope-new-seg-data/v1/images/train/213.png,train,7,background,random_background,"[200, 66, 540, 229]","[200, 66, 540, 229]",209
results/fast_repro/exp06_roi/patches/train/background/914__random210.jpg,/root/autodl-tmp/borescope-new-seg-data/v1/images/train/914.jpg,train,7,background,random_background,"[810, 336, 846, 363]","[810, 336, 846, 363]",210
results/fast_repro/exp06_roi/patches/train/background/192__random211.jpg,/root/autodl-tmp/borescope-new-seg-data/v1/images/train/192.png,train,7,background,random_background,"[520, 185, 634, 318]","[520, 185, 634, 318]",211
results/fast_repro/exp06_roi/patches/train/background/27__random212.jpg,/root/autodl-tmp/borescope-new-seg-data/v1/images/train/27.png,train,7,background,random_background,"[349, 485, 398, 533]","[349, 485, 398, 533]",212
results/fast_repro/exp06_roi/patches/train/background/741__random213.jpg,/root/autodl-tmp/borescope-new-seg-data/v1/images/train/741.jpg,train,7,background,random_background,"[39, 75, 67, 109]","[39, 75, 67, 109]",213
results/fast_repro/exp06_roi/patches/train/background/149__random214.jpg,/root/autodl-tmp/borescope-new-seg-data/v1/images/train/149.png,train,7,background,random_background,"[539, 19, 690, 179]","[539, 19, 690, 179]",214
results/fast_repro/exp06_roi/patches/train/background/486__random215.jpg,/root/autodl-tmp/borescope-new-seg-data/v1/images/train/486.jpg,train,7,background,random_background,"[166, 185, 175, 197]","[166, 185, 175, 197]",215
results/fast_repro/exp06_roi/patches/train/background/961__random216.jpg,/root/autodl-tmp/borescope-new-seg-data/v1/images/train/961.jpg,train,7,background,random_background,"[373, 243, 436, 281]","[373, 243, 436, 281]",216
results/fast_repro/exp06_roi/patches/train/background/672__random217.jpg,/root/autodl-tmp/borescope-new-seg-data/v1/images/train/672.jpg,train,7,background,random_background,"[459, 239, 467, 254]","[459, 239, 467, 254]",217
results/fast_repro/exp06_roi/patches/train/background/810__random218.jpg,/root/autodl-tmp/borescope-new-seg-data/v1/images/train/810.jpg,train,7,background,random_background,"[240, 99, 262, 112]","[240, 99, 262, 112]",218
results/fast_repro/exp06_roi/patches/train/background/542__random219.jpg,/root/autodl-tmp/borescope-new-seg-data/v1/images/train/542.jpg,train,7,background,random_background,"[288, 391, 305, 428]","[288, 391, 305, 428]",219
results/fast_repro/exp06_roi/patches/train/background/765__random220.jpg,/root/autodl-tmp/borescope-new-seg-data/v1/images/train/765.jpg,train,7,background,random_background,"[204, 141, 308, 266]","[204, 141, 308, 266]",220
results/fast_repro/exp06_roi/patches/train/background/360__random221.jpg,/root/autodl-tmp/borescope-new-seg-data/v1/images/train/360.png,train,7,background,random_background,"[567, 105, 637, 134]","[567, 105, 637, 134]",221
results/fast_repro/exp06_roi/patches/train/background/784__random222.jpg,/root/autodl-tmp/borescope-new-seg-data/v1/images/train/784.jpg,train,7,background,random_background,"[113, 230, 180, 254]","[113, 230, 180, 254]",222
results/fast_repro/exp06_roi/patches/train/background/220__random223.jpg,/root/autodl-tmp/borescope-new-seg-data/v1/images/train/220.png,train,7,background,random_background,"[483, 356, 634, 412]","[483, 356, 634, 412]",223
results/fast_repro/exp06_roi/patches/train/background/209__random224.jpg,/root/autodl-tmp/borescope-new-seg-data/v1/images/train/209.png,train,7,background,random_background,"[81, 19, 89, 27]","[81, 19, 89, 27]",224
results/fast_repro/exp06_roi/patches/train/background/368__random225.jpg,/root/autodl-tmp/borescope-new-seg-data/v1/images/train/368.png,train,7,background,random_background,"[623, 270, 693, 527]","[623, 270, 693, 527]",225
results/fast_repro/exp06_roi/patches/train/background/762__random226.jpg,/root/autodl-tmp/borescope-new-seg-data/v1/images/train/762.jpg,train,7,background,random_background,"[294, 61, 315, 97]","[294, 61, 315, 97]",226
results/fast_repro/exp06_roi/patches/train/background/217__random227.jpg,/root/autodl-tmp/borescope-new-seg-data/v1/images/train/217.png,train,7,background,random_background,"[246, 292, 306, 324]","[246, 292, 306, 324]",227
results/fast_repro/exp06_roi/patches/train/background/628__random228.jpg,/root/autodl-tmp/borescope-new-seg-data/v1/images/train/628.jpg,train,7,background,random_background,"[369, 34, 477, 105]","[369, 34, 477, 105]",228
results/fast_repro/exp06_roi/patches/train/background/800__random229.jpg,/root/autodl-tmp/borescope-new-seg-data/v1/images/train/800.jpg,train,7,background,random_background,"[283, 5, 324, 80]","[283, 5, 324, 80]",229
results/fast_repro/exp06_roi/patches/train/background/584__random230.jpg,/root/autodl-tmp/borescope-new-seg-data/v1/images/train/584.jpg,train,7,background,random_background,"[191, 129, 412, 199]","[191, 129, 412, 199]",230
results/fast_repro/exp06_roi/patches/train/background/894__random231.jpg,/root/autodl-tmp/borescope-new-seg-data/v1/images/train/894.jpg,train,7,background,random_background,"[346, 179, 437, 292]","[346, 179, 437, 292]",231
results/fast_repro/exp06_roi/patches/train/background/696__random232.jpg,/root/autodl-tmp/borescope-new-seg-data/v1/images/train/696.jpg,train,7,background,random_background,"[102, 10, 183, 99]","[102, 10, 183, 99]",232
results/fast_repro/exp06_roi/patches/train/background/457__random233.jpg,/root/autodl-tmp/borescope-new-seg-data/v1/images/train/457.jpg,train,7,background,random_background,"[556, 484, 612, 550]","[556, 484, 612, 550]",233
results/fast_repro/exp06_roi/patches/train/background/365__random234.jpg,/root/autodl-tmp/borescope-new-seg-data/v1/images/train/365.png,train,7,background,random_background,"[365, 441, 412, 500]","[365, 441, 412, 500]",234
results/fast_repro/exp06_roi/patches/train/background/665__random235.jpg,/root/autodl-tmp/borescope-new-seg-data/v1/images/train/665.jpg,train,7,background,random_background,"[708, 509, 731, 539]","[708, 509, 731, 539]",235
results/fast_repro/exp06_roi/patches/train/background/542__random236.jpg,/root/autodl-tmp/borescope-new-seg-data/v1/images/train/542.jpg,train,7,background,random_background,"[434, 40, 546, 171]","[434, 40, 546, 171]",236
results/fast_repro/exp06_roi/patches/train/background/650__random237.jpg,/root/autodl-tmp/borescope-new-seg-data/v1/images/train/650.jpg,train,7,background,random_background,"[300, 328, 318, 345]","[300, 328, 318, 345]",237
results/fast_repro/exp06_roi/patches/train/background/153__random238.jpg,/root/autodl-tmp/borescope-new-seg-data/v1/images/train/153.png,train,7,background,random_background,"[228, 308, 538, 352]","[228, 308, 538, 352]",238
results/fast_repro/exp06_roi/patches/train/background/640__random239.jpg,/root/autodl-tmp/borescope-new-seg-data/v1/images/train/640.jpg,train,7,background,random_background,"[43, 361, 106, 392]","[43, 361, 106, 392]",239
results/fast_repro/exp06_roi/patches/train/background/945__random240.jpg,/root/autodl-tmp/borescope-new-seg-data/v1/images/train/945.jpg,train,7,background,random_background,"[29, 19, 104, 134]","[29, 19, 104, 134]",240
results/fast_repro/exp06_roi/patches/train/background/981__random241.jpg,/root/autodl-tmp/borescope-new-seg-data/v1/images/train/981.jpg,train,7,background,random_background,"[81, 7, 129, 82]","[81, 7, 129, 82]",241
results/fast_repro/exp06_roi/patches/train/background/216__random242.jpg,/root/autodl-tmp/borescope-new-seg-data/v1/images/train/216.png,train,7,background,random_background,"[129, 34, 167, 66]","[129, 34, 167, 66]",242
results/fast_repro/exp06_roi/patches/train/background/339__random243.jpg,/root/autodl-tmp/borescope-new-seg-data/v1/images/train/339.png,train,7,background,random_background,"[33, 157, 71, 182]","[33, 157, 71, 182]",243
results/fast_repro/exp06_roi/patches/train/background/805__random244.jpg,/root/autodl-tmp/borescope-new-seg-data/v1/images/train/805.jpg,train,7,background,random_background,"[127, 58, 148, 74]","[127, 58, 148, 74]",244
results/fast_repro/exp06_roi/patches/train/background/774__random245.jpg,/root/autodl-tmp/borescope-new-seg-data/v1/images/train/774.jpg,train,7,background,random_background,"[35, 0, 238, 288]","[35, 0, 238, 288]",245
results/fast_repro/exp06_roi/patches/train/background/835__random246.jpg,/root/autodl-tmp/borescope-new-seg-data/v1/images/train/835.jpg,train,7,background,random_background,"[158, 203, 214, 232]","[158, 203, 214, 232]",246
results/fast_repro/exp06_roi/patches/train/background/731__random247.jpg,/root/autodl-tmp/borescope-new-seg-data/v1/images/train/731.jpg,train,7,background,random_background,"[588, 75, 604, 102]","[588, 75, 604, 102]",247
results/fast_repro/exp06_roi/patches/train/background/190__random248.jpg,/root/autodl-tmp/borescope-new-seg-data/v1/images/train/190.png,train,7,background,random_background,"[529, 176, 554, 239]","[529, 176, 554, 239]",248
results/fast_repro/exp06_roi/patches/train/background/193__random249.jpg,/root/autodl-tmp/borescope-new-seg-data/v1/images/train/193.png,train,7,background,random_background,"[132, 221, 177, 272]","[132, 221, 177, 272]",249
results/fast_repro/exp06_roi/patches/train/background/765__random250.jpg,/root/autodl-tmp/borescope-new-seg-data/v1/images/train/765.jpg,train,7,background,random_background,"[311, 168, 325, 179]","[311, 168, 325, 179]",250
results/fast_repro/exp06_roi/patches/train/background/243__random251.jpg,/root/autodl-tmp/borescope-new-seg-data/v1/images/train/243.png,train,7,background,random_background,"[531, 290, 611, 310]","[531, 290, 611, 310]",251
results/fast_repro/exp06_roi/patches/train/background/111__random252.jpg,/root/autodl-tmp/borescope-new-seg-data/v1/images/train/111.png,train,7,background,random_background,"[281, 64, 337, 145]","[281, 64, 337, 145]",252
results/fast_repro/exp06_roi/patches/train/background/963__random253.jpg,/root/autodl-tmp/borescope-new-seg-data/v1/images/train/963.jpg,train,7,background,random_background,"[328, 86, 353, 104]","[328, 86, 353, 104]",253
results/fast_repro/exp06_roi/patches/train/background/911__random254.jpg,/root/autodl-tmp/borescope-new-seg-data/v1/images/train/911.jpg,train,7,background,random_background,"[737, 619, 757, 675]","[737, 619, 757, 675]",254
results/fast_repro/exp06_roi/patches/train/background/487__random255.jpg,/root/autodl-tmp/borescope-new-seg-data/v1/images/train/487.jpg,train,7,background,random_background,"[83, 46, 149, 130]","[83, 46, 149, 130]",255
results/fast_repro/exp06_roi/patches/train/background/991__random256.jpg,/root/autodl-tmp/borescope-new-seg-data/v1/images/train/991.jpg,train,7,background,random_background,"[292, 106, 308, 143]","[292, 106, 308, 143]",256
results/fast_repro/exp06_roi/patches/train/background/950__random257.jpg,/root/autodl-tmp/borescope-new-seg-data/v1/images/train/950.jpg,train,7,background,random_background,"[74, 38, 304, 256]","[74, 38, 304, 256]",257
results/fast_repro/exp06_roi/patches/train/background/105__random258.jpg,/root/autodl-tmp/borescope-new-seg-data/v1/images/train/105.png,train,7,background,random_background,"[475, 208, 493, 220]","[475, 208, 493, 220]",258
results/fast_repro/exp06_roi/patches/train/background/492__random259.jpg,/root/autodl-tmp/borescope-new-seg-data/v1/images/train/492.jpg,train,7,background,random_background,"[326, 353, 339, 383]","[326, 353, 339, 383]",259
results/fast_repro/exp06_roi/patches/train/background/604__random260.jpg,/root/autodl-tmp/borescope-new-seg-data/v1/images/train/604.jpg,train,7,background,random_background,"[108, 326, 221, 381]","[108, 326, 221, 381]",260
results/fast_repro/exp06_roi/patches/train/background/347__random261.jpg,/root/autodl-tmp/borescope-new-seg-data/v1/images/train/347.png,train,7,background,random_background,"[144, 49, 340, 103]","[144, 49, 340, 103]",261
results/fast_repro/exp06_roi/patches/train/background/79__random262.jpg,/root/autodl-tmp/borescope-new-seg-data/v1/images/train/79.png,train,7,background,random_background,"[428, 127, 490, 195]","[428, 127, 490, 195]",262
results/fast_repro/exp06_roi/patches/train/background/239__random263.jpg,/root/autodl-tmp/borescope-new-seg-data/v1/images/train/239.png,train,7,background,random_background,"[48, 81, 539, 284]","[48, 81, 539, 284]",263
results/fast_repro/exp06_roi/patches/train/background/761__random264.jpg,/root/autodl-tmp/borescope-new-seg-data/v1/images/train/761.jpg,train,7,background,random_background,"[254, 11, 272, 38]","[254, 11, 272, 38]",264
results/fast_repro/exp06_roi/patches/train/background/133__random265.jpg,/root/autodl-tmp/borescope-new-seg-data/v1/images/train/133.png,train,7,background,random_background,"[220, 298, 284, 335]","[220, 298, 284, 335]",265
results/fast_repro/exp06_roi/patches/train/background/514__random266.jpg,/root/autodl-tmp/borescope-new-seg-data/v1/images/train/514.jpg,train,7,background,random_background,"[903, 669, 925, 686]","[903, 669, 925, 686]",266
results/fast_repro/exp06_roi/patches/train/background/715__random267.jpg,/root/autodl-tmp/borescope-new-seg-data/v1/images/train/715.jpg,train,7,background,random_background,"[110, 34, 261, 74]","[110, 34, 261, 74]",267
results/fast_repro/exp06_roi/patches/train/background/384__random268.jpg,/root/autodl-tmp/borescope-new-seg-data/v1/images/train/384.png,train,7,background,random_background,"[410, 26, 444, 118]","[410, 26, 444, 118]",268
results/fast_repro/exp06_roi/patches/train/background/875__random269.jpg,/root/autodl-tmp/borescope-new-seg-data/v1/images/train/875.jpg,train,7,background,random_background,"[37, 98, 74, 172]","[37, 98, 74, 172]",269
results/fast_repro/exp06_roi/patches/train/background/769__random270.jpg,/root/autodl-tmp/borescope-new-seg-data/v1/images/train/769.jpg,train,7,background,random_background,"[319, 174, 358, 263]","[319, 174, 358, 263]",270
results/fast_repro/exp06_roi/patches/train/background/941__random271.jpg,/root/autodl-tmp/borescope-new-seg-data/v1/images/train/941.jpg,train,7,background,random_background,"[191, 203, 250, 246]","[191, 203, 250, 246]",271
results/fast_repro/exp06_roi/patches/train/background/489__random272.jpg,/root/autodl-tmp/borescope-new-seg-data/v1/images/train/489.jpg,train,7,background,random_background,"[203, 521, 218, 551]","[203, 521, 218, 551]",272
results/fast_repro/exp06_roi/patches/train/background/610__random273.jpg,/root/autodl-tmp/borescope-new-seg-data/v1/images/train/610.jpg,train,7,background,random_background,"[730, 341, 761, 366]","[730, 341, 761, 366]",273
results/fast_repro/exp06_roi/patches/train/background/721__random274.jpg,/root/autodl-tmp/borescope-new-seg-data/v1/images/train/721.jpg,train,7,background,random_background,"[527, 71, 648, 236]","[527, 71, 648, 236]",274
results/fast_repro/exp06_roi/patches/train/background/471__random275.jpg,/root/autodl-tmp/borescope-new-seg-data/v1/images/train/471.jpg,train,7,background,random_background,"[631, 306, 646, 320]","[631, 306, 646, 320]",275
results/fast_repro/exp06_roi/patches/train/background/912__random276.jpg,/root/autodl-tmp/borescope-new-seg-data/v1/images/train/912.jpg,train,7,background,random_background,"[501, 576, 543, 671]","[501, 576, 543, 671]",276
results/fast_repro/exp06_roi/patches/train/background/435__random277.jpg,/root/autodl-tmp/borescope-new-seg-data/v1/images/train/435.jpg,train,7,background,random_background,"[689, 112, 730, 120]","[689, 112, 730, 120]",277
results/fast_repro/exp06_roi/patches/train/background/628__random278.jpg,/root/autodl-tmp/borescope-new-seg-data/v1/images/train/628.jpg,train,7,background,random_background,"[27, 305, 43, 330]","[27, 305, 43, 330]",278
results/fast_repro/exp06_roi/patches/train/background/721__random279.jpg,/root/autodl-tmp/borescope-new-seg-data/v1/images/train/721.jpg,train,7,background,random_background,"[592, 233, 679, 270]","[592, 233, 679, 270]",279
results/fast_repro/exp06_roi/patches/train/background/80__random280.jpg,/root/autodl-tmp/borescope-new-seg-data/v1/images/train/80.png,train,7,background,random_background,"[634, 389, 651, 411]","[634, 389, 651, 411]",280
results/fast_repro/exp06_roi/patches/train/background/222__random281.jpg,/root/autodl-tmp/borescope-new-seg-data/v1/images/train/222.png,train,7,background,random_background,"[112, 97, 128, 165]","[112, 97, 128, 165]",281
results/fast_repro/exp06_roi/patches/train/background/28__random282.jpg,/root/autodl-tmp/borescope-new-seg-data/v1/images/train/28.png,train,7,background,random_background,"[208, 210, 263, 300]","[208, 210, 263, 300]",282
results/fast_repro/exp06_roi/patches/train/background/764__random283.jpg,/root/autodl-tmp/borescope-new-seg-data/v1/images/train/764.jpg,train,7,background,random_background,"[753, 63, 764, 79]","[753, 63, 764, 79]",283
results/fast_repro/exp06_roi/patches/train/background/208__random284.jpg,/root/autodl-tmp/borescope-new-seg-data/v1/images/train/208.png,train,7,background,random_background,"[489, 269, 534, 301]","[489, 269, 534, 301]",284
results/fast_repro/exp06_roi/patches/train/background/559__random285.jpg,/root/autodl-tmp/borescope-new-seg-data/v1/images/train/559.jpg,train,7,background,random_background,"[545, 350, 589, 361]","[545, 350, 589, 361]",285
results/fast_repro/exp06_roi/patches/train/background/830__random286.jpg,/root/autodl-tmp/borescope-new-seg-data/v1/images/train/830.jpg,train,7,background,random_background,"[16, 19, 364, 286]","[16, 19, 364, 286]",286
results/fast_repro/exp06_roi/patches/train/background/737__random287.jpg,/root/autodl-tmp/borescope-new-seg-data/v1/images/train/737.jpg,train,7,background,random_background,"[305, 230, 342, 266]","[305, 230, 342, 266]",287
results/fast_repro/exp06_roi/patches/train/background/431__random288.jpg,/root/autodl-tmp/borescope-new-seg-data/v1/images/train/431.png,train,7,background,random_background,"[500, 324, 525, 341]","[500, 324, 525, 341]",288
results/fast_repro/exp06_roi/patches/train/background/499__random289.jpg,/root/autodl-tmp/borescope-new-seg-data/v1/images/train/499.jpg,train,7,background,random_background,"[731, 80, 844, 162]","[731, 80, 844, 162]",289
results/fast_repro/exp06_roi/patches/train/background/501__random290.jpg,/root/autodl-tmp/borescope-new-seg-data/v1/images/train/501.jpg,train,7,background,random_background,"[219, 103, 269, 205]","[219, 103, 269, 205]",290
results/fast_repro/exp06_roi/patches/train/background/816__random291.jpg,/root/autodl-tmp/borescope-new-seg-data/v1/images/train/816.jpg,train,7,background,random_background,"[70, 27, 190, 140]","[70, 27, 190, 140]",291
results/fast_repro/exp06_roi/patches/train/background/947__random292.jpg,/root/autodl-tmp/borescope-new-seg-data/v1/images/train/947.jpg,train,7,background,random_background,"[271, 115, 284, 124]","[271, 115, 284, 124]",292
results/fast_repro/exp06_roi/patches/train/background/726__random293.jpg,/root/autodl-tmp/borescope-new-seg-data/v1/images/train/726.jpg,train,7,background,random_background,"[294, 164, 428, 467]","[294, 164, 428, 467]",293
results/fast_repro/exp06_roi/patches/train/background/415__random294.jpg,/root/autodl-tmp/borescope-new-seg-data/v1/images/train/415.png,train,7,background,random_background,"[587, 237, 603, 247]","[587, 237, 603, 247]",294
results/fast_repro/exp06_roi/patches/train/background/812__random295.jpg,/root/autodl-tmp/borescope-new-seg-data/v1/images/train/812.jpg,train,7,background,random_background,"[214, 0, 378, 288]","[214, 0, 378, 288]",295
results/fast_repro/exp06_roi/patches/train/background/58__random296.jpg,/root/autodl-tmp/borescope-new-seg-data/v1/images/train/58.png,train,7,background,random_background,"[296, 448, 390, 485]","[296, 448, 390, 485]",296
results/fast_repro/exp06_roi/patches/train/background/59__random297.jpg,/root/autodl-tmp/borescope-new-seg-data/v1/images/train/59.png,train,7,background,random_background,"[343, 291, 357, 299]","[343, 291, 357, 299]",297
results/fast_repro/exp06_roi/patches/train/background/690__random298.jpg,/root/autodl-tmp/borescope-new-seg-data/v1/images/train/690.jpg,train,7,background,random_background,"[137, 516, 155, 531]","[137, 516, 155, 531]",298
results/fast_repro/exp06_roi/patches/train/background/712__random299.jpg,/root/autodl-tmp/borescope-new-seg-data/v1/images/train/712.jpg,train,7,background,random_background,"[166, 469, 216, 510]","[166, 469, 216, 510]",299
results/fast_repro/exp06_roi/patches/train/background/1001__random300.jpg,/root/autodl-tmp/borescope-new-seg-data/v1/images/train/1001.jpg,train,7,background,random_background,"[86, 404, 862, 694]","[86, 404, 862, 694]",300
results/fast_repro/exp06_roi/patches/train/background/428__random301.jpg,/root/autodl-tmp/borescope-new-seg-data/v1/images/train/428.png,train,7,background,random_background,"[625, 438, 637, 450]","[625, 438, 637, 450]",301
results/fast_repro/exp06_roi/patches/train/background/985__random302.jpg,/root/autodl-tmp/borescope-new-seg-data/v1/images/train/985.jpg,train,7,background,random_background,"[44, 102, 132, 149]","[44, 102, 132, 149]",302
results/fast_repro/exp06_roi/patches/train/background/141__random303.jpg,/root/autodl-tmp/borescope-new-seg-data/v1/images/train/141.png,train,7,background,random_background,"[254, 3, 293, 78]","[254, 3, 293, 78]",303
results/fast_repro/exp06_roi/patches/train/background/378__random304.jpg,/root/autodl-tmp/borescope-new-seg-data/v1/images/train/378.png,train,7,background,random_background,"[337, 154, 386, 192]","[337, 154, 386, 192]",304
results/fast_repro/exp06_roi/patches/train/background/895__random305.jpg,/root/autodl-tmp/borescope-new-seg-data/v1/images/train/895.jpg,train,7,background,random_background,"[354, 120, 365, 131]","[354, 120, 365, 131]",305
results/fast_repro/exp06_roi/patches/train/background/94__random306.jpg,/root/autodl-tmp/borescope-new-seg-data/v1/images/train/94.png,train,7,background,random_background,"[514, 458, 585, 531]","[514, 458, 585, 531]",306
results/fast_repro/exp06_roi/patches/train/background/450__random307.jpg,/root/autodl-tmp/borescope-new-seg-data/v1/images/train/450.jpg,train,7,background,random_background,"[376, 314, 410, 421]","[376, 314, 410, 421]",307
results/fast_repro/exp06_roi/patches/train/background/319__random308.jpg,/root/autodl-tmp/borescope-new-seg-data/v1/images/train/319.png,train,7,background,random_background,"[465, 382, 533, 433]","[465, 382, 533, 433]",308
results/fast_repro/exp06_roi/patches/train/background/931__random309.jpg,/root/autodl-tmp/borescope-new-seg-data/v1/images/train/931.jpg,train,7,background,random_background,"[482, 550, 569, 592]","[482, 550, 569, 592]",309
results/fast_repro/exp06_roi/patches/train/background/676__random310.jpg,/root/autodl-tmp/borescope-new-seg-data/v1/images/train/676.jpg,train,7,background,random_background,"[577, 57, 708, 192]","[577, 57, 708, 192]",310
results/fast_repro/exp06_roi/patches/train/background/94__random311.jpg,/root/autodl-tmp/borescope-new-seg-data/v1/images/train/94.png,train,7,background,random_background,"[549, 76, 596, 148]","[549, 76, 596, 148]",311
results/fast_repro/exp06_roi/patches/train/background/898__random312.jpg,/root/autodl-tmp/borescope-new-seg-data/v1/images/train/898.jpg,train,7,background,random_background,"[28, 232, 36, 240]","[28, 232, 36, 240]",312
results/fast_repro/exp06_roi/patches/train/background/198__random313.jpg,/root/autodl-tmp/borescope-new-seg-data/v1/images/train/198.png,train,7,background,random_background,"[572, 236, 703, 365]","[572, 236, 703, 365]",313
results/fast_repro/exp06_roi/patches/train/background/447__random314.jpg,/root/autodl-tmp/borescope-new-seg-data/v1/images/train/447.jpg,train,7,background,random_background,"[223, 296, 355, 483]","[223, 296, 355, 483]",314
results/fast_repro/exp06_roi/patches/train/background/105__random315.jpg,/root/autodl-tmp/borescope-new-seg-data/v1/images/train/105.png,train,7,background,random_background,"[277, 15, 604, 302]","[277, 15, 604, 302]",315
results/fast_repro/exp06_roi/patches/train/background/991__random316.jpg,/root/autodl-tmp/borescope-new-seg-data/v1/images/train/991.jpg,train,7,background,random_background,"[229, 96, 324, 205]","[229, 96, 324, 205]",316
results/fast_repro/exp06_roi/patches/train/background/558__random317.jpg,/root/autodl-tmp/borescope-new-seg-data/v1/images/train/558.jpg,train,7,background,random_background,"[276, 68, 514, 149]","[276, 68, 514, 149]",317
results/fast_repro/exp06_roi/patches/train/background/505__random318.jpg,/root/autodl-tmp/borescope-new-seg-data/v1/images/train/505.jpg,train,7,background,random_background,"[541, 130, 604, 216]","[541, 130, 604, 216]",318
results/fast_repro/exp06_roi/patches/train/background/322__random319.jpg,/root/autodl-tmp/borescope-new-seg-data/v1/images/train/322.png,train,7,background,random_background,"[237, 172, 589, 465]","[237, 172, 589, 465]",319
results/fast_repro/exp06_roi/patches/train/background/826__random320.jpg,/root/autodl-tmp/borescope-new-seg-data/v1/images/train/826.jpg,train,7,background,random_background,"[126, 117, 134, 161]","[126, 117, 134, 161]",320
results/fast_repro/exp06_roi/patches/train/background/501__random321.jpg,/root/autodl-tmp/borescope-new-seg-data/v1/images/train/501.jpg,train,7,background,random_background,"[742, 391, 821, 577]","[742, 391, 821, 577]",321
results/fast_repro/exp06_roi/patches/train/background/346__random322.jpg,/root/autodl-tmp/borescope-new-seg-data/v1/images/train/346.png,train,7,background,random_background,"[457, 306, 466, 343]","[457, 306, 466, 343]",322
results/fast_repro/exp06_roi/patches/train/background/75__random323.jpg,/root/autodl-tmp/borescope-new-seg-data/v1/images/train/75.png,train,7,background,random_background,"[119, 276, 379, 469]","[119, 276, 379, 469]",323
results/fast_repro/exp06_roi/patches/train/background/315__random324.jpg,/root/autodl-tmp/borescope-new-seg-data/v1/images/train/315.png,train,7,background,random_background,"[239, 326, 272, 354]","[239, 326, 272, 354]",324
results/fast_repro/exp06_roi/patches/train/background/890__random325.jpg,/root/autodl-tmp/borescope-new-seg-data/v1/images/train/890.jpg,train,7,background,random_background,"[121, 154, 137, 174]","[121, 154, 137, 174]",325
results/fast_repro/exp06_roi/patches/train/background/216__random326.jpg,/root/autodl-tmp/borescope-new-seg-data/v1/images/train/216.png,train,7,background,random_background,"[62, 285, 135, 428]","[62, 285, 135, 428]",326
results/fast_repro/exp06_roi/patches/train/background/909__random327.jpg,/root/autodl-tmp/borescope-new-seg-data/v1/images/train/909.jpg,train,7,background,random_background,"[0, 12, 384, 124]","[0, 12, 384, 124]",327
results/fast_repro/exp06_roi/patches/train/background/498__random328.jpg,/root/autodl-tmp/borescope-new-seg-data/v1/images/train/498.jpg,train,7,background,random_background,"[426, 418, 451, 438]","[426, 418, 451, 438]",328
results/fast_repro/exp06_roi/patches/train/background/223__random329.jpg,/root/autodl-tmp/borescope-new-seg-data/v1/images/train/223.png,train,7,background,random_background,"[484, 61, 634, 459]","[484, 61, 634, 459]",329
results/fast_repro/exp06_roi/patches/train/background/326__random330.jpg,/root/autodl-tmp/borescope-new-seg-data/v1/images/train/326.png,train,7,background,random_background,"[474, 29, 671, 113]","[474, 29, 671, 113]",330
results/fast_repro/exp06_roi/patches/train/background/861__random331.jpg,/root/autodl-tmp/borescope-new-seg-data/v1/images/train/861.jpg,train,7,background,random_background,"[68, 99, 163, 185]","[68, 99, 163, 185]",331
results/fast_repro/exp06_roi/patches/train/background/348__random332.jpg,/root/autodl-tmp/borescope-new-seg-data/v1/images/train/348.png,train,7,background,random_background,"[460, 433, 497, 488]","[460, 433, 497, 488]",332
results/fast_repro/exp06_roi/patches/train/background/547__random333.jpg,/root/autodl-tmp/borescope-new-seg-data/v1/images/train/547.jpg,train,7,background,random_background,"[26, 274, 450, 350]","[26, 274, 450, 350]",333
results/fast_repro/exp06_roi/patches/train/background/560__random334.jpg,/root/autodl-tmp/borescope-new-seg-data/v1/images/train/560.jpg,train,7,background,random_background,"[192, 300, 208, 314]","[192, 300, 208, 314]",334
results/fast_repro/exp06_roi/patches/train/background/856__random335.jpg,/root/autodl-tmp/borescope-new-seg-data/v1/images/train/856.jpg,train,7,background,random_background,"[170, 38, 218, 226]","[170, 38, 218, 226]",335
results/fast_repro/exp06_roi/patches/train/background/23__random336.jpg,/root/autodl-tmp/borescope-new-seg-data/v1/images/train/23.png,train,7,background,random_background,"[120, 382, 209, 448]","[120, 382, 209, 448]",336
results/fast_repro/exp06_roi/patches/train/background/731__random337.jpg,/root/autodl-tmp/borescope-new-seg-data/v1/images/train/731.jpg,train,7,background,random_background,"[406, 245, 427, 307]","[406, 245, 427, 307]",337
results/fast_repro/exp06_roi/patches/train/background/462__random338.jpg,/root/autodl-tmp/borescope-new-seg-data/v1/images/train/462.jpg,train,7,background,random_background,"[576, 442, 612, 542]","[576, 442, 612, 542]",338
results/fast_repro/exp06_roi/patches/train/background/319__random339.jpg,/root/autodl-tmp/borescope-new-seg-data/v1/images/train/319.png,train,7,background,random_background,"[593, 184, 716, 477]","[593, 184, 716, 477]",339
results/fast_repro/exp06_roi/patches/train/background/630__random340.jpg,/root/autodl-tmp/borescope-new-seg-data/v1/images/train/630.jpg,train,7,background,random_background,"[388, 291, 414, 301]","[388, 291, 414, 301]",340
results/fast_repro/exp06_roi/patches/train/background/354__random341.jpg,/root/autodl-tmp/borescope-new-seg-data/v1/images/train/354.png,train,7,background,random_background,"[345, 263, 353, 273]","[345, 263, 353, 273]",341
results/fast_repro/exp06_roi/patches/train/background/745__random342.jpg,/root/autodl-tmp/borescope-new-seg-data/v1/images/train/745.jpg,train,7,background,random_background,"[360, 173, 368, 181]","[360, 173, 368, 181]",342
results/fast_repro/exp06_roi/patches/train/background/210__random343.jpg,/root/autodl-tmp/borescope-new-seg-data/v1/images/train/210.png,train,7,background,random_background,"[555, 60, 593, 83]","[555, 60, 593, 83]",343
results/fast_repro/exp06_roi/patches/train/background/798__random344.jpg,/root/autodl-tmp/borescope-new-seg-data/v1/images/train/798.jpg,train,7,background,random_background,"[209, 12, 353, 132]","[209, 12, 353, 132]",344
results/fast_repro/exp06_roi/patches/train/background/9__random345.jpg,/root/autodl-tmp/borescope-new-seg-data/v1/images/train/9.png,train,7,background,random_background,"[69, 362, 133, 426]","[69, 362, 133, 426]",345
results/fast_repro/exp06_roi/patches/train/background/225__random346.jpg,/root/autodl-tmp/borescope-new-seg-data/v1/images/train/225.png,train,7,background,random_background,"[61, 494, 75, 502]","[61, 494, 75, 502]",346
results/fast_repro/exp06_roi/patches/train/background/744__random347.jpg,/root/autodl-tmp/borescope-new-seg-data/v1/images/train/744.jpg,train,7,background,random_background,"[12, 8, 321, 138]","[12, 8, 321, 138]",347
results/fast_repro/exp06_roi/patches/train/background/270__random348.jpg,/root/autodl-tmp/borescope-new-seg-data/v1/images/train/270.png,train,7,background,random_background,"[246, 98, 428, 192]","[246, 98, 428, 192]",348
results/fast_repro/exp06_roi/patches/train/background/953__random349.jpg,/root/autodl-tmp/borescope-new-seg-data/v1/images/train/953.jpg,train,7,background,random_background,"[203, 20, 326, 137]","[203, 20, 326, 137]",349
results/fast_repro/exp06_roi/patches/train/background/556__random350.jpg,/root/autodl-tmp/borescope-new-seg-data/v1/images/train/556.jpg,train,7,background,random_background,"[231, 153, 281, 213]","[231, 153, 281, 213]",350
results/fast_repro/exp06_roi/patches/train/background/114__random351.jpg,/root/autodl-tmp/borescope-new-seg-data/v1/images/train/114.png,train,7,background,random_background,"[565, 243, 707, 386]","[565, 243, 707, 386]",351
results/fast_repro/exp06_roi/patches/train/background/85__random352.jpg,/root/autodl-tmp/borescope-new-seg-data/v1/images/train/85.png,train,7,background,random_background,"[444, 339, 459, 347]","[444, 339, 459, 347]",352
results/fast_repro/exp06_roi/patches/train/background/871__random353.jpg,/root/autodl-tmp/borescope-new-seg-data/v1/images/train/871.jpg,train,7,background,random_background,"[29, 27, 311, 250]","[29, 27, 311, 250]",353
results/fast_repro/exp06_roi/patches/train/background/872__random354.jpg,/root/autodl-tmp/borescope-new-seg-data/v1/images/train/872.jpg,train,7,background,random_background,"[0, 0, 384, 288]","[0, 0, 384, 288]",354
results/fast_repro/exp06_roi/patches/train/background/270__random355.jpg,/root/autodl-tmp/borescope-new-seg-data/v1/images/train/270.png,train,7,background,random_background,"[147, 203, 305, 436]","[147, 203, 305, 436]",355
results/fast_repro/exp06_roi/patches/train/background/109__random356.jpg,/root/autodl-tmp/borescope-new-seg-data/v1/images/train/109.png,train,7,background,random_background,"[398, 346, 411, 399]","[398, 346, 411, 399]",356
results/fast_repro/exp06_roi/patches/train/background/818__random357.jpg,/root/autodl-tmp/borescope-new-seg-data/v1/images/train/818.jpg,train,7,background,random_background,"[20, 64, 276, 256]","[20, 64, 276, 256]",357
results/fast_repro/exp06_roi/patches/train/background/501__random358.jpg,/root/autodl-tmp/borescope-new-seg-data/v1/images/train/501.jpg,train,7,background,random_background,"[77, 348, 96, 363]","[77, 348, 96, 363]",358
results/fast_repro/exp06_roi/patches/train/background/930__random359.jpg,/root/autodl-tmp/borescope-new-seg-data/v1/images/train/930.jpg,train,7,background,random_background,"[167, 15, 187, 35]","[167, 15, 187, 35]",359
results/fast_repro/exp06_roi/patches/train/background/976__random360.jpg,/root/autodl-tmp/borescope-new-seg-data/v1/images/train/976.jpg,train,7,background,random_background,"[116, 182, 129, 203]","[116, 182, 129, 203]",360
results/fast_repro/exp06_roi/patches/train/background/844__random361.jpg,/root/autodl-tmp/borescope-new-seg-data/v1/images/train/844.jpg,train,7,background,random_background,"[676, 389, 789, 511]","[676, 389, 789, 511]",361
results/fast_repro/exp06_roi/patches/train/background/123__random362.jpg,/root/autodl-tmp/borescope-new-seg-data/v1/images/train/123.png,train,7,background,random_background,"[84, 274, 118, 285]","[84, 274, 118, 285]",362
results/fast_repro/exp06_roi/patches/train/background/531__random363.jpg,/root/autodl-tmp/borescope-new-seg-data/v1/images/train/531.jpg,train,7,background,random_background,"[455, 184, 644, 417]","[455, 184, 644, 417]",363
results/fast_repro/exp06_roi/patches/train/background/850__random364.jpg,/root/autodl-tmp/borescope-new-seg-data/v1/images/train/850.jpg,train,7,background,random_background,"[181, 141, 310, 238]","[181, 141, 310, 238]",364
results/fast_repro/exp06_roi/patches/train/background/137__random365.jpg,/root/autodl-tmp/borescope-new-seg-data/v1/images/train/137.png,train,7,background,random_background,"[394, 6, 415, 38]","[394, 6, 415, 38]",365
results/fast_repro/exp06_roi/patches/train/background/423__random366.jpg,/root/autodl-tmp/borescope-new-seg-data/v1/images/train/423.png,train,7,background,random_background,"[572, 463, 639, 518]","[572, 463, 639, 518]",366
results/fast_repro/exp06_roi/patches/train/background/348__random367.jpg,/root/autodl-tmp/borescope-new-seg-data/v1/images/train/348.png,train,7,background,random_background,"[173, 142, 194, 161]","[173, 142, 194, 161]",367
results/fast_repro/exp06_roi/patches/train/background/398__random368.jpg,/root/autodl-tmp/borescope-new-seg-data/v1/images/train/398.png,train,7,background,random_background,"[369, 128, 434, 181]","[369, 128, 434, 181]",368
results/fast_repro/exp06_roi/patches/train/background/443__random369.jpg,/root/autodl-tmp/borescope-new-seg-data/v1/images/train/443.jpg,train,7,background,random_background,"[317, 194, 371, 224]","[317, 194, 371, 224]",369
results/fast_repro/exp06_roi/patches/train/background/476__random370.jpg,/root/autodl-tmp/borescope-new-seg-data/v1/images/train/476.jpg,train,7,background,random_background,"[666, 304, 773, 437]","[666, 304, 773, 437]",370
results/fast_repro/exp06_roi/patches/train/background/206__random371.jpg,/root/autodl-tmp/borescope-new-seg-data/v1/images/train/206.png,train,7,background,random_background,"[205, 245, 365, 360]","[205, 245, 365, 360]",371
results/fast_repro/exp06_roi/patches/train/background/455__random372.jpg,/root/autodl-tmp/borescope-new-seg-data/v1/images/train/455.jpg,train,7,background,random_background,"[298, 376, 399, 587]","[298, 376, 399, 587]",372
results/fast_repro/exp06_roi/patches/train/background/974__random373.jpg,/root/autodl-tmp/borescope-new-seg-data/v1/images/train/974.jpg,train,7,background,random_background,"[333, 385, 342, 393]","[333, 385, 342, 393]",373
results/fast_repro/exp06_roi/patches/train/background/405__random374.jpg,/root/autodl-tmp/borescope-new-seg-data/v1/images/train/405.png,train,7,background,random_background,"[204, 303, 265, 367]","[204, 303, 265, 367]",374
results/fast_repro/exp06_roi/patches/train/background/828__random375.jpg,/root/autodl-tmp/borescope-new-seg-data/v1/images/train/828.jpg,train,7,background,random_background,"[236, 107, 266, 123]","[236, 107, 266, 123]",375
results/fast_repro/exp06_roi/patches/train/background/661__random376.jpg,/root/autodl-tmp/borescope-new-seg-data/v1/images/train/661.jpg,train,7,background,random_background,"[209, 255, 279, 280]","[209, 255, 279, 280]",376
results/fast_repro/exp06_roi/patches/train/background/106__random377.jpg,/root/autodl-tmp/borescope-new-seg-data/v1/images/train/106.png,train,7,background,random_background,"[410, 273, 523, 410]","[410, 273, 523, 410]",377
results/fast_repro/exp06_roi/patches/train/background/771__random378.jpg,/root/autodl-tmp/borescope-new-seg-data/v1/images/train/771.jpg,train,7,background,random_background,"[184, 137, 292, 282]","[184, 137, 292, 282]",378
results/fast_repro/exp06_roi/patches/train/background/913__random379.jpg,/root/autodl-tmp/borescope-new-seg-data/v1/images/train/913.jpg,train,7,background,random_background,"[340, 90, 372, 132]","[340, 90, 372, 132]",379
results/fast_repro/exp06_roi/patches/train/background/254__random380.jpg,/root/autodl-tmp/borescope-new-seg-data/v1/images/train/254.png,train,7,background,random_background,"[693, 409, 713, 430]","[693, 409, 713, 430]",380
results/fast_repro/exp06_roi/patches/train/background/480__random381.jpg,/root/autodl-tmp/borescope-new-seg-data/v1/images/train/480.jpg,train,7,background,random_background,"[227, 522, 239, 631]","[227, 522, 239, 631]",381
results/fast_repro/exp06_roi/patches/train/background/791__random382.jpg,/root/autodl-tmp/borescope-new-seg-data/v1/images/train/791.jpg,train,7,background,random_background,"[228, 191, 241, 219]","[228, 191, 241, 219]",382
results/fast_repro/exp06_roi/patches/train/background/585__random383.jpg,/root/autodl-tmp/borescope-new-seg-data/v1/images/train/585.jpg,train,7,background,random_background,"[512, 77, 605, 125]","[512, 77, 605, 125]",383
results/fast_repro/exp06_roi/patches/train/background/499__random384.jpg,/root/autodl-tmp/borescope-new-seg-data/v1/images/train/499.jpg,train,7,background,random_background,"[87, 118, 95, 138]","[87, 118, 95, 138]",384
results/fast_repro/exp06_roi/patches/train/background/1001__random385.jpg,/root/autodl-tmp/borescope-new-seg-data/v1/images/train/1001.jpg,train,7,background,random_background,"[758, 249, 782, 301]","[758, 249, 782, 301]",385
results/fast_repro/exp06_roi/patches/train/background/788__random386.jpg,/root/autodl-tmp/borescope-new-seg-data/v1/images/train/788.jpg,train,7,background,random_background,"[0, 14, 384, 278]","[0, 14, 384, 278]",386
results/fast_repro/exp06_roi/patches/train/background/335__random387.jpg,/root/autodl-tmp/borescope-new-seg-data/v1/images/train/335.png,train,7,background,random_background,"[442, 202, 525, 378]","[442, 202, 525, 378]",387
results/fast_repro/exp06_roi/patches/train/background/49__random388.jpg,/root/autodl-tmp/borescope-new-seg-data/v1/images/train/49.png,train,7,background,random_background,"[439, 398, 458, 418]","[439, 398, 458, 418]",388
results/fast_repro/exp06_roi/patches/train/background/7__random389.jpg,/root/autodl-tmp/borescope-new-seg-data/v1/images/train/7.png,train,7,background,random_background,"[64, 295, 140, 535]","[64, 295, 140, 535]",389
results/fast_repro/exp06_roi/patches/train/background/151__random390.jpg,/root/autodl-tmp/borescope-new-seg-data/v1/images/train/151.png,train,7,background,random_background,"[468, 58, 486, 70]","[468, 58, 486, 70]",390
results/fast_repro/exp06_roi/patches/train/background/379__random391.jpg,/root/autodl-tmp/borescope-new-seg-data/v1/images/train/379.png,train,7,background,random_background,"[611, 198, 634, 208]","[611, 198, 634, 208]",391
results/fast_repro/exp06_roi/patches/train/background/941__random392.jpg,/root/autodl-tmp/borescope-new-seg-data/v1/images/train/941.jpg,train,7,background,random_background,"[234, 158, 306, 208]","[234, 158, 306, 208]",392
results/fast_repro/exp06_roi/patches/train/background/177__random393.jpg,/root/autodl-tmp/borescope-new-seg-data/v1/images/train/177.png,train,7,background,random_background,"[144, 523, 167, 536]","[144, 523, 167, 536]",393
results/fast_repro/exp06_roi/patches/train/background/582__random394.jpg,/root/autodl-tmp/borescope-new-seg-data/v1/images/train/582.jpg,train,7,background,random_background,"[433, 190, 543, 324]","[433, 190, 543, 324]",394
results/fast_repro/exp06_roi/patches/train/background/742__random395.jpg,/root/autodl-tmp/borescope-new-seg-data/v1/images/train/742.jpg,train,7,background,random_background,"[177, 170, 222, 227]","[177, 170, 222, 227]",395
results/fast_repro/exp06_roi/patches/train/background/746__random396.jpg,/root/autodl-tmp/borescope-new-seg-data/v1/images/train/746.jpg,train,7,background,random_background,"[461, 634, 481, 648]","[461, 634, 481, 648]",396
results/fast_repro/exp06_roi/patches/train/background/82__random397.jpg,/root/autodl-tmp/borescope-new-seg-data/v1/images/train/82.png,train,7,background,random_background,"[99, 196, 324, 365]","[99, 196, 324, 365]",397
results/fast_repro/exp06_roi/patches/train/background/861__random398.jpg,/root/autodl-tmp/borescope-new-seg-data/v1/images/train/861.jpg,train,7,background,random_background,"[62, 6, 327, 282]","[62, 6, 327, 282]",398
results/fast_repro/exp06_roi/patches/train/background/672__random399.jpg,/root/autodl-tmp/borescope-new-seg-data/v1/images/train/672.jpg,train,7,background,random_background,"[814, 225, 822, 233]","[814, 225, 822, 233]",399
results/fast_repro/exp06_roi/patches/train/background/424__random400.jpg,/root/autodl-tmp/borescope-new-seg-data/v1/images/train/424.png,train,7,background,random_background,"[172, 399, 206, 430]","[172, 399, 206, 430]",400
results/fast_repro/exp06_roi/patches/train/background/696__random401.jpg,/root/autodl-tmp/borescope-new-seg-data/v1/images/train/696.jpg,train,7,background,random_background,"[281, 130, 379, 219]","[281, 130, 379, 219]",401
results/fast_repro/exp06_roi/patches/train/background/170__random402.jpg,/root/autodl-tmp/borescope-new-seg-data/v1/images/train/170.png,train,7,background,random_background,"[375, 42, 387, 62]","[375, 42, 387, 62]",402
results/fast_repro/exp06_roi/patches/train/background/666__random403.jpg,/root/autodl-tmp/borescope-new-seg-data/v1/images/train/666.jpg,train,7,background,random_background,"[753, 253, 787, 305]","[753, 253, 787, 305]",403
results/fast_repro/exp06_roi/patches/train/background/431__random404.jpg,/root/autodl-tmp/borescope-new-seg-data/v1/images/train/431.png,train,7,background,random_background,"[89, 449, 126, 478]","[89, 449, 126, 478]",404
results/fast_repro/exp06_roi/patches/train/background/177__random405.jpg,/root/autodl-tmp/borescope-new-seg-data/v1/images/train/177.png,train,7,background,random_background,"[359, 440, 392, 473]","[359, 440, 392, 473]",405
results/fast_repro/exp06_roi/patches/train/background/938__random406.jpg,/root/autodl-tmp/borescope-new-seg-data/v1/images/train/938.jpg,train,7,background,random_background,"[211, 211, 220, 232]","[211, 211, 220, 232]",406
results/fast_repro/exp06_roi/patches/train/background/89__random407.jpg,/root/autodl-tmp/borescope-new-seg-data/v1/images/train/89.png,train,7,background,random_background,"[551, 172, 571, 183]","[551, 172, 571, 183]",407
results/fast_repro/exp06_roi/patches/train/background/467__random408.jpg,/root/autodl-tmp/borescope-new-seg-data/v1/images/train/467.jpg,train,7,background,random_background,"[526, 460, 580, 558]","[526, 460, 580, 558]",408
results/fast_repro/exp06_roi/patches/train/background/141__random409.jpg,/root/autodl-tmp/borescope-new-seg-data/v1/images/train/141.png,train,7,background,random_background,"[60, 141, 205, 263]","[60, 141, 205, 263]",409
results/fast_repro/exp06_roi/patches/train/background/191__random410.jpg,/root/autodl-tmp/borescope-new-seg-data/v1/images/train/191.png,train,7,background,random_background,"[253, 389, 320, 525]","[253, 389, 320, 525]",410
results/fast_repro/exp06_roi/patches/train/background/588__random411.jpg,/root/autodl-tmp/borescope-new-seg-data/v1/images/train/588.jpg,train,7,background,random_background,"[424, 192, 443, 202]","[424, 192, 443, 202]",411
results/fast_repro/exp06_roi/patches/train/background/685__random412.jpg,/root/autodl-tmp/borescope-new-seg-data/v1/images/train/685.jpg,train,7,background,random_background,"[95, 412, 187, 492]","[95, 412, 187, 492]",412
results/fast_repro/exp06_roi/patches/train/background/787__random413.jpg,/root/autodl-tmp/borescope-new-seg-data/v1/images/train/787.jpg,train,7,background,random_background,"[232, 124, 311, 194]","[232, 124, 311, 194]",413
results/fast_repro/exp06_roi/patches/train/background/471__random414.jpg,/root/autodl-tmp/borescope-new-seg-data/v1/images/train/471.jpg,train,7,background,random_background,"[750, 95, 762, 126]","[750, 95, 762, 126]",414
results/fast_repro/exp06_roi/patches/train/background/697__random415.jpg,/root/autodl-tmp/borescope-new-seg-data/v1/images/train/697.jpg,train,7,background,random_background,"[101, 27, 317, 204]","[101, 27, 317, 204]",415
results/fast_repro/exp06_roi/patches/train/background/645__random416.jpg,/root/autodl-tmp/borescope-new-seg-data/v1/images/train/645.jpg,train,7,background,random_background,"[290, 345, 365, 397]","[290, 345, 365, 397]",416
results/fast_repro/exp06_roi/patches/train/background/831__random417.jpg,/root/autodl-tmp/borescope-new-seg-data/v1/images/train/831.jpg,train,7,background,random_background,"[175, 24, 183, 45]","[175, 24, 183, 45]",417
results/fast_repro/exp06_roi/patches/train/background/72__random418.jpg,/root/autodl-tmp/borescope-new-seg-data/v1/images/train/72.png,train,7,background,random_background,"[16, 63, 31, 76]","[16, 63, 31, 76]",418
results/fast_repro/exp06_roi/patches/train/background/531__random419.jpg,/root/autodl-tmp/borescope-new-seg-data/v1/images/train/531.jpg,train,7,background,random_background,"[664, 84, 790, 280]","[664, 84, 790, 280]",419
results/fast_repro/exp06_roi/patches/train/background/81__random420.jpg,/root/autodl-tmp/borescope-new-seg-data/v1/images/train/81.png,train,7,background,random_background,"[239, 219, 258, 256]","[239, 219, 258, 256]",420
results/fast_repro/exp06_roi/patches/train/background/135__random421.jpg,/root/autodl-tmp/borescope-new-seg-data/v1/images/train/135.png,train,7,background,random_background,"[135, 303, 338, 466]","[135, 303, 338, 466]",421
results/fast_repro/exp06_roi/patches/train/background/327__random422.jpg,/root/autodl-tmp/borescope-new-seg-data/v1/images/train/327.png,train,7,background,random_background,"[356, 175, 488, 302]","[356, 175, 488, 302]",422
results/fast_repro/exp06_roi/patches/train/background/182__random423.jpg,/root/autodl-tmp/borescope-new-seg-data/v1/images/train/182.png,train,7,background,random_background,"[234, 196, 336, 273]","[234, 196, 336, 273]",423
results/fast_repro/exp06_roi/patches/train/background/132__random424.jpg,/root/autodl-tmp/borescope-new-seg-data/v1/images/train/132.png,train,7,background,random_background,"[153, 35, 412, 380]","[153, 35, 412, 380]",424
results/fast_repro/exp06_roi/patches/train/background/570__random425.jpg,/root/autodl-tmp/borescope-new-seg-data/v1/images/train/570.jpg,train,7,background,random_background,"[2, 0, 614, 352]","[2, 0, 614, 352]",425
results/fast_repro/exp06_roi/patches/train/background/938__random426.jpg,/root/autodl-tmp/borescope-new-seg-data/v1/images/train/938.jpg,train,7,background,random_background,"[643, 155, 662, 174]","[643, 155, 662, 174]",426
results/fast_repro/exp06_roi/patches/train/background/622__random427.jpg,/root/autodl-tmp/borescope-new-seg-data/v1/images/train/622.jpg,train,7,background,random_background,"[88, 51, 112, 67]","[88, 51, 112, 67]",427
results/fast_repro/exp06_roi/patches/train/background/210__random428.jpg,/root/autodl-tmp/borescope-new-seg-data/v1/images/train/210.png,train,7,background,random_background,"[566, 291, 595, 311]","[566, 291, 595, 311]",428
results/fast_repro/exp06_roi/patches/train/background/44__random429.jpg,/root/autodl-tmp/borescope-new-seg-data/v1/images/train/44.png,train,7,background,random_background,"[193, 382, 357, 514]","[193, 382, 357, 514]",429
results/fast_repro/exp06_roi/patches/train/background/586__random430.jpg,/root/autodl-tmp/borescope-new-seg-data/v1/images/train/586.jpg,train,7,background,random_background,"[245, 253, 289, 279]","[245, 253, 289, 279]",430
results/fast_repro/exp06_roi/patches/train/background/579__random431.jpg,/root/autodl-tmp/borescope-new-seg-data/v1/images/train/579.jpg,train,7,background,random_background,"[36, 0, 288, 352]","[36, 0, 288, 352]",431
results/fast_repro/exp06_roi/patches/train/background/531__random432.jpg,/root/autodl-tmp/borescope-new-seg-data/v1/images/train/531.jpg,train,7,background,random_background,"[582, 430, 597, 464]","[582, 430, 597, 464]",432
results/fast_repro/exp06_roi/patches/train/background/537__random433.jpg,/root/autodl-tmp/borescope-new-seg-data/v1/images/train/537.jpg,train,7,background,random_background,"[788, 74, 829, 133]","[788, 74, 829, 133]",433
results/fast_repro/exp06_roi/patches/train/background/602__random434.jpg,/root/autodl-tmp/borescope-new-seg-data/v1/images/train/602.jpg,train,7,background,random_background,"[425, 216, 441, 239]","[425, 216, 441, 239]",434
results/fast_repro/exp06_roi/patches/train/background/610__random435.jpg,/root/autodl-tmp/borescope-new-seg-data/v1/images/train/610.jpg,train,7,background,random_background,"[156, 284, 205, 362]","[156, 284, 205, 362]",435
results/fast_repro/exp06_roi/patches/train/background/119__random436.jpg,/root/autodl-tmp/borescope-new-seg-data/v1/images/train/119.png,train,7,background,random_background,"[159, 274, 211, 330]","[159, 274, 211, 330]",436
results/fast_repro/exp06_roi/patches/train/background/470__random437.jpg,/root/autodl-tmp/borescope-new-seg-data/v1/images/train/470.jpg,train,7,background,random_background,"[665, 658, 835, 719]","[665, 658, 835, 719]",437
results/fast_repro/exp06_roi/patches/train/background/352__random438.jpg,/root/autodl-tmp/borescope-new-seg-data/v1/images/train/352.png,train,7,background,random_background,"[626, 56, 656, 77]","[626, 56, 656, 77]",438
results/fast_repro/exp06_roi/patches/train/background/448__random439.jpg,/root/autodl-tmp/borescope-new-seg-data/v1/images/train/448.jpg,train,7,background,random_background,"[718, 11, 738, 31]","[718, 11, 738, 31]",439
results/fast_repro/exp06_roi/patches/train/background/250__random440.jpg,/root/autodl-tmp/borescope-new-seg-data/v1/images/train/250.png,train,7,background,random_background,"[265, 170, 331, 184]","[265, 170, 331, 184]",440
results/fast_repro/exp06_roi/patches/train/background/551__random441.jpg,/root/autodl-tmp/borescope-new-seg-data/v1/images/train/551.jpg,train,7,background,random_background,"[187, 7, 617, 318]","[187, 7, 617, 318]",441
results/fast_repro/exp06_roi/patches/train/background/50__random442.jpg,/root/autodl-tmp/borescope-new-seg-data/v1/images/train/50.png,train,7,background,random_background,"[65, 134, 113, 164]","[65, 134, 113, 164]",442
results/fast_repro/exp06_roi/patches/train/background/889__random443.jpg,/root/autodl-tmp/borescope-new-seg-data/v1/images/train/889.jpg,train,7,background,random_background,"[28, 127, 60, 194]","[28, 127, 60, 194]",443
results/fast_repro/exp06_roi/patches/train/background/872__random444.jpg,/root/autodl-tmp/borescope-new-seg-data/v1/images/train/872.jpg,train,7,background,random_background,"[52, 59, 107, 88]","[52, 59, 107, 88]",444
results/fast_repro/exp06_roi/patches/train/background/331__random445.jpg,/root/autodl-tmp/borescope-new-seg-data/v1/images/train/331.png,train,7,background,random_background,"[12, 125, 109, 309]","[12, 125, 109, 309]",445
results/fast_repro/exp06_roi/patches/train/background/844__random446.jpg,/root/autodl-tmp/borescope-new-seg-data/v1/images/train/844.jpg,train,7,background,random_background,"[737, 327, 800, 371]","[737, 327, 800, 371]",446
results/fast_repro/exp06_roi/patches/train/background/393__random447.jpg,/root/autodl-tmp/borescope-new-seg-data/v1/images/train/393.png,train,7,background,random_background,"[53, 91, 90, 110]","[53, 91, 90, 110]",447
results/fast_repro/exp06_roi/patches/train/background/322__random448.jpg,/root/autodl-tmp/borescope-new-seg-data/v1/images/train/322.png,train,7,background,random_background,"[35, 119, 342, 439]","[35, 119, 342, 439]",448
results/fast_repro/exp06_roi/patches/train/background/410__random449.jpg,/root/autodl-tmp/borescope-new-seg-data/v1/images/train/410.png,train,7,background,random_background,"[8, 188, 50, 235]","[8, 188, 50, 235]",449
results/fast_repro/exp06_roi/patches/train/background/294__random450.jpg,/root/autodl-tmp/borescope-new-seg-data/v1/images/train/294.png,train,7,background,random_background,"[637, 248, 666, 269]","[637, 248, 666, 269]",450
results/fast_repro/exp06_roi/patches/train/background/980__random451.jpg,/root/autodl-tmp/borescope-new-seg-data/v1/images/train/980.jpg,train,7,background,random_background,"[336, 192, 352, 200]","[336, 192, 352, 200]",451
results/fast_repro/exp06_roi/patches/train/background/446__random452.jpg,/root/autodl-tmp/borescope-new-seg-data/v1/images/train/446.jpg,train,7,background,random_background,"[429, 251, 516, 484]","[429, 251, 516, 484]",452
results/fast_repro/exp06_roi/patches/train/background/91__random453.jpg,/root/autodl-tmp/borescope-new-seg-data/v1/images/train/91.png,train,7,background,random_background,"[237, 422, 305, 445]","[237, 422, 305, 445]",453
results/fast_repro/exp06_roi/patches/train/background/553__random454.jpg,/root/autodl-tmp/borescope-new-seg-data/v1/images/train/553.jpg,train,7,background,random_background,"[97, 517, 191, 541]","[97, 517, 191, 541]",454
results/fast_repro/exp06_roi/patches/train/background/199__random455.jpg,/root/autodl-tmp/borescope-new-seg-data/v1/images/train/199.png,train,7,background,random_background,"[445, 339, 492, 492]","[445, 339, 492, 492]",455
results/fast_repro/exp06_roi/patches/train/background/196__random456.jpg,/root/autodl-tmp/borescope-new-seg-data/v1/images/train/196.png,train,7,background,random_background,"[402, 358, 440, 392]","[402, 358, 440, 392]",456
results/fast_repro/exp06_roi/patches/train/background/899__random457.jpg,/root/autodl-tmp/borescope-new-seg-data/v1/images/train/899.jpg,train,7,background,random_background,"[238, 80, 257, 132]","[238, 80, 257, 132]",457
results/fast_repro/exp06_roi/patches/train/background/617__random458.jpg,/root/autodl-tmp/borescope-new-seg-data/v1/images/train/617.jpg,train,7,background,random_background,"[212, 462, 236, 495]","[212, 462, 236, 495]",458
results/fast_repro/exp06_roi/patches/train/background/447__random459.jpg,/root/autodl-tmp/borescope-new-seg-data/v1/images/train/447.jpg,train,7,background,random_background,"[161, 311, 237, 350]","[161, 311, 237, 350]",459
results/fast_repro/exp06_roi/patches/train/background/927__random460.jpg,/root/autodl-tmp/borescope-new-seg-data/v1/images/train/927.jpg,train,7,background,random_background,"[75, 46, 83, 63]","[75, 46, 83, 63]",460
results/fast_repro/exp06_roi/patches/train/background/358__random461.jpg,/root/autodl-tmp/borescope-new-seg-data/v1/images/train/358.png,train,7,background,random_background,"[306, 133, 402, 207]","[306, 133, 402, 207]",461
results/fast_repro/exp06_roi/patches/train/background/18__random462.jpg,/root/autodl-tmp/borescope-new-seg-data/v1/images/train/18.png,train,7,background,random_background,"[133, 101, 179, 151]","[133, 101, 179, 151]",462
results/fast_repro/exp06_roi/patches/train/background/901__random463.jpg,/root/autodl-tmp/borescope-new-seg-data/v1/images/train/901.jpg,train,7,background,random_background,"[33, 50, 50, 150]","[33, 50, 50, 150]",463
results/fast_repro/exp06_roi/patches/train/background/998__random464.jpg,/root/autodl-tmp/borescope-new-seg-data/v1/images/train/998.jpg,train,7,background,random_background,"[867, 339, 886, 451]","[867, 339, 886, 451]",464
results/fast_repro/exp06_roi/patches/train/background/185__random465.jpg,/root/autodl-tmp/borescope-new-seg-data/v1/images/train/185.png,train,7,background,random_background,"[587, 221, 621, 260]","[587, 221, 621, 260]",465
results/fast_repro/exp06_roi/patches/train/background/591__random466.jpg,/root/autodl-tmp/borescope-new-seg-data/v1/images/train/591.jpg,train,7,background,random_background,"[176, 362, 222, 377]","[176, 362, 222, 377]",466
results/fast_repro/exp06_roi/patches/train/background/312__random467.jpg,/root/autodl-tmp/borescope-new-seg-data/v1/images/train/312.png,train,7,background,random_background,"[152, 17, 244, 101]","[152, 17, 244, 101]",467
results/fast_repro/exp06_roi/patches/train/background/944__random468.jpg,/root/autodl-tmp/borescope-new-seg-data/v1/images/train/944.jpg,train,7,background,random_background,"[210, 245, 225, 262]","[210, 245, 225, 262]",468
results/fast_repro/exp06_roi/patches/train/background/93__random469.jpg,/root/autodl-tmp/borescope-new-seg-data/v1/images/train/93.png,train,7,background,random_background,"[204, 255, 224, 270]","[204, 255, 224, 270]",469
results/fast_repro/exp06_roi/patches/train/background/970__random470.jpg,/root/autodl-tmp/borescope-new-seg-data/v1/images/train/970.jpg,train,7,background,random_background,"[365, 183, 378, 208]","[365, 183, 378, 208]",470
results/fast_repro/exp06_roi/patches/train/background/732__random471.jpg,/root/autodl-tmp/borescope-new-seg-data/v1/images/train/732.jpg,train,7,background,random_background,"[579, 514, 613, 551]","[579, 514, 613, 551]",471
results/fast_repro/exp06_roi/patches/train/background/465__random472.jpg,/root/autodl-tmp/borescope-new-seg-data/v1/images/train/465.jpg,train,7,background,random_background,"[611, 112, 640, 216]","[611, 112, 640, 216]",472
results/fast_repro/exp06_roi/patches/train/background/50__random473.jpg,/root/autodl-tmp/borescope-new-seg-data/v1/images/train/50.png,train,7,background,random_background,"[542, 91, 621, 390]","[542, 91, 621, 390]",473
results/fast_repro/exp06_roi/patches/train/background/899__random474.jpg,/root/autodl-tmp/borescope-new-seg-data/v1/images/train/899.jpg,train,7,background,random_background,"[0, 68, 384, 193]","[0, 68, 384, 193]",474
results/fast_repro/exp06_roi/patches/train/background/810__random475.jpg,/root/autodl-tmp/borescope-new-seg-data/v1/images/train/810.jpg,train,7,background,random_background,"[294, 198, 311, 218]","[294, 198, 311, 218]",475
results/fast_repro/exp06_roi/patches/train/background/520__random476.jpg,/root/autodl-tmp/borescope-new-seg-data/v1/images/train/520.jpg,train,7,background,random_background,"[825, 367, 861, 415]","[825, 367, 861, 415]",476
results/fast_repro/exp06_roi/patches/train/background/909__random477.jpg,/root/autodl-tmp/borescope-new-seg-data/v1/images/train/909.jpg,train,7,background,random_background,"[290, 144, 307, 200]","[290, 144, 307, 200]",477
results/fast_repro/exp06_roi/patches/train/background/215__random478.jpg,/root/autodl-tmp/borescope-new-seg-data/v1/images/train/215.png,train,7,background,random_background,"[504, 277, 551, 333]","[504, 277, 551, 333]",478
results/fast_repro/exp06_roi/patches/train/background/448__random479.jpg,/root/autodl-tmp/borescope-new-seg-data/v1/images/train/448.jpg,train,7,background,random_background,"[238, 224, 261, 239]","[238, 224, 261, 239]",479
results/fast_repro/exp06_roi/patches/train/background/29__random480.jpg,/root/autodl-tmp/borescope-new-seg-data/v1/images/train/29.png,train,7,background,random_background,"[206, 412, 341, 528]","[206, 412, 341, 528]",480
results/fast_repro/exp06_roi/patches/train/background/196__random481.jpg,/root/autodl-tmp/borescope-new-seg-data/v1/images/train/196.png,train,7,background,random_background,"[432, 82, 658, 403]","[432, 82, 658, 403]",481
results/fast_repro/exp06_roi/patches/train/background/89__random482.jpg,/root/autodl-tmp/borescope-new-seg-data/v1/images/train/89.png,train,7,background,random_background,"[145, 56, 263, 235]","[145, 56, 263, 235]",482
results/fast_repro/exp06_roi/patches/train/background/800__random483.jpg,/root/autodl-tmp/borescope-new-seg-data/v1/images/train/800.jpg,train,7,background,random_background,"[0, 0, 384, 288]","[0, 0, 384, 288]",483
results/fast_repro/exp06_roi/patches/train/background/486__random484.jpg,/root/autodl-tmp/borescope-new-seg-data/v1/images/train/486.jpg,train,7,background,random_background,"[447, 405, 759, 516]","[447, 405, 759, 516]",484
results/fast_repro/exp06_roi/patches/train/background/985__random485.jpg,/root/autodl-tmp/borescope-new-seg-data/v1/images/train/985.jpg,train,7,background,random_background,"[287, 91, 382, 223]","[287, 91, 382, 223]",485
results/fast_repro/exp06_roi/patches/train/background/322__random486.jpg,/root/autodl-tmp/borescope-new-seg-data/v1/images/train/322.png,train,7,background,random_background,"[301, 65, 341, 155]","[301, 65, 341, 155]",486
results/fast_repro/exp06_roi/patches/train/background/268__random487.jpg,/root/autodl-tmp/borescope-new-seg-data/v1/images/train/268.png,train,7,background,random_background,"[400, 435, 540, 491]","[400, 435, 540, 491]",487
results/fast_repro/exp06_roi/patches/train/background/873__random488.jpg,/root/autodl-tmp/borescope-new-seg-data/v1/images/train/873.jpg,train,7,background,random_background,"[313, 113, 346, 141]","[313, 113, 346, 141]",488
results/fast_repro/exp06_roi/patches/train/background/985__random489.jpg,/root/autodl-tmp/borescope-new-seg-data/v1/images/train/985.jpg,train,7,background,random_background,"[169, 190, 244, 270]","[169, 190, 244, 270]",489
results/fast_repro/exp06_roi/patches/train/background/110__random490.jpg,/root/autodl-tmp/borescope-new-seg-data/v1/images/train/110.png,train,7,background,random_background,"[651, 453, 695, 491]","[651, 453, 695, 491]",490
results/fast_repro/exp06_roi/patches/train/background/131__random491.jpg,/root/autodl-tmp/borescope-new-seg-data/v1/images/train/131.png,train,7,background,random_background,"[255, 34, 315, 257]","[255, 34, 315, 257]",491
results/fast_repro/exp06_roi/patches/train/background/510__random492.jpg,/root/autodl-tmp/borescope-new-seg-data/v1/images/train/510.jpg,train,7,background,random_background,"[24, 197, 473, 445]","[24, 197, 473, 445]",492
results/fast_repro/exp06_roi/patches/train/background/661__random493.jpg,/root/autodl-tmp/borescope-new-seg-data/v1/images/train/661.jpg,train,7,background,random_background,"[252, 96, 367, 182]","[252, 96, 367, 182]",493
results/fast_repro/exp06_roi/patches/train/background/512__random494.jpg,/root/autodl-tmp/borescope-new-seg-data/v1/images/train/512.jpg,train,7,background,random_background,"[807, 230, 843, 290]","[807, 230, 843, 290]",494
results/fast_repro/exp06_roi/patches/train/background/249__random495.jpg,/root/autodl-tmp/borescope-new-seg-data/v1/images/train/249.png,train,7,background,random_background,"[301, 10, 399, 156]","[301, 10, 399, 156]",495
results/fast_repro/exp06_roi/patches/train/background/461__random496.jpg,/root/autodl-tmp/borescope-new-seg-data/v1/images/train/461.jpg,train,7,background,random_background,"[174, 454, 354, 572]","[174, 454, 354, 572]",496
results/fast_repro/exp06_roi/patches/train/background/558__random497.jpg,/root/autodl-tmp/borescope-new-seg-data/v1/images/train/558.jpg,train,7,background,random_background,"[95, 86, 217, 190]","[95, 86, 217, 190]",497
results/fast_repro/exp06_roi/patches/train/background/252__random498.jpg,/root/autodl-tmp/borescope-new-seg-data/v1/images/train/252.png,train,7,background,random_background,"[103, 169, 124, 200]","[103, 169, 124, 200]",498
results/fast_repro/exp06_roi/patches/train/background/300__random499.jpg,/root/autodl-tmp/borescope-new-seg-data/v1/images/train/300.png,train,7,background,random_background,"[553, 271, 578, 293]","[553, 271, 578, 293]",499
results/fast_repro/exp06_roi/patches/train/background/747__random500.jpg,/root/autodl-tmp/borescope-new-seg-data/v1/images/train/747.jpg,train,7,background,random_background,"[11, 0, 271, 288]","[11, 0, 271, 288]",500
results/fast_repro/exp06_roi/patches/train/background/963__random501.jpg,/root/autodl-tmp/borescope-new-seg-data/v1/images/train/963.jpg,train,7,background,random_background,"[105, 43, 123, 81]","[105, 43, 123, 81]",501
results/fast_repro/exp06_roi/patches/train/background/984__random502.jpg,/root/autodl-tmp/borescope-new-seg-data/v1/images/train/984.jpg,train,7,background,random_background,"[59, 157, 93, 179]","[59, 157, 93, 179]",502
results/fast_repro/exp06_roi/patches/train/background/602__random503.jpg,/root/autodl-tmp/borescope-new-seg-data/v1/images/train/602.jpg,train,7,background,random_background,"[93, 278, 200, 309]","[93, 278, 200, 309]",503
results/fast_repro/exp06_roi/patches/train/background/580__random504.jpg,/root/autodl-tmp/borescope-new-seg-data/v1/images/train/580.jpg,train,7,background,random_background,"[191, 456, 222, 528]","[191, 456, 222, 528]",504
results/fast_repro/exp06_roi/patches/train/background/69__random505.jpg,/root/autodl-tmp/borescope-new-seg-data/v1/images/train/69.png,train,7,background,random_background,"[275, 288, 354, 444]","[275, 288, 354, 444]",505
results/fast_repro/exp06_roi/patches/train/background/498__random506.jpg,/root/autodl-tmp/borescope-new-seg-data/v1/images/train/498.jpg,train,7,background,random_background,"[232, 566, 245, 592]","[232, 566, 245, 592]",506
results/fast_repro/exp06_roi/patches/train/background/93__random507.jpg,/root/autodl-tmp/borescope-new-seg-data/v1/images/train/93.png,train,7,background,random_background,"[548, 486, 566, 506]","[548, 486, 566, 506]",507
results/fast_repro/exp06_roi/patches/train/background/884__random508.jpg,/root/autodl-tmp/borescope-new-seg-data/v1/images/train/884.jpg,train,7,background,random_background,"[8, 128, 211, 174]","[8, 128, 211, 174]",508
results/fast_repro/exp06_roi/patches/train/background/879__random509.jpg,/root/autodl-tmp/borescope-new-seg-data/v1/images/train/879.jpg,train,7,background,random_background,"[158, 0, 362, 288]","[158, 0, 362, 288]",509
results/fast_repro/exp06_roi/patches/train/background/182__random510.jpg,/root/autodl-tmp/borescope-new-seg-data/v1/images/train/182.png,train,7,background,random_background,"[216, 98, 298, 263]","[216, 98, 298, 263]",510
results/fast_repro/exp06_roi/patches/train/background/191__random511.jpg,/root/autodl-tmp/borescope-new-seg-data/v1/images/train/191.png,train,7,background,random_background,"[445, 103, 473, 160]","[445, 103, 473, 160]",511
results/fast_repro/exp06_roi/patches/train/background/966__random512.jpg,/root/autodl-tmp/borescope-new-seg-data/v1/images/train/966.jpg,train,7,background,random_background,"[34, 22, 108, 77]","[34, 22, 108, 77]",512
results/fast_repro/exp06_roi/patches/train/background/582__random513.jpg,/root/autodl-tmp/borescope-new-seg-data/v1/images/train/582.jpg,train,7,background,random_background,"[282, 532, 313, 576]","[282, 532, 313, 576]",513
results/fast_repro/exp06_roi/patches/train/background/697__random514.jpg,/root/autodl-tmp/borescope-new-seg-data/v1/images/train/697.jpg,train,7,background,random_background,"[0, 7, 384, 263]","[0, 7, 384, 263]",514
results/fast_repro/exp06_roi/patches/train/background/156__random515.jpg,/root/autodl-tmp/borescope-new-seg-data/v1/images/train/156.png,train,7,background,random_background,"[548, 450, 566, 480]","[548, 450, 566, 480]",515
results/fast_repro/exp06_roi/patches/train/background/498__random516.jpg,/root/autodl-tmp/borescope-new-seg-data/v1/images/train/498.jpg,train,7,background,random_background,"[585, 311, 672, 406]","[585, 311, 672, 406]",516
results/fast_repro/exp06_roi/patches/train/background/610__random517.jpg,/root/autodl-tmp/borescope-new-seg-data/v1/images/train/610.jpg,train,7,background,random_background,"[707, 243, 854, 381]","[707, 243, 854, 381]",517
results/fast_repro/exp06_roi/patches/train/background/442__random518.jpg,/root/autodl-tmp/borescope-new-seg-data/v1/images/train/442.jpg,train,7,background,random_background,"[712, 100, 754, 146]","[712, 100, 754, 146]",518
results/fast_repro/exp06_roi/patches/train/background/331__random519.jpg,/root/autodl-tmp/borescope-new-seg-data/v1/images/train/331.png,train,7,background,random_background,"[328, 137, 353, 199]","[328, 137, 353, 199]",519
results/fast_repro/exp06_roi/patches/train/background/628__random520.jpg,/root/autodl-tmp/borescope-new-seg-data/v1/images/train/628.jpg,train,7,background,random_background,"[216, 208, 233, 219]","[216, 208, 233, 219]",520
results/fast_repro/exp06_roi/patches/train/background/740__random521.jpg,/root/autodl-tmp/borescope-new-seg-data/v1/images/train/740.jpg,train,7,background,random_background,"[527, 202, 770, 563]","[527, 202, 770, 563]",521
results/fast_repro/exp06_roi/patches/train/background/238__random522.jpg,/root/autodl-tmp/borescope-new-seg-data/v1/images/train/238.png,train,7,background,random_background,"[138, 399, 196, 529]","[138, 399, 196, 529]",522
results/fast_repro/exp06_roi/patches/train/background/359__random523.jpg,/root/autodl-tmp/borescope-new-seg-data/v1/images/train/359.png,train,7,background,random_background,"[203, 140, 356, 289]","[203, 140, 356, 289]",523
results/fast_repro/exp06_roi/patches/train/background/544__random524.jpg,/root/autodl-tmp/borescope-new-seg-data/v1/images/train/544.jpg,train,7,background,random_background,"[7, 174, 913, 687]","[7, 174, 913, 687]",524
results/fast_repro/exp06_roi/patches/train/background/52__random525.jpg,/root/autodl-tmp/borescope-new-seg-data/v1/images/train/52.png,train,7,background,random_background,"[181, 445, 216, 462]","[181, 445, 216, 462]",525
results/fast_repro/exp06_roi/patches/train/background/721__random526.jpg,/root/autodl-tmp/borescope-new-seg-data/v1/images/train/721.jpg,train,7,background,random_background,"[857, 264, 872, 274]","[857, 264, 872, 274]",526
results/fast_repro/exp06_roi/patches/train/background/133__random527.jpg,/root/autodl-tmp/borescope-new-seg-data/v1/images/train/133.png,train,7,background,random_background,"[437, 292, 708, 412]","[437, 292, 708, 412]",527
results/fast_repro/exp06_roi/patches/train/background/312__random528.jpg,/root/autodl-tmp/borescope-new-seg-data/v1/images/train/312.png,train,7,background,random_background,"[275, 209, 450, 448]","[275, 209, 450, 448]",528
results/fast_repro/exp06_roi/patches/train/background/784__random529.jpg,/root/autodl-tmp/borescope-new-seg-data/v1/images/train/784.jpg,train,7,background,random_background,"[4, 121, 133, 259]","[4, 121, 133, 259]",529
results/fast_repro/exp06_roi/patches/train/background/198__random530.jpg,/root/autodl-tmp/borescope-new-seg-data/v1/images/train/198.png,train,7,background,random_background,"[258, 311, 286, 347]","[258, 311, 286, 347]",530
results/fast_repro/exp06_roi/patches/train/background/363__random531.jpg,/root/autodl-tmp/borescope-new-seg-data/v1/images/train/363.png,train,7,background,random_background,"[406, 299, 478, 390]","[406, 299, 478, 390]",531
results/fast_repro/exp06_roi/patches/train/background/151__random532.jpg,/root/autodl-tmp/borescope-new-seg-data/v1/images/train/151.png,train,7,background,random_background,"[383, 287, 411, 306]","[383, 287, 411, 306]",532
results/fast_repro/exp06_roi/patches/train/background/999__random533.jpg,/root/autodl-tmp/borescope-new-seg-data/v1/images/train/999.jpg,train,7,background,random_background,"[55, 246, 79, 274]","[55, 246, 79, 274]",533
results/fast_repro/exp06_roi/patches/train/background/96__random534.jpg,/root/autodl-tmp/borescope-new-seg-data/v1/images/train/96.png,train,7,background,random_background,"[283, 133, 333, 233]","[283, 133, 333, 233]",534
results/fast_repro/exp06_roi/patches/train/background/1008__random535.jpg,/root/autodl-tmp/borescope-new-seg-data/v1/images/train/1008.jpg,train,7,background,random_background,"[123, 29, 186, 56]","[123, 29, 186, 56]",535
results/fast_repro/exp06_roi/patches/train/background/920__random536.jpg,/root/autodl-tmp/borescope-new-seg-data/v1/images/train/920.jpg,train,7,background,random_background,"[13, 167, 99, 208]","[13, 167, 99, 208]",536
results/fast_repro/exp06_roi/patches/train/background/760__random537.jpg,/root/autodl-tmp/borescope-new-seg-data/v1/images/train/760.jpg,train,7,background,random_background,"[397, 36, 434, 59]","[397, 36, 434, 59]",537
results/fast_repro/exp06_roi/patches/train/background/898__random538.jpg,/root/autodl-tmp/borescope-new-seg-data/v1/images/train/898.jpg,train,7,background,random_background,"[113, 243, 137, 260]","[113, 243, 137, 260]",538
results/fast_repro/exp06_roi/patches/train/background/529__random539.jpg,/root/autodl-tmp/borescope-new-seg-data/v1/images/train/529.jpg,train,7,background,random_background,"[673, 571, 721, 599]","[673, 571, 721, 599]",539
results/fast_repro/exp06_roi/patches/train/background/274__random540.jpg,/root/autodl-tmp/borescope-new-seg-data/v1/images/train/274.png,train,7,background,random_background,"[228, 157, 293, 376]","[228, 157, 293, 376]",540
results/fast_repro/exp06_roi/patches/train/background/715__random541.jpg,/root/autodl-tmp/borescope-new-seg-data/v1/images/train/715.jpg,train,7,background,random_background,"[317, 36, 343, 53]","[317, 36, 343, 53]",541
results/fast_repro/exp06_roi/patches/train/background/717__random542.jpg,/root/autodl-tmp/borescope-new-seg-data/v1/images/train/717.jpg,train,7,background,random_background,"[195, 135, 233, 184]","[195, 135, 233, 184]",542
results/fast_repro/exp06_roi/patches/train/background/495__random543.jpg,/root/autodl-tmp/borescope-new-seg-data/v1/images/train/495.jpg,train,7,background,random_background,"[468, 146, 572, 209]","[468, 146, 572, 209]",543
results/fast_repro/exp06_roi/patches/train/background/457__random544.jpg,/root/autodl-tmp/borescope-new-seg-data/v1/images/train/457.jpg,train,7,background,random_background,"[646, 181, 753, 213]","[646, 181, 753, 213]",544
results/fast_repro/exp06_roi/patches/train/background/452__random545.jpg,/root/autodl-tmp/borescope-new-seg-data/v1/images/train/452.jpg,train,7,background,random_background,"[779, 172, 796, 192]","[779, 172, 796, 192]",545
results/fast_repro/exp06_roi/patches/train/background/889__random546.jpg,/root/autodl-tmp/borescope-new-seg-data/v1/images/train/889.jpg,train,7,background,random_background,"[45, 33, 104, 183]","[45, 33, 104, 183]",546
results/fast_repro/exp06_roi/patches/train/background/945__random547.jpg,/root/autodl-tmp/borescope-new-seg-data/v1/images/train/945.jpg,train,7,background,random_background,"[244, 98, 306, 181]","[244, 98, 306, 181]",547
results/fast_repro/exp06_roi/patches/train/background/7__random548.jpg,/root/autodl-tmp/borescope-new-seg-data/v1/images/train/7.png,train,7,background,random_background,"[14, 164, 156, 380]","[14, 164, 156, 380]",548
results/fast_repro/exp06_roi/patches/train/background/807__random549.jpg,/root/autodl-tmp/borescope-new-seg-data/v1/images/train/807.jpg,train,7,background,random_background,"[127, 115, 141, 135]","[127, 115, 141, 135]",549
results/fast_repro/exp06_roi/patches/train/background/498__random550.jpg,/root/autodl-tmp/borescope-new-seg-data/v1/images/train/498.jpg,train,7,background,random_background,"[602, 313, 661, 347]","[602, 313, 661, 347]",550
results/fast_repro/exp06_roi/patches/train/background/794__random551.jpg,/root/autodl-tmp/borescope-new-seg-data/v1/images/train/794.jpg,train,7,background,random_background,"[351, 68, 367, 86]","[351, 68, 367, 86]",551
results/fast_repro/exp06_roi/patches/train/background/495__random552.jpg,/root/autodl-tmp/borescope-new-seg-data/v1/images/train/495.jpg,train,7,background,random_background,"[831, 413, 839, 421]","[831, 413, 839, 421]",552
results/fast_repro/exp06_roi/patches/train/background/28__random553.jpg,/root/autodl-tmp/borescope-new-seg-data/v1/images/train/28.png,train,7,background,random_background,"[108, 375, 446, 532]","[108, 375, 446, 532]",553
results/fast_repro/exp06_roi/patches/train/background/33__random554.jpg,/root/autodl-tmp/borescope-new-seg-data/v1/images/train/33.png,train,7,background,random_background,"[666, 38, 674, 51]","[666, 38, 674, 51]",554
results/fast_repro/exp06_roi/patches/train/background/558__random555.jpg,/root/autodl-tmp/borescope-new-seg-data/v1/images/train/558.jpg,train,7,background,random_background,"[304, 12, 557, 214]","[304, 12, 557, 214]",555
results/fast_repro/exp06_roi/patches/train/background/188__random556.jpg,/root/autodl-tmp/borescope-new-seg-data/v1/images/train/188.png,train,7,background,random_background,"[210, 355, 222, 391]","[210, 355, 222, 391]",556
results/fast_repro/exp06_roi/patches/train/background/970__random557.jpg,/root/autodl-tmp/borescope-new-seg-data/v1/images/train/970.jpg,train,7,background,random_background,"[339, 266, 351, 274]","[339, 266, 351, 274]",557
results/fast_repro/exp06_roi/patches/train/background/391__random558.jpg,/root/autodl-tmp/borescope-new-seg-data/v1/images/train/391.png,train,7,background,random_background,"[107, 523, 121, 536]","[107, 523, 121, 536]",558
results/fast_repro/exp06_roi/patches/train/background/950__random559.jpg,/root/autodl-tmp/borescope-new-seg-data/v1/images/train/950.jpg,train,7,background,random_background,"[0, 0, 384, 288]","[0, 0, 384, 288]",559
results/fast_repro/exp06_roi/patches/train/background/936__random560.jpg,/root/autodl-tmp/borescope-new-seg-data/v1/images/train/936.jpg,train,7,background,random_background,"[206, 366, 258, 436]","[206, 366, 258, 436]",560
results/fast_repro/exp06_roi/patches/train/background/620__random561.jpg,/root/autodl-tmp/borescope-new-seg-data/v1/images/train/620.jpg,train,7,background,random_background,"[932, 212, 958, 223]","[932, 212, 958, 223]",561
results/fast_repro/exp06_roi/patches/train/background/733__random562.jpg,/root/autodl-tmp/borescope-new-seg-data/v1/images/train/733.jpg,train,7,background,random_background,"[91, 464, 187, 570]","[91, 464, 187, 570]",562
results/fast_repro/exp06_roi/patches/train/background/168__random563.jpg,/root/autodl-tmp/borescope-new-seg-data/v1/images/train/168.png,train,7,background,random_background,"[92, 399, 194, 472]","[92, 399, 194, 472]",563
results/fast_repro/exp06_roi/patches/train/background/780__random564.jpg,/root/autodl-tmp/borescope-new-seg-data/v1/images/train/780.jpg,train,7,background,random_background,"[0, 164, 384, 273]","[0, 164, 384, 273]",564
results/fast_repro/exp06_roi/patches/train/background/148__random565.jpg,/root/autodl-tmp/borescope-new-seg-data/v1/images/train/148.png,train,7,background,random_background,"[23, 80, 612, 404]","[23, 80, 612, 404]",565
results/fast_repro/exp06_roi/patches/train/background/640__random566.jpg,/root/autodl-tmp/borescope-new-seg-data/v1/images/train/640.jpg,train,7,background,random_background,"[46, 0, 244, 589]","[46, 0, 244, 589]",566
results/fast_repro/exp06_roi/patches/train/background/208__random567.jpg,/root/autodl-tmp/borescope-new-seg-data/v1/images/train/208.png,train,7,background,random_background,"[318, 68, 582, 430]","[318, 68, 582, 430]",567
results/fast_repro/exp06_roi/patches/train/background/137__random568.jpg,/root/autodl-tmp/borescope-new-seg-data/v1/images/train/137.png,train,7,background,random_background,"[410, 204, 466, 341]","[410, 204, 466, 341]",568
results/fast_repro/exp06_roi/patches/train/background/695__random569.jpg,/root/autodl-tmp/borescope-new-seg-data/v1/images/train/695.jpg,train,7,background,random_background,"[489, 431, 575, 451]","[489, 431, 575, 451]",569
results/fast_repro/exp06_roi/patches/train/background/1003__random570.jpg,/root/autodl-tmp/borescope-new-seg-data/v1/images/train/1003.jpg,train,7,background,random_background,"[30, 251, 79, 286]","[30, 251, 79, 286]",570
results/fast_repro/exp06_roi/patches/train/background/239__random571.jpg,/root/autodl-tmp/borescope-new-seg-data/v1/images/train/239.png,train,7,background,random_background,"[582, 224, 677, 426]","[582, 224, 677, 426]",571
results/fast_repro/exp06_roi/patches/train/background/272__random572.jpg,/root/autodl-tmp/borescope-new-seg-data/v1/images/train/272.png,train,7,background,random_background,"[29, 441, 40, 454]","[29, 441, 40, 454]",572
results/fast_repro/exp06_roi/patches/train/background/196__random573.jpg,/root/autodl-tmp/borescope-new-seg-data/v1/images/train/196.png,train,7,background,random_background,"[0, 28, 720, 530]","[0, 28, 720, 530]",573
results/fast_repro/exp06_roi/patches/train/background/72__random574.jpg,/root/autodl-tmp/borescope-new-seg-data/v1/images/train/72.png,train,7,background,random_background,"[360, 222, 515, 478]","[360, 222, 515, 478]",574
results/fast_repro/exp06_roi/patches/train/background/799__random575.jpg,/root/autodl-tmp/borescope-new-seg-data/v1/images/train/799.jpg,train,7,background,random_background,"[342, 173, 355, 193]","[342, 173, 355, 193]",575
results/fast_repro/exp06_roi/patches/train/background/734__random576.jpg,/root/autodl-tmp/borescope-new-seg-data/v1/images/train/734.jpg,train,7,background,random_background,"[152, 429, 293, 596]","[152, 429, 293, 596]",576
results/fast_repro/exp06_roi/patches/train/background/855__random577.jpg,/root/autodl-tmp/borescope-new-seg-data/v1/images/train/855.jpg,train,7,background,random_background,"[80, 258, 93, 273]","[80, 258, 93, 273]",577
results/fast_repro/exp06_roi/patches/train/background/714__random578.jpg,/root/autodl-tmp/borescope-new-seg-data/v1/images/train/714.jpg,train,7,background,random_background,"[503, 328, 675, 371]","[503, 328, 675, 371]",578
results/fast_repro/exp06_roi/patches/train/background/995__random579.jpg,/root/autodl-tmp/borescope-new-seg-data/v1/images/train/995.jpg,train,7,background,random_background,"[235, 113, 258, 251]","[235, 113, 258, 251]",579
results/fast_repro/exp06_roi/patches/train/background/884__random580.jpg,/root/autodl-tmp/borescope-new-seg-data/v1/images/train/884.jpg,train,7,background,random_background,"[161, 30, 169, 66]","[161, 30, 169, 66]",580
results/fast_repro/exp06_roi/patches/train/background/760__random581.jpg,/root/autodl-tmp/borescope-new-seg-data/v1/images/train/760.jpg,train,7,background,random_background,"[570, 562, 676, 617]","[570, 562, 676, 617]",581
results/fast_repro/exp06_roi/patches/train/background/1__random582.jpg,/root/autodl-tmp/borescope-new-seg-data/v1/images/train/1.png,train,7,background,random_background,"[163, 0, 663, 540]","[163, 0, 663, 540]",582
results/fast_repro/exp06_roi/patches/train/background/774__random583.jpg,/root/autodl-tmp/borescope-new-seg-data/v1/images/train/774.jpg,train,7,background,random_background,"[174, 93, 202, 150]","[174, 93, 202, 150]",583
results/fast_repro/exp06_roi/patches/train/background/920__random584.jpg,/root/autodl-tmp/borescope-new-seg-data/v1/images/train/920.jpg,train,7,background,random_background,"[231, 29, 319, 130]","[231, 29, 319, 130]",584
results/fast_repro/exp06_roi/patches/train/background/796__random585.jpg,/root/autodl-tmp/borescope-new-seg-data/v1/images/train/796.jpg,train,7,background,random_background,"[84, 126, 181, 160]","[84, 126, 181, 160]",585
results/fast_repro/exp06_roi/patches/train/background/210__random586.jpg,/root/autodl-tmp/borescope-new-seg-data/v1/images/train/210.png,train,7,background,random_background,"[192, 61, 265, 118]","[192, 61, 265, 118]",586
results/fast_repro/exp06_roi/patches/train/background/683__random587.jpg,/root/autodl-tmp/borescope-new-seg-data/v1/images/train/683.jpg,train,7,background,random_background,"[68, 127, 110, 274]","[68, 127, 110, 274]",587
results/fast_repro/exp06_roi/patches/train/background/7__random588.jpg,/root/autodl-tmp/borescope-new-seg-data/v1/images/train/7.png,train,7,background,random_background,"[443, 299, 525, 458]","[443, 299, 525, 458]",588
results/fast_repro/exp06_roi/patches/train/background/735__random589.jpg,/root/autodl-tmp/borescope-new-seg-data/v1/images/train/735.jpg,train,7,background,random_background,"[708, 177, 722, 198]","[708, 177, 722, 198]",589
results/fast_repro/exp06_roi/patches/train/background/573__random590.jpg,/root/autodl-tmp/borescope-new-seg-data/v1/images/train/573.jpg,train,7,background,random_background,"[254, 140, 382, 236]","[254, 140, 382, 236]",590
results/fast_repro/exp06_roi/patches/train/background/602__random591.jpg,/root/autodl-tmp/borescope-new-seg-data/v1/images/train/602.jpg,train,7,background,random_background,"[136, 35, 201, 178]","[136, 35, 201, 178]",591
results/fast_repro/exp06_roi/patches/train/background/623__random592.jpg,/root/autodl-tmp/borescope-new-seg-data/v1/images/train/623.jpg,train,7,background,random_background,"[306, 560, 322, 581]","[306, 560, 322, 581]",592
results/fast_repro/exp06_roi/patches/train/background/455__random593.jpg,/root/autodl-tmp/borescope-new-seg-data/v1/images/train/455.jpg,train,7,background,random_background,"[639, 297, 663, 324]","[639, 297, 663, 324]",593
results/fast_repro/exp06_roi/patches/train/background/499__random594.jpg,/root/autodl-tmp/borescope-new-seg-data/v1/images/train/499.jpg,train,7,background,random_background,"[182, 257, 271, 390]","[182, 257, 271, 390]",594
results/fast_repro/exp06_roi/patches/train/background/822__random595.jpg,/root/autodl-tmp/borescope-new-seg-data/v1/images/train/822.jpg,train,7,background,random_background,"[287, 245, 361, 270]","[287, 245, 361, 270]",595
results/fast_repro/exp06_roi/patches/train/background/895__random596.jpg,/root/autodl-tmp/borescope-new-seg-data/v1/images/train/895.jpg,train,7,background,random_background,"[345, 191, 362, 231]","[345, 191, 362, 231]",596
results/fast_repro/exp06_roi/patches/train/background/810__random597.jpg,/root/autodl-tmp/borescope-new-seg-data/v1/images/train/810.jpg,train,7,background,random_background,"[3, 133, 174, 167]","[3, 133, 174, 167]",597
results/fast_repro/exp06_roi/patches/train/background/157__random598.jpg,/root/autodl-tmp/borescope-new-seg-data/v1/images/train/157.png,train,7,background,random_background,"[28, 51, 246, 300]","[28, 51, 246, 300]",598
results/fast_repro/exp06_roi/patches/train/background/387__random599.jpg,/root/autodl-tmp/borescope-new-seg-data/v1/images/train/387.png,train,7,background,random_background,"[149, 429, 282, 539]","[149, 429, 282, 539]",599
results/fast_repro/exp06_roi/patches/train/background/94__random600.jpg,/root/autodl-tmp/borescope-new-seg-data/v1/images/train/94.png,train,7,background,random_background,"[367, 463, 394, 474]","[367, 463, 394, 474]",600
results/fast_repro/exp06_roi/patches/train/background/151__random601.jpg,/root/autodl-tmp/borescope-new-seg-data/v1/images/train/151.png,train,7,background,random_background,"[229, 380, 255, 396]","[229, 380, 255, 396]",601
results/fast_repro/exp06_roi/patches/train/background/999__random602.jpg,/root/autodl-tmp/borescope-new-seg-data/v1/images/train/999.jpg,train,7,background,random_background,"[147, 177, 201, 257]","[147, 177, 201, 257]",602
results/fast_repro/exp06_roi/patches/train/background/73__random603.jpg,/root/autodl-tmp/borescope-new-seg-data/v1/images/train/73.png,train,7,background,random_background,"[320, 282, 372, 337]","[320, 282, 372, 337]",603
results/fast_repro/exp06_roi/patches/train/background/83__random604.jpg,/root/autodl-tmp/borescope-new-seg-data/v1/images/train/83.png,train,7,background,random_background,"[453, 424, 501, 483]","[453, 424, 501, 483]",604
results/fast_repro/exp06_roi/patches/train/background/326__random605.jpg,/root/autodl-tmp/borescope-new-seg-data/v1/images/train/326.png,train,7,background,random_background,"[617, 100, 685, 154]","[617, 100, 685, 154]",605
results/fast_repro/exp06_roi/patches/train/background/286__random606.jpg,/root/autodl-tmp/borescope-new-seg-data/v1/images/train/286.png,train,7,background,random_background,"[76, 191, 123, 208]","[76, 191, 123, 208]",606
results/fast_repro/exp06_roi/patches/train/background/263__random607.jpg,/root/autodl-tmp/borescope-new-seg-data/v1/images/train/263.png,train,7,background,random_background,"[285, 284, 447, 531]","[285, 284, 447, 531]",607
results/fast_repro/exp06_roi/patches/train/background/384__random608.jpg,/root/autodl-tmp/borescope-new-seg-data/v1/images/train/384.png,train,7,background,random_background,"[5, 169, 92, 271]","[5, 169, 92, 271]",608
results/fast_repro/exp06_roi/patches/train/background/710__random609.jpg,/root/autodl-tmp/borescope-new-seg-data/v1/images/train/710.jpg,train,7,background,random_background,"[611, 26, 681, 212]","[611, 26, 681, 212]",609
results/fast_repro/exp06_roi/patches/train/background/963__random610.jpg,/root/autodl-tmp/borescope-new-seg-data/v1/images/train/963.jpg,train,7,background,random_background,"[293, 183, 321, 215]","[293, 183, 321, 215]",610
results/fast_repro/exp06_roi/patches/train/background/105__random611.jpg,/root/autodl-tmp/borescope-new-seg-data/v1/images/train/105.png,train,7,background,random_background,"[533, 69, 549, 93]","[533, 69, 549, 93]",611
results/fast_repro/exp06_roi/patches/train/background/770__random612.jpg,/root/autodl-tmp/borescope-new-seg-data/v1/images/train/770.jpg,train,7,background,random_background,"[94, 357, 131, 469]","[94, 357, 131, 469]",612
results/fast_repro/exp06_roi/patches/train/background/319__random613.jpg,/root/autodl-tmp/borescope-new-seg-data/v1/images/train/319.png,train,7,background,random_background,"[300, 223, 335, 248]","[300, 223, 335, 248]",613
results/fast_repro/exp06_roi/patches/train/background/952__random614.jpg,/root/autodl-tmp/borescope-new-seg-data/v1/images/train/952.jpg,train,7,background,random_background,"[4, 29, 78, 188]","[4, 29, 78, 188]",614
results/fast_repro/exp06_roi/patches/train/background/501__random615.jpg,/root/autodl-tmp/borescope-new-seg-data/v1/images/train/501.jpg,train,7,background,random_background,"[636, 124, 653, 256]","[636, 124, 653, 256]",615
results/fast_repro/exp06_roi/patches/train/background/64__random616.jpg,/root/autodl-tmp/borescope-new-seg-data/v1/images/train/64.png,train,7,background,random_background,"[116, 197, 179, 246]","[116, 197, 179, 246]",616
results/fast_repro/exp06_roi/patches/train/background/368__random617.jpg,/root/autodl-tmp/borescope-new-seg-data/v1/images/train/368.png,train,7,background,random_background,"[529, 420, 606, 473]","[529, 420, 606, 473]",617
results/fast_repro/exp06_roi/patches/train/background/557__random618.jpg,/root/autodl-tmp/borescope-new-seg-data/v1/images/train/557.jpg,train,7,background,random_background,"[44, 75, 161, 245]","[44, 75, 161, 245]",618
results/fast_repro/exp06_roi/patches/train/background/1008__random619.jpg,/root/autodl-tmp/borescope-new-seg-data/v1/images/train/1008.jpg,train,7,background,random_background,"[24, 1, 232, 285]","[24, 1, 232, 285]",619
results/fast_repro/exp06_roi/patches/train/background/815__random620.jpg,/root/autodl-tmp/borescope-new-seg-data/v1/images/train/815.jpg,train,7,background,random_background,"[686, 218, 795, 322]","[686, 218, 795, 322]",620
results/fast_repro/exp06_roi/patches/train/background/638__random621.jpg,/root/autodl-tmp/borescope-new-seg-data/v1/images/train/638.jpg,train,7,background,random_background,"[759, 222, 846, 443]","[759, 222, 846, 443]",621
results/fast_repro/exp06_roi/patches/train/background/999__random622.jpg,/root/autodl-tmp/borescope-new-seg-data/v1/images/train/999.jpg,train,7,background,random_background,"[235, 91, 340, 263]","[235, 91, 340, 263]",622
results/fast_repro/exp06_roi/patches/train/background/480__random623.jpg,/root/autodl-tmp/borescope-new-seg-data/v1/images/train/480.jpg,train,7,background,random_background,"[813, 257, 930, 419]","[813, 257, 930, 419]",623
results/fast_repro/exp06_roi/patches/train/background/855__random624.jpg,/root/autodl-tmp/borescope-new-seg-data/v1/images/train/855.jpg,train,7,background,random_background,"[132, 52, 209, 274]","[132, 52, 209, 274]",624
results/fast_repro/exp06_roi/patches/train/background/179__random625.jpg,/root/autodl-tmp/borescope-new-seg-data/v1/images/train/179.png,train,7,background,random_background,"[64, 387, 103, 423]","[64, 387, 103, 423]",625
results/fast_repro/exp06_roi/patches/train/background/900__random626.jpg,/root/autodl-tmp/borescope-new-seg-data/v1/images/train/900.jpg,train,7,background,random_background,"[514, 108, 637, 242]","[514, 108, 637, 242]",626
results/fast_repro/exp06_roi/patches/train/background/420__random627.jpg,/root/autodl-tmp/borescope-new-seg-data/v1/images/train/420.png,train,7,background,random_background,"[448, 195, 641, 310]","[448, 195, 641, 310]",627
results/fast_repro/exp06_roi/patches/train/background/17__random628.jpg,/root/autodl-tmp/borescope-new-seg-data/v1/images/train/17.png,train,7,background,random_background,"[42, 5, 68, 31]","[42, 5, 68, 31]",628
results/fast_repro/exp06_roi/patches/train/background/884__random629.jpg,/root/autodl-tmp/borescope-new-seg-data/v1/images/train/884.jpg,train,7,background,random_background,"[43, 156, 58, 175]","[43, 156, 58, 175]",629
results/fast_repro/exp06_roi/patches/train/background/305__random630.jpg,/root/autodl-tmp/borescope-new-seg-data/v1/images/train/305.png,train,7,background,random_background,"[524, 72, 556, 130]","[524, 72, 556, 130]",630
results/fast_repro/exp06_roi/patches/train/background/240__random631.jpg,/root/autodl-tmp/borescope-new-seg-data/v1/images/train/240.png,train,7,background,random_background,"[198, 58, 330, 96]","[198, 58, 330, 96]",631
results/fast_repro/exp06_roi/patches/train/background/272__random632.jpg,/root/autodl-tmp/borescope-new-seg-data/v1/images/train/272.png,train,7,background,random_background,"[562, 236, 624, 335]","[562, 236, 624, 335]",632
results/fast_repro/exp06_roi/patches/val/background/328__hard3.jpg,/root/autodl-tmp/borescope-new-seg-data/v1/images/val/328.png,val,7,background,hard_fp_background,"[599.3812255859375, 332.64678955078125, 652.2493896484375, 395.67767333984375]","[594, 326, 658, 402]",3
results/fast_repro/exp06_roi/patches/val/background/519__hard0.jpg,/root/autodl-tmp/borescope-new-seg-data/v1/images/val/519.jpg,val,7,background,hard_fp_background,"[641.703369140625, 128.3554229736328, 710.1732788085938, 231.07955932617188]","[635, 118, 717, 241]",0
results/fast_repro/exp06_roi/patches/val/background/328__hard5.jpg,/root/autodl-tmp/borescope-new-seg-data/v1/images/val/328.png,val,7,background,hard_fp_background,"[557.4085083007812, 237.63771057128906, 579.2579956054688, 270.2086181640625]","[555, 234, 581, 273]",5
results/fast_repro/exp06_roi/patches/val/background/187__hard1.jpg,/root/autodl-tmp/borescope-new-seg-data/v1/images/val/187.png,val,7,background,hard_fp_background,"[246.41920471191406, 392.1246337890625, 276.920654296875, 419.3980712890625]","[243, 389, 280, 422]",1
results/fast_repro/exp06_roi/patches/val/background/244__hard0.jpg,/root/autodl-tmp/borescope-new-seg-data/v1/images/val/244.png,val,7,background,hard_fp_background,"[553.864013671875, 82.38056945800781, 583.3049926757812, 101.6766128540039]","[551, 80, 586, 104]",0
results/fast_repro/exp06_roi/patches/val/background/87__hard0.jpg,/root/autodl-tmp/borescope-new-seg-data/v1/images/val/87.png,val,7,background,hard_fp_background,"[318.5196838378906, 210.4954376220703, 540.4066772460938, 402.52764892578125]","[296, 191, 563, 422]",0
results/fast_repro/exp06_roi/patches/val/background/60__hard2.jpg,/root/autodl-tmp/borescope-new-seg-data/v1/images/val/60.png,val,7,background,hard_fp_background,"[526.2034912109375, 84.76765441894531, 554.27392578125, 98.7987060546875]","[523, 83, 557, 100]",2
results/fast_repro/exp06_roi/patches/val/background/538__hard0.jpg,/root/autodl-tmp/borescope-new-seg-data/v1/images/val/538.jpg,val,7,background,hard_fp_background,"[661.0498046875, 129.19207763671875, 724.7886962890625, 231.2450408935547]","[655, 119, 731, 241]",0
results/fast_repro/exp06_roi/patches/val/background/87__hard1.jpg,/root/autodl-tmp/borescope-new-seg-data/v1/images/val/87.png,val,7,background,hard_fp_background,"[312.18756103515625, 207.50770568847656, 567.5724487304688, 448.9573974609375]","[287, 183, 593, 473]",1
results/fast_repro/exp06_roi/patches/val/background/576__hard0.jpg,/root/autodl-tmp/borescope-new-seg-data/v1/images/val/576.jpg,val,7,background,hard_fp_background,"[310.6168212890625, 146.3741455078125, 325.16778564453125, 154.89306640625]","[309, 146, 327, 156]",0
results/fast_repro/exp06_roi/patches/val/background/475__hard0.jpg,/root/autodl-tmp/borescope-new-seg-data/v1/images/val/475.jpg,val,7,background,hard_fp_background,"[333.27947998046875, 237.25018310546875, 369.91009521484375, 296.05694580078125]","[330, 231, 374, 302]",0
results/fast_repro/exp06_roi/patches/val/background/211__hard0.jpg,/root/autodl-tmp/borescope-new-seg-data/v1/images/val/211.png,val,7,background,hard_fp_background,"[245.04904174804688, 394.51153564453125, 277.2797546386719, 421.27276611328125]","[242, 392, 281, 424]",0
results/fast_repro/exp06_roi/patches/val/background/392__hard2.jpg,/root/autodl-tmp/borescope-new-seg-data/v1/images/val/392.png,val,7,background,hard_fp_background,"[224.5863494873047, 493.46588134765625, 278.3316345214844, 513.5585327148438]","[219, 491, 284, 516]",2
results/fast_repro/exp06_roi/patches/val/background/409__hard0.jpg,/root/autodl-tmp/borescope-new-seg-data/v1/images/val/409.png,val,7,background,hard_fp_background,"[185.2946319580078, 376.10137939453125, 213.38731384277344, 401.19903564453125]","[182, 374, 216, 404]",0
results/fast_repro/exp06_roi/patches/val/background/432__hard5.jpg,/root/autodl-tmp/borescope-new-seg-data/v1/images/val/432.png,val,7,background,hard_fp_background,"[670.9656982421875, 334.3548889160156, 691.8108520507812, 356.3511657714844]","[669, 332, 694, 359]",5
results/fast_repro/exp06_roi/patches/val/background/565__hard0.jpg,/root/autodl-tmp/borescope-new-seg-data/v1/images/val/565.jpg,val,7,background,hard_fp_background,"[78.01420593261719, 55.26161193847656, 162.16378784179688, 206.4088134765625]","[70, 40, 171, 222]",0
results/fast_repro/exp06_roi/patches/val/background/172__hard0.jpg,/root/autodl-tmp/borescope-new-seg-data/v1/images/val/172.png,val,7,background,hard_fp_background,"[31.200485229492188, 0.5076713562011719, 700.5037841796875, 209.2051239013672]","[0, 0, 720, 230]",0
results/fast_repro/exp06_roi/patches/val/background/70__hard0.jpg,/root/autodl-tmp/borescope-new-seg-data/v1/images/val/70.png,val,7,background,hard_fp_background,"[126.21572875976562, 1.5035648345947266, 621.0833740234375, 115.82122039794922]","[77, 0, 671, 127]",0
results/fast_repro/exp06_roi/patches/val/background/409__hard1.jpg,/root/autodl-tmp/borescope-new-seg-data/v1/images/val/409.png,val,7,background,hard_fp_background,"[261.4437255859375, 378.537841796875, 294.43896484375, 403.5477294921875]","[258, 376, 298, 406]",1
results/fast_repro/exp06_roi/patches/val/background/475__hard1.jpg,/root/autodl-tmp/borescope-new-seg-data/v1/images/val/475.jpg,val,7,background,hard_fp_background,"[328.9291687011719, 233.5363311767578, 364.0265197753906, 291.3371887207031]","[325, 228, 368, 297]",1
results/fast_repro/exp06_roi/patches/val/background/484__hard1.jpg,/root/autodl-tmp/borescope-new-seg-data/v1/images/val/484.jpg,val,7,background,hard_fp_background,"[485.9002990722656, 187.625244140625, 543.480224609375, 280.3770446777344]","[480, 178, 549, 290]",1
results/fast_repro/exp06_roi/patches/val/background/576__hard1.jpg,/root/autodl-tmp/borescope-new-seg-data/v1/images/val/576.jpg,val,7,background,hard_fp_background,"[290.5316162109375, 146.31402587890625, 327.03936767578125, 157.42291259765625]","[287, 145, 331, 159]",1
results/fast_repro/exp06_roi/patches/val/background/256__hard1.jpg,/root/autodl-tmp/borescope-new-seg-data/v1/images/val/256.png,val,7,background,hard_fp_background,"[586.2572631835938, 343.2279968261719, 710.1426391601562, 540.0]","[574, 324, 720, 540]",1
results/fast_repro/exp06_roi/patches/val/background/251__hard0.jpg,/root/autodl-tmp/borescope-new-seg-data/v1/images/val/251.png,val,7,background,hard_fp_background,"[501.6495361328125, 70.1275863647461, 566.0450439453125, 118.10041809082031]","[495, 65, 572, 123]",0
results/fast_repro/exp06_roi/patches/val/background/566__hard0.jpg,/root/autodl-tmp/borescope-new-seg-data/v1/images/val/566.jpg,val,7,background,hard_fp_background,"[318.2222900390625, 164.8558349609375, 333.2835693359375, 172.68438720703125]","[317, 164, 335, 173]",0
results/fast_repro/exp06_roi/patches/val/background/566__hard1.jpg,/root/autodl-tmp/borescope-new-seg-data/v1/images/val/566.jpg,val,7,background,hard_fp_background,"[297.94158935546875, 164.79248046875, 335.60089111328125, 174.6209716796875]","[294, 164, 339, 176]",1
results/fast_repro/exp06_roi/patches/val/background/172__hard1.jpg,/root/autodl-tmp/borescope-new-seg-data/v1/images/val/172.png,val,7,background,hard_fp_background,"[123.89944458007812, 101.08956909179688, 196.4392547607422, 268.0447692871094]","[117, 84, 204, 285]",1
results/fast_repro/exp06_roi/patches/val/background/245__hard0.jpg,/root/autodl-tmp/borescope-new-seg-data/v1/images/val/245.png,val,7,background,hard_fp_background,"[564.1156616210938, 288.2657775878906, 709.9927978515625, 410.2914733886719]","[550, 276, 720, 422]",0
results/fast_repro/exp06_roi/patches/val/background/330__hard0.jpg,/root/autodl-tmp/borescope-new-seg-data/v1/images/val/330.png,val,7,background,hard_fp_background,"[422.3949279785156, 26.246681213378906, 681.7410888671875, 387.43951416015625]","[396, 0, 708, 424]",0
results/fast_repro/exp06_roi/patches/val/background/211__hard1.jpg,/root/autodl-tmp/borescope-new-seg-data/v1/images/val/211.png,val,7,background,hard_fp_background,"[238.9287872314453, 353.8138427734375, 629.1608276367188, 478.05548095703125]","[200, 341, 640, 480]",1
results/fast_repro/exp06_roi/patches/val/background/308__hard1.jpg,/root/autodl-tmp/borescope-new-seg-data/v1/images/val/308.png,val,7,background,hard_fp_background,"[0.0, 104.26921081542969, 378.0751953125, 320.4414978027344]","[0, 83, 416, 342]",1
results/fast_repro/exp06_roi/patches/val/background/576__hard2.jpg,/root/autodl-tmp/borescope-new-seg-data/v1/images/val/576.jpg,val,7,background,hard_fp_background,"[315.6390380859375, 185.05343627929688, 327.05780029296875, 191.74874877929688]","[314, 184, 328, 192]",2
results/fast_repro/exp06_roi/patches/val/background/328__hard6.jpg,/root/autodl-tmp/borescope-new-seg-data/v1/images/val/328.png,val,7,background,hard_fp_background,"[197.13433837890625, 213.96533203125, 308.56585693359375, 387.9489440917969]","[186, 197, 320, 405]",6
results/fast_repro/exp06_roi/patches/val/background/256__hard2.jpg,/root/autodl-tmp/borescope-new-seg-data/v1/images/val/256.png,val,7,background,hard_fp_background,"[153.12794494628906, 3.4375877380371094, 670.3963623046875, 231.94737243652344]","[101, 0, 720, 255]",2
results/fast_repro/exp06_roi/patches/val/background/392__hard4.jpg,/root/autodl-tmp/borescope-new-seg-data/v1/images/val/392.png,val,7,background,hard_fp_background,"[81.25489044189453, 462.0382080078125, 123.42709350585938, 479.6216735839844]","[77, 460, 128, 481]",4
results/fast_repro/exp06_roi/patches/val/background/204__hard0.jpg,/root/autodl-tmp/borescope-new-seg-data/v1/images/val/204.png,val,7,background,hard_fp_background,"[122.81434631347656, 0.23617172241210938, 503.83709716796875, 206.13328552246094]","[85, 0, 542, 227]",0
results/fast_repro/exp06_roi/patches/val/background/545__hard1.jpg,/root/autodl-tmp/borescope-new-seg-data/v1/images/val/545.jpg,val,7,background,hard_fp_background,"[113.1613998413086, 241.2772979736328, 262.702880859375, 327.05816650390625]","[98, 233, 278, 336]",1
results/fast_repro/exp06_roi/patches/val/background/78__hard0.jpg,/root/autodl-tmp/borescope-new-seg-data/v1/images/val/78.png,val,7,background,hard_fp_background,"[489.46832275390625, 81.41813659667969, 566.0919189453125, 127.52932739257812]","[482, 77, 574, 132]",0
results/fast_repro/exp06_roi/patches/val/background/87__hard2.jpg,/root/autodl-tmp/borescope-new-seg-data/v1/images/val/87.png,val,7,background,hard_fp_background,"[338.0897521972656, 211.56687927246094, 528.1483154296875, 383.32354736328125]","[319, 194, 547, 400]",2
results/fast_repro/exp06_roi/patches/val/background/566__hard2.jpg,/root/autodl-tmp/borescope-new-seg-data/v1/images/val/566.jpg,val,7,background,hard_fp_background,"[297.6331787109375, 166.9207763671875, 307.708984375, 173.35296630859375]","[297, 166, 309, 174]",2
results/fast_repro/exp06_roi/patches/val/background/204__hard1.jpg,/root/autodl-tmp/borescope-new-seg-data/v1/images/val/204.png,val,7,background,hard_fp_background,"[235.86038208007812, 192.52867126464844, 636.9494018554688, 443.063232421875]","[196, 167, 677, 468]",1
results/fast_repro/exp06_roi/patches/val/background/211__hard2.jpg,/root/autodl-tmp/borescope-new-seg-data/v1/images/val/211.png,val,7,background,hard_fp_background,"[392.2341613769531, 379.85272216796875, 421.7102355957031, 401.93328857421875]","[389, 378, 425, 404]",2
results/fast_repro/exp06_roi/patches/val/background/432__hard6.jpg,/root/autodl-tmp/borescope-new-seg-data/v1/images/val/432.png,val,7,background,hard_fp_background,"[605.924560546875, 384.60504150390625, 638.9222412109375, 409.8128967285156]","[603, 382, 642, 412]",6
results/fast_repro/exp06_roi/patches/val/background/568__hard2.jpg,/root/autodl-tmp/borescope-new-seg-data/v1/images/val/568.jpg,val,7,background,hard_fp_background,"[161.3599853515625, 8.6231689453125, 352.3471374511719, 88.79173278808594]","[142, 1, 371, 97]",2
results/fast_repro/exp06_roi/patches/val/background/328__hard8.jpg,/root/autodl-tmp/borescope-new-seg-data/v1/images/val/328.png,val,7,background,hard_fp_background,"[544.6337890625, 109.22298431396484, 621.2496337890625, 152.08929443359375]","[537, 105, 629, 156]",8
results/fast_repro/exp06_roi/patches/val/background/614__hard2.jpg,/root/autodl-tmp/borescope-new-seg-data/v1/images/val/614.jpg,val,7,background,hard_fp_background,"[109.23307800292969, 12.263259887695312, 311.3590393066406, 93.75732421875]","[89, 4, 332, 102]",2
results/fast_repro/exp06_roi/patches/val/background/70__hard1.jpg,/root/autodl-tmp/borescope-new-seg-data/v1/images/val/70.png,val,7,background,hard_fp_background,"[38.66815185546875, 83.35986328125, 105.68562316894531, 121.84494018554688]","[32, 80, 112, 126]",1
results/fast_repro/exp06_roi/patches/val/background/545__hard2.jpg,/root/autodl-tmp/borescope-new-seg-data/v1/images/val/545.jpg,val,7,background,hard_fp_background,"[117.45565795898438, 255.652587890625, 165.5693359375, 311.1526794433594]","[113, 250, 170, 317]",2
results/fast_repro/exp06_roi/patches/val/background/432__hard7.jpg,/root/autodl-tmp/borescope-new-seg-data/v1/images/val/432.png,val,7,background,hard_fp_background,"[670.4863891601562, 331.34246826171875, 697.3488159179688, 356.60321044921875]","[668, 329, 700, 359]",7
results/fast_repro/exp06_roi/patches/val/background/10__hard17.jpg,/root/autodl-tmp/borescope-new-seg-data/v1/images/val/10.png,val,7,background,hard_fp_background,"[87.68095397949219, 172.8023223876953, 105.54771423339844, 189.95391845703125]","[86, 171, 107, 192]",17
results/fast_repro/exp06_roi/patches/val/background/78__hard1.jpg,/root/autodl-tmp/borescope-new-seg-data/v1/images/val/78.png,val,7,background,hard_fp_background,"[452.9775695800781, 76.52930450439453, 567.3356323242188, 130.49465942382812]","[442, 71, 579, 136]",1
results/fast_repro/exp06_roi/patches/val/background/568__hard3.jpg,/root/autodl-tmp/borescope-new-seg-data/v1/images/val/568.jpg,val,7,background,hard_fp_background,"[18.681655883789062, 15.83258056640625, 384.938232421875, 535.4906616210938]","[0, 0, 422, 587]",3
results/fast_repro/exp06_roi/patches/val/background/364__hard1.jpg,/root/autodl-tmp/borescope-new-seg-data/v1/images/val/364.png,val,7,background,hard_fp_background,"[166.46792602539062, 0.0, 600.552001953125, 206.457763671875]","[123, 0, 644, 227]",1
results/fast_repro/exp06_roi/patches/val/background/244__hard1.jpg,/root/autodl-tmp/borescope-new-seg-data/v1/images/val/244.png,val,7,background,hard_fp_background,"[50.520965576171875, 105.24861145019531, 84.2741928100586, 131.3048858642578]","[47, 103, 88, 134]",1
results/fast_repro/exp06_roi/patches/val/background/432__hard8.jpg,/root/autodl-tmp/borescope-new-seg-data/v1/images/val/432.png,val,7,background,hard_fp_background,"[225.4947509765625, 352.14801025390625, 255.00054931640625, 376.18621826171875]","[223, 350, 258, 379]",8
results/fast_repro/exp06_roi/patches/val/background/576__hard3.jpg,/root/autodl-tmp/borescope-new-seg-data/v1/images/val/576.jpg,val,7,background,hard_fp_background,"[77.38101196289062, 52.87528991699219, 161.52340698242188, 213.12506103515625]","[69, 37, 170, 229]",3
results/fast_repro/exp06_roi/patches/val/background/614__hard3.jpg,/root/autodl-tmp/borescope-new-seg-data/v1/images/val/614.jpg,val,7,background,hard_fp_background,"[17.373252868652344, 15.053192138671875, 347.0508117675781, 565.9595947265625]","[0, 0, 380, 621]",3
results/fast_repro/exp06_roi/patches/val/background/10__hard19.jpg,/root/autodl-tmp/borescope-new-seg-data/v1/images/val/10.png,val,7,background,hard_fp_background,"[306.8365478515625, 175.37945556640625, 417.64324951171875, 342.83062744140625]","[296, 159, 429, 360]",19
results/fast_repro/exp06_roi/patches/val/background/353__hard1.jpg,/root/autodl-tmp/borescope-new-seg-data/v1/images/val/353.png,val,7,background,hard_fp_background,"[10.07281494140625, 236.4470672607422, 478.9772033691406, 535.595947265625]","[0, 207, 526, 540]",1
results/fast_repro/exp06_roi/patches/val/background/577__hard1.jpg,/root/autodl-tmp/borescope-new-seg-data/v1/images/val/577.jpg,val,7,background,hard_fp_background,"[77.08528137207031, 50.36370849609375, 162.8415069580078, 221.8494873046875]","[69, 33, 171, 239]",1
results/fast_repro/exp06_roi/patches/val/background/432__hard9.jpg,/root/autodl-tmp/borescope-new-seg-data/v1/images/val/432.png,val,7,background,hard_fp_background,"[282.19342041015625, 260.71722412109375, 391.9095153808594, 345.29852294921875]","[271, 252, 403, 354]",9
results/fast_repro/exp06_roi/patches/val/background/172__hard2.jpg,/root/autodl-tmp/borescope-new-seg-data/v1/images/val/172.png,val,7,background,hard_fp_background,"[128.45077514648438, 6.839057922363281, 679.6121215820312, 181.63624572753906]","[73, 0, 720, 199]",2
results/fast_repro/exp06_roi/patches/val/background/245__hard1.jpg,/root/autodl-tmp/borescope-new-seg-data/v1/images/val/245.png,val,7,background,hard_fp_background,"[287.6632995605469, 307.215087890625, 720.0, 529.1416015625]","[244, 285, 720, 540]",1
results/fast_repro/exp06_roi/patches/val/background/361__hard0.jpg,/root/autodl-tmp/borescope-new-seg-data/v1/images/val/361.png,val,7,background,hard_fp_background,"[435.883056640625, 259.6344909667969, 542.1783447265625, 352.8848876953125]","[425, 250, 553, 362]",0
results/fast_repro/exp06_roi/patches/val/background/256__hard3.jpg,/root/autodl-tmp/borescope-new-seg-data/v1/images/val/256.png,val,7,background,hard_fp_background,"[447.1639404296875, 453.5321960449219, 521.1276245117188, 530.8048706054688]","[440, 446, 529, 539]",3
results/fast_repro/exp06_roi/patches/val/background/525__hard0.jpg,/root/autodl-tmp/borescope-new-seg-data/v1/images/val/525.jpg,val,7,background,hard_fp_background,"[436.23907470703125, 195.96591186523438, 464.60546875, 252.1754913330078]","[433, 190, 467, 258]",0
results/fast_repro/exp06_roi/patches/val/background/10__hard20.jpg,/root/autodl-tmp/borescope-new-seg-data/v1/images/val/10.png,val,7,background,hard_fp_background,"[422.8519592285156, 400.40667724609375, 436.3782653808594, 411.41253662109375]","[421, 399, 438, 413]",20
results/fast_repro/exp06_roi/patches/val/background/60__hard3.jpg,/root/autodl-tmp/borescope-new-seg-data/v1/images/val/60.png,val,7,background,hard_fp_background,"[325.7440185546875, 78.89735412597656, 348.2398986816406, 89.88732147216797]","[323, 78, 350, 91]",3
results/fast_repro/exp06_roi/patches/val/background/432__hard10.jpg,/root/autodl-tmp/borescope-new-seg-data/v1/images/val/432.png,val,7,background,hard_fp_background,"[345.0386962890625, 430.40093994140625, 357.7760925292969, 445.4925842285156]","[344, 429, 359, 447]",10
results/fast_repro/exp06_roi/patches/val/background/45__hard0.jpg,/root/autodl-tmp/borescope-new-seg-data/v1/images/val/45.png,val,7,background,hard_fp_background,"[286.4104919433594, 285.9013977050781, 578.0572509765625, 522.9617919921875]","[257, 262, 607, 540]",0
results/fast_repro/exp06_roi/patches/val/background/473__hard0.jpg,/root/autodl-tmp/borescope-new-seg-data/v1/images/val/473.jpg,val,7,background,hard_fp_background,"[87.77005004882812, 53.62408447265625, 425.03857421875, 301.44378662109375]","[54, 29, 459, 326]",0
results/fast_repro/exp06_roi/patches/val/background/479__hard2.jpg,/root/autodl-tmp/borescope-new-seg-data/v1/images/val/479.jpg,val,7,background,hard_fp_background,"[116.47515106201172, 259.35369873046875, 165.75918579101562, 312.76702880859375]","[112, 254, 171, 318]",2
results/fast_repro/exp06_roi/patches/val/background/172__hard3.jpg,/root/autodl-tmp/borescope-new-seg-data/v1/images/val/172.png,val,7,background,hard_fp_background,"[238.39810180664062, 116.73355102539062, 269.566162109375, 157.26211547851562]","[235, 113, 273, 161]",3
results/fast_repro/exp06_roi/patches/val/background/409__hard2.jpg,/root/autodl-tmp/borescope-new-seg-data/v1/images/val/409.png,val,7,background,hard_fp_background,"[539.04638671875, 329.83233642578125, 599.931884765625, 364.49884033203125]","[533, 326, 606, 368]",2
results/fast_repro/exp06_roi/patches/val/background/245__hard2.jpg,/root/autodl-tmp/borescope-new-seg-data/v1/images/val/245.png,val,7,background,hard_fp_background,"[500.54693603515625, 189.2743682861328, 539.7482299804688, 254.2440948486328]","[497, 183, 544, 261]",2
results/fast_repro/exp06_roi/patches/val/background/500__hard1.jpg,/root/autodl-tmp/borescope-new-seg-data/v1/images/val/500.jpg,val,7,background,hard_fp_background,"[397.3213806152344, 289.5552978515625, 553.331298828125, 337.51446533203125]","[382, 285, 569, 342]",1
results/fast_repro/exp06_roi/patches/val/background/373__hard1.jpg,/root/autodl-tmp/borescope-new-seg-data/v1/images/val/373.png,val,7,background,hard_fp_background,"[663.697509765625, 468.503173828125, 719.7440185546875, 539.7378540039062]","[658, 461, 720, 540]",1
results/fast_repro/exp06_roi/patches/val/background/10__hard23.jpg,/root/autodl-tmp/borescope-new-seg-data/v1/images/val/10.png,val,7,background,hard_fp_background,"[149.02667236328125, 328.8067626953125, 175.2978515625, 357.77203369140625]","[146, 326, 178, 361]",23
results/fast_repro/exp06_roi/patches/val/background/328__hard10.jpg,/root/autodl-tmp/borescope-new-seg-data/v1/images/val/328.png,val,7,background,hard_fp_background,"[260.01177978515625, 98.08638000488281, 284.7611389160156, 116.42160034179688]","[258, 96, 287, 118]",10
results/fast_repro/exp06_roi/patches/val/background/989__hard1.jpg,/root/autodl-tmp/borescope-new-seg-data/v1/images/val/989.jpg,val,7,background,hard_fp_background,"[178.09886169433594, 71.29574584960938, 200.48324584960938, 87.8219985961914]","[176, 70, 203, 89]",1
results/fast_repro/exp06_roi/patches/val/background/574__hard3.jpg,/root/autodl-tmp/borescope-new-seg-data/v1/images/val/574.jpg,val,7,background,hard_fp_background,"[160.41783142089844, 7.707000732421875, 369.79547119140625, 87.8829116821289]","[139, 0, 391, 96]",3
results/fast_repro/exp06_roi/patches/val/background/78__hard2.jpg,/root/autodl-tmp/borescope-new-seg-data/v1/images/val/78.png,val,7,background,hard_fp_background,"[694.0092163085938, 37.06401062011719, 720.0, 101.6767349243164]","[691, 31, 720, 108]",2
results/fast_repro/exp06_roi/patches/val/background/187__hard2.jpg,/root/autodl-tmp/borescope-new-seg-data/v1/images/val/187.png,val,7,background,hard_fp_background,"[323.59619140625, 386.7613525390625, 352.3531494140625, 412.3441162109375]","[321, 384, 355, 415]",2
results/fast_repro/exp06_roi/patches/val/background/45__hard1.jpg,/root/autodl-tmp/borescope-new-seg-data/v1/images/val/45.png,val,7,background,hard_fp_background,"[270.75921630859375, 256.0748291015625, 666.7332153320312, 519.1495971679688]","[231, 230, 706, 540]",1
results/fast_repro/exp06_roi/patches/val/background/516__hard0.jpg,/root/autodl-tmp/borescope-new-seg-data/v1/images/val/516.jpg,val,7,background,hard_fp_background,"[58.60774612426758, 210.65286254882812, 109.2601318359375, 268.62506103515625]","[54, 205, 114, 274]",0
results/fast_repro/exp06_roi/patches/val/background/328__hard11.jpg,/root/autodl-tmp/borescope-new-seg-data/v1/images/val/328.png,val,7,background,hard_fp_background,"[543.035400390625, 54.123355865478516, 638.449462890625, 150.78903198242188]","[533, 44, 648, 160]",11
results/fast_repro/exp06_roi/patches/val/background/576__hard5.jpg,/root/autodl-tmp/borescope-new-seg-data/v1/images/val/576.jpg,val,7,background,hard_fp_background,"[290.33013916015625, 149.73919677734375, 299.6251220703125, 156.80474853515625]","[289, 149, 301, 158]",5
results/fast_repro/exp06_roi/patches/val/background/416__hard0.jpg,/root/autodl-tmp/borescope-new-seg-data/v1/images/val/416.png,val,7,background,hard_fp_background,"[186.6032257080078, 68.10617065429688, 209.7808837890625, 88.8449935913086]","[184, 66, 212, 91]",0
results/fast_repro/exp06_roi/patches/val/background/432__hard12.jpg,/root/autodl-tmp/borescope-new-seg-data/v1/images/val/432.png,val,7,background,hard_fp_background,"[183.3383331298828, 66.91329956054688, 290.7528991699219, 266.3133239746094]","[173, 47, 301, 286]",12
results/fast_repro/exp06_roi/patches/val/background/479__hard3.jpg,/root/autodl-tmp/borescope-new-seg-data/v1/images/val/479.jpg,val,7,background,hard_fp_background,"[111.32601928710938, 241.58802795410156, 260.0907897949219, 329.4901123046875]","[96, 233, 275, 338]",3
results/fast_repro/exp06_roi/patches/val/background/10__hard25.jpg,/root/autodl-tmp/borescope-new-seg-data/v1/images/val/10.png,val,7,background,hard_fp_background,"[57.396697998046875, 179.551025390625, 178.78564453125, 319.53985595703125]","[45, 166, 191, 334]",25
results/fast_repro/exp06_roi/patches/val/background/392__hard6.jpg,/root/autodl-tmp/borescope-new-seg-data/v1/images/val/392.png,val,7,background,hard_fp_background,"[232.26673889160156, 436.6435852050781, 298.3284912109375, 465.8369140625]","[226, 434, 305, 469]",6
results/fast_repro/exp06_roi/patches/val/background/361__hard1.jpg,/root/autodl-tmp/borescope-new-seg-data/v1/images/val/361.png,val,7,background,hard_fp_background,"[347.5777282714844, 387.0960693359375, 407.69732666015625, 429.5344543457031]","[342, 383, 414, 434]",1
results/fast_repro/exp06_roi/patches/val/background/577__hard2.jpg,/root/autodl-tmp/borescope-new-seg-data/v1/images/val/577.jpg,val,7,background,hard_fp_background,"[293.85595703125, 158.5931396484375, 313.8607177734375, 166.9530029296875]","[292, 158, 316, 168]",2
results/fast_repro/exp06_roi/patches/val/background/160__hard2.jpg,/root/autodl-tmp/borescope-new-seg-data/v1/images/val/160.png,val,7,background,hard_fp_background,"[5.073657989501953, 16.025104522705078, 244.56350708007812, 466.31219482421875]","[0, 0, 269, 511]",2
results/fast_repro/exp06_roi/patches/val/background/62__hard0.jpg,/root/autodl-tmp/borescope-new-seg-data/v1/images/val/62.png,val,7,background,hard_fp_background,"[154.18954467773438, 3.89410400390625, 360.90277099609375, 211.75965881347656]","[134, 0, 382, 233]",0
results/fast_repro/exp06_roi/patches/val/background/408__hard1.jpg,/root/autodl-tmp/borescope-new-seg-data/v1/images/val/408.png,val,7,background,hard_fp_background,"[553.8190307617188, 312.8782043457031, 579.659912109375, 324.1579284667969]","[551, 312, 582, 325]",1
results/fast_repro/exp06_roi/patches/val/background/408__hard2.jpg,/root/autodl-tmp/borescope-new-seg-data/v1/images/val/408.png,val,7,background,hard_fp_background,"[614.793701171875, 290.872802734375, 642.749755859375, 302.97039794921875]","[612, 290, 646, 304]",2
results/fast_repro/exp06_roi/patches/val/background/392__hard7.jpg,/root/autodl-tmp/borescope-new-seg-data/v1/images/val/392.png,val,7,background,hard_fp_background,"[507.69696044921875, 414.59771728515625, 541.109130859375, 437.2666320800781]","[504, 412, 544, 440]",7
results/fast_repro/exp06_roi/patches/val/background/245__hard3.jpg,/root/autodl-tmp/borescope-new-seg-data/v1/images/val/245.png,val,7,background,hard_fp_background,"[560.767578125, 127.69697570800781, 635.7435302734375, 249.90374755859375]","[553, 115, 643, 262]",3
results/fast_repro/exp06_roi/patches/val/background/47__hard1.jpg,/root/autodl-tmp/borescope-new-seg-data/v1/images/val/47.png,val,7,background,hard_fp_background,"[225.1432647705078, 342.05816650390625, 329.780517578125, 428.5226135253906]","[215, 333, 340, 437]",1
results/fast_repro/exp06_roi/patches/val/background/78__hard3.jpg,/root/autodl-tmp/borescope-new-seg-data/v1/images/val/78.png,val,7,background,hard_fp_background,"[693.4234008789062, 43.25202178955078, 715.1917114257812, 92.74041748046875]","[691, 38, 717, 98]",3
results/fast_repro/exp06_roi/patches/val/background/411__hard1.jpg,/root/autodl-tmp/borescope-new-seg-data/v1/images/val/411.png,val,7,background,hard_fp_background,"[82.16963195800781, 0.0, 642.1952514648438, 204.12457275390625]","[26, 0, 698, 225]",1
results/fast_repro/exp06_roi/patches/val/background/392__hard8.jpg,/root/autodl-tmp/borescope-new-seg-data/v1/images/val/392.png,val,7,background,hard_fp_background,"[146.51727294921875, 506.6356201171875, 190.64544677734375, 523.2197265625]","[142, 505, 195, 525]",8
results/fast_repro/exp06_roi/patches/val/background/172__hard4.jpg,/root/autodl-tmp/borescope-new-seg-data/v1/images/val/172.png,val,7,background,hard_fp_background,"[7.944557189941406, 0.0, 631.4568481445312, 162.80975341796875]","[0, 0, 694, 179]",4
results/fast_repro/exp06_roi/patches/val/background/267__hard0.jpg,/root/autodl-tmp/borescope-new-seg-data/v1/images/val/267.png,val,7,background,hard_fp_background,"[46.50965118408203, 280.39068603515625, 85.0985107421875, 288.82415771484375]","[43, 280, 89, 290]",0
results/fast_repro/exp06_roi/patches/val/background/565__hard3.jpg,/root/autodl-tmp/borescope-new-seg-data/v1/images/val/565.jpg,val,7,background,hard_fp_background,"[291.13543701171875, 146.76043701171875, 326.85028076171875, 157.984130859375]","[288, 146, 330, 159]",3
results/fast_repro/exp06_roi/patches/val/background/538__hard2.jpg,/root/autodl-tmp/borescope-new-seg-data/v1/images/val/538.jpg,val,7,background,hard_fp_background,"[0.0, 0.0, 29.585968017578125, 34.62236022949219]","[0, 0, 33, 38]",2
results/fast_repro/exp06_roi/patches/val/background/204__hard2.jpg,/root/autodl-tmp/borescope-new-seg-data/v1/images/val/204.png,val,7,background,hard_fp_background,"[229.77874755859375, 200.04510498046875, 561.7218627929688, 480.3399658203125]","[197, 172, 595, 508]",2
results/fast_repro/exp06_roi/patches/val/background/62__hard1.jpg,/root/autodl-tmp/borescope-new-seg-data/v1/images/val/62.png,val,7,background,hard_fp_background,"[412.3658447265625, 360.010498046875, 518.2213134765625, 539.12451171875]","[402, 342, 529, 540]",1
results/fast_repro/exp06_roi/patches/val/background/651__hard1.jpg,/root/autodl-tmp/borescope-new-seg-data/v1/images/val/651.jpg,val,7,background,hard_fp_background,"[246.52847290039062, 96.50840759277344, 282.71856689453125, 124.53270721435547]","[243, 94, 286, 127]",1
results/fast_repro/exp06_roi/patches/val/background/858__hard1.jpg,/root/autodl-tmp/borescope-new-seg-data/v1/images/val/858.jpg,val,7,background,hard_fp_background,"[336.9299621582031, 178.34091186523438, 356.166748046875, 185.12159729003906]","[335, 178, 358, 186]",1
results/fast_repro/exp06_roi/patches/val/background/432__hard13.jpg,/root/autodl-tmp/borescope-new-seg-data/v1/images/val/432.png,val,7,background,hard_fp_background,"[362.052490234375, 75.89448547363281, 380.31341552734375, 95.96568298339844]","[360, 74, 382, 98]",13
results/fast_repro/exp06_roi/patches/val/background/256__hard5.jpg,/root/autodl-tmp/borescope-new-seg-data/v1/images/val/256.png,val,7,background,hard_fp_background,"[52.723060607910156, 0.0, 605.5936889648438, 270.6346435546875]","[0, 0, 661, 298]",5
results/fast_repro/exp06_roi/patches/val/background/525__hard1.jpg,/root/autodl-tmp/borescope-new-seg-data/v1/images/val/525.jpg,val,7,background,hard_fp_background,"[435.571533203125, 194.40420532226562, 458.8992004394531, 246.66932678222656]","[433, 189, 461, 252]",1
results/fast_repro/exp06_roi/patches/val/background/517__hard1.jpg,/root/autodl-tmp/borescope-new-seg-data/v1/images/val/517.jpg,val,7,background,hard_fp_background,"[280.4328308105469, 253.8483428955078, 337.854248046875, 355.1709899902344]","[275, 244, 344, 365]",1
results/fast_repro/exp06_roi/patches/val/background/10__hard26.jpg,/root/autodl-tmp/borescope-new-seg-data/v1/images/val/10.png,val,7,background,hard_fp_background,"[604.8737182617188, 215.3155517578125, 615.7987670898438, 229.89794921875]","[604, 214, 617, 231]",26
results/fast_repro/exp06_roi/patches/val/background/10__hard27.jpg,/root/autodl-tmp/borescope-new-seg-data/v1/images/val/10.png,val,7,background,hard_fp_background,"[53.13610076904297, 240.12548828125, 105.23328399658203, 315.036376953125]","[48, 233, 110, 323]",27
results/fast_repro/exp06_roi/patches/val/background/211__hard3.jpg,/root/autodl-tmp/borescope-new-seg-data/v1/images/val/211.png,val,7,background,hard_fp_background,"[323.070068359375, 389.2186279296875, 362.7979736328125, 416.7213134765625]","[319, 386, 367, 419]",3
results/fast_repro/exp06_roi/patches/val/background/330__hard1.jpg,/root/autodl-tmp/borescope-new-seg-data/v1/images/val/330.png,val,7,background,hard_fp_background,"[5.742828369140625, 21.55162239074707, 228.4689178466797, 524.815673828125]","[0, 0, 251, 540]",1
results/fast_repro/exp06_roi/patches/val/background/60__hard4.jpg,/root/autodl-tmp/borescope-new-seg-data/v1/images/val/60.png,val,7,background,hard_fp_background,"[457.43719482421875, 77.22187042236328, 487.8992004394531, 89.4921875]","[454, 76, 491, 91]",4
results/fast_repro/exp06_roi/patches/val/background/432__hard14.jpg,/root/autodl-tmp/borescope-new-seg-data/v1/images/val/432.png,val,7,background,hard_fp_background,"[218.80836486816406, 353.449462890625, 261.599365234375, 391.4388122558594]","[215, 350, 266, 395]",14
results/fast_repro/exp06_roi/patches/val/background/380__hard1.jpg,/root/autodl-tmp/borescope-new-seg-data/v1/images/val/380.png,val,7,background,hard_fp_background,"[615.8472900390625, 315.4403381347656, 644.8080444335938, 361.298095703125]","[613, 311, 648, 366]",1
results/fast_repro/exp06_roi/patches/val/background/78__hard4.jpg,/root/autodl-tmp/borescope-new-seg-data/v1/images/val/78.png,val,7,background,hard_fp_background,"[626.8987426757812, 410.97265625, 649.447509765625, 444.5780334472656]","[625, 408, 652, 448]",4
results/fast_repro/exp06_roi/patches/val/background/364__hard2.jpg,/root/autodl-tmp/borescope-new-seg-data/v1/images/val/364.png,val,7,background,hard_fp_background,"[122.75019073486328, 305.8402099609375, 209.33358764648438, 373.5133972167969]","[114, 299, 218, 380]",2
results/fast_repro/exp06_roi/patches/val/background/392__hard9.jpg,/root/autodl-tmp/borescope-new-seg-data/v1/images/val/392.png,val,7,background,hard_fp_background,"[200.30548095703125, 424.65826416015625, 320.3124084472656, 476.3619689941406]","[188, 419, 332, 482]",9
results/fast_repro/exp06_roi/patches/val/background/10__hard30.jpg,/root/autodl-tmp/borescope-new-seg-data/v1/images/val/10.png,val,7,background,hard_fp_background,"[442.17681884765625, 321.46441650390625, 569.7808227539062, 377.171630859375]","[429, 316, 583, 383]",30
results/fast_repro/exp06_roi/patches/val/background/392__hard10.jpg,/root/autodl-tmp/borescope-new-seg-data/v1/images/val/392.png,val,7,background,hard_fp_background,"[508.25006103515625, 406.62506103515625, 545.2630615234375, 439.4376525878906]","[505, 403, 549, 443]",10
results/fast_repro/exp06_roi/patches/val/background/600__hard3.jpg,/root/autodl-tmp/borescope-new-seg-data/v1/images/val/600.jpg,val,7,background,hard_fp_background,"[0.0, 65.95575714111328, 88.80584716796875, 240.2470703125]","[0, 49, 98, 258]",3
results/fast_repro/exp06_roi/patches/val/background/251__hard3.jpg,/root/autodl-tmp/borescope-new-seg-data/v1/images/val/251.png,val,7,background,hard_fp_background,"[83.04884338378906, 257.6119384765625, 124.00100708007812, 279.1876525878906]","[79, 255, 128, 281]",3
results/fast_repro/exp06_roi/patches/val/background/231__hard0.jpg,/root/autodl-tmp/borescope-new-seg-data/v1/images/val/231.png,val,7,background,hard_fp_background,"[125.29438781738281, 320.70245361328125, 553.4566040039062, 401.7755126953125]","[82, 313, 596, 410]",0
results/fast_repro/exp06_roi/patches/val/background/538__hard3.jpg,/root/autodl-tmp/borescope-new-seg-data/v1/images/val/538.jpg,val,7,background,hard_fp_background,"[90.17495727539062, 82.34033203125, 818.1751098632812, 644.4493408203125]","[17, 26, 891, 701]",3
results/fast_repro/exp06_roi/patches/val/background/574__hard4.jpg,/root/autodl-tmp/borescope-new-seg-data/v1/images/val/574.jpg,val,7,background,hard_fp_background,"[0.7801666259765625, 0.0, 720.7420043945312, 655.181640625]","[0, 0, 793, 720]",4
results/fast_repro/exp06_roi/patches/val/background/432__hard16.jpg,/root/autodl-tmp/borescope-new-seg-data/v1/images/val/432.png,val,7,background,hard_fp_background,"[607.9051513671875, 387.98223876953125, 673.9832153320312, 413.0478210449219]","[601, 385, 681, 416]",16
results/fast_repro/exp06_roi/patches/val/background/62__hard3.jpg,/root/autodl-tmp/borescope-new-seg-data/v1/images/val/62.png,val,7,background,hard_fp_background,"[205.61973571777344, 261.9157409667969, 263.4928894042969, 399.8514404296875]","[200, 248, 269, 414]",3
results/fast_repro/exp06_roi/patches/val/background/172__hard5.jpg,/root/autodl-tmp/borescope-new-seg-data/v1/images/val/172.png,val,7,background,hard_fp_background,"[201.66183471679688, 22.242164611816406, 702.4976196289062, 253.9150848388672]","[152, 0, 720, 277]",5
results/fast_repro/exp06_roi/patches/val/background/42__hard1.jpg,/root/autodl-tmp/borescope-new-seg-data/v1/images/val/42.png,val,7,background,hard_fp_background,"[283.5635986328125, 239.67059326171875, 676.8235473632812, 444.9822692871094]","[244, 219, 716, 466]",1
results/fast_repro/exp06_roi/patches/val/background/267__hard3.jpg,/root/autodl-tmp/borescope-new-seg-data/v1/images/val/267.png,val,7,background,hard_fp_background,"[4.4357171058654785, 262.463134765625, 45.69308853149414, 277.53131103515625]","[0, 261, 50, 279]",3
results/fast_repro/exp06_roi/patches/val/background/392__hard11.jpg,/root/autodl-tmp/borescope-new-seg-data/v1/images/val/392.png,val,7,background,hard_fp_background,"[130.02142333984375, 456.14013671875, 169.4771728515625, 481.68896484375]","[126, 454, 173, 484]",11
results/fast_repro/exp06_roi/patches/val/background/330__hard2.jpg,/root/autodl-tmp/borescope-new-seg-data/v1/images/val/330.png,val,7,background,hard_fp_background,"[4.1282501220703125, 143.60723876953125, 205.14886474609375, 527.5746459960938]","[0, 105, 225, 540]",2
results/fast_repro/exp06_roi/patches/val/background/92__hard2.jpg,/root/autodl-tmp/borescope-new-seg-data/v1/images/val/92.png,val,7,background,hard_fp_background,"[18.032838821411133, 87.8553466796875, 228.5267333984375, 538.8964233398438]","[0, 43, 250, 540]",2
results/fast_repro/exp06_roi/patches/val/background/267__hard4.jpg,/root/autodl-tmp/borescope-new-seg-data/v1/images/val/267.png,val,7,background,hard_fp_background,"[676.845703125, 140.77622985839844, 693.543701171875, 154.79774475097656]","[675, 139, 695, 156]",4
results/fast_repro/exp06_roi/patches/val/background/409__hard4.jpg,/root/autodl-tmp/borescope-new-seg-data/v1/images/val/409.png,val,7,background,hard_fp_background,"[250.02818298339844, 346.9017333984375, 623.0958251953125, 476.3265380859375]","[213, 334, 640, 480]",4
results/fast_repro/exp06_roi/patches/val/background/62__hard4.jpg,/root/autodl-tmp/borescope-new-seg-data/v1/images/val/62.png,val,7,background,hard_fp_background,"[150.19879150390625, 468.9858093261719, 221.64013671875, 509.45916748046875]","[143, 465, 229, 514]",4
results/fast_repro/exp06_roi/patches/val/background/432__hard17.jpg,/root/autodl-tmp/borescope-new-seg-data/v1/images/val/432.png,val,7,background,hard_fp_background,"[668.2582397460938, 328.8692626953125, 712.8621826171875, 364.61529541015625]","[664, 325, 717, 368]",17
results/fast_repro/exp06_roi/patches/val/background/172__hard6.jpg,/root/autodl-tmp/borescope-new-seg-data/v1/images/val/172.png,val,7,background,hard_fp_background,"[244.28396606445312, 120.5713119506836, 268.7354736328125, 153.20709228515625]","[242, 117, 271, 156]",6
results/fast_repro/exp06_roi/patches/val/background/566__hard4.jpg,/root/autodl-tmp/borescope-new-seg-data/v1/images/val/566.jpg,val,7,background,hard_fp_background,"[346.62109375, 162.37506103515625, 355.802978515625, 167.89898681640625]","[346, 162, 357, 168]",4
results/fast_repro/exp06_roi/patches/val/background/62__hard5.jpg,/root/autodl-tmp/borescope-new-seg-data/v1/images/val/62.png,val,7,background,hard_fp_background,"[92.74003601074219, 293.5158996582031, 202.64752197265625, 431.07818603515625]","[82, 280, 214, 445]",5
results/fast_repro/exp06_roi/patches/val/background/951__random0.jpg,/root/autodl-tmp/borescope-new-seg-data/v1/images/val/951.jpg,val,7,background,random_background,"[100, 202, 223, 267]","[100, 202, 223, 267]",0
results/fast_repro/exp06_roi/patches/val/background/987__random1.jpg,/root/autodl-tmp/borescope-new-seg-data/v1/images/val/987.jpg,val,7,background,random_background,"[687, 240, 793, 384]","[687, 240, 793, 384]",1
results/fast_repro/exp06_roi/patches/val/background/793__random2.jpg,/root/autodl-tmp/borescope-new-seg-data/v1/images/val/793.jpg,val,7,background,random_background,"[299, 39, 369, 117]","[299, 39, 369, 117]",2
results/fast_repro/exp06_roi/patches/val/background/965__random3.jpg,/root/autodl-tmp/borescope-new-seg-data/v1/images/val/965.jpg,val,7,background,random_background,"[438, 172, 486, 221]","[438, 172, 486, 221]",3
results/fast_repro/exp06_roi/patches/val/background/32__random4.jpg,/root/autodl-tmp/borescope-new-seg-data/v1/images/val/32.png,val,7,background,random_background,"[656, 446, 692, 458]","[656, 446, 692, 458]",4
results/fast_repro/exp06_roi/patches/val/background/792__random5.jpg,/root/autodl-tmp/borescope-new-seg-data/v1/images/val/792.jpg,val,7,background,random_background,"[6, 0, 333, 288]","[6, 0, 333, 288]",5
results/fast_repro/exp06_roi/patches/val/background/211__random6.jpg,/root/autodl-tmp/borescope-new-seg-data/v1/images/val/211.png,val,7,background,random_background,"[275, 50, 552, 360]","[275, 50, 552, 360]",6
results/fast_repro/exp06_roi/patches/val/background/552__random7.jpg,/root/autodl-tmp/borescope-new-seg-data/v1/images/val/552.jpg,val,7,background,random_background,"[519, 15, 567, 45]","[519, 15, 567, 45]",7
results/fast_repro/exp06_roi/patches/val/background/987__random8.jpg,/root/autodl-tmp/borescope-new-seg-data/v1/images/val/987.jpg,val,7,background,random_background,"[928, 37, 943, 49]","[928, 37, 943, 49]",8
results/fast_repro/exp06_roi/patches/val/background/955__random9.jpg,/root/autodl-tmp/borescope-new-seg-data/v1/images/val/955.jpg,val,7,background,random_background,"[0, 0, 384, 288]","[0, 0, 384, 288]",9
results/fast_repro/exp06_roi/patches/val/background/677__random10.jpg,/root/autodl-tmp/borescope-new-seg-data/v1/images/val/677.jpg,val,7,background,random_background,"[148, 34, 210, 93]","[148, 34, 210, 93]",10
results/fast_repro/exp06_roi/patches/val/background/824__random11.jpg,/root/autodl-tmp/borescope-new-seg-data/v1/images/val/824.jpg,val,7,background,random_background,"[128, 0, 321, 288]","[128, 0, 321, 288]",11
results/fast_repro/exp06_roi/patches/val/background/535__random12.jpg,/root/autodl-tmp/borescope-new-seg-data/v1/images/val/535.jpg,val,7,background,random_background,"[143, 456, 161, 479]","[143, 456, 161, 479]",12
results/fast_repro/exp06_roi/patches/val/background/411__random13.jpg,/root/autodl-tmp/borescope-new-seg-data/v1/images/val/411.png,val,7,background,random_background,"[149, 495, 198, 513]","[149, 495, 198, 513]",13
results/fast_repro/exp06_roi/patches/val/background/668__random14.jpg,/root/autodl-tmp/borescope-new-seg-data/v1/images/val/668.jpg,val,7,background,random_background,"[64, 270, 72, 284]","[64, 270, 72, 284]",14
results/fast_repro/exp06_roi/patches/val/background/842__random15.jpg,/root/autodl-tmp/borescope-new-seg-data/v1/images/val/842.jpg,val,7,background,random_background,"[0, 0, 384, 288]","[0, 0, 384, 288]",15
results/fast_repro/exp06_roi/patches/val/background/907__random16.jpg,/root/autodl-tmp/borescope-new-seg-data/v1/images/val/907.jpg,val,7,background,random_background,"[278, 89, 298, 118]","[278, 89, 298, 118]",16
results/fast_repro/exp06_roi/patches/val/background/700__random17.jpg,/root/autodl-tmp/borescope-new-seg-data/v1/images/val/700.jpg,val,7,background,random_background,"[855, 39, 878, 203]","[855, 39, 878, 203]",17
results/fast_repro/exp06_roi/patches/val/background/905__random18.jpg,/root/autodl-tmp/borescope-new-seg-data/v1/images/val/905.jpg,val,7,background,random_background,"[264, 103, 330, 250]","[264, 103, 330, 250]",18
results/fast_repro/exp06_roi/patches/val/background/660__random19.jpg,/root/autodl-tmp/borescope-new-seg-data/v1/images/val/660.jpg,val,7,background,random_background,"[0, 32, 384, 263]","[0, 32, 384, 263]",19
results/fast_repro/exp06_roi/patches/val/background/373__random20.jpg,/root/autodl-tmp/borescope-new-seg-data/v1/images/val/373.png,val,7,background,random_background,"[658, 143, 666, 235]","[658, 143, 666, 235]",20
results/fast_repro/exp06_roi/patches/val/background/516__random21.jpg,/root/autodl-tmp/borescope-new-seg-data/v1/images/val/516.jpg,val,7,background,random_background,"[734, 121, 824, 198]","[734, 121, 824, 198]",21
results/fast_repro/exp06_roi/patches/val/background/523__random22.jpg,/root/autodl-tmp/borescope-new-seg-data/v1/images/val/523.jpg,val,7,background,random_background,"[493, 490, 573, 553]","[493, 490, 573, 553]",22
results/fast_repro/exp06_roi/patches/val/background/857__random23.jpg,/root/autodl-tmp/borescope-new-seg-data/v1/images/val/857.jpg,val,7,background,random_background,"[420, 22, 438, 40]","[420, 22, 438, 40]",23
results/fast_repro/exp06_roi/patches/val/background/538__random24.jpg,/root/autodl-tmp/borescope-new-seg-data/v1/images/val/538.jpg,val,7,background,random_background,"[137, 644, 200, 675]","[137, 644, 200, 675]",24
results/fast_repro/exp06_roi/patches/val/background/897__random25.jpg,/root/autodl-tmp/borescope-new-seg-data/v1/images/val/897.jpg,val,7,background,random_background,"[85, 66, 119, 111]","[85, 66, 119, 111]",25
results/fast_repro/exp06_roi/patches/val/background/568__random26.jpg,/root/autodl-tmp/borescope-new-seg-data/v1/images/val/568.jpg,val,7,background,random_background,"[482, 493, 557, 554]","[482, 493, 557, 554]",26
results/fast_repro/exp06_roi/patches/val/background/432__random27.jpg,/root/autodl-tmp/borescope-new-seg-data/v1/images/val/432.png,val,7,background,random_background,"[596, 186, 624, 203]","[596, 186, 624, 203]",27
results/fast_repro/exp06_roi/patches/val/background/896__random28.jpg,/root/autodl-tmp/borescope-new-seg-data/v1/images/val/896.jpg,val,7,background,random_background,"[232, 17, 273, 165]","[232, 17, 273, 165]",28
results/fast_repro/exp06_roi/patches/val/background/523__random29.jpg,/root/autodl-tmp/borescope-new-seg-data/v1/images/val/523.jpg,val,7,background,random_background,"[207, 267, 482, 655]","[207, 267, 482, 655]",29
results/fast_repro/exp06_roi/patches/val/background/888__random30.jpg,/root/autodl-tmp/borescope-new-seg-data/v1/images/val/888.jpg,val,7,background,random_background,"[90, 121, 200, 198]","[90, 121, 200, 198]",30
results/fast_repro/exp06_roi/patches/val/background/1007__random31.jpg,/root/autodl-tmp/borescope-new-seg-data/v1/images/val/1007.jpg,val,7,background,random_background,"[192, 30, 368, 151]","[192, 30, 368, 151]",31
results/fast_repro/exp06_roi/patches/val/background/244__random32.jpg,/root/autodl-tmp/borescope-new-seg-data/v1/images/val/244.png,val,7,background,random_background,"[276, 423, 535, 491]","[276, 423, 535, 491]",32
results/fast_repro/exp06_roi/patches/val/background/925__random33.jpg,/root/autodl-tmp/borescope-new-seg-data/v1/images/val/925.jpg,val,7,background,random_background,"[195, 179, 203, 195]","[195, 179, 203, 195]",33
results/fast_repro/exp06_roi/patches/val/background/990__random34.jpg,/root/autodl-tmp/borescope-new-seg-data/v1/images/val/990.jpg,val,7,background,random_background,"[244, 119, 269, 150]","[244, 119, 269, 150]",34
results/fast_repro/exp06_roi/patches/val/background/231__random35.jpg,/root/autodl-tmp/borescope-new-seg-data/v1/images/val/231.png,val,7,background,random_background,"[263, 96, 287, 133]","[263, 96, 287, 133]",35
results/fast_repro/exp06_roi/patches/val/background/32__random36.jpg,/root/autodl-tmp/borescope-new-seg-data/v1/images/val/32.png,val,7,background,random_background,"[7, 384, 36, 395]","[7, 384, 36, 395]",36
results/fast_repro/exp06_roi/patches/val/background/506__random37.jpg,/root/autodl-tmp/borescope-new-seg-data/v1/images/val/506.jpg,val,7,background,random_background,"[436, 667, 450, 682]","[436, 667, 450, 682]",37
results/fast_repro/exp06_roi/patches/val/background/989__random38.jpg,/root/autodl-tmp/borescope-new-seg-data/v1/images/val/989.jpg,val,7,background,random_background,"[144, 23, 295, 266]","[144, 23, 295, 266]",38
results/fast_repro/exp06_roi/patches/val/background/565__random39.jpg,/root/autodl-tmp/borescope-new-seg-data/v1/images/val/565.jpg,val,7,background,random_background,"[494, 91, 587, 132]","[494, 91, 587, 132]",39
results/fast_repro/exp06_roi/patches/val/background/681__random40.jpg,/root/autodl-tmp/borescope-new-seg-data/v1/images/val/681.jpg,val,7,background,random_background,"[314, 352, 360, 409]","[314, 352, 360, 409]",40
results/fast_repro/exp06_roi/patches/val/background/722__random41.jpg,/root/autodl-tmp/borescope-new-seg-data/v1/images/val/722.jpg,val,7,background,random_background,"[235, 457, 368, 526]","[235, 457, 368, 526]",41
results/fast_repro/exp06_roi/patches/val/background/416__random42.jpg,/root/autodl-tmp/borescope-new-seg-data/v1/images/val/416.png,val,7,background,random_background,"[173, 281, 402, 442]","[173, 281, 402, 442]",42
results/fast_repro/exp06_roi/patches/val/background/87__random43.jpg,/root/autodl-tmp/borescope-new-seg-data/v1/images/val/87.png,val,7,background,random_background,"[93, 421, 200, 529]","[93, 421, 200, 529]",43
results/fast_repro/exp06_roi/patches/val/background/392__random44.jpg,/root/autodl-tmp/borescope-new-seg-data/v1/images/val/392.png,val,7,background,random_background,"[32, 134, 292, 185]","[32, 134, 292, 185]",44
results/fast_repro/exp06_roi/patches/val/background/519__random45.jpg,/root/autodl-tmp/borescope-new-seg-data/v1/images/val/519.jpg,val,7,background,random_background,"[393, 205, 501, 641]","[393, 205, 501, 641]",45
results/fast_repro/exp06_roi/patches/val/background/907__random46.jpg,/root/autodl-tmp/borescope-new-seg-data/v1/images/val/907.jpg,val,7,background,random_background,"[89, 163, 177, 216]","[89, 163, 177, 216]",46
results/fast_repro/exp06_roi/patches/val/background/877__random47.jpg,/root/autodl-tmp/borescope-new-seg-data/v1/images/val/877.jpg,val,7,background,random_background,"[823, 530, 838, 678]","[823, 530, 838, 678]",47
results/fast_repro/exp06_roi/patches/val/background/571__random48.jpg,/root/autodl-tmp/borescope-new-seg-data/v1/images/val/571.jpg,val,7,background,random_background,"[528, 118, 558, 162]","[528, 118, 558, 162]",48
results/fast_repro/exp06_roi/patches/val/background/905__random49.jpg,/root/autodl-tmp/borescope-new-seg-data/v1/images/val/905.jpg,val,7,background,random_background,"[46, 140, 166, 179]","[46, 140, 166, 179]",49
results/fast_repro/exp06_roi/patches/val/background/568__random50.jpg,/root/autodl-tmp/borescope-new-seg-data/v1/images/val/568.jpg,val,7,background,random_background,"[835, 283, 887, 343]","[835, 283, 887, 343]",50
results/fast_repro/exp06_roi/patches/val/background/522__random51.jpg,/root/autodl-tmp/borescope-new-seg-data/v1/images/val/522.jpg,val,7,background,random_background,"[413, 588, 434, 607]","[413, 588, 434, 607]",51
results/fast_repro/exp06_roi/patches/val/background/881__random52.jpg,/root/autodl-tmp/borescope-new-seg-data/v1/images/val/881.jpg,val,7,background,random_background,"[525, 263, 569, 275]","[525, 263, 569, 275]",52
results/fast_repro/exp06_roi/patches/val/background/939__random53.jpg,/root/autodl-tmp/borescope-new-seg-data/v1/images/val/939.jpg,val,7,background,random_background,"[193, 247, 214, 275]","[193, 247, 214, 275]",53
results/fast_repro/exp06_roi/patches/val/background/538__random54.jpg,/root/autodl-tmp/borescope-new-seg-data/v1/images/val/538.jpg,val,7,background,random_background,"[235, 459, 794, 695]","[235, 459, 794, 695]",54
results/fast_repro/exp06_roi/patches/val/background/990__random55.jpg,/root/autodl-tmp/borescope-new-seg-data/v1/images/val/990.jpg,val,7,background,random_background,"[97, 162, 280, 239]","[97, 162, 280, 239]",55
results/fast_repro/exp06_roi/patches/val/background/519__random56.jpg,/root/autodl-tmp/borescope-new-seg-data/v1/images/val/519.jpg,val,7,background,random_background,"[361, 528, 507, 554]","[361, 528, 507, 554]",56
results/fast_repro/exp06_roi/patches/val/background/939__random57.jpg,/root/autodl-tmp/borescope-new-seg-data/v1/images/val/939.jpg,val,7,background,random_background,"[147, 47, 162, 55]","[147, 47, 162, 55]",57
results/fast_repro/exp06_roi/patches/val/background/729__random58.jpg,/root/autodl-tmp/borescope-new-seg-data/v1/images/val/729.jpg,val,7,background,random_background,"[243, 160, 276, 179]","[243, 160, 276, 179]",58
results/fast_repro/exp06_roi/patches/val/background/660__random59.jpg,/root/autodl-tmp/borescope-new-seg-data/v1/images/val/660.jpg,val,7,background,random_background,"[97, 127, 182, 170]","[97, 127, 182, 170]",59
results/fast_repro/exp06_roi/patches/val/background/211__random60.jpg,/root/autodl-tmp/borescope-new-seg-data/v1/images/val/211.png,val,7,background,random_background,"[43, 246, 154, 357]","[43, 246, 154, 357]",60
results/fast_repro/exp06_roi/patches/val/background/684__random61.jpg,/root/autodl-tmp/borescope-new-seg-data/v1/images/val/684.jpg,val,7,background,random_background,"[140, 62, 240, 248]","[140, 62, 240, 248]",61
results/fast_repro/exp06_roi/patches/val/background/464__random62.jpg,/root/autodl-tmp/borescope-new-seg-data/v1/images/val/464.jpg,val,7,background,random_background,"[590, 65, 685, 309]","[590, 65, 685, 309]",62
results/fast_repro/exp06_roi/patches/val/background/87__random63.jpg,/root/autodl-tmp/borescope-new-seg-data/v1/images/val/87.png,val,7,background,random_background,"[553, 33, 572, 61]","[553, 33, 572, 61]",63
results/fast_repro/exp06_roi/patches/val/background/881__random64.jpg,/root/autodl-tmp/borescope-new-seg-data/v1/images/val/881.jpg,val,7,background,random_background,"[178, 468, 192, 481]","[178, 468, 192, 481]",64
results/fast_repro/exp06_roi/patches/val/background/328__random65.jpg,/root/autodl-tmp/borescope-new-seg-data/v1/images/val/328.png,val,7,background,random_background,"[12, 215, 31, 239]","[12, 215, 31, 239]",65
results/fast_repro/exp06_roi/patches/val/background/703__random66.jpg,/root/autodl-tmp/borescope-new-seg-data/v1/images/val/703.jpg,val,7,background,random_background,"[132, 47, 152, 96]","[132, 47, 152, 96]",66
results/fast_repro/exp06_roi/patches/val/background/951__random67.jpg,/root/autodl-tmp/borescope-new-seg-data/v1/images/val/951.jpg,val,7,background,random_background,"[627, 351, 786, 511]","[627, 351, 786, 511]",67
results/fast_repro/exp06_roi/patches/val/background/677__random68.jpg,/root/autodl-tmp/borescope-new-seg-data/v1/images/val/677.jpg,val,7,background,random_background,"[179, 190, 328, 220]","[179, 190, 328, 220]",68
results/fast_repro/exp06_roi/patches/val/background/677__random69.jpg,/root/autodl-tmp/borescope-new-seg-data/v1/images/val/677.jpg,val,7,background,random_background,"[67, 58, 174, 214]","[67, 58, 174, 214]",69
results/fast_repro/exp06_roi/patches/val/background/251__random70.jpg,/root/autodl-tmp/borescope-new-seg-data/v1/images/val/251.png,val,7,background,random_background,"[390, 50, 506, 432]","[390, 50, 506, 432]",70
results/fast_repro/exp06_roi/patches/val/background/364__random71.jpg,/root/autodl-tmp/borescope-new-seg-data/v1/images/val/364.png,val,7,background,random_background,"[498, 76, 683, 369]","[498, 76, 683, 369]",71
results/fast_repro/exp06_roi/patches/val/background/545__random72.jpg,/root/autodl-tmp/borescope-new-seg-data/v1/images/val/545.jpg,val,7,background,random_background,"[101, 167, 138, 211]","[101, 167, 138, 211]",72
results/fast_repro/exp06_roi/patches/val/background/793__random73.jpg,/root/autodl-tmp/borescope-new-seg-data/v1/images/val/793.jpg,val,7,background,random_background,"[285, 238, 329, 282]","[285, 238, 329, 282]",73
results/fast_repro/exp06_roi/patches/val/background/548__random74.jpg,/root/autodl-tmp/borescope-new-seg-data/v1/images/val/548.jpg,val,7,background,random_background,"[888, 620, 917, 662]","[888, 620, 917, 662]",74
results/fast_repro/exp06_roi/patches/val/background/484__random75.jpg,/root/autodl-tmp/borescope-new-seg-data/v1/images/val/484.jpg,val,7,background,random_background,"[178, 291, 197, 335]","[178, 291, 197, 335]",75
results/fast_repro/exp06_roi/patches/val/background/660__random76.jpg,/root/autodl-tmp/borescope-new-seg-data/v1/images/val/660.jpg,val,7,background,random_background,"[114, 0, 321, 288]","[114, 0, 321, 288]",76
results/fast_repro/exp06_roi/patches/val/background/703__random77.jpg,/root/autodl-tmp/borescope-new-seg-data/v1/images/val/703.jpg,val,7,background,random_background,"[74, 222, 97, 278]","[74, 222, 97, 278]",77
results/fast_repro/exp06_roi/patches/val/background/422__random78.jpg,/root/autodl-tmp/borescope-new-seg-data/v1/images/val/422.png,val,7,background,random_background,"[414, 434, 563, 534]","[414, 434, 563, 534]",78
results/fast_repro/exp06_roi/patches/val/background/187__random79.jpg,/root/autodl-tmp/borescope-new-seg-data/v1/images/val/187.png,val,7,background,random_background,"[81, 334, 514, 441]","[81, 334, 514, 441]",79
results/fast_repro/exp06_roi/patches/val/background/574__random80.jpg,/root/autodl-tmp/borescope-new-seg-data/v1/images/val/574.jpg,val,7,background,random_background,"[908, 455, 936, 476]","[908, 455, 936, 476]",80
results/fast_repro/exp06_roi/patches/val/background/45__random81.jpg,/root/autodl-tmp/borescope-new-seg-data/v1/images/val/45.png,val,7,background,random_background,"[380, 179, 702, 466]","[380, 179, 702, 466]",81
results/fast_repro/exp06_roi/patches/val/background/211__random82.jpg,/root/autodl-tmp/borescope-new-seg-data/v1/images/val/211.png,val,7,background,random_background,"[65, 449, 80, 463]","[65, 449, 80, 463]",82
results/fast_repro/exp06_roi/patches/val/background/843__random83.jpg,/root/autodl-tmp/borescope-new-seg-data/v1/images/val/843.jpg,val,7,background,random_background,"[268, 195, 300, 278]","[268, 195, 300, 278]",83
results/fast_repro/exp06_roi/patches/val/background/231__random84.jpg,/root/autodl-tmp/borescope-new-seg-data/v1/images/val/231.png,val,7,background,random_background,"[399, 158, 488, 326]","[399, 158, 488, 326]",84
results/fast_repro/exp06_roi/patches/val/background/910__random85.jpg,/root/autodl-tmp/borescope-new-seg-data/v1/images/val/910.jpg,val,7,background,random_background,"[333, 243, 563, 576]","[333, 243, 563, 576]",85
results/fast_repro/exp06_roi/patches/val/background/836__random86.jpg,/root/autodl-tmp/borescope-new-seg-data/v1/images/val/836.jpg,val,7,background,random_background,"[69, 178, 140, 228]","[69, 178, 140, 228]",86
results/fast_repro/exp06_roi/patches/val/background/940__random87.jpg,/root/autodl-tmp/borescope-new-seg-data/v1/images/val/940.jpg,val,7,background,random_background,"[651, 445, 907, 646]","[651, 445, 907, 646]",87
results/fast_repro/exp06_roi/patches/val/background/910__random88.jpg,/root/autodl-tmp/borescope-new-seg-data/v1/images/val/910.jpg,val,7,background,random_background,"[552, 232, 634, 402]","[552, 232, 634, 402]",88
results/fast_repro/exp06_roi/patches/val/background/241__random89.jpg,/root/autodl-tmp/borescope-new-seg-data/v1/images/val/241.png,val,7,background,random_background,"[159, 155, 171, 258]","[159, 155, 171, 258]",89
results/fast_repro/exp06_roi/patches/val/background/35__random90.jpg,/root/autodl-tmp/borescope-new-seg-data/v1/images/val/35.png,val,7,background,random_background,"[69, 176, 231, 205]","[69, 176, 231, 205]",90
results/fast_repro/exp06_roi/patches/val/background/571__random91.jpg,/root/autodl-tmp/borescope-new-seg-data/v1/images/val/571.jpg,val,7,background,random_background,"[503, 244, 511, 252]","[503, 244, 511, 252]",91
results/fast_repro/exp06_roi/patches/val/background/577__random92.jpg,/root/autodl-tmp/borescope-new-seg-data/v1/images/val/577.jpg,val,7,background,random_background,"[611, 118, 628, 126]","[611, 118, 628, 126]",92
results/fast_repro/exp06_roi/patches/val/background/32__random93.jpg,/root/autodl-tmp/borescope-new-seg-data/v1/images/val/32.png,val,7,background,random_background,"[574, 223, 612, 274]","[574, 223, 612, 274]",93
results/fast_repro/exp06_roi/patches/val/background/519__random94.jpg,/root/autodl-tmp/borescope-new-seg-data/v1/images/val/519.jpg,val,7,background,random_background,"[529, 278, 677, 448]","[529, 278, 677, 448]",94
results/fast_repro/exp06_roi/patches/val/background/364__random95.jpg,/root/autodl-tmp/borescope-new-seg-data/v1/images/val/364.png,val,7,background,random_background,"[463, 139, 521, 239]","[463, 139, 521, 239]",95
results/fast_repro/exp06_roi/patches/val/background/865__random96.jpg,/root/autodl-tmp/borescope-new-seg-data/v1/images/val/865.jpg,val,7,background,random_background,"[273, 5, 325, 153]","[273, 5, 325, 153]",96
results/fast_repro/exp06_roi/patches/val/background/473__random97.jpg,/root/autodl-tmp/borescope-new-seg-data/v1/images/val/473.jpg,val,7,background,random_background,"[448, 372, 729, 681]","[448, 372, 729, 681]",97
results/fast_repro/exp06_roi/patches/val/background/35__random98.jpg,/root/autodl-tmp/borescope-new-seg-data/v1/images/val/35.png,val,7,background,random_background,"[55, 175, 457, 295]","[55, 175, 457, 295]",98
results/fast_repro/exp06_roi/patches/val/background/752__random99.jpg,/root/autodl-tmp/borescope-new-seg-data/v1/images/val/752.jpg,val,7,background,random_background,"[380, 474, 521, 532]","[380, 474, 521, 532]",99
results/fast_repro/exp06_roi/patches/val/background/555__random100.jpg,/root/autodl-tmp/borescope-new-seg-data/v1/images/val/555.jpg,val,7,background,random_background,"[196, 256, 253, 309]","[196, 256, 253, 309]",100
results/fast_repro/exp06_roi/patches/val/background/703__random101.jpg,/root/autodl-tmp/borescope-new-seg-data/v1/images/val/703.jpg,val,7,background,random_background,"[15, 12, 339, 282]","[15, 12, 339, 282]",101
results/fast_repro/exp06_roi/patches/val/background/785__random102.jpg,/root/autodl-tmp/borescope-new-seg-data/v1/images/val/785.jpg,val,7,background,random_background,"[0, 24, 384, 180]","[0, 24, 384, 180]",102
results/fast_repro/exp06_roi/patches/val/background/907__random103.jpg,/root/autodl-tmp/borescope-new-seg-data/v1/images/val/907.jpg,val,7,background,random_background,"[159, 82, 216, 133]","[159, 82, 216, 133]",103
results/fast_repro/exp06_roi/patches/val/background/411__random104.jpg,/root/autodl-tmp/borescope-new-seg-data/v1/images/val/411.png,val,7,background,random_background,"[125, 129, 162, 159]","[125, 129, 162, 159]",104
results/fast_repro/exp06_roi/patches/val/background/858__random105.jpg,/root/autodl-tmp/borescope-new-seg-data/v1/images/val/858.jpg,val,7,background,random_background,"[111, 57, 174, 88]","[111, 57, 174, 88]",105
results/fast_repro/exp06_roi/patches/val/background/527__random106.jpg,/root/autodl-tmp/borescope-new-seg-data/v1/images/val/527.jpg,val,7,background,random_background,"[282, 598, 290, 689]","[282, 598, 290, 689]",106
results/fast_repro/exp06_roi/patches/val/background/328__random107.jpg,/root/autodl-tmp/borescope-new-seg-data/v1/images/val/328.png,val,7,background,random_background,"[43, 486, 55, 500]","[43, 486, 55, 500]",107
results/fast_repro/exp06_roi/patches/val/background/1000__random108.jpg,/root/autodl-tmp/borescope-new-seg-data/v1/images/val/1000.jpg,val,7,background,random_background,"[80, 127, 162, 259]","[80, 127, 162, 259]",108
results/fast_repro/exp06_roi/patches/val/background/244__random109.jpg,/root/autodl-tmp/borescope-new-seg-data/v1/images/val/244.png,val,7,background,random_background,"[61, 30, 144, 157]","[61, 30, 144, 157]",109
results/fast_repro/exp06_roi/patches/val/background/525__random110.jpg,/root/autodl-tmp/borescope-new-seg-data/v1/images/val/525.jpg,val,7,background,random_background,"[774, 355, 795, 388]","[774, 355, 795, 388]",110
results/fast_repro/exp06_roi/patches/val/background/783__random111.jpg,/root/autodl-tmp/borescope-new-seg-data/v1/images/val/783.jpg,val,7,background,random_background,"[34, 0, 270, 288]","[34, 0, 270, 288]",111
results/fast_repro/exp06_roi/patches/val/background/475__random112.jpg,/root/autodl-tmp/borescope-new-seg-data/v1/images/val/475.jpg,val,7,background,random_background,"[749, 479, 793, 529]","[749, 479, 793, 529]",112
results/fast_repro/exp06_roi/patches/val/background/565__random113.jpg,/root/autodl-tmp/borescope-new-seg-data/v1/images/val/565.jpg,val,7,background,random_background,"[70, 271, 79, 283]","[70, 271, 79, 283]",113
results/fast_repro/exp06_roi/patches/val/background/409__random114.jpg,/root/autodl-tmp/borescope-new-seg-data/v1/images/val/409.png,val,7,background,random_background,"[375, 232, 397, 324]","[375, 232, 397, 324]",114
results/fast_repro/exp06_roi/patches/val/background/677__random115.jpg,/root/autodl-tmp/borescope-new-seg-data/v1/images/val/677.jpg,val,7,background,random_background,"[275, 198, 297, 207]","[275, 198, 297, 207]",115
results/fast_repro/exp06_roi/patches/val/background/475__random116.jpg,/root/autodl-tmp/borescope-new-seg-data/v1/images/val/475.jpg,val,7,background,random_background,"[157, 313, 291, 467]","[157, 313, 291, 467]",116
results/fast_repro/exp06_roi/patches/val/background/568__random117.jpg,/root/autodl-tmp/borescope-new-seg-data/v1/images/val/568.jpg,val,7,background,random_background,"[98, 535, 164, 556]","[98, 535, 164, 556]",117
results/fast_repro/exp06_roi/patches/val/background/500__random118.jpg,/root/autodl-tmp/borescope-new-seg-data/v1/images/val/500.jpg,val,7,background,random_background,"[584, 397, 739, 475]","[584, 397, 739, 475]",118
results/fast_repro/exp06_roi/patches/val/background/865__random119.jpg,/root/autodl-tmp/borescope-new-seg-data/v1/images/val/865.jpg,val,7,background,random_background,"[25, 187, 43, 216]","[25, 187, 43, 216]",119
results/fast_repro/exp06_roi/patches/val/background/519__random120.jpg,/root/autodl-tmp/borescope-new-seg-data/v1/images/val/519.jpg,val,7,background,random_background,"[943, 213, 958, 223]","[943, 213, 958, 223]",120
results/fast_repro/exp06_roi/patches/val/background/865__random121.jpg,/root/autodl-tmp/borescope-new-seg-data/v1/images/val/865.jpg,val,7,background,random_background,"[23, 142, 351, 192]","[23, 142, 351, 192]",121
results/fast_repro/exp06_roi/patches/val/background/925__random122.jpg,/root/autodl-tmp/borescope-new-seg-data/v1/images/val/925.jpg,val,7,background,random_background,"[39, 110, 65, 141]","[39, 110, 65, 141]",122
results/fast_repro/exp06_roi/patches/val/background/905__random123.jpg,/root/autodl-tmp/borescope-new-seg-data/v1/images/val/905.jpg,val,7,background,random_background,"[0, 48, 384, 111]","[0, 48, 384, 111]",123
results/fast_repro/exp06_roi/patches/val/background/479__random124.jpg,/root/autodl-tmp/borescope-new-seg-data/v1/images/val/479.jpg,val,7,background,random_background,"[183, 425, 284, 577]","[183, 425, 284, 577]",124
results/fast_repro/exp06_roi/patches/val/background/262__random125.jpg,/root/autodl-tmp/borescope-new-seg-data/v1/images/val/262.png,val,7,background,random_background,"[437, 452, 448, 474]","[437, 452, 448, 474]",125
results/fast_repro/exp06_roi/patches/val/background/256__random126.jpg,/root/autodl-tmp/borescope-new-seg-data/v1/images/val/256.png,val,7,background,random_background,"[516, 172, 581, 205]","[516, 172, 581, 205]",126
results/fast_repro/exp06_roi/patches/val/background/411__random127.jpg,/root/autodl-tmp/borescope-new-seg-data/v1/images/val/411.png,val,7,background,random_background,"[360, 161, 467, 338]","[360, 161, 467, 338]",127
results/fast_repro/exp06_roi/patches/val/background/951__random128.jpg,/root/autodl-tmp/borescope-new-seg-data/v1/images/val/951.jpg,val,7,background,random_background,"[324, 220, 778, 542]","[324, 220, 778, 542]",128
results/fast_repro/exp06_roi/patches/val/background/607__random129.jpg,/root/autodl-tmp/borescope-new-seg-data/v1/images/val/607.jpg,val,7,background,random_background,"[384, 563, 483, 685]","[384, 563, 483, 685]",129
results/fast_repro/exp06_roi/patches/val/background/577__random130.jpg,/root/autodl-tmp/borescope-new-seg-data/v1/images/val/577.jpg,val,7,background,random_background,"[282, 141, 369, 268]","[282, 141, 369, 268]",130
results/fast_repro/exp06_roi/patches/val/background/896__random131.jpg,/root/autodl-tmp/borescope-new-seg-data/v1/images/val/896.jpg,val,7,background,random_background,"[48, 9, 82, 58]","[48, 9, 82, 58]",131
results/fast_repro/exp06_roi/patches/val/background/820__random132.jpg,/root/autodl-tmp/borescope-new-seg-data/v1/images/val/820.jpg,val,7,background,random_background,"[127, 59, 214, 141]","[127, 59, 214, 141]",132
results/fast_repro/exp06_roi/patches/val/background/614__random133.jpg,/root/autodl-tmp/borescope-new-seg-data/v1/images/val/614.jpg,val,7,background,random_background,"[706, 97, 801, 303]","[706, 97, 801, 303]",133
results/fast_repro/exp06_roi/patches/val/background/1000__random134.jpg,/root/autodl-tmp/borescope-new-seg-data/v1/images/val/1000.jpg,val,7,background,random_background,"[97, 20, 237, 130]","[97, 20, 237, 130]",134
results/fast_repro/exp06_roi/patches/val/background/90__random135.jpg,/root/autodl-tmp/borescope-new-seg-data/v1/images/val/90.png,val,7,background,random_background,"[426, 476, 491, 530]","[426, 476, 491, 530]",135
results/fast_repro/exp06_roi/patches/val/background/328__random136.jpg,/root/autodl-tmp/borescope-new-seg-data/v1/images/val/328.png,val,7,background,random_background,"[11, 324, 39, 378]","[11, 324, 39, 378]",136
results/fast_repro/exp06_roi/patches/val/background/703__random137.jpg,/root/autodl-tmp/borescope-new-seg-data/v1/images/val/703.jpg,val,7,background,random_background,"[276, 76, 315, 104]","[276, 76, 315, 104]",137
results/fast_repro/exp06_roi/patches/val/background/614__random138.jpg,/root/autodl-tmp/borescope-new-seg-data/v1/images/val/614.jpg,val,7,background,random_background,"[689, 402, 958, 609]","[689, 402, 958, 609]",138
results/fast_repro/exp06_roi/patches/val/background/792__random139.jpg,/root/autodl-tmp/borescope-new-seg-data/v1/images/val/792.jpg,val,7,background,random_background,"[221, 148, 235, 161]","[221, 148, 235, 161]",139
results/fast_repro/exp06_roi/patches/val/background/709__random140.jpg,/root/autodl-tmp/borescope-new-seg-data/v1/images/val/709.jpg,val,7,background,random_background,"[0, 70, 384, 265]","[0, 70, 384, 265]",140
results/fast_repro/exp06_roi/patches/val/background/729__random141.jpg,/root/autodl-tmp/borescope-new-seg-data/v1/images/val/729.jpg,val,7,background,random_background,"[66, 34, 156, 170]","[66, 34, 156, 170]",141
results/fast_repro/exp06_roi/patches/val/background/858__random142.jpg,/root/autodl-tmp/borescope-new-seg-data/v1/images/val/858.jpg,val,7,background,random_background,"[292, 50, 331, 111]","[292, 50, 331, 111]",142
results/fast_repro/exp06_roi/patches/val/background/962__random143.jpg,/root/autodl-tmp/borescope-new-seg-data/v1/images/val/962.jpg,val,7,background,random_background,"[124, 36, 151, 50]","[124, 36, 151, 50]",143
results/fast_repro/exp06_roi/patches/val/background/749__random144.jpg,/root/autodl-tmp/borescope-new-seg-data/v1/images/val/749.jpg,val,7,background,random_background,"[352, 304, 600, 466]","[352, 304, 600, 466]",144
results/fast_repro/exp06_roi/patches/val/background/47__random145.jpg,/root/autodl-tmp/borescope-new-seg-data/v1/images/val/47.png,val,7,background,random_background,"[452, 319, 537, 455]","[452, 319, 537, 455]",145
results/fast_repro/exp06_roi/patches/val/background/684__random146.jpg,/root/autodl-tmp/borescope-new-seg-data/v1/images/val/684.jpg,val,7,background,random_background,"[57, 13, 132, 168]","[57, 13, 132, 168]",146
results/fast_repro/exp06_roi/patches/val/background/538__random147.jpg,/root/autodl-tmp/borescope-new-seg-data/v1/images/val/538.jpg,val,7,background,random_background,"[14, 351, 89, 420]","[14, 351, 89, 420]",147
